0.0,0.9999999999999999,0.905645661248433,0.998533814328149,0.8833400194808291,0.9391196627596697,0.8271194859788993,0.9886043410647156,0.9607714833550847,0.9893185621087078,0.9735393014586438,0.7053122744314237,0.8787803656936486,0.9999999999999999,0.8654659832667412,0.9334050089132023,0.878342510424759,0.9174840205286771,0.8676125336067657,0.8939994505487564,0.9439628188113454,0.8736673471424693,0.9400586121071522,0.9464815149867635,0.9168464384036183,1.0,0.8636745646437375,0.948244768162014,0.90914351330427,0.7710905698846084,0.9331019557641981,0.9123735941802609,0.8618330956353859,0.8493304645513775,1.0,0.8869678440535739,0.9557672609068341,1.0,1.0,0.857028989195328,0.8677768521507552,0.9700214172706512,0.8918553639521585,0.8672791374424873,0.911348706102763,0.905029503330925,0.9528817378816102,0.8881732365623888,0.9340235312094491,0.9302332708795064,0.8874081549967272,0.9321904137907737,0.9348208336395356,0.984996814689318,0.9090782584269825,0.9644432817187263,0.9075019077154813,0.8956385166088862,0.9552106023973799,0.9775229716783538,0.7590857236434221,0.9300461895954587,0.9218622031832359,0.9152972254936419,0.0,1.0,0.78872159462076,0.9262141436904503,0.8368886884593065,1.0,0.9376476296100484,0.8774904980623162,0.9164959711348322,0.7556497735494716,0.5985460659778217,0.9323211730442202
0.9999999999999999,0.0,0.9170741031160095,1.0,0.8853448505710002,0.9659898194990209,0.7278364993297288,0.9860303626473105,1.0,0.9999999999999999,1.0,1.0,0.9174863567954814,0.9869370175330046,0.9873659602829042,0.9549270513065902,0.9999900308990497,0.9194523046954612,1.0,0.976228534985853,0.9596203478860678,1.0,1.0,0.9999999999999999,1.0000000000000002,1.0,1.0,0.9968087216760394,0.9722867551404981,0.8623154109373721,0.9806035785556095,0.9319490776014084,0.847263124340753,0.7860973315094099,0.9446004271093635,0.8283510017260891,0.9999999999999999,1.0,0.9333528846431711,0.8907727070635979,0.7752385188528168,0.8400438486701944,0.897135524706042,0.9361618217796217,0.8708328533222736,0.9288903009334847,1.0,1.0,0.8066157139674555,1.0,0.9444070153307067,0.9213914323612895,1.0,0.9758276282676486,0.7881220942276623,0.9712176665076911,1.0,0.8716271083136738,0.8519467269643635,1.0,0.9093587721893315,0.9331729299613278,1.0,1.0,0.8744053147987249,1.0,0.9327106485849712,1.0,1.0,1.0,1.0,0.9252944655734153,1.0,1.0,0.7005948100190728,0.9999999999999999
0.905645661248433,0.9170741031160095,0.0,0.9042201210533112,0.8723037984431253,0.8917639751647948,0.7332525744112708,0.6851018356828564,0.8375185019709179,1.0,0.9725602047767079,1.0,0.8163334925851864,1.0,1.0,0.8679000969562698,0.8781935509751205,0.8669393566937046,0.8717658152249601,1.0,0.905104838491839,0.9631552790829534,0.8928439107473474,0.8944344281103788,0.9323099623839174,0.92755217578642,0.9063969060263553,0.9347300040367873,0.9927026123811966,0.9027063087433964,0.6590851469963992,0.9563369718036203,0.48703089281170764,0.748320432723852,0.7088498022588898,0.9395026289180188,0.9137755772057543,0.869251105324959,0.9999999999999999,0.6458702082057528,0.4545763884675877,0.684371442077105,0.7489747034706953,0.8950541224855612,0.8989293398406466,0.8698497238916895,0.9247075576850737,0.5424209174309674,0.8571705057895719,1.0,0.7220662117958692,0.9119478121190514,0.9999999999999999,0.9301621291923968,0.9520595252531414,0.9004197105815183,1.0,1.0,0.8324592585293318,0.9906261599964332,0.9195507724306587,0.9051469195921421,0.9236971420461753,0.9075285227065657,0.9847729212764725,0.9618443690138652,0.913993584239168,0.7573830454082463,0.9724521848734689,1.0,1.0,0.9323731161148574,0.9184879790141766,0.872928762913183,0.7829100965526579,0.836906421201248
0.998533814328149,1.0,0.9042201210533112,0.0,1.0,0.9581598070220891,0.7210582726921473,0.8935303131592568,1.0,1.0,0.9646812677457937,1.0000000000000002,0.8923556048302501,0.7813266181312464,0.9999999999999999,1.0000000000000002,0.9999999999999999,0.7825772897453837,0.9051603019188976,0.9959208399209255,0.9339142215097294,1.0,1.0,0.9905138702167462,0.9999999999999999,1.0,1.0,0.856857455491931,0.8822157315595166,0.9124019305964843,0.897008278039019,0.9005328334202708,0.8619358065859507,0.733829908590717,0.8972568479131082,0.566952263962907,0.8848323803402397,0.925211197602216,1.0,0.8023206870967764,0.792252516792686,0.9067405565538147,1.0,0.5029117722707201,0.8184585375307551,0.9286657888959127,1.0,0.980814199355404,0.5093100299852824,0.9260072590519501,1.0,0.9331325553672835,1.0,1.0,0.7673962234812572,0.9549303820609146,1.0,1.0,0.8177439006621228,1.0,0.9439211485284509,0.834552107692885,0.9999999999999999,0.8968718787733397,1.0,0.9596850499141041,1.0,1.0,0.9006500178858662,0.9004476428724777,1.0,1.0000000000000002,0.8033859081088948,1.0,0.7631819814358621,0.9049340727063719
0.8833400194808291,0.8853448505710002,0.8723037984431253,1.0,0.0,0.9879401494546177,0.46460951032638104,0.8039579892620733,0.8592754845469888,1.0000000000000002,0.8884392127143709,0.9547504390173622,0.8761623460354321,0.7584886944620317,1.0,0.8392940215430883,1.0,0.9184512083854992,1.0,0.9810347645908628,0.6493333098209562,0.9999999999999999,1.0,0.9521689015972141,1.0,1.0,1.0,0.7002628571842994,0.776576406923473,0.8753185952629108,0.6319323189548862,0.7587085837977815,0.6906921414305698,0.5293150665357116,0.8002183989337464,0.7219808875814651,0.7219618245820894,0.8234359856300174,0.9027178635808402,0.7279689121412453,0.6390207690762715,1.0000000000000002,0.8691785168062508,0.5087734710420296,0.6867699493109027,0.8450524544705811,0.9105571322493131,0.9387794303684072,0.3827136974004137,0.7394666373203075,0.8105309810759027,0.5377389579324434,0.9783972378651296,0.9301659151995814,0.672751844506779,0.8285838309334881,1.0,0.7437264762062047,0.7826373157736293,1.0,0.9999999999999999,0.4790484464918092,1.0,0.9783468816554455,1.0,0.6750271808517018,0.9999999999999999,1.0,0.9520652580561808,0.866104271672069,0.8846118914104592,0.9706009645638198,0.8322995336251815,0.8980666670626903,0.8069805339066697,0.6808298335830171
0.9391196627596697,0.9659898194990209,0.8917639751647948,0.9581598070220891,0.9879401494546177,0.0,0.8786119508272522,0.8742690982155381,0.957286760958824,1.0,0.944662065263638,1.0,0.8822298909251963,0.9918164732666017,0.9882444122443825,0.9109863249032373,1.0,0.9571239639378435,0.9520259238632314,0.978959888696273,0.9305803666854302,0.9471652045134017,0.9162417308871503,1.0,1.0,1.0,1.0,0.9087686333058824,0.9525285258863461,0.9910765507460972,1.0,1.0,0.9036494321508413,0.854922007579336,0.9352351254027649,0.7719237168013842,0.8643932629012974,1.0,1.0,0.7890894793501391,0.879792884603501,0.9460780998995723,0.9006148429354063,0.6116670070625886,0.7643012616049225,0.9360410720601564,1.0,0.8637465620670748,0.8239675491320466,0.9567865192349554,0.9495794398507055,0.8926821568204555,0.9952354722510233,1.0,0.9538128517850253,1.0,1.0,0.9550737228366935,0.9643723021496351,1.0,0.8771641485414582,0.933230129923231,1.0,0.9816280747328543,0.9949477748554243,0.9745283862310862,0.9634796258257134,0.9550204641682387,1.0,0.9734014649291726,1.0,1.0,0.9914166148249586,0.9469387749211347,0.7570397516949406,0.9861806052965542
0.8271194859788993,0.7278364993297288,0.7332525744112708,0.7210582726921473,0.46460951032638104,0.8786119508272522,0.0,0.5813835153327387,0.5612716899766245,0.8180561840933448,0.6164428956962694,0.797600290469991,0.4986591940135007,0.5447566227435292,0.9865049122214762,0.8360516962530098,0.9999999999999998,0.7370283216623865,0.7516852529107774,0.7065666522724414,0.4532872365132431,0.7381505346541007,0.6504877640742438,0.8523874703142916,0.62037891090536,0.7453668304555804,1.0,0.29741089296347806,0.5603260489810862,0.8605624317344525,0.3797260111259087,0.4824435703473896,0.2299998038429053,0.20103872560074998,0.355294651688264,0.4387803106690469,0.5174745237148035,0.4763336767358875,0.5870799137186316,0.2679970818082745,0.21614672145248043,0.47051966561957764,0.4846589289605287,0.2262756669362033,0.44890988414999133,0.8232375665392322,0.787967211866927,0.8554793488307432,0.23134568338848377,0.46737391418693974,0.43625598671609833,0.25230782883120606,0.5888543906807571,0.4623698021168988,0.4242322062583977,0.46918076169920364,0.8432250796193028,0.4336099971396241,0.4936922716853374,0.9999999999999998,0.9407742341593266,0.4076221148155482,0.8572886905593403,0.8333754265597622,0.9188996153753826,0.4985720009675224,0.786151230965197,0.9915795456193301,0.8308163345987443,0.5554744477196711,0.8867086276058553,0.9595524585103671,0.3707619918139793,0.9060353944987851,0.6595693140685172,0.3219411614111626
0.9886043410647156,0.9860303626473105,0.6851018356828564,0.8935303131592568,0.8039579892620733,0.8742690982155381,0.5813835153327387,0.0,1.0,0.9999999999999999,0.8693399179076814,0.8945694179489658,0.6945261249962456,0.9449845461833307,1.0,0.8253461421680988,1.0,0.7955947410506713,0.8364346307923445,0.9335785629970001,0.6036764192279164,1.0,0.7049893682857941,0.8367676400378244,1.0000000000000002,1.0,0.9999999999999999,0.715213425795894,0.957525974834171,0.8816052729772499,0.5109860391283612,0.8593735616167446,0.5730419547607295,0.40984177559675267,0.6464031684563577,0.8457392671005775,0.6014194101155259,0.8870377131444517,0.8052157728750845,0.6733553504008013,0.5864985010788286,0.8711666774329061,0.7980146468614787,0.42989632707955744,0.8971055492893831,0.8190494358874819,0.9334937375531938,0.7692706292639093,0.520599673480253,0.8754740063507982,0.7493785783964515,0.7990023108821735,0.6835397690770229,0.7970689084095611,0.6371152364378161,0.705061919019847,0.8445352935012437,0.9178307859128789,0.712028081843676,0.9999999999999999,1.0,0.7497885332470857,0.9431597403828126,0.7869766726856792,1.0,0.8069039889643578,0.9587532033298688,0.9999999999999999,0.8635476151057299,0.740883815636225,0.8764439765184625,0.8666192224729721,0.9143177640932663,0.882830066164942,0.7431287116298163,0.7064127797869826
0.9607714833550847,1.0,0.8375185019709179,1.0,0.8592754845469888,0.957286760958824,0.5612716899766245,1.0,0.0,1.0,0.8013875199514283,1.0,0.8396111807942548,0.7324230777575084,1.0,0.9999999999999999,1.0,0.9338324842619357,0.9081911773662069,0.9606391816202617,0.8780949919764203,0.8779121831130734,1.0,1.0,0.9999999999999999,1.0,0.9999999999999999,0.7589745876532938,0.8471151749274521,0.7726842657207659,0.939730719697858,1.0,0.6542187257613397,0.4529069281966062,0.7413301208990566,0.6598899916210068,0.7950617289334735,0.8213690967468955,0.9797729085006106,0.6397794080505832,0.5130312573056359,0.92613357346503,0.8904942284322577,0.4665255363976145,0.6706557114051512,0.9934115264557353,0.8937630463928621,0.8582027986216197,0.899292854730029,0.780724206669496,0.7797221452842118,0.6660319235280532,0.9527657543471232,0.8314550373573932,0.6584089854220694,1.0,0.9999999999999998,0.8196779972056463,0.7260757196572423,1.0,1.0,0.9129303842437266,1.0,1.0,0.9982845686499504,1.0000000000000002,0.9751213407625765,0.9999999999999999,0.9999999999999999,1.0000000000000002,1.0,0.9630008992967756,1.0000000000000002,1.0,0.7711505955144141,0.9781037219424454
0.9893185621087078,0.9999999999999999,1.0,1.0,1.0000000000000002,1.0,0.8180561840933448,0.9999999999999999,1.0,0.0,0.9999999999999999,1.0,0.9999999999999998,1.0,1.0,0.9684187766017642,1.0,1.0,1.0,1.0,0.8867326655487361,1.0,1.0000000000000002,0.8469907525180089,1.0,0.9999999999999998,1.0,0.9982715869076322,1.0,0.8275732130054241,1.0000000000000002,0.9735121989161741,1.0,0.774363531388595,1.0,0.991277777122675,1.0,1.0,1.0,1.0,0.9941976031148068,1.0,1.0,0.7929696047274969,0.8722054149030145,1.0,1.0,0.948949962067589,0.9999999999999999,1.0,1.0,1.0,1.0,1.0,1.0,1.0,1.0000000000000002,0.9999999999999999,1.0,1.0,0.9189565185958712,0.9341077113426904,1.0,1.0,1.0,0.9904590105812641,1.0000000000000002,0.9999999999999999,0.9999999999999998,0.9715563539281069,1.0,1.0,1.0,1.0,0.7936710527860208,0.9999999999999999
0.9735393014586438,1.0,0.9725602047767079,0.9646812677457937,0.8884392127143709,0.944662065263638,0.6164428956962694,0.8693399179076814,0.8013875199514283,0.9999999999999999,0.0,1.0,0.9287677989751226,0.846010562129349,1.0,0.9787907931505333,0.9999999999999999,0.8365665872120253,0.7932368872693463,0.9451546722283666,0.7140663404083648,1.0,0.9999999999999999,0.8583177258256098,1.0,0.9999999999999999,1.0,0.90838364038697,0.720765440752559,0.8520387579703441,0.968706722477541,0.8633939052135063,0.7318710595194535,0.48704735592737974,0.7743824323727935,0.7265492360137423,0.7713220952997689,1.0,0.9797982008678152,0.9124129183859906,0.684877904981382,0.9551524072130749,0.9627696377743348,0.5645328300066236,0.804332138346137,0.9569674852643837,0.9482389335486361,0.9445880426061524,0.9715502043867078,1.0,0.9925067117036985,0.8936292855108082,1.0,1.0,0.895219524341328,0.8796273243385874,1.0,0.927171354468407,0.8302425188394912,1.0,1.0,0.6326851063642085,1.0000000000000002,0.9829545141424022,1.0000000000000002,0.9628439644729138,0.9647376900684222,1.0,0.8619577384619153,0.8774434681504603,1.0,1.0,0.8147362368647877,0.9560276334643238,0.7718688671668457,0.6489568591926148
0.7053122744314237,1.0,1.0,1.0000000000000002,0.9547504390173622,1.0,0.797600290469991,0.8945694179489658,1.0,1.0,1.0,0.0,0.9999999999999999,0.9999999999999999,1.0,0.9541636459007286,1.0,0.975707248876775,1.0,1.0,0.8657592756979948,1.0,1.0,0.9604968217784825,0.9999999999999998,0.9999999999999998,1.0,0.9834392419077146,1.0,0.8825144050792788,0.9683894306485668,0.9524543235488461,0.9349004180942376,0.750355719004434,1.0000000000000002,0.90585940086639,0.9845954681368431,0.9999999999999999,1.0,0.8831973086693858,1.0,1.0,1.0,0.7123547684927332,0.8582316741546419,0.7746926807564437,0.9999999999999998,0.9747148215297022,0.9585397233982887,0.9992271151052929,0.9999999999999999,1.0,0.9999999999999998,1.0,0.9995016245864838,1.0,0.9999999999999998,1.0,0.9360821934433003,1.0,0.8903351438314646,1.0,0.9999999999999999,1.0,0.0,0.9202144001083274,1.0,0.9999999999999999,0.790944791910315,1.0,1.0,1.0,1.0000000000000002,0.8927950084466282,0.8305675772025704,1.0
0.8787803656936486,0.9174863567954814,0.8163334925851864,0.8923556048302501,0.8761623460354321,0.8822298909251963,0.4986591940135007,0.6945261249962456,0.8396111807942548,0.9999999999999998,0.9287677989751226,0.9999999999999999,0.0,0.6949784590296819,1.0,0.871970113227723,0.9999999999999999,0.8114899184207889,0.8691341162201198,0.925375964980811,0.6570711150781946,0.8874679729039676,0.9724784204744978,0.9746794575130503,1.0,1.0,0.8887481503092302,0.8900542213599124,0.628370851086274,0.9101042441942406,0.9204573933049668,0.6896736516210473,0.6837071318426666,0.541364980037422,0.7297900483902415,0.5711638313558549,0.8302491001883019,0.9354468938981271,0.8691247487596017,0.671267624575075,0.7434489838734919,0.8555625375096125,0.9045865571623888,0.5682275201048278,0.7899860845104861,0.8259694745973307,0.9260927830719118,0.9948810064046577,0.48870272269340204,0.9031375562904037,0.9163958783236617,0.7011214219056259,0.8445433574265268,0.9999999999999999,0.7449415118737192,0.8633312020953092,0.9999999999999999,0.8997901486286135,0.8720087723346799,1.0,0.9987673449777513,0.6596762291760407,0.9999999999999999,0.925262696196,0.9879263762745472,0.8446047727734114,0.9008845609489247,1.0,0.8551272898654204,0.8842894767685702,0.9168136002735598,0.8795511356417647,0.8922869266550673,1.0,0.6807849869969858,0.8831129024989745
0.9999999999999999,0.9869370175330046,1.0,0.7813266181312464,0.7584886944620317,0.9918164732666017,0.5447566227435292,0.9449845461833307,0.7324230777575084,1.0,0.846010562129349,0.9999999999999999,0.6949784590296819,0.0,0.9459307806147006,0.8232305525877494,1.0000000000000002,0.9105202457931041,0.9999999999999999,0.925918680047613,0.5468832101459037,1.0,0.9868305541064486,1.0,1.0,1.0,0.9999999999999998,0.6452541349830865,0.8293450518265242,0.8498770945420585,0.7897126679910821,1.0,0.7546210487742436,0.6175741950184296,0.7599286825420258,0.6693971288676125,0.7486582925870714,0.8504870589742215,0.8055193116491826,0.8028739953396858,0.7196720275287533,0.9191432306785451,0.7890658512290061,0.547726027633028,0.7069995188685656,0.9736059555428491,1.0,0.8208845982742288,0.8862356185404254,0.9394108807293888,1.0,0.7259226705615014,0.9999999999999998,0.8768181817494201,0.6107190540590595,0.6821016894108666,1.0,0.8135481802410275,0.7286748127041174,0.9999999999999998,0.9659511092645439,0.46757166196098554,0.9999999999999999,0.8820392266203917,1.0,0.9154138748465418,1.0,1.0,0.880479681973412,0.8612182641572478,0.8802991952107961,1.0,0.7646496109449143,1.0,0.8489926024304693,0.6783040370165675
0.8654659832667412,0.9873659602829042,1.0,0.9999999999999999,1.0,0.9882444122443825,0.9865049122214762,1.0,1.0,1.0,1.0,1.0,1.0,0.9459307806147006,0.0,0.9994506893070376,0.9493070146763735,0.97382795774042,0.9999999999999999,0.0,0.9793428227718091,0.9672525941882882,0.9621900327058128,1.0,0.9885747096100883,1.0,0.0,1.0,0.9441648340144548,0.0,0.9056855287856667,0.9999999999999999,1.0,1.0000000000000002,1.0000000000000002,1.0,1.0000000000000002,0.9618125872705604,1.0,1.0,1.0,0.9999999999999999,1.0000000000000002,1.0,0.9999999999999999,0.9569380458626424,0.9572618715619639,1.0,1.0,0.9841732323182977,0.9821661145295413,1.0,1.0,1.0,1.0,1.0,1.0,0.9903936816417357,0.944483246324675,1.0,0.8795193339894831,0.8794929597777734,0.9280774986517546,1.0,0.0,1.0,0.9633437378215259,1.0,1.0000000000000002,0.9924031824879688,1.0,0.0,0.9712282938235183,0.9292996481295512,0.0,0.9268391426334436
0.9334050089132023,0.9549270513065902,0.8679000969562698,1.0000000000000002,0.8392940215430883,0.9109863249032373,0.8360516962530098,0.8253461421680988,0.9999999999999999,0.9684187766017642,0.9787907931505333,0.9541636459007286,0.871970113227723,0.8232305525877494,0.9994506893070376,0.0,1.0,0.9414013431076563,0.9457423742070439,0.9206787133367453,0.8888426613173919,0.9898001089672921,0.915954945243102,1.0,0.9543137847732703,1.0,1.0,0.8788855046275293,0.9775087578888908,0.9058179536600763,0.793752777080435,0.8690072340390576,0.8973772446061038,0.751473799900519,0.8535483020601571,0.8192312352708645,0.9334766612790414,0.8810736484536383,0.8677694110022173,0.8960136695990419,0.7836725938197215,0.8855386732241696,0.9903043999961979,0.7925844797476196,0.7975567707648857,0.8857904161679849,0.9205010458060884,0.8232436963957706,0.8383044031232241,0.9009558694722677,0.934631703351515,0.940341759410959,0.945357085554741,0.9187761668076361,0.8581186829997529,0.9104712813911922,0.9112511896496811,0.7727600613513776,0.8354993987805017,0.8907919397453775,0.8543346014295257,0.8720205367372496,0.9987001067261764,0.8763354871893279,0.8877183707995286,0.9645287576216948,0.9636677954359135,0.951627376669763,0.9993131879445956,0.9979793754489268,0.9674964518939747,0.97341368039191,0.8633481045373954,0.9055352604566362,0.76962416285821,0.9283984267740978
0.878342510424759,0.9999900308990497,0.8781935509751205,0.9999999999999999,1.0,1.0,0.9999999999999998,1.0,1.0,1.0,0.9999999999999999,1.0,0.9999999999999999,1.0000000000000002,0.9493070146763735,1.0,0.0,0.9394034692637913,0.9492453145246474,0.9656040851263318,0.9171171845724607,1.0,0.9999999999999999,0.9742090193554862,0.9999999999999999,1.0,1.0,0.9980938561582582,0.995664687300342,0.8616850107907654,0.9878980064892535,1.0,0.9295347218883916,0.94706624372856,1.0,1.0,1.0,1.0,1.0,0.8934063336387693,0.9985417918496622,1.0,1.0,0.7069317092744524,0.8734900525472081,0.8730180334644921,0.9999999999999999,0.9999999999999998,0.924711062185731,1.0,0.9789498181272283,1.0,1.0,1.0,0.9974410999632788,1.0,0.9795732346980833,1.0,1.0000000000000002,0.9781733919252803,0.9131316144261441,0.8750426208763716,0.9716176969519906,1.0,0.9405537047313965,0.9479960766172091,1.0,1.0,0.9939908243630087,0.9999999999999999,0.9883474915588365,1.0,1.0,1.0000000000000002,0.737078725291302,0.8905086936253344
0.9174840205286771,0.9194523046954612,0.8669393566937046,0.7825772897453837,0.9184512083854992,0.9571239639378435,0.7370283216623865,0.7955947410506713,0.9338324842619357,1.0,0.8365665872120253,0.975707248876775,0.8114899184207889,0.9105202457931041,0.97382795774042,0.9414013431076563,0.9394034692637913,0.0,0.9564650481395893,0.9277833198809878,0.8400814918897288,0.9657943410536713,0.9757087994775918,0.9868677615884369,0.9547040993961744,0.9857951615502489,0.9605979322409886,0.9382083910243115,0.9957567415579114,0.8270463076959311,0.8152063343324835,0.8268807885283262,0.7761240771615098,0.8128528094783971,0.8500806024046796,0.7222979270906744,0.8446225335880241,1.0,0.8925291768436412,0.8685933884658447,0.8798388280090987,0.8692028599100197,0.8889549900758024,0.9127236360621738,0.8294125685482884,0.7894711578320818,0.9666317750160974,0.9789388722242759,0.7930969322905665,0.8888794102792681,0.8728535703267444,0.8315041609577876,0.964151068912044,0.845328444677568,0.8972114014971777,0.7234267904497708,0.9655832706460292,0.8758685992846674,0.7752066428185582,0.9394118747607068,0.8710292494794707,0.8471360886341502,0.8544789066828801,0.9067902090507696,0.8963508033056299,0.8566435593648964,0.9546674402105041,0.9791102833169556,0.8336870331793742,0.9318527848266316,1.0000000000000002,0.8771799268189255,0.9303220406463543,0.9418196925178952,0.7571031448569239,0.8595087271739257
0.8676125336067657,1.0,0.8717658152249601,0.9051603019188976,1.0,0.9520259238632314,0.7516852529107774,0.8364346307923445,0.9081911773662069,1.0,0.7932368872693463,1.0,0.8691341162201198,0.9999999999999999,0.9999999999999999,0.9457423742070439,0.9492453145246474,0.9564650481395893,0.0,0.942411461361356,0.9248475367468898,1.0000000000000002,0.9910714345572511,0.9825161080913157,1.0000000000000002,1.0000000000000002,1.0,0.9999999999999999,1.0,0.8789421775914444,0.9978726375823663,1.0000000000000002,0.7186592452325627,0.7665685723717466,0.8798776034232465,0.8882314342133334,1.0,1.0000000000000002,0.9266540694106471,0.569125008576486,0.7381368584976303,0.8418466837634633,0.9241499871610032,0.7651654107098037,0.9119842479415828,0.7557747322410486,1.0,0.9728508433146896,0.9736743549668152,0.9999999999999999,0.8960717551161226,0.8439325073168825,1.0,0.9502843054978386,0.9999999999999999,1.0,1.0,0.8554192888905392,0.985615806514337,0.9911484819674394,0.9708853894203358,0.8717275673900965,0.9930625681272085,0.9214625315477032,0.0,0.9885939694247841,1.0,1.0,0.935441777378087,1.0,1.0,0.9695665745202752,0.9911534994168734,0.9509287422759838,0.7266530340786289,0.9692924820370425
0.8939994505487564,0.976228534985853,1.0,0.9959208399209255,0.9810347645908628,0.978959888696273,0.7065666522724414,0.9335785629970001,0.9606391816202617,1.0,0.9451546722283666,1.0,0.925375964980811,0.925918680047613,0.0,0.9206787133367453,0.9656040851263318,0.9277833198809878,0.942411461361356,0.0,0.8217199008661638,0.9538496168011906,0.9200717655632754,0.9999999999999999,0.8857513179676726,0.9510940159113691,0.0,0.9082746329741955,0.9391996826100731,0.0,0.8801669799666373,0.9880830399148296,0.7523031285836204,0.8285352668316139,0.9179171499105099,0.9667656398251385,0.8401580051337828,0.8830028547836744,0.9859141523113624,0.7725400104107306,0.8718324620871476,0.8796432796424771,0.7711366540423283,0.9625113469895739,0.7989162150162857,0.0,0.9447972833088036,0.9709015646438628,0.9108085633571685,0.9163259224738403,0.9000186182251159,0.922271180440804,0.8356487823117693,0.9554001202034446,0.9695287954498859,0.9210906773642451,1.0,0.9999999999999999,0.9450132691887607,0.0,0.9009944070914797,0.9500195611416097,0.9743808808108414,0.9785916969609411,0.0,0.8475168346868049,0.9164148781750998,0.9772672155294604,0.9703299112178325,1.0,0.9909767655441103,0.0,0.9388629372442041,0.9085603651525151,0.0,0.8859625741038522
0.9439628188113454,0.9596203478860678,0.905104838491839,0.9339142215097294,0.6493333098209562,0.9305803666854302,0.4532872365132431,0.6036764192279164,0.8780949919764203,0.8867326655487361,0.7140663404083648,0.8657592756979948,0.6570711150781946,0.5468832101459037,0.9793428227718091,0.8888426613173919,0.9171171845724607,0.8400814918897288,0.9248475367468898,0.8217199008661638,0.0,0.9576705066681251,0.9106259950647295,0.8339549126746275,0.9999999999999999,0.9999999999999999,0.9642830461034217,0.8675100307672249,0.8724223426087645,0.7181794167127217,0.8221956854497909,0.715953632317174,0.44003965938285866,0.3412133425723715,0.6119548966451973,0.45671810713117145,0.5096694875443024,0.7527856183744198,0.892022430823693,0.4415576297156527,0.5130783107929358,0.7836781169924822,0.6973778426168087,0.29361266664267666,0.5144531448172632,0.8252727772597408,0.9613747121897753,0.866784657901861,0.3673918672801002,0.6697057134057552,0.8876560981854671,0.653894523438466,0.7474875464163914,0.9368617933716543,0.7490960178251687,0.933649668561912,0.9910258741693541,0.5149695714485641,0.4622535384726548,1.0,0.7679986009303683,0.9167213700846042,0.889241594693815,0.852682294441329,0.8078883853411513,0.8305539923595328,0.8886429254972891,0.9692635279160088,1.0,0.9589150627945072,0.9999999999999999,0.8656900305390589,0.8409269381990641,0.9138493174078604,0.7347614254424696,0.9107091024253986
0.8736673471424693,1.0,0.9631552790829534,1.0,0.9999999999999999,0.9471652045134017,0.7381505346541007,1.0,0.8779121831130734,1.0,1.0,1.0,0.8874679729039676,1.0,0.9672525941882882,0.9898001089672921,1.0,0.9657943410536713,1.0000000000000002,0.9538496168011906,0.9576705066681251,0.0,1.0,1.0000000000000002,1.0,1.0000000000000002,0.9941254387107235,1.0,0.9881064161514068,0.8163958514196251,0.9886897785002191,1.0,0.9636006279931343,0.9564132961519545,1.0,0.861683781489207,0.947676702574494,0.9999999999999999,0.9553955700133699,0.8456696392954798,0.8959286749797764,0.8298275970684948,0.8267344572106257,0.9326231809832712,0.9492836593751437,0.7789934953505059,1.0,0.9730685448140447,0.860512975812209,0.8950235730307308,0.8605150853151959,0.7609384602774993,1.0,0.7946337548282943,0.7809629712635877,1.0,0.9999999999999999,0.7791848447062012,0.9236082550582436,0.9178181561683829,0.8604760660936218,0.895020633476711,1.0,0.9973015544296061,0.893482399542772,1.0,1.0,1.0,0.9739120510855179,1.0,1.0000000000000002,1.0,0.9329682687429937,0.9769718645538576,0.7185945100943175,0.8478126849364476
0.9400586121071522,1.0,0.8928439107473474,1.0,1.0,0.9162417308871503,0.6504877640742438,0.7049893682857941,1.0,1.0000000000000002,0.9999999999999999,1.0,0.9724784204744978,0.9868305541064486,0.9621900327058128,0.915954945243102,0.9999999999999999,0.9757087994775918,0.9910714345572511,0.9200717655632754,0.9106259950647295,1.0,0.0,0.881344702334502,0.9964684547102225,0.9999999999999998,1.0,0.8309885553349723,0.9763556802708747,0.9072410611380886,0.8724502050402515,0.9620990668767807,0.8854375550040167,0.5863398941541621,0.8755362533236999,1.0,0.9195569600849127,0.9999999999999999,0.9999999999999999,0.863373501909768,0.9870513577325204,1.0,0.8052569872696057,0.6682158756545551,0.9419027492150664,0.8250203124717703,1.0,0.9999999999999999,0.9557298752351944,1.0,0.619760941828316,0.8889036614899863,1.0,0.9858004812403114,0.9999999999999999,0.8802931738619979,1.0,1.0000000000000002,1.0,1.0000000000000002,0.862421565936739,0.9751704530612741,1.0,0.935807331905012,0.9094614340578117,0.9725706450294249,1.0,0.9999999999999999,0.9359211599300838,1.0,0.9999999999999999,1.0000000000000002,1.0,0.9153012407907286,0.8338055009507009,1.0
0.9464815149867635,0.9999999999999999,0.8944344281103788,0.9905138702167462,0.9521689015972141,1.0,0.8523874703142916,0.8367676400378244,1.0,0.8469907525180089,0.8583177258256098,0.9604968217784825,0.9746794575130503,1.0,1.0,1.0,0.9742090193554862,0.9868677615884369,0.9825161080913157,0.9999999999999999,0.8339549126746275,1.0000000000000002,0.881344702334502,0.0,1.0,1.0,1.0,0.8928356825286439,0.9580878560079028,0.8310805514675855,0.8822258846263871,0.986917032367684,0.8410980224791166,0.6691494195265425,0.9864678965977317,0.9481672682097261,0.9529950528987516,0.9276011042170318,1.0,0.9042619864703435,0.757336833746257,0.9769487518885464,0.9501804780573397,0.601853021505187,0.8521095746711349,0.9377853891312478,0.9594910446105209,0.9215379226223257,0.8299627038821908,1.0,0.7302540874359165,0.9427069993610288,1.0,1.0,0.8495876678428416,0.8206805283106595,1.0,0.9579886932290939,0.8737203579923022,0.9999999999999999,0.8274846983539705,0.9504494783560619,0.889109924096998,0.9588402936129578,0.9443944404381142,0.828184261640409,1.0,1.0,0.8967877116048678,0.9880744044593066,0.9876818836254937,1.0,0.6924367381466583,0.9485328997774358,0.8302148362314232,1.0
0.9168464384036183,1.0000000000000002,0.9323099623839174,0.9999999999999999,1.0,1.0,0.62037891090536,1.0000000000000002,0.9999999999999999,1.0,1.0,0.9999999999999998,1.0,1.0,0.9885747096100883,0.9543137847732703,0.9999999999999999,0.9547040993961744,1.0000000000000002,0.8857513179676726,0.9999999999999999,1.0,0.9964684547102225,1.0,0.0,1.0,1.0,0.9550148262703873,0.9622882619085888,0.9364628426909336,0.9770728499227921,0.9812723478926955,0.6946722462006845,0.6267077376962109,0.976732139177849,0.9052764744470703,1.0,1.0,0.9787976981552157,1.0,1.0,0.8878717814287451,1.0000000000000002,0.6354555862606144,0.9634299670407024,0.9126910347720302,0.9815642239551522,1.0,0.8792183044257268,1.0,1.0000000000000002,1.0,0.9999999999999999,1.0,0.984073351116792,0.9999999999999999,1.0,1.0000000000000002,1.0,0.9730997314482993,0.7945830024794978,0.9333959332069798,0.9999999999999999,0.9616469434903672,0.991079247718643,1.0,0.9440471048878816,1.0,0.9909306037691838,0.9880232331703273,0.9999999999999999,1.0,1.0,0.8968201643799624,0.7150049303401617,1.0
1.0,1.0,0.92755217578642,1.0,1.0,1.0,0.7453668304555804,1.0,1.0,0.9999999999999998,0.9999999999999999,0.9999999999999998,1.0,1.0,1.0,1.0,1.0,0.9857951615502489,1.0000000000000002,0.9510940159113691,0.9999999999999999,1.0000000000000002,0.9999999999999998,1.0,1.0,0.0,0.9999999999999999,0.9406925479484674,1.0,0.913584929079429,0.9951479543228202,1.0,0.9999999999999999,0.6837560846021002,0.9999999999999999,1.0,0.9999999999999998,0.9999999999999998,0.9999999999999999,0.8669569092882946,0.9524558213542168,0.9999999999999999,1.0,0.7307735519097115,0.9105141401777549,0.8754873711181295,1.0,0.9046044340057725,0.9990130194665902,1.0,0.9908711952261765,1.0,0.9999999999999999,0.9991498172292673,1.0,1.0,0.9999999999999999,1.0,1.0,0.9999999999999999,0.8658208726260361,0.9874342190563015,0.9999999999999999,1.0,1.0,1.0000000000000002,1.0,1.0,0.9405074869976868,1.0,1.0,1.0,1.0,1.0,0.8753950910632503,1.0000000000000002
0.8636745646437375,1.0,0.9063969060263553,1.0,1.0,1.0,1.0,0.9999999999999999,0.9999999999999999,1.0,1.0,1.0,0.8887481503092302,0.9999999999999998,0.0,1.0,1.0,0.9605979322409886,1.0,0.0,0.9642830461034217,0.9941254387107235,1.0,1.0,1.0,0.9999999999999999,0.0,0.9146323704198742,0.9326813943661074,0.0,0.9305620023713688,1.0000000000000002,0.7944701052839489,0.9492412032514813,0.983008293705249,0.9651394612947477,0.9999999999999999,1.0,1.0,1.0000000000000002,0.9692140951104062,1.0,0.97057858182715,0.9268577265108157,0.917979208116852,0.8294013284826364,1.0,1.0,0.9999999999999999,0.9999999999999999,1.0,1.0,1.0,1.0000000000000002,1.0000000000000002,1.0,1.0,0.9999999999999998,0.9603715256419341,0.9099299479335015,0.8574178388899483,1.0,0.9999999999999998,1.0,0.0,0.9947210508151655,1.0,1.0,0.9636009648806768,0.9999999999999998,1.0,0.0,1.0,0.916136215406391,0.0,0.8818389435955499
0.948244768162014,0.9968087216760394,0.9347300040367873,0.856857455491931,0.7002628571842994,0.9087686333058824,0.29741089296347806,0.715213425795894,0.7589745876532938,0.9982715869076322,0.90838364038697,0.9834392419077146,0.8900542213599124,0.6452541349830865,1.0,0.8788855046275293,0.9980938561582582,0.9382083910243115,0.9999999999999999,0.9082746329741955,0.8675100307672249,1.0,0.8309885553349723,0.8928356825286439,0.9550148262703873,0.9406925479484674,0.9146323704198742,0.0,0.8555528926749223,0.6504192653242808,0.8518332552268217,0.832480499705222,0.5131673468807783,0.41226860679472377,0.8488297194215881,0.48512234667883636,0.6954319918376789,0.6083182839402846,0.640139987442881,0.6007248341469746,0.4647050068624659,0.8816156254779949,0.7195810943885887,0.35232281681664623,0.7239037308926826,0.8771469509780824,0.9564190368485312,0.8355961946432486,0.9064618950693497,0.6548938245238746,0.712184258717571,0.5106076195171176,0.693293405757168,0.7185967988240699,0.7518335131278515,0.8145844183428995,0.9277912668419429,0.9114750235538517,0.8761021803166246,0.9219182633625022,0.8794374375005847,0.7822850543823638,0.8346557536214857,0.8692379944387604,0.951381308315695,0.5122799105239384,0.87309661431101,0.9999999999999999,0.7501800007340438,0.7803458355572753,0.8974112939393937,0.9925340638804558,0.6868034335314246,0.9412677885292383,0.7567137243206675,0.7078320582539385
0.90914351330427,0.9722867551404981,0.9927026123811966,0.8822157315595166,0.776576406923473,0.9525285258863461,0.5603260489810862,0.957525974834171,0.8471151749274521,1.0,0.720765440752559,1.0,0.628370851086274,0.8293450518265242,0.9441648340144548,0.9775087578888908,0.995664687300342,0.9957567415579114,1.0,0.9391996826100731,0.8724223426087645,0.9881064161514068,0.9763556802708747,0.9580878560079028,0.9622882619085888,1.0,0.9326813943661074,0.8555528926749223,0.0,0.7885009155351917,0.9062095487336645,0.8766091540021521,0.6595728624740496,0.8981422789043751,0.8918813867120393,0.63228827912759,0.9178197224438989,0.9035680440389279,0.8850927347761521,0.72808997736701,0.6077840434747013,0.7226851412186238,0.7908985543713727,0.8340264161834425,0.9271076480222169,0.8944914854342301,0.9596042446118698,0.9819848067632022,0.7774084683499651,0.6800486803980165,0.7507859514677329,0.5888643599826574,1.0,0.6732083775101072,0.9140046883428358,0.9096919505444391,0.9443481835167192,0.9286560102101583,0.8840329152108972,0.8993251377487103,0.9247930349412171,0.75336400583465,0.9271198986808786,1.0,0.0,0.9363802614709844,1.0,1.0,0.8172637000292166,0.9876912464089103,1.0,0.9507686227002724,0.896612340414287,0.9054238232579461,0.7996548360189046,0.5582949398188016
0.7710905698846084,0.8623154109373721,0.9027063087433964,0.9124019305964843,0.8753185952629108,0.9910765507460972,0.8605624317344525,0.8816052729772499,0.7726842657207659,0.8275732130054241,0.8520387579703441,0.8825144050792788,0.9101042441942406,0.8498770945420585,0.0,0.9058179536600763,0.8616850107907654,0.8270463076959311,0.8789421775914444,0.0,0.7181794167127217,0.8163958514196251,0.9072410611380886,0.8310805514675855,0.9364628426909336,0.913584929079429,0.0,0.6504192653242808,0.7885009155351917,0.0,0.8938913564568782,0.9099463369763939,0.7884356501986222,0.8446837499132802,0.9267610406089595,0.8821934369949939,0.7668762160176597,0.9300926125086463,0.8782058421220622,0.8572049976208578,0.7890656172182584,0.46099685246312166,0.8091708444617811,0.9102739788608945,0.7654670806391437,0.0,0.8305798669846791,0.7996318814101343,0.853437456867493,0.8471748719927839,0.6107191631450157,0.8650078968364339,0.9048134640046073,0.8492981651228009,0.9292269255032611,0.8039884769074899,0.8807989037009476,0.8867690511547753,0.8571007367933605,0.0,0.8755880762868593,0.7574521011874226,0.902119745173378,0.8418917743259657,0.0,0.73612089748957,0.8420872602383819,0.921459767673362,0.8482767539158468,0.892778474522397,0.8962366689619129,0.0,0.8305694093092282,0.7635557489541425,0.6800663561196453,0.8402639580711357
0.9331019557641981,0.9806035785556095,0.6590851469963992,0.897008278039019,0.6319323189548862,1.0,0.3797260111259087,0.5109860391283612,0.939730719697858,1.0000000000000002,0.968706722477541,0.9683894306485668,0.9204573933049668,0.7897126679910821,0.9056855287856667,0.793752777080435,0.9878980064892535,0.8152063343324835,0.9978726375823663,0.8801669799666373,0.8221956854497909,0.9886897785002191,0.8724502050402515,0.8822258846263871,0.9770728499227921,0.9951479543228202,0.9305620023713688,0.8518332552268217,0.9062095487336645,0.8938913564568782,0.0,0.5938579753329655,0.5118657346457081,0.8480865211127678,0.6538164894384753,0.887308733548428,0.7241568381195683,0.9680080378642559,0.9332956082985575,0.5057912742586825,0.46866128745666136,0.9367669459982757,1.0,0.3920217222762173,0.7252633751055639,0.9055740610435487,0.9303274767774512,0.915746505465078,0.8935448516467605,0.6862018843933217,0.8720299760339988,0.8909106862562965,0.7081480484723967,0.8719181910595224,0.7683133530456454,0.9236924826998266,0.8936409707394737,0.9031774686899681,0.8930684273900543,1.0,0.8992018405493082,0.8075434186143209,0.8863553085744237,0.9891613214985849,0.9168512856609007,0.6098261582989932,0.8484462847166983,1.0,0.8719026440009862,0.8678748380543262,0.7875518460443887,0.9423497858059425,0.9302620641122125,0.8533746599119448,0.633790811057238,0.8422110648590486
0.9123735941802609,0.9319490776014084,0.9563369718036203,0.9005328334202708,0.7587085837977815,1.0,0.4824435703473896,0.8593735616167446,1.0,0.9735121989161741,0.8633939052135063,0.9524543235488461,0.6896736516210473,1.0,0.9999999999999999,0.8690072340390576,1.0,0.8268807885283262,1.0000000000000002,0.9880830399148296,0.715953632317174,1.0,0.9620990668767807,0.986917032367684,0.9812723478926955,1.0,1.0000000000000002,0.832480499705222,0.8766091540021521,0.9099463369763939,0.5938579753329655,0.0,0.6815750406596269,0.35367568567750646,0.6789066701609955,0.625454478638791,0.7915039477387146,0.7429985744115637,0.9987454210567457,0.6886496257088494,0.617644956555971,1.0,0.8384098467326483,0.35184521692481974,0.6709330283779,0.8992995759240563,0.9243683368639105,0.9118789436156388,0.32036791355201233,0.8303104902799404,0.9582440580887319,0.6736543930264514,0.7486318234375475,0.8489440687236129,0.5765682038366705,0.7565025745825675,0.908203831770661,0.6636773328850718,0.6623901046076531,1.0,0.926236332666646,0.9178809733030887,0.9999999999999999,0.8351305271848153,0.9834557239422766,0.8656263858019844,1.0,1.0,0.9275172280396946,0.663302792013819,0.9884539237588224,1.0,0.8699292579448024,1.0000000000000002,0.8214443038647912,0.5982323041873309
0.8618330956353859,0.847263124340753,0.48703089281170764,0.8619358065859507,0.6906921414305698,0.9036494321508413,0.2299998038429053,0.5730419547607295,0.6542187257613397,1.0,0.7318710595194535,0.9349004180942376,0.6837071318426666,0.7546210487742436,1.0,0.8973772446061038,0.9295347218883916,0.7761240771615098,0.7186592452325627,0.7523031285836204,0.44003965938285866,0.9636006279931343,0.8854375550040167,0.8410980224791166,0.6946722462006845,0.9999999999999999,0.7944701052839489,0.5131673468807783,0.6595728624740496,0.7884356501986222,0.5118657346457081,0.6815750406596269,0.0,0.36673199013100743,0.5258906702719168,0.5214963503315537,0.6469727545476921,0.5912359703691074,0.8110178439955862,0.3973479903203217,0.37677277723341646,0.5345479910597355,0.837742747093283,0.3633410117684125,0.5060631514844326,0.8899925900236927,0.7722076948627139,0.8567864522428827,0.3940783588939201,0.6783446029928923,0.695677794414993,0.5907545960343727,0.7767753650454905,0.847879203528095,0.5531140250445685,0.6023429554276072,1.0,0.6399813846607151,0.6253852111747644,1.0,0.8428689008946106,0.4631663084752153,0.8401432845939464,0.5426019381773672,0.8307452758165457,0.7308326233665767,0.7051149635942485,0.9007916192815485,0.6177898496012666,0.6235272534678902,0.7649332407658993,0.9442182693062389,0.5975513167130875,0.9169409220881447,0.7482593528397401,0.4929544070475434
0.8493304645513775,0.7860973315094099,0.748320432723852,0.733829908590717,0.5293150665357116,0.854922007579336,0.20103872560074998,0.40984177559675267,0.4529069281966062,0.774363531388595,0.48704735592737974,0.750355719004434,0.541364980037422,0.6175741950184296,1.0000000000000002,0.751473799900519,0.94706624372856,0.8128528094783971,0.7665685723717466,0.8285352668316139,0.3412133425723715,0.9564132961519545,0.5863398941541621,0.6691494195265425,0.6267077376962109,0.6837560846021002,0.9492412032514813,0.41226860679472377,0.8981422789043751,0.8446837499132802,0.8480865211127678,0.35367568567750646,0.36673199013100743,0.0,0.43699341587064333,0.4296326331155653,0.6628966696517797,0.45240307750389797,0.4586807373837357,0.49522689013852644,0.41111821493537876,0.46130078661858526,0.5769801116532918,0.3464116104284199,0.38111270486758286,0.8715370059123837,0.9794188049807158,0.8075441813760346,0.29037602597679907,0.5808034566781489,0.5015689443167832,0.4225241848543577,0.6259717163689263,0.45887005929432945,0.5597942758367962,0.4585869081147901,0.9792288324073013,0.5891724185345574,0.4668758530949777,0.9999999999999999,0.9214978319396299,0.7680891883399471,0.8996205650616015,0.817197985772866,0.9490745257695306,0.395618781691277,0.9372372316141492,0.6539015420633939,0.5020500100000115,0.947752329224494,0.571397082883815,0.954559364009143,0.4799271555438194,0.8706031313044198,0.7477950053618263,0.3673205554628631
1.0,0.9446004271093635,0.7088498022588898,0.8972568479131082,0.8002183989337464,0.9352351254027649,0.355294651688264,0.6464031684563577,0.7413301208990566,1.0,0.7743824323727935,1.0000000000000002,0.7297900483902415,0.7599286825420258,1.0000000000000002,0.8535483020601571,1.0,0.8500806024046796,0.8798776034232465,0.9179171499105099,0.6119548966451973,1.0,0.8755362533236999,0.9864678965977317,0.976732139177849,0.9999999999999999,0.983008293705249,0.8488297194215881,0.8918813867120393,0.9267610406089595,0.6538164894384753,0.6789066701609955,0.5258906702719168,0.43699341587064333,0.0,0.6442457551904985,0.844735474069352,0.6812583336337535,0.8791346070691629,0.6678914805907046,0.4680931556699458,0.6718011859456647,0.7475908645940201,0.4560406747163213,0.529183196485137,0.8744592225543659,0.8363160189738468,0.856942373326869,0.39804058662804337,0.9059977857464928,0.7176698732658559,0.6376221464348811,0.9002707784373597,0.7536209837452098,0.595894698676035,0.731699004228791,0.9999999999999999,0.7505524740619329,0.6472906829918373,1.0,0.9751737101146081,0.897795130735605,1.0000000000000002,0.8791843863364698,0.9244618944699124,0.8940998403921727,0.8914199273529796,0.9999999999999999,0.8905337225886067,0.7061601443974344,0.9972260518066326,0.9114041113721827,0.9058776300345328,0.9941697048250429,0.7937616529917513,0.5090616358091176
0.8869678440535739,0.8283510017260891,0.9395026289180188,0.566952263962907,0.7219808875814651,0.7719237168013842,0.4387803106690469,0.8457392671005775,0.6598899916210068,0.991277777122675,0.7265492360137423,0.90585940086639,0.5711638313558549,0.6693971288676125,1.0,0.8192312352708645,1.0,0.7222979270906744,0.8882314342133334,0.9667656398251385,0.45671810713117145,0.861683781489207,1.0,0.9481672682097261,0.9052764744470703,1.0,0.9651394612947477,0.48512234667883636,0.63228827912759,0.8821934369949939,0.887308733548428,0.625454478638791,0.5214963503315537,0.4296326331155653,0.6442457551904985,0.0,0.5743001494005958,0.6662739357438449,0.7016703329480346,0.6577783324752392,0.5278904572950158,0.674183521354626,0.6113180501010711,0.26857180506547773,0.5708488365351545,1.0,1.0,0.8153372498946427,0.32965661367615134,0.7525508349326819,0.6309596232945747,0.6397146693067823,0.8384432760067969,0.7602811544847106,0.4287166262030298,0.5839060537430248,0.9362384498637244,0.7242058927445343,0.6255769388281904,1.0,0.8939863501796868,0.37264605937362216,0.9999999999999999,0.873865710577006,0.8793734157502939,0.6210674326515561,0.9999999999999998,1.0,0.9951531346233479,0.6236311292709412,0.9274263666687728,0.9890197855712968,0.6224180851167255,0.9472884964170567,0.7614374110616418,0.4889191866243456
0.9557672609068341,0.9999999999999999,0.9137755772057543,0.8848323803402397,0.7219618245820894,0.8643932629012974,0.5174745237148035,0.6014194101155259,0.7950617289334735,1.0,0.7713220952997689,0.9845954681368431,0.8302491001883019,0.7486582925870714,1.0000000000000002,0.9334766612790414,1.0,0.8446225335880241,1.0,0.8401580051337828,0.5096694875443024,0.947676702574494,0.9195569600849127,0.9529950528987516,1.0,0.9999999999999998,0.9999999999999999,0.6954319918376789,0.9178197224438989,0.7668762160176597,0.7241568381195683,0.7915039477387146,0.6469727545476921,0.6628966696517797,0.844735474069352,0.5743001494005958,0.0,0.8143268025682604,0.9026544436369195,0.8308463186182904,0.6253219962563208,0.8613217742927868,0.8656784927952195,0.553384912320772,0.7941139577934119,0.9642909751743991,0.9718976509643477,0.9169514574727465,0.45462933448655507,0.9424082863411797,0.9621165363471258,0.809389773731484,0.911962488911409,0.9233253377276921,0.6810738764006162,0.736693765997169,0.9147307098571678,0.9775292528515052,0.6598043665192874,1.0,0.9525176842158394,0.576472047766246,0.979652979172703,0.8285947029483169,0.8884897387379533,0.6349798362624999,1.0000000000000002,0.9999999999999999,0.9702009955476579,0.8292901672412262,0.9838317337506399,1.0,0.8548334500597186,0.9902446280812351,0.8285886548312983,0.6978087074932942
1.0,1.0,0.869251105324959,0.925211197602216,0.8234359856300174,1.0,0.4763336767358875,0.8870377131444517,0.8213690967468955,1.0,1.0,0.9999999999999999,0.9354468938981271,0.8504870589742215,0.9618125872705604,0.8810736484536383,1.0,1.0,1.0000000000000002,0.8830028547836744,0.7527856183744198,0.9999999999999999,0.9999999999999999,0.9276011042170318,1.0,0.9999999999999998,1.0,0.6083182839402846,0.9035680440389279,0.9300926125086463,0.9680080378642559,0.7429985744115637,0.5912359703691074,0.45240307750389797,0.6812583336337535,0.6662739357438449,0.8143268025682604,0.0,0.7321851131319883,0.6909876333094366,0.3598646927982877,0.5057566987943546,0.8451305340159693,0.5312743921072016,0.6138202384551813,0.6447920365953028,1.0000000000000002,0.8668731815220213,0.9571657832114887,0.9446394999492744,0.8793820936408239,0.8309659382892578,0.9147990851868856,1.0,0.804338693394949,0.8072300527417744,1.0,0.9481601226770078,0.8246257307621028,0.9657466677715649,1.0000000000000002,0.5665204425926498,1.0,1.0,1.0,0.7982393328705935,1.0,1.0,1.0,1.0,0.9999999999999999,0.9999999999999999,0.930028983460448,0.9598838832740415,0.7091446581693864,0.49585249055739955
1.0,0.9333528846431711,0.9999999999999999,1.0,0.9027178635808402,1.0,0.5870799137186316,0.8052157728750845,0.9797729085006106,1.0,0.9797982008678152,1.0,0.8691247487596017,0.8055193116491826,1.0,0.8677694110022173,1.0,0.8925291768436412,0.9266540694106471,0.9859141523113624,0.892022430823693,0.9553955700133699,0.9999999999999999,1.0,0.9787976981552157,0.9999999999999999,1.0,0.640139987442881,0.8850927347761521,0.8782058421220622,0.9332956082985575,0.9987454210567457,0.8110178439955862,0.4586807373837357,0.8791346070691629,0.7016703329480346,0.9026544436369195,0.7321851131319883,0.0,0.7493572479154174,0.6292893072300692,1.0000000000000002,0.8705107629914732,0.41570204183483206,0.9999999999999999,0.9791451301068312,0.8789943159944056,1.0,0.39822758246245177,0.9765142203622094,0.9956144375559957,0.8020233401006339,0.9321031833580882,0.9999999999999999,0.7215501542232432,0.9999999999999999,0.9999999999999999,0.9150175723493834,0.7241479061906425,1.0,0.9514735270628029,0.6322357797377851,1.0,0.9999999999999999,1.0,1.0,1.0,1.0000000000000002,1.0,1.0,1.0000000000000002,1.0,0.9990307618315903,1.0,0.7681817004403577,0.6953749110319006
0.857028989195328,0.8907727070635979,0.6458702082057528,0.8023206870967764,0.7279689121412453,0.7890894793501391,0.2679970818082745,0.6733553504008013,0.6397794080505832,1.0,0.9124129183859906,0.8831973086693858,0.671267624575075,0.8028739953396858,1.0,0.8960136695990419,0.8934063336387693,0.8685933884658447,0.569125008576486,0.7725400104107306,0.4415576297156527,0.8456696392954798,0.863373501909768,0.9042619864703435,1.0,0.8669569092882946,1.0000000000000002,0.6007248341469746,0.72808997736701,0.8572049976208578,0.5057912742586825,0.6886496257088494,0.3973479903203217,0.49522689013852644,0.6678914805907046,0.6577783324752392,0.8308463186182904,0.6909876333094366,0.7493572479154174,0.0,0.5132605840119706,0.7209220209478169,0.7918652642220503,0.35829691852952417,0.5994849908331242,0.9245171104630252,0.9109795222760017,0.8835295482934176,0.44562562532028244,0.8297531537354614,0.8236878129864335,0.622739564796662,0.8921616147549941,0.9517437704493267,0.6154629253720173,0.6842685337940084,0.9080262225264922,0.7800832419239548,0.6542747541417098,1.0,0.7486097814873784,0.59611039422167,1.0,0.4940220601746346,0.6177057651860185,0.7585872080048839,0.9154964721017714,1.0,0.6686223527484331,0.7069368664829875,0.7935231568363521,0.9390933363451838,0.7168600597574586,0.9320014066036039,0.7363956434041956,0.6337491994508612
0.8677768521507552,0.7752385188528168,0.4545763884675877,0.792252516792686,0.6390207690762715,0.879792884603501,0.21614672145248043,0.5864985010788286,0.5130312573056359,0.9941976031148068,0.684877904981382,1.0,0.7434489838734919,0.7196720275287533,1.0,0.7836725938197215,0.9985417918496622,0.8798388280090987,0.7381368584976303,0.8718324620871476,0.5130783107929358,0.8959286749797764,0.9870513577325204,0.757336833746257,1.0,0.9524558213542168,0.9692140951104062,0.4647050068624659,0.6077840434747013,0.7890656172182584,0.46866128745666136,0.617644956555971,0.37677277723341646,0.41111821493537876,0.4680931556699458,0.5278904572950158,0.6253219962563208,0.3598646927982877,0.6292893072300692,0.5132605840119706,0.0,0.40475504541459506,0.5768221386854174,0.3272290639819035,0.5310358931289433,0.9019348054852914,0.8759886268731856,0.8675114134014816,0.3846561279785131,0.7477488808791459,0.6467809760636416,0.48551544198615354,0.7405465283038021,0.6071240738222452,0.6135405011605942,0.5299233914100536,0.7972715348794875,0.6077975450926563,0.5888278378190469,0.9999999999999999,1.0,0.8024726935760889,1.0,0.8541807098522791,0.8885528361124595,0.6553064654945873,0.9440700482188497,1.0,0.47008059261330126,0.6564836935981063,0.7677636197130996,0.9547019928479987,0.638543444711072,0.9908121195244188,0.7569567784971051,0.43919052743921766
0.9700214172706512,0.8400438486701944,0.684371442077105,0.9067405565538147,1.0000000000000002,0.9460780998995723,0.47051966561957764,0.8711666774329061,0.92613357346503,1.0,0.9551524072130749,1.0,0.8555625375096125,0.9191432306785451,0.9999999999999999,0.8855386732241696,1.0,0.8692028599100197,0.8418466837634633,0.8796432796424771,0.7836781169924822,0.8298275970684948,1.0,0.9769487518885464,0.8878717814287451,0.9999999999999999,1.0,0.8816156254779949,0.7226851412186238,0.46099685246312166,0.9367669459982757,1.0,0.5345479910597355,0.46130078661858526,0.6718011859456647,0.674183521354626,0.8613217742927868,0.5057566987943546,1.0000000000000002,0.7209220209478169,0.40475504541459506,0.0,0.7633686099976962,0.3411815251171667,0.7156238170596559,0.8935448969183175,0.8240670614814227,0.8825534154599912,0.35004075266132423,0.8409197291124298,0.988587975885054,0.5921582251913174,1.0,0.8716207895676477,0.5947616567443921,0.9181346000731314,0.9999999999999999,0.7443790556568197,0.7920668462611085,1.0,0.977429591526817,0.5329899564562961,0.9999999999999999,0.8573727298993739,1.0000000000000002,0.9530158956938923,0.9323184854267786,1.0,0.8436224300229964,0.7528590366529799,1.0000000000000002,1.0000000000000002,0.7211473586836536,0.9390423318136678,0.8109390178517573,0.5683463162687534
0.8918553639521585,0.897135524706042,0.7489747034706953,1.0,0.8691785168062508,0.9006148429354063,0.4846589289605287,0.7980146468614787,0.8904942284322577,1.0,0.9627696377743348,1.0,0.9045865571623888,0.7890658512290061,1.0000000000000002,0.9903043999961979,1.0,0.8889549900758024,0.9241499871610032,0.7711366540423283,0.6973778426168087,0.8267344572106257,0.8052569872696057,0.9501804780573397,1.0000000000000002,1.0,0.97057858182715,0.7195810943885887,0.7908985543713727,0.8091708444617811,1.0,0.8384098467326483,0.837742747093283,0.5769801116532918,0.7475908645940201,0.6113180501010711,0.8656784927952195,0.8451305340159693,0.8705107629914732,0.7918652642220503,0.5768221386854174,0.7633686099976962,0.0,0.686070697963898,0.7288149229699167,0.802389821073596,0.9354839412150588,1.0,0.6384101821031539,0.9572083517131718,0.9510904279186212,0.7184646499427063,0.9901445441449668,0.931635152356758,0.7873860164459305,0.8991549538355577,1.0,0.9052683633555969,0.747224567520793,1.0000000000000002,0.8775965168776585,0.6139994121585184,0.9826909885065649,0.9153072634461912,1.0,0.7314395902499962,0.9999999999999999,1.0,1.0,0.8690987899653231,0.9999999999999999,0.8023426745416831,0.8615869083455066,0.9354502337540118,0.8002600564264015,0.7107751068140278
0.8672791374424873,0.9361618217796217,0.8950541224855612,0.5029117722707201,0.5087734710420296,0.6116670070625886,0.2262756669362033,0.42989632707955744,0.4665255363976145,0.7929696047274969,0.5645328300066236,0.7123547684927332,0.5682275201048278,0.547726027633028,1.0,0.7925844797476196,0.7069317092744524,0.9127236360621738,0.7651654107098037,0.9625113469895739,0.29361266664267666,0.9326231809832712,0.6682158756545551,0.601853021505187,0.6354555862606144,0.7307735519097115,0.9268577265108157,0.35232281681664623,0.8340264161834425,0.9102739788608945,0.3920217222762173,0.35184521692481974,0.3633410117684125,0.3464116104284199,0.4560406747163213,0.26857180506547773,0.553384912320772,0.5312743921072016,0.41570204183483206,0.35829691852952417,0.3272290639819035,0.3411815251171667,0.686070697963898,0.0,0.600211568510673,0.6359548120448794,0.7299638198045226,0.7699300498963203,0.7415657314967307,0.5158576209893445,0.5230988327876558,0.36408008908749656,0.5071937338397662,0.5832403670731512,0.4600908188438047,0.4844454441931162,0.6537296976622151,0.5925985783279764,0.5479348792047439,1.0,0.8135875121503843,0.3812792822334642,0.6631562993520052,0.4362982665233185,0.9288200480368637,0.43640929233883957,0.8957115144169987,0.702428316230866,0.8965680137552445,0.5655125634895698,0.5400612872013931,0.8505713211133848,0.4307220245637234,0.755087717260281,0.8205057815198978,0.306635118336372
0.911348706102763,0.8708328533222736,0.8989293398406466,0.8184585375307551,0.6867699493109027,0.7643012616049225,0.44890988414999133,0.8971055492893831,0.6706557114051512,0.8722054149030145,0.804332138346137,0.8582316741546419,0.7899860845104861,0.7069995188685656,0.9999999999999999,0.7975567707648857,0.8734900525472081,0.8294125685482884,0.9119842479415828,0.7989162150162857,0.5144531448172632,0.9492836593751437,0.9419027492150664,0.8521095746711349,0.9634299670407024,0.9105141401777549,0.917979208116852,0.7239037308926826,0.9271076480222169,0.7654670806391437,0.7252633751055639,0.6709330283779,0.5060631514844326,0.38111270486758286,0.529183196485137,0.5708488365351545,0.7941139577934119,0.6138202384551813,0.9999999999999999,0.5994849908331242,0.5310358931289433,0.7156238170596559,0.7288149229699167,0.600211568510673,0.0,0.8620115591510533,0.9832691622399719,0.8553061908161136,0.47812379787451836,0.8415608596854074,0.7344545872439837,0.640703181682603,0.7903671385094764,0.7811259963311155,0.833213239362872,0.778185966264112,0.7783149203692511,0.6752036379753871,0.5988461751724461,0.9799884952998398,0.8527243415961029,0.5518514199781297,0.8631434675962235,0.8045630146259414,0.8990693367753534,0.6228870646274808,0.7068144194271218,0.9633983611392694,0.9812798174131542,0.8361626415639587,0.8531809295099195,0.5957336394018884,0.7457952848355942,0.6623390464756693,0.7390350142972777,0.6732583853613066
0.905029503330925,0.9288903009334847,0.8698497238916895,0.9286657888959127,0.8450524544705811,0.9360410720601564,0.8232375665392322,0.8190494358874819,0.9934115264557353,1.0,0.9569674852643837,0.7746926807564437,0.8259694745973307,0.9736059555428491,0.9569380458626424,0.8857904161679849,0.8730180334644921,0.7894711578320818,0.7557747322410486,0.0,0.8252727772597408,0.7789934953505059,0.8250203124717703,0.9377853891312478,0.9126910347720302,0.8754873711181295,0.8294013284826364,0.8771469509780824,0.8944914854342301,0.0,0.9055740610435487,0.8992995759240563,0.8899925900236927,0.8715370059123837,0.8744592225543659,1.0,0.9642909751743991,0.6447920365953028,0.9791451301068312,0.9245171104630252,0.9019348054852914,0.8935448969183175,0.802389821073596,0.6359548120448794,0.8620115591510533,0.0,0.8272366053033313,0.7839499517407043,0.8976872408669476,0.9318845114097125,0.9311716884670302,0.9583580480526938,0.9277736650754793,0.9003955635343651,0.9304103436608687,0.9892812895192078,0.6935532276433449,0.9066161904821457,0.8500354122506846,0.9262163615164003,0.677175839065148,0.825922849173842,0.9178014855945807,0.7775085831542903,0.0,0.929237868831272,0.7390381803517548,0.8975521310152299,0.7134429454452832,0.8026414222805001,0.9746033695072382,0.7659191343370652,0.8883463698356213,0.760928223434213,0.0,0.9458097516538198
0.9528817378816102,1.0,0.9247075576850737,1.0,0.9105571322493131,1.0,0.787967211866927,0.9334937375531938,0.8937630463928621,1.0,0.9482389335486361,0.9999999999999998,0.9260927830719118,1.0,0.9572618715619639,0.9205010458060884,0.9999999999999999,0.9666317750160974,1.0,0.9447972833088036,0.9613747121897753,1.0,1.0,0.9594910446105209,0.9815642239551522,1.0,1.0,0.9564190368485312,0.9596042446118698,0.8305798669846791,0.9303274767774512,0.9243683368639105,0.7722076948627139,0.9794188049807158,0.8363160189738468,1.0,0.9718976509643477,1.0000000000000002,0.8789943159944056,0.9109795222760017,0.8759886268731856,0.8240670614814227,0.9354839412150588,0.7299638198045226,0.9832691622399719,0.8272366053033313,0.0,0.9999999999999999,0.8139112647331956,0.9307888206469856,0.9550319419366619,0.8637469444442514,0.9175708930840037,1.0,0.861588943769592,1.0,0.9999999999999999,0.876688398407451,0.9709385849263646,1.0,0.8142799590339084,0.880381163244561,0.8760678435870544,0.9893832639088009,0.0,0.9973519835352922,0.9641729144862318,1.0000000000000002,0.9803666352771561,1.0,0.9925169365517044,0.9514275521229715,0.9407380126736271,0.8002111769960473,0.6620112042358193,0.9286895306055605
0.8881732365623888,1.0,0.5424209174309674,0.980814199355404,0.9387794303684072,0.8637465620670748,0.8554793488307432,0.7692706292639093,0.8582027986216197,0.948949962067589,0.9445880426061524,0.9747148215297022,0.9948810064046577,0.8208845982742288,1.0,0.8232436963957706,0.9999999999999998,0.9789388722242759,0.9728508433146896,0.9709015646438628,0.866784657901861,0.9730685448140447,0.9999999999999999,0.9215379226223257,1.0,0.9046044340057725,1.0,0.8355961946432486,0.9819848067632022,0.7996318814101343,0.915746505465078,0.9118789436156388,0.8567864522428827,0.8075441813760346,0.856942373326869,0.8153372498946427,0.9169514574727465,0.8668731815220213,1.0,0.8835295482934176,0.8675114134014816,0.8825534154599912,1.0,0.7699300498963203,0.8553061908161136,0.7839499517407043,0.9999999999999999,0.0,0.8603311647643914,0.854669739577201,0.742568710867946,0.9130155146967017,0.9999999999999998,0.8605145226169855,1.0,0.9321446503115293,0.9433070717826233,1.0,0.8946201713960346,0.9548075313984236,0.9558272766894373,0.9311459172361212,0.801608039806941,0.9996174523815796,0.9697032755135138,0.8885335415349325,0.9664950266597003,1.0000000000000002,0.7040820754038932,0.9999999999999999,1.0,0.9615734690018714,0.8502326630943098,0.9730054260537222,0.8496006108382257,0.8092675573479562
0.9340235312094491,0.8066157139674555,0.8571705057895719,0.5093100299852824,0.3827136974004137,0.8239675491320466,0.23134568338848377,0.520599673480253,0.899292854730029,0.9999999999999999,0.9715502043867078,0.9585397233982887,0.48870272269340204,0.8862356185404254,1.0,0.8383044031232241,0.924711062185731,0.7930969322905665,0.9736743549668152,0.9108085633571685,0.3673918672801002,0.860512975812209,0.9557298752351944,0.8299627038821908,0.8792183044257268,0.9990130194665902,0.9999999999999999,0.9064618950693497,0.7774084683499651,0.853437456867493,0.8935448516467605,0.32036791355201233,0.3940783588939201,0.29037602597679907,0.39804058662804337,0.32965661367615134,0.45462933448655507,0.9571657832114887,0.39822758246245177,0.44562562532028244,0.3846561279785131,0.35004075266132423,0.6384101821031539,0.7415657314967307,0.47812379787451836,0.8976872408669476,0.8139112647331956,0.8603311647643914,0.0,0.4778449571878283,0.9277387191898654,0.3265302344662303,0.650799822211248,0.9101555361674614,0.785594244640788,0.8734855031396067,0.97237251540205,0.41026399708243066,0.6285172631983782,1.0,0.8730948325501083,0.3204390802647076,0.9274744011607752,0.8134794514415482,0.9970119182114194,0.49412013706674474,0.8761094023856268,1.0000000000000002,0.8943138525727465,0.859872171514311,0.937134658248804,0.982142981605022,0.8265575329004355,0.9048175275537346,0.7894092917128541,0.7929303551039995
0.9302332708795064,1.0,1.0,0.9260072590519501,0.7394666373203075,0.9567865192349554,0.46737391418693974,0.8754740063507982,0.780724206669496,1.0,1.0,0.9992271151052929,0.9031375562904037,0.9394108807293888,0.9841732323182977,0.9009558694722677,1.0,0.8888794102792681,0.9999999999999999,0.9163259224738403,0.6697057134057552,0.8950235730307308,1.0,1.0,1.0,1.0,0.9999999999999999,0.6548938245238746,0.6800486803980165,0.8471748719927839,0.6862018843933217,0.8303104902799404,0.6783446029928923,0.5808034566781489,0.9059977857464928,0.7525508349326819,0.9424082863411797,0.9446394999492744,0.9765142203622094,0.8297531537354614,0.7477488808791459,0.8409197291124298,0.9572083517131718,0.5158576209893445,0.8415608596854074,0.9318845114097125,0.9307888206469856,0.854669739577201,0.4778449571878283,0.0,0.9696797425795878,0.6384008854452471,1.0,1.0000000000000002,0.7296813725291309,0.9390751461141174,1.0,0.8027365228021586,0.8219830807684297,1.0000000000000002,1.0,0.5146367282430393,0.9999999999999999,0.9129693440544675,1.0,0.7867228276606192,0.8396054004733597,1.0,0.9905541447778089,0.8726016817312887,0.956180020422804,0.866610334268739,0.8632080113825669,1.0,0.734527259432946,0.6704504375055099
0.8874081549967272,0.9444070153307067,0.7220662117958692,1.0,0.8105309810759027,0.9495794398507055,0.43625598671609833,0.7493785783964515,0.7797221452842118,1.0,0.9925067117036985,0.9999999999999999,0.9163958783236617,1.0,0.9821661145295413,0.934631703351515,0.9789498181272283,0.8728535703267444,0.8960717551161226,0.9000186182251159,0.8876560981854671,0.8605150853151959,0.619760941828316,0.7302540874359165,1.0000000000000002,0.9908711952261765,1.0,0.712184258717571,0.7507859514677329,0.6107191631450157,0.8720299760339988,0.9582440580887319,0.695677794414993,0.5015689443167832,0.7176698732658559,0.6309596232945747,0.9621165363471258,0.8793820936408239,0.9956144375559957,0.8236878129864335,0.6467809760636416,0.988587975885054,0.9510904279186212,0.5230988327876558,0.7344545872439837,0.9311716884670302,0.9550319419366619,0.742568710867946,0.9277387191898654,0.9696797425795878,0.0,0.7357747614357835,0.9331932135633747,0.7947987466341794,0.8251749039107313,1.0,0.995515149294073,0.8199276409054148,0.7265206322116237,0.995375289365869,0.9039576110813832,0.9048564318445826,0.9285394296839787,0.9889278420090357,0.9642834200349252,0.9613312078123747,0.8700965557510918,1.0,0.8391914760533167,0.8619299937107643,1.0,0.9263788784777611,0.9090911431898233,0.9770108232812392,0.7765508221230262,0.87868523599582
0.9321904137907737,0.9213914323612895,0.9119478121190514,0.9331325553672835,0.5377389579324434,0.8926821568204555,0.25230782883120606,0.7990023108821735,0.6660319235280532,1.0,0.8936292855108082,1.0,0.7011214219056259,0.7259226705615014,1.0,0.940341759410959,1.0,0.8315041609577876,0.8439325073168825,0.922271180440804,0.653894523438466,0.7609384602774993,0.8889036614899863,0.9427069993610288,1.0,1.0,1.0,0.5106076195171176,0.5888643599826574,0.8650078968364339,0.8909106862562965,0.6736543930264514,0.5907545960343727,0.4225241848543577,0.6376221464348811,0.6397146693067823,0.809389773731484,0.8309659382892578,0.8020233401006339,0.622739564796662,0.48551544198615354,0.5921582251913174,0.7184646499427063,0.36408008908749656,0.640703181682603,0.9583580480526938,0.8637469444442514,0.9130155146967017,0.3265302344662303,0.6384008854452471,0.7357747614357835,0.0,0.8146958694225647,0.7997760282559944,0.522568243104393,0.6275947807806217,1.0,0.5802223529091143,0.6571350793054286,1.0,1.0,0.42090721454186275,0.9999999999999999,0.8456854194783011,0.908571501318815,0.6557257211339345,0.7496520261171418,1.0,0.9440179001765324,0.9052640488161359,0.9299230961610059,0.9445325437659149,0.5336891231244304,0.9894909149029141,0.7730277611795052,0.4848847268300821
0.9348208336395356,1.0,0.9999999999999999,1.0,0.9783972378651296,0.9952354722510233,0.5888543906807571,0.6835397690770229,0.9527657543471232,1.0,1.0,0.9999999999999998,0.8445433574265268,0.9999999999999998,1.0,0.945357085554741,1.0,0.964151068912044,1.0,0.8356487823117693,0.7474875464163914,1.0,1.0,1.0,0.9999999999999999,0.9999999999999999,1.0,0.693293405757168,1.0,0.9048134640046073,0.7081480484723967,0.7486318234375475,0.7767753650454905,0.6259717163689263,0.9002707784373597,0.8384432760067969,0.911962488911409,0.9147990851868856,0.9321031833580882,0.8921616147549941,0.7405465283038021,1.0,0.9901445441449668,0.5071937338397662,0.7903671385094764,0.9277736650754793,0.9175708930840037,0.9999999999999998,0.650799822211248,1.0,0.9331932135633747,0.8146958694225647,0.0,0.9999999999999999,0.9411738539629185,1.0,1.0000000000000002,0.9474491774156231,0.7863257363165016,0.9965982268305936,1.0,0.9922166631520066,1.0,0.9819348708746766,0.9742464276121297,0.7690595787351067,1.0,1.0,0.8822617591473807,0.9999999999999999,1.0,0.9993651499843162,1.0,1.0,0.7749813656103349,1.0
0.984996814689318,0.9758276282676486,0.9301621291923968,1.0,0.9301659151995814,1.0,0.4623698021168988,0.7970689084095611,0.8314550373573932,1.0,1.0,1.0,0.9999999999999999,0.8768181817494201,1.0,0.9187761668076361,1.0,0.845328444677568,0.9502843054978386,0.9554001202034446,0.9368617933716543,0.7946337548282943,0.9858004812403114,1.0,1.0,0.9991498172292673,1.0000000000000002,0.7185967988240699,0.6732083775101072,0.8492981651228009,0.8719181910595224,0.8489440687236129,0.847879203528095,0.45887005929432945,0.7536209837452098,0.7602811544847106,0.9233253377276921,1.0,0.9999999999999999,0.9517437704493267,0.6071240738222452,0.8716207895676477,0.931635152356758,0.5832403670731512,0.7811259963311155,0.9003955635343651,1.0,0.8605145226169855,0.9101555361674614,1.0000000000000002,0.7947987466341794,0.7997760282559944,0.9999999999999999,0.0,0.7946805095069628,0.9378213376620755,0.9119718679559762,0.9549219407902172,0.7273092885690153,0.9999999999999999,1.0,0.6402255484125171,1.0000000000000002,0.9999999999999999,0.9999999999999999,0.9572934363145703,0.8624650157442668,1.0,0.9502319612957111,0.9412047726197148,0.9949099618266005,0.8104920382997843,1.0000000000000002,1.0,0.8051186655539271,0.8764464050301913
0.9090782584269825,0.7881220942276623,0.9520595252531414,0.7673962234812572,0.672751844506779,0.9538128517850253,0.4242322062583977,0.6371152364378161,0.6584089854220694,1.0,0.895219524341328,0.9995016245864838,0.7449415118737192,0.6107190540590595,1.0,0.8581186829997529,0.9974410999632788,0.8972114014971777,0.9999999999999999,0.9695287954498859,0.7490960178251687,0.7809629712635877,0.9999999999999999,0.8495876678428416,0.984073351116792,1.0,1.0000000000000002,0.7518335131278515,0.9140046883428358,0.9292269255032611,0.7683133530456454,0.5765682038366705,0.5531140250445685,0.5597942758367962,0.595894698676035,0.4287166262030298,0.6810738764006162,0.804338693394949,0.7215501542232432,0.6154629253720173,0.6135405011605942,0.5947616567443921,0.7873860164459305,0.4600908188438047,0.833213239362872,0.9304103436608687,0.861588943769592,1.0,0.785594244640788,0.7296813725291309,0.8251749039107313,0.522568243104393,0.9411738539629185,0.7946805095069628,0.0,0.6159549930230896,0.955859845606802,0.7045226394823337,0.7479445626329287,1.0,0.8913750908914043,0.4466075005335316,1.0,1.0,1.0,0.7820502336321234,0.8459808045049564,0.9128041415778259,1.0,0.7981098546515351,1.0,1.0000000000000002,0.8697596530112777,0.8723481896571107,0.7405393103629895,0.9476308696548152
0.9644432817187263,0.9712176665076911,0.9004197105815183,0.9549303820609146,0.8285838309334881,1.0,0.46918076169920364,0.705061919019847,1.0,1.0,0.8796273243385874,1.0,0.8633312020953092,0.6821016894108666,1.0,0.9104712813911922,1.0,0.7234267904497708,1.0,0.9210906773642451,0.933649668561912,1.0,0.8802931738619979,0.8206805283106595,0.9999999999999999,1.0,1.0,0.8145844183428995,0.9096919505444391,0.8039884769074899,0.9236924826998266,0.7565025745825675,0.6023429554276072,0.4585869081147901,0.731699004228791,0.5839060537430248,0.736693765997169,0.8072300527417744,0.9999999999999999,0.6842685337940084,0.5299233914100536,0.9181346000731314,0.8991549538355577,0.4844454441931162,0.778185966264112,0.9892812895192078,1.0,0.9321446503115293,0.8734855031396067,0.9390751461141174,1.0,0.6275947807806217,1.0,0.9378213376620755,0.6159549930230896,0.0,1.0,1.0,0.6540911677484041,1.0,0.9522327226603916,0.8324905211367997,1.0000000000000002,0.9651536783210759,0.9999999999999999,0.7199662070682509,1.0,1.0,0.8373066678354901,0.8023795042578805,0.9587414849251877,1.0,1.0,0.9999999999999999,0.8565392500902732,1.0
0.9075019077154813,1.0,1.0,1.0,1.0,1.0,0.8432250796193028,0.8445352935012437,0.9999999999999998,1.0000000000000002,1.0,0.9999999999999998,0.9999999999999999,1.0,1.0,0.9112511896496811,0.9795732346980833,0.9655832706460292,1.0,1.0,0.9910258741693541,0.9999999999999999,1.0,1.0,1.0,0.9999999999999999,1.0,0.9277912668419429,0.9443481835167192,0.8807989037009476,0.8936409707394737,0.908203831770661,1.0,0.9792288324073013,0.9999999999999999,0.9362384498637244,0.9147307098571678,1.0,0.9999999999999999,0.9080262225264922,0.7972715348794875,0.9999999999999999,1.0,0.6537296976622151,0.7783149203692511,0.6935532276433449,0.9999999999999999,0.9433070717826233,0.97237251540205,1.0,0.995515149294073,1.0,1.0000000000000002,0.9119718679559762,0.955859845606802,1.0,0.0,0.9871622025215986,1.0,0.9999999999999999,0.9450057972279559,0.9843143596007646,0.9855535089860988,0.9999999999999999,0.9932056424800081,1.0,0.9801841195353431,0.9999999999999998,1.0,1.0,1.0000000000000002,0.970539295538863,0.9999999999999999,0.9702417999286457,0.6904901476052613,0.995543977854923
0.8956385166088862,0.8716271083136738,1.0,1.0,0.7437264762062047,0.9550737228366935,0.4336099971396241,0.9178307859128789,0.8196779972056463,0.9999999999999999,0.927171354468407,1.0,0.8997901486286135,0.8135481802410275,0.9903936816417357,0.7727600613513776,1.0,0.8758685992846674,0.8554192888905392,0.9999999999999999,0.5149695714485641,0.7791848447062012,1.0000000000000002,0.9579886932290939,1.0000000000000002,1.0,0.9999999999999998,0.9114750235538517,0.9286560102101583,0.8867690511547753,0.9031774686899681,0.6636773328850718,0.6399813846607151,0.5891724185345574,0.7505524740619329,0.7242058927445343,0.9775292528515052,0.9481601226770078,0.9150175723493834,0.7800832419239548,0.6077975450926563,0.7443790556568197,0.9052683633555969,0.5925985783279764,0.6752036379753871,0.9066161904821457,0.876688398407451,1.0,0.41026399708243066,0.8027365228021586,0.8199276409054148,0.5802223529091143,0.9474491774156231,0.9549219407902172,0.7045226394823337,1.0,0.9871622025215986,0.0,0.7472691200445164,1.0,0.9403566501799179,0.5732224593737246,1.0,0.9034255408594459,1.0,0.9584457322978538,0.9002318140312544,1.0000000000000002,0.7773891993158605,0.9372148917685216,0.9962126844401095,0.9930353625841526,0.8647115985880764,0.9271295104479198,0.7948455704504358,0.8234798596112154
0.9552106023973799,0.8519467269643635,0.8324592585293318,0.8177439006621228,0.7826373157736293,0.9643723021496351,0.4936922716853374,0.712028081843676,0.7260757196572423,1.0,0.8302425188394912,0.9360821934433003,0.8720087723346799,0.7286748127041174,0.944483246324675,0.8354993987805017,1.0000000000000002,0.7752066428185582,0.985615806514337,0.9450132691887607,0.4622535384726548,0.9236082550582436,1.0,0.8737203579923022,1.0,1.0,0.9603715256419341,0.8761021803166246,0.8840329152108972,0.8571007367933605,0.8930684273900543,0.6623901046076531,0.6253852111747644,0.4668758530949777,0.6472906829918373,0.6255769388281904,0.6598043665192874,0.8246257307621028,0.7241479061906425,0.6542747541417098,0.5888278378190469,0.7920668462611085,0.747224567520793,0.5479348792047439,0.5988461751724461,0.8500354122506846,0.9709385849263646,0.8946201713960346,0.6285172631983782,0.8219830807684297,0.7265206322116237,0.6571350793054286,0.7863257363165016,0.7273092885690153,0.7479445626329287,0.6540911677484041,1.0,0.7472691200445164,0.0,0.9999999999999999,1.0,0.4958656462112988,0.8853616422904261,0.870651458974401,0.9873349772478334,0.6248458551200059,0.925476816876836,0.9999999999999999,1.0,0.8688738899760546,1.0,0.9184358961561975,0.875752435012071,0.9603607879571483,0.7509533646582421,0.6139784388985063
0.9775229716783538,1.0,0.9906261599964332,1.0,1.0,1.0,0.9999999999999998,0.9999999999999999,1.0,1.0,1.0,1.0,1.0,0.9999999999999998,1.0,0.8907919397453775,0.9781733919252803,0.9394118747607068,0.9911484819674394,0.0,1.0,0.9178181561683829,1.0000000000000002,0.9999999999999999,0.9730997314482993,0.9999999999999999,0.9099299479335015,0.9219182633625022,0.8993251377487103,0.0,1.0,1.0,1.0,0.9999999999999999,1.0,1.0,1.0,0.9657466677715649,1.0,1.0,0.9999999999999999,1.0,1.0000000000000002,1.0,0.9799884952998398,0.9262163615164003,1.0,0.9548075313984236,1.0,1.0000000000000002,0.995375289365869,1.0,0.9965982268305936,0.9999999999999999,1.0,1.0,0.9999999999999999,1.0,0.9999999999999999,0.0,0.9582689207697043,0.9733572554200154,1.0,0.9393438630555102,0.8379154198510748,0.9999999999999999,0.8873346250448241,0.9863175808625178,1.0,0.991889469090881,1.0,0.8536969124573128,1.0,0.9032435196709024,0.0,0.9803923166436249
0.7590857236434221,0.9093587721893315,0.9195507724306587,0.9439211485284509,0.9999999999999999,0.8771641485414582,0.9407742341593266,1.0,1.0,0.9189565185958712,1.0,0.8903351438314646,0.9987673449777513,0.9659511092645439,0.8795193339894831,0.8543346014295257,0.9131316144261441,0.8710292494794707,0.9708853894203358,0.9009944070914797,0.7679986009303683,0.8604760660936218,0.862421565936739,0.8274846983539705,0.7945830024794978,0.8658208726260361,0.8574178388899483,0.8794374375005847,0.9247930349412171,0.8755880762868593,0.8992018405493082,0.926236332666646,0.8428689008946106,0.9214978319396299,0.9751737101146081,0.8939863501796868,0.9525176842158394,1.0000000000000002,0.9514735270628029,0.7486097814873784,1.0,0.977429591526817,0.8775965168776585,0.8135875121503843,0.8527243415961029,0.677175839065148,0.8142799590339084,0.9558272766894373,0.8730948325501083,1.0,0.9039576110813832,1.0,1.0,1.0,0.8913750908914043,0.9522327226603916,0.9450057972279559,0.9403566501799179,1.0,0.9582689207697043,0.0,0.8195822183303912,0.9248480224310568,1.0,0.8387373782926348,0.9100666933777466,0.8616113221892974,0.9519180897704154,0.8171954933745883,0.9578262749350832,0.921775606549039,0.8347253557528523,0.8979650239850493,0.8513272690644696,0.6231159932223066,0.8640037963511701
0.9300461895954587,0.9331729299613278,0.9051469195921421,0.834552107692885,0.4790484464918092,0.933230129923231,0.4076221148155482,0.7497885332470857,0.9129303842437266,0.9341077113426904,0.6326851063642085,1.0,0.6596762291760407,0.46757166196098554,0.8794929597777734,0.8720205367372496,0.8750426208763716,0.8471360886341502,0.8717275673900965,0.9500195611416097,0.9167213700846042,0.895020633476711,0.9751704530612741,0.9504494783560619,0.9333959332069798,0.9874342190563015,1.0,0.7822850543823638,0.75336400583465,0.7574521011874226,0.8075434186143209,0.9178809733030887,0.4631663084752153,0.7680891883399471,0.897795130735605,0.37264605937362216,0.576472047766246,0.5665204425926498,0.6322357797377851,0.59611039422167,0.8024726935760889,0.5329899564562961,0.6139994121585184,0.3812792822334642,0.5518514199781297,0.825922849173842,0.880381163244561,0.9311459172361212,0.3204390802647076,0.5146367282430393,0.9048564318445826,0.42090721454186275,0.9922166631520066,0.6402255484125171,0.4466075005335316,0.8324905211367997,0.9843143596007646,0.5732224593737246,0.4958656462112988,0.9733572554200154,0.8195822183303912,0.0,0.9193437011261868,0.9843334920374877,0.8969317876830792,0.9081935841922009,0.9834735371418354,1.0,0.9613617686766442,0.8911835910046095,0.9446566619566542,0.9075464528072328,0.8902661517337428,0.9049586970873849,0.7962272754445271,0.9005304760945936
0.9218622031832359,1.0,0.9236971420461753,0.9999999999999999,1.0,1.0,0.8572886905593403,0.9431597403828126,1.0,1.0,1.0000000000000002,0.9999999999999999,0.9999999999999999,0.9999999999999999,0.9280774986517546,0.9987001067261764,0.9716176969519906,0.8544789066828801,0.9930625681272085,0.9743808808108414,0.889241594693815,1.0,1.0,0.889109924096998,0.9999999999999999,0.9999999999999999,0.9999999999999998,0.8346557536214857,0.9271198986808786,0.902119745173378,0.8863553085744237,0.9999999999999999,0.8401432845939464,0.8996205650616015,1.0000000000000002,0.9999999999999999,0.979652979172703,1.0,1.0,1.0,1.0,0.9999999999999999,0.9826909885065649,0.6631562993520052,0.8631434675962235,0.9178014855945807,0.8760678435870544,0.801608039806941,0.9274744011607752,0.9999999999999999,0.9285394296839787,0.9999999999999999,1.0,1.0000000000000002,1.0,1.0000000000000002,0.9855535089860988,1.0,0.8853616422904261,1.0,0.9248480224310568,0.9193437011261868,0.0,1.0,0.9673298353221433,0.9300377299930659,0.8920593411093244,1.0,1.0,0.8259303786218813,0.9907453586143151,0.9909579102319934,0.9415212117690859,0.9709268297682064,0.7584195571216188,1.0000000000000002
0.9152972254936419,1.0,0.9075285227065657,0.8968718787733397,0.9783468816554455,0.9816280747328543,0.8333754265597622,0.7869766726856792,1.0,1.0,0.9829545141424022,1.0,0.925262696196,0.8820392266203917,1.0,0.8763354871893279,1.0,0.9067902090507696,0.9214625315477032,0.9785916969609411,0.852682294441329,0.9973015544296061,0.935807331905012,0.9588402936129578,0.9616469434903672,1.0,1.0,0.8692379944387604,1.0,0.8418917743259657,0.9891613214985849,0.8351305271848153,0.5426019381773672,0.817197985772866,0.8791843863364698,0.873865710577006,0.8285947029483169,1.0,0.9999999999999999,0.4940220601746346,0.8541807098522791,0.8573727298993739,0.9153072634461912,0.4362982665233185,0.8045630146259414,0.7775085831542903,0.9893832639088009,0.9996174523815796,0.8134794514415482,0.9129693440544675,0.9889278420090357,0.8456854194783011,0.9819348708746766,0.9999999999999999,1.0,0.9651536783210759,0.9999999999999999,0.9034255408594459,0.870651458974401,0.9393438630555102,1.0,0.9843334920374877,1.0,0.0,0.0,0.8842387451032759,0.9830376057458754,0.9999999999999999,1.0,1.0,1.0,1.0,1.0000000000000002,0.9543101876290856,0.7863431906521032,0.9402303300537083
0.0,0.8744053147987249,0.9847729212764725,1.0,1.0,0.9949477748554243,0.9188996153753826,1.0,0.9982845686499504,1.0,1.0000000000000002,0.0,0.9879263762745472,1.0,0.0,0.8877183707995286,0.9405537047313965,0.8963508033056299,0.0,0.0,0.8078883853411513,0.893482399542772,0.9094614340578117,0.9443944404381142,0.991079247718643,1.0,0.0,0.951381308315695,0.0,0.0,0.9168512856609007,0.9834557239422766,0.8307452758165457,0.9490745257695306,0.9244618944699124,0.8793734157502939,0.8884897387379533,1.0,1.0,0.6177057651860185,0.8885528361124595,1.0000000000000002,1.0,0.9288200480368637,0.8990693367753534,0.0,0.0,0.9697032755135138,0.9970119182114194,1.0,0.9642834200349252,0.908571501318815,0.9742464276121297,0.9999999999999999,1.0,0.9999999999999999,0.9932056424800081,1.0,0.9873349772478334,0.8379154198510748,0.8387373782926348,0.8969317876830792,0.9673298353221433,0.0,0.0,0.8450801961347026,0.0,0.8827294147796281,0.939415729441087,1.0,0.9999999999999999,0.0,0.8694834338920819,0.0,0.0,0.8980911188255014
1.0,1.0,0.9618443690138652,0.9596850499141041,0.6750271808517018,0.9745283862310862,0.4985720009675224,0.8069039889643578,1.0000000000000002,0.9904590105812641,0.9628439644729138,0.9202144001083274,0.8446047727734114,0.9154138748465418,1.0,0.9645287576216948,0.9479960766172091,0.8566435593648964,0.9885939694247841,0.8475168346868049,0.8305539923595328,1.0,0.9725706450294249,0.828184261640409,1.0,1.0000000000000002,0.9947210508151655,0.5122799105239384,0.9363802614709844,0.73612089748957,0.6098261582989932,0.8656263858019844,0.7308326233665767,0.395618781691277,0.8940998403921727,0.6210674326515561,0.6349798362624999,0.7982393328705935,1.0,0.7585872080048839,0.6553064654945873,0.9530158956938923,0.7314395902499962,0.43640929233883957,0.6228870646274808,0.929237868831272,0.9973519835352922,0.8885335415349325,0.49412013706674474,0.7867228276606192,0.9613312078123747,0.6557257211339345,0.7690595787351067,0.9572934363145703,0.7820502336321234,0.7199662070682509,1.0,0.9584457322978538,0.6248458551200059,0.9999999999999999,0.9100666933777466,0.9081935841922009,0.9300377299930659,0.8842387451032759,0.8450801961347026,0.0,0.9526203077103887,1.0,0.9999999999999999,0.9770378283561486,1.0,0.9355165965334366,1.0,0.9392078396893708,0.6937527244875867,0.9234319393760336
0.78872159462076,0.9327106485849712,0.913993584239168,1.0,0.9999999999999999,0.9634796258257134,0.786151230965197,0.9587532033298688,0.9751213407625765,1.0000000000000002,0.9647376900684222,1.0,0.9008845609489247,1.0,0.9633437378215259,0.9636677954359135,1.0,0.9546674402105041,1.0,0.9164148781750998,0.8886429254972891,1.0,1.0,1.0,0.9440471048878816,1.0,1.0,0.87309661431101,1.0,0.8420872602383819,0.8484462847166983,1.0,0.7051149635942485,0.9372372316141492,0.8914199273529796,0.9999999999999998,1.0000000000000002,1.0,1.0,0.9154964721017714,0.9440700482188497,0.9323184854267786,0.9999999999999999,0.8957115144169987,0.7068144194271218,0.7390381803517548,0.9641729144862318,0.9664950266597003,0.8761094023856268,0.8396054004733597,0.8700965557510918,0.7496520261171418,1.0,0.8624650157442668,0.8459808045049564,1.0,0.9801841195353431,0.9002318140312544,0.925476816876836,0.8873346250448241,0.8616113221892974,0.9834735371418354,0.8920593411093244,0.9830376057458754,0.0,0.9526203077103887,0.0,1.0,0.9170431500832045,1.0,1.0,0.8950365943941544,0.906355829927826,0.8114855399866404,0.0,0.9035407249356555
0.9262141436904503,1.0,0.7573830454082463,1.0,1.0,0.9550204641682387,0.9915795456193301,0.9999999999999999,0.9999999999999999,0.9999999999999999,1.0,0.9999999999999999,1.0,1.0,1.0,0.951627376669763,1.0,0.9791102833169556,1.0,0.9772672155294604,0.9692635279160088,1.0,0.9999999999999999,1.0,1.0,1.0,1.0,0.9999999999999999,1.0,0.921459767673362,1.0,1.0,0.9007916192815485,0.6539015420633939,0.9999999999999999,1.0,0.9999999999999999,1.0,1.0000000000000002,1.0,1.0,1.0,1.0,0.702428316230866,0.9633983611392694,0.8975521310152299,1.0000000000000002,1.0000000000000002,1.0000000000000002,1.0,1.0,1.0,1.0,1.0,0.9128041415778259,1.0,0.9999999999999998,1.0000000000000002,0.9999999999999999,0.9863175808625178,0.9519180897704154,1.0,1.0,0.9999999999999999,0.8827294147796281,1.0,1.0,0.0,0.900025688776575,1.0,1.0,1.0000000000000002,1.0,1.0,0.0,1.0
0.8368886884593065,1.0,0.9724521848734689,0.9006500178858662,0.9520652580561808,1.0,0.8308163345987443,0.8635476151057299,0.9999999999999999,0.9999999999999998,0.8619577384619153,0.790944791910315,0.8551272898654204,0.880479681973412,1.0000000000000002,0.9993131879445956,0.9939908243630087,0.8336870331793742,0.935441777378087,0.9703299112178325,1.0,0.9739120510855179,0.9359211599300838,0.8967877116048678,0.9909306037691838,0.9405074869976868,0.9636009648806768,0.7501800007340438,0.8172637000292166,0.8482767539158468,0.8719026440009862,0.9275172280396946,0.6177898496012666,0.5020500100000115,0.8905337225886067,0.9951531346233479,0.9702009955476579,1.0,1.0,0.6686223527484331,0.47008059261330126,0.8436224300229964,1.0,0.8965680137552445,0.9812798174131542,0.7134429454452832,0.9803666352771561,0.7040820754038932,0.8943138525727465,0.9905541447778089,0.8391914760533167,0.9440179001765324,0.8822617591473807,0.9502319612957111,1.0,0.8373066678354901,1.0,0.7773891993158605,1.0,1.0,0.8171954933745883,0.9613617686766442,1.0,1.0,0.939415729441087,0.9999999999999999,0.9170431500832045,0.900025688776575,0.0,0.9268690687205416,0.9356384861276796,0.9675941057765882,0.754137914534825,0.915781055421109,0.7992653761882075,0.7170688322573444
1.0,1.0,1.0,0.9004476428724777,0.866104271672069,0.9734014649291726,0.5554744477196711,0.740883815636225,1.0000000000000002,0.9715563539281069,0.8774434681504603,1.0,0.8842894767685702,0.8612182641572478,0.9924031824879688,0.9979793754489268,0.9999999999999999,0.9318527848266316,1.0,1.0,0.9589150627945072,1.0,1.0,0.9880744044593066,0.9880232331703273,1.0,0.9999999999999998,0.7803458355572753,0.9876912464089103,0.892778474522397,0.8678748380543262,0.663302792013819,0.6235272534678902,0.947752329224494,0.7061601443974344,0.6236311292709412,0.8292901672412262,1.0,1.0,0.7069368664829875,0.6564836935981063,0.7528590366529799,0.8690987899653231,0.5655125634895698,0.8361626415639587,0.8026414222805001,1.0,0.9999999999999999,0.859872171514311,0.8726016817312887,0.8619299937107643,0.9052640488161359,0.9999999999999999,0.9412047726197148,0.7981098546515351,0.8023795042578805,1.0,0.9372148917685216,0.8688738899760546,0.991889469090881,0.9578262749350832,0.8911835910046095,0.8259303786218813,1.0,1.0,0.9770378283561486,1.0,1.0,0.9268690687205416,0.0,1.0,1.0,0.9165469573214414,0.9926598598742469,0.693950070713535,0.8026550546508631
0.9376476296100484,1.0,1.0,1.0,0.8846118914104592,1.0,0.8867086276058553,0.8764439765184625,1.0,1.0,1.0,1.0,0.9168136002735598,0.8802991952107961,1.0,0.9674964518939747,0.9883474915588365,1.0000000000000002,1.0,0.9909767655441103,0.9999999999999999,1.0000000000000002,0.9999999999999999,0.9876818836254937,0.9999999999999999,1.0,1.0,0.8974112939393937,1.0,0.8962366689619129,0.7875518460443887,0.9884539237588224,0.7649332407658993,0.571397082883815,0.9972260518066326,0.9274263666687728,0.9838317337506399,0.9999999999999999,1.0000000000000002,0.7935231568363521,0.7677636197130996,1.0000000000000002,0.9999999999999999,0.5400612872013931,0.8531809295099195,0.9746033695072382,0.9925169365517044,1.0,0.937134658248804,0.956180020422804,1.0,0.9299230961610059,1.0,0.9949099618266005,1.0,0.9587414849251877,1.0000000000000002,0.9962126844401095,1.0,1.0,0.921775606549039,0.9446566619566542,0.9907453586143151,1.0,0.9999999999999999,1.0,1.0,1.0,0.9356384861276796,1.0,0.0,1.0,1.0,0.8951303608221144,0.68899124196531,1.0
0.8774904980623162,0.9252944655734153,0.9323731161148574,1.0000000000000002,0.9706009645638198,1.0,0.9595524585103671,0.8666192224729721,0.9630008992967756,1.0,1.0,1.0,0.8795511356417647,1.0,0.0,0.97341368039191,1.0,0.8771799268189255,0.9695665745202752,0.0,0.8656900305390589,1.0,1.0000000000000002,1.0,1.0,1.0,0.0,0.9925340638804558,0.9507686227002724,0.0,0.9423497858059425,1.0,0.9442182693062389,0.954559364009143,0.9114041113721827,0.9890197855712968,1.0,0.9999999999999999,1.0,0.9390933363451838,0.9547019928479987,1.0000000000000002,0.8023426745416831,0.8505713211133848,0.5957336394018884,0.7659191343370652,0.9514275521229715,0.9615734690018714,0.982142981605022,0.866610334268739,0.9263788784777611,0.9445325437659149,0.9993651499843162,0.8104920382997843,1.0000000000000002,1.0,0.970539295538863,0.9930353625841526,0.9184358961561975,0.8536969124573128,0.8347253557528523,0.9075464528072328,0.9909579102319934,1.0,0.0,0.9355165965334366,0.8950365943941544,1.0000000000000002,0.9675941057765882,1.0,1.0,0.0,0.9853927878632274,0.8964772752216227,0.0,0.9260435194241807
0.9164959711348322,1.0,0.9184879790141766,0.8033859081088948,0.8322995336251815,0.9914166148249586,0.3707619918139793,0.9143177640932663,1.0000000000000002,1.0,0.8147362368647877,1.0000000000000002,0.8922869266550673,0.7646496109449143,0.9712282938235183,0.8633481045373954,1.0,0.9303220406463543,0.9911534994168734,0.9388629372442041,0.8409269381990641,0.9329682687429937,1.0,0.6924367381466583,1.0,1.0,1.0,0.6868034335314246,0.896612340414287,0.8305694093092282,0.9302620641122125,0.8699292579448024,0.5975513167130875,0.4799271555438194,0.9058776300345328,0.6224180851167255,0.8548334500597186,0.930028983460448,0.9990307618315903,0.7168600597574586,0.638543444711072,0.7211473586836536,0.8615869083455066,0.4307220245637234,0.7457952848355942,0.8883463698356213,0.9407380126736271,0.8502326630943098,0.8265575329004355,0.8632080113825669,0.9090911431898233,0.5336891231244304,1.0,1.0000000000000002,0.8697596530112777,1.0,0.9999999999999999,0.8647115985880764,0.875752435012071,1.0,0.8979650239850493,0.8902661517337428,0.9415212117690859,1.0000000000000002,0.8694834338920819,1.0,0.906355829927826,1.0,0.754137914534825,0.9165469573214414,1.0,0.9853927878632274,0.0,0.8323126149798522,0.6456970910039533,1.0
0.7556497735494716,1.0,0.872928762913183,1.0,0.8980666670626903,0.9469387749211347,0.9060353944987851,0.882830066164942,1.0,1.0,0.9560276334643238,0.8927950084466282,1.0,1.0,0.9292996481295512,0.9055352604566362,1.0000000000000002,0.9418196925178952,0.9509287422759838,0.9085603651525151,0.9138493174078604,0.9769718645538576,0.9153012407907286,0.9485328997774358,0.8968201643799624,1.0,0.916136215406391,0.9412677885292383,0.9054238232579461,0.7635557489541425,0.8533746599119448,1.0000000000000002,0.9169409220881447,0.8706031313044198,0.9941697048250429,0.9472884964170567,0.9902446280812351,0.9598838832740415,1.0,0.9320014066036039,0.9908121195244188,0.9390423318136678,0.9354502337540118,0.755087717260281,0.6623390464756693,0.760928223434213,0.8002111769960473,0.9730054260537222,0.9048175275537346,1.0,0.9770108232812392,0.9894909149029141,1.0,1.0,0.8723481896571107,0.9999999999999999,0.9702417999286457,0.9271295104479198,0.9603607879571483,0.9032435196709024,0.8513272690644696,0.9049586970873849,0.9709268297682064,0.9543101876290856,0.0,0.9392078396893708,0.8114855399866404,1.0,0.915781055421109,0.9926598598742469,0.8951303608221144,0.8964772752216227,0.8323126149798522,0.0,0.0,0.9922236285692267
0.5985460659778217,0.7005948100190728,0.7829100965526579,0.7631819814358621,0.8069805339066697,0.7570397516949406,0.6595693140685172,0.7431287116298163,0.7711505955144141,0.7936710527860208,0.7718688671668457,0.8305675772025704,0.6807849869969858,0.8489926024304693,0.0,0.76962416285821,0.737078725291302,0.7571031448569239,0.7266530340786289,0.0,0.7347614254424696,0.7185945100943175,0.8338055009507009,0.8302148362314232,0.7150049303401617,0.8753950910632503,0.0,0.7567137243206675,0.7996548360189046,0.6800663561196453,0.633790811057238,0.8214443038647912,0.7482593528397401,0.7477950053618263,0.7937616529917513,0.7614374110616418,0.8285886548312983,0.7091446581693864,0.7681817004403577,0.7363956434041956,0.7569567784971051,0.8109390178517573,0.8002600564264015,0.8205057815198978,0.7390350142972777,0.0,0.6620112042358193,0.8496006108382257,0.7894092917128541,0.734527259432946,0.7765508221230262,0.7730277611795052,0.7749813656103349,0.8051186655539271,0.7405393103629895,0.8565392500902732,0.6904901476052613,0.7948455704504358,0.7509533646582421,0.0,0.6231159932223066,0.7962272754445271,0.7584195571216188,0.7863431906521032,0.0,0.6937527244875867,0.0,0.0,0.7992653761882075,0.693950070713535,0.68899124196531,0.0,0.6456970910039533,0.0,0.0,0.5788833189537534
0.9323211730442202,0.9999999999999999,0.836906421201248,0.9049340727063719,0.6808298335830171,0.9861806052965542,0.3219411614111626,0.7064127797869826,0.9781037219424454,0.9999999999999999,0.6489568591926148,1.0,0.8831129024989745,0.6783040370165675,0.9268391426334436,0.9283984267740978,0.8905086936253344,0.8595087271739257,0.9692924820370425,0.8859625741038522,0.9107091024253986,0.8478126849364476,1.0,1.0,1.0,1.0000000000000002,0.8818389435955499,0.7078320582539385,0.5582949398188016,0.8402639580711357,0.8422110648590486,0.5982323041873309,0.4929544070475434,0.3673205554628631,0.5090616358091176,0.4889191866243456,0.6978087074932942,0.49585249055739955,0.6953749110319006,0.6337491994508612,0.43919052743921766,0.5683463162687534,0.7107751068140278,0.306635118336372,0.6732583853613066,0.9458097516538198,0.9286895306055605,0.8092675573479562,0.7929303551039995,0.6704504375055099,0.87868523599582,0.4848847268300821,1.0,0.8764464050301913,0.9476308696548152,1.0,0.995543977854923,0.8234798596112154,0.6139784388985063,0.9803923166436249,0.8640037963511701,0.9005304760945936,1.0000000000000002,0.9402303300537083,0.8980911188255014,0.9234319393760336,0.9035407249356555,1.0,0.7170688322573444,0.8026550546508631,1.0,0.9260435194241807,1.0,0.9922236285692267,0.5788833189537534,0.0
