0.0,0.6433815672826543,0.38528242942894286,0.0,0.0,0.4575055605611277,0.5043549144885325,0.5641866554033895,0.0,0.5102436203973529,0.44403307199271014,0.49878518357267376,0.6007538278818894,0.5350704690334958,0.4493791637979731,0.7044971619569242,0.41076984786052423,0.5743891691570469,0.0,0.5434963431859806,0.39125659447486544,0.584799721954976,0.5135543878441416,0.5479426403470656,0.495084673505837,0.6299464986154628,0.5080812130519483,0.5242942982149086,0.5538361436195529,0.6564751710311014,0.5670736962992736,0.6413576557740739,0.5686701405620539,0.49792181580919187,0.4855920206224538,0.6619378068851763,0.0,0.518244879582962,0.5462279607093758,0.6043846338779054,0.5325723851710908,0.5590811409125565,0.0,0.0,0.4666051036930516,0.5063431644415204,0.6008830481104045,0.0,0.0,0.0,0.5193572957966586,0.0,0.6101088917026065,0.0,0.48950237764654986,0.0,0.5579714382016341,0.7556885896104623,0.0,0.5936400299751597,0.6160749841444804,0.30503831326744274,0.5736932690941359,0.0,0.4824737038446482,0.5268756366576715,0.6006109858680632,0.6214802191897534,0.5549227458087135,0.6154534086958342,0.6154245179496696,0.47918901848497647,0.0,0.5382158182189639,0.0,0.5126903805389943
0.6433815672826543,0.0,0.5659673935243303,0.34373502643918075,0.47732059086446504,0.4882045729960055,0.49671869697281984,0.6518774939166389,0.4149135896681398,0.4597112419763588,0.0,0.46330860196813617,0.5131319823083424,0.5617922122327803,0.5784913783556438,0.6245592965582338,0.6050398057060279,0.6127074158677585,0.6290739982723831,0.5330314215468214,0.6212714806329505,0.6376898985847856,0.6296332174259966,0.45544473271120833,0.5251063195535973,0.48544412603391546,0.5504656966510332,0.5210557751437828,0.4594156891775171,0.4700779190570384,0.5828387834736074,0.5391992922873248,0.440305362009766,0.5197366042911895,0.5667071110411636,0.5071314442445958,0.0,0.0,0.5375319904383425,0.6543872732997825,0.5147127182335087,0.6104996226622766,0.6560967702463076,0.0,0.0,0.6155186771011962,0.6011390418328196,0.0,0.0,0.0,0.5913407435531677,0.6308614109989084,0.5875953167963989,0.5814193068097112,0.6155803760805334,0.0,0.43558026887949874,0.6314473636701532,0.0,0.5673604021944989,0.6051815018467971,0.6244049272688489,0.6188121045590979,0.0,0.5912105505746552,0.6743118826736473,0.6512162729721032,0.5830198673725664,0.4362302829762595,0.587255504364357,0.6018156074832997,0.5855337501001365,0.6276887041522186,0.6145315608006754,0.0,0.6464040647452244
0.38528242942894286,0.5659673935243303,0.0,0.5338928084688439,0.5171488133322973,0.5200268374223368,0.5494561645478265,0.6148481100894907,0.3865856463822021,0.5317209417299562,0.5216120528107289,0.5598907267058651,0.5849308582852665,0.5736347981908748,0.357041555216866,0.423823598071772,0.6479240992621004,0.5470136048169553,0.42588000954661426,0.38840950099219784,0.42678711286921184,0.550746016750291,0.4584580894141755,0.43055943247772693,0.5374007985565133,0.49888027603755447,0.4578130277131033,0.6138858746320472,0.6053913457543169,0.599358371048512,0.612901828769775,0.5865182425134279,0.5167213898564591,0.6094354843139087,0.5700861161214139,0.5876834310760594,0.5047197594746303,0.5086633022880547,0.6479962602104552,0.0,0.4997915626905686,0.5394440319528562,0.6377118247446628,0.6581518819802555,0.0,0.0,0.2024343582155308,0.48094022851068496,0.499850392299115,0.5071025589564564,0.5994579399764101,0.5793348787798798,0.6271759941262783,0.6598768980936914,0.0,0.5824549673379239,0.5103738048627308,0.5924060159868317,0.5743448363835125,0.0,0.0,0.0,0.0,0.41759705853176415,0.6663553881309113,0.0,0.12793671003135798,0.6231048678250447,0.0,0.0,0.0,0.6522083740814225,0.5513842203247517,0.6256637811105473,0.7192317224007944,0.45520029221543057
0.0,0.34373502643918075,0.5338928084688439,0.0,0.43289492258686785,0.5493036837808655,0.476044997896731,0.577885501067894,0.6092869033321152,0.3676227648198441,0.5137339274930846,0.3872707443034309,0.5138566172864975,0.5590297155409424,0.6243382371095604,0.0,0.5799818274478227,0.0,0.5423685192588417,0.5940166533303396,0.0,0.5655234901791141,0.6134350414918323,0.26074524787515524,0.0,0.625928754396304,0.5894355578774401,0.44140064668137796,0.4680047507897732,0.5083513514180567,0.5407458948369042,0.40540476396238717,0.23777542406916874,0.36650462386281996,0.4502189914229657,0.3708295452515533,0.3337807152290965,0.36847723713117825,0.2191379165035936,0.31912861049695423,0.39963101060689904,0.31775443166414097,0.25771486131584875,0.26267264877267976,0.0,0.0,0.0,0.0,0.0,0.0,0.0,0.0,0.5027687754603101,0.0,0.0,0.20396843586937616,0.5204914749398337,0.0,0.0,0.0,0.0,0.0,0.0,0.0,0.0,0.0,0.0,0.6099276552723432,0.0,0.0,0.0,0.4975631165508129,0.0,0.6173199876771571,0.0,0.0
0.0,0.47732059086446504,0.5171488133322973,0.43289492258686785,0.0,0.43945270456487817,0.4262217075087239,0.5742535529116052,0.3692106488136132,0.6353493752466169,0.4089545174769769,0.5336093888063522,0.5806426000915003,0.4308354758150702,0.0,0.6012829476444767,0.5671027587348902,0.4540290019057091,0.46917127338611936,0.5405722004112432,0.5246213129436426,0.5355810073691577,0.4750221500555322,0.5318755837154948,0.5251174532241588,0.4982680766749638,0.4856647961186164,0.5697086275434746,0.5753001123920279,0.47808765582252916,0.5627540542753613,0.42271863345840993,0.4826113468761206,0.5616789900596476,0.4784797764886601,0.39105968470646035,0.4178200773869325,0.4977236033698225,0.5605483023299435,0.7360553457613782,0.5609608458794322,0.4249214439334699,0.556235615594905,0.6935145138513228,0.0,0.0,0.0,0.5813077087356016,0.0,0.5600193000579718,0.6152870963491905,0.612282882063252,0.5439443249833961,0.5602265240192786,0.0,0.4947513289999418,0.37022735009645685,0.6541967757180048,0.552164014781981,0.2572430874810584,0.0,0.0,0.0,0.6197518575510582,0.32870033828968914,0.0,0.3832767896645001,0.6044906329726656,0.0,0.0,0.5686916809840239,0.5598650888292227,0.599815400645948,0.47430458556432165,0.0,0.5281455998587233
0.4575055605611277,0.4882045729960055,0.5200268374223368,0.5493036837808655,0.43945270456487817,0.0,0.5061155343908585,0.5704944848649054,0.41437745680562726,0.5686174944484413,0.4897859122367569,0.666673463864068,0.529456265124946,0.5385067377074834,0.6017383124543731,0.5799782895569652,0.5335305302890702,0.5686367954385348,0.5472323062337716,0.4942256079611469,0.5856339550240768,0.4641587538071472,0.5174053922901372,0.401632698118136,0.5312831915588818,0.6225135614160442,0.520168201271297,0.5919273042282318,0.45622571341992213,0.6218586386381366,0.6254894580226528,0.5303672734224854,0.6608020592303194,0.5936755411254474,0.5980360661215494,0.5994319489093736,0.5639253030506409,0.4886086328345638,0.6016291461277888,0.35870243017689035,0.5246248779335486,0.5278222393592148,0.6561044117726518,0.5426403616027295,0.22781040111381426,0.6093074526066472,0.5558137029401722,0.6112865769078756,0.6124217140142897,0.4825208467288226,0.6045941045765992,0.6331957707025101,0.6477432659146879,0.6402475418801946,0.0,0.6135755497326665,0.37049602385648317,0.6210342359102318,0.5955340855032009,0.5878469792813372,0.5827923874679483,0.0,0.5568137852865872,0.5560099379220423,0.5806682850786642,0.4285100006490739,0.6172230124724419,0.5935887631284904,0.0,0.49868023149541046,0.5472869928865984,0.6013420723936178,0.5562589913419261,0.604511028231702,0.5022090345450033,0.5650517914737822
0.5043549144885325,0.49671869697281984,0.5494561645478265,0.476044997896731,0.4262217075087239,0.5061155343908585,0.0,0.5167269434916902,0.5179249540074565,0.5587394816611314,0.5262518843817094,0.4388546844608679,0.5835401416873653,0.3976835923533079,0.5307344407661134,0.5747564743048706,0.55680400005896,0.5407171675165854,0.5234561419301681,0.5271779590929836,0.4450936055255689,0.526330722260249,0.539328810047836,0.515073539905772,0.5308170771677135,0.5894230058845198,0.4800352195884437,0.559404851238078,0.5600767299458331,0.4878738947695974,0.5310490469791567,0.5457652959363445,0.5303500435710926,0.46068868542365143,0.40002453653179776,0.5646331949238915,0.4687484185915381,0.627013709015194,0.6308281973971616,0.45280814360280247,0.5425338011122841,0.5296833573635923,0.5733780048449527,0.8205848290953937,0.3602876128124091,0.0,0.5704242924087688,0.4710747113184368,0.0,0.5464667311928765,0.5961251816311052,0.6179792627376065,0.5352287840907045,0.6348990072972961,0.6027365633889559,0.49035163443364366,0.4513878241747888,0.5200143024797808,0.3748950483044706,0.3310222438933111,0.6108983599731924,0.0,0.0,0.593757983686663,0.6115167306991904,0.0,0.5985780245645362,0.5768836666620197,0.0,0.623273418769426,0.5459927100991453,0.561816314301624,0.5597037847584782,0.46766460411080896,0.7769629879253744,0.5166950324734153
0.5641866554033895,0.6518774939166389,0.6148481100894907,0.577885501067894,0.5742535529116052,0.5704944848649054,0.5167269434916902,0.0,0.5965266906086885,0.5725442257353591,0.5354393698286942,0.636972283649827,0.5762948364540107,0.7048687143464506,0.5076835120610356,0.6847583796815143,0.0,0.6289109649733045,0.5337296059483284,0.4684750724628757,0.5263277569691394,0.519081732184235,0.5604101670261903,0.4394912877332901,0.6113398917133345,0.5877445566442376,0.5423503688925942,0.5494245802240383,0.5033461735498367,0.5217597856269829,0.5665323086764468,0.5728397311854844,0.5565481786359698,0.55262995779812,0.46709582771211405,0.5580889557673698,0.4777994077366027,0.6106154908752849,0.5968097467657805,0.46343965680874594,0.3972261994453146,0.5407019459250368,0.5802461392779128,0.4920111699160004,0.0,0.5920454890221769,0.3736508472749666,0.6322789383615625,0.0,0.5975716387931309,0.6129686580161556,0.6360264109102026,0.5493287658957685,0.5880009934471618,0.0,0.5544185150060428,0.0,0.5747212727662292,0.5644012657375612,0.6518838966402694,0.0,0.0,0.0,0.6745477578359947,0.6577318658598381,0.6001973816180609,0.4903770219510906,0.6268176733305236,0.0,0.47314149888337437,0.43171538230806356,0.5975287505057698,0.54230259935421,0.6130371357763968,0.5016349005587519,0.44903234261992964
0.0,0.4149135896681398,0.3865856463822021,0.6092869033321152,0.3692106488136132,0.41437745680562726,0.5179249540074565,0.5965266906086885,0.0,0.6109603842746355,0.3743127743116109,0.5859149627475649,0.5687460971132121,0.5323811911199724,0.0,0.5602225937755491,0.48032471673096516,0.5781485367485552,0.32699395763477523,0.5212828493513801,0.41611171865815744,0.5299581326456806,0.5187968170027283,0.5506038673900127,0.5509229725173063,0.6307538678206517,0.47683010858649294,0.6071884188083396,0.501784517277046,0.5997329052493813,0.6073996453786037,0.6177354804133851,0.5735318683591669,0.6156611521648045,0.5711892126671676,0.590563213165731,0.5752210819334524,0.6119750562027909,0.5990244465010055,0.5317008616849274,0.4244663256725023,0.35722201092307737,0.5583011840701396,0.4595382995877731,0.3052351811517732,0.0,0.49965683718408554,0.6131783811348476,0.0,0.6622118907097527,0.654799084102587,0.6582699008829694,0.6104402636721891,0.5722490178417748,0.23303316318252024,0.6119304519537996,0.4670340920096818,0.5454337141340732,0.5951430459193252,0.4661425593010074,0.0,0.0,0.0,0.5898429741856871,0.6211462361193779,0.0,0.5597972619602946,0.6287260021045259,0.3367171785472856,0.0,0.28938280402361316,0.6041338343647539,0.5185419847030401,0.5867214334867308,0.5114270397854405,0.6299566768998949
0.5102436203973529,0.4597112419763588,0.5317209417299562,0.3676227648198441,0.6353493752466169,0.5686174944484413,0.5587394816611314,0.5725442257353591,0.6109603842746355,0.0,0.6020372976150723,0.51023024985272,0.5880609202238981,0.6470025104131186,0.5048505474931464,0.4826681875120614,0.640317750359377,0.5189609176362734,0.57646518183108,0.4510800254632619,0.6318673885937153,0.49424716758345194,0.5353536352357956,0.4675124992035124,0.665367157485284,0.5568235798150247,0.4769410509649756,0.6479195759653308,0.46288453432809984,0.4176654310143859,0.6535912755650409,0.3738693725733063,0.6365289259657928,0.5951489824281185,0.5385502193071352,0.508624385426957,0.4829923475944492,0.5102059781921694,0.47212731474117836,0.4736658479975246,0.5497427092921365,0.41130080411196646,0.36085255756183743,0.35080455278814615,0.5092458781990232,0.6362509393115537,0.5208053454887019,0.1838568391815025,0.5000312472423002,0.0,0.5132601508341847,0.47074360924408465,0.5979441555187511,0.2652389117821286,0.5491440656721176,0.4350585517220283,0.5593680557076054,0.6117060705044085,0.0,0.9385833121553774,0.5807036295499015,0.561659997206515,0.5469034729778689,0.0,0.0,0.0,0.37786173128749573,0.5798380509297796,0.419937086380652,0.5505468298616389,0.5522087246829185,0.580236249685368,0.5609032105356538,0.43941048154822177,0.0,0.6368079045597058
0.44403307199271014,0.0,0.5216120528107289,0.5137339274930846,0.4089545174769769,0.4897859122367569,0.5262518843817094,0.5354393698286942,0.3743127743116109,0.6020372976150723,0.0,0.5762576104353825,0.529518476086677,0.5308941652687278,0.0,0.0,0.5560009845129265,0.5763601564384052,0.38826133159168014,0.0,0.5574525156868579,0.0,0.4745455748114073,0.5270044733492766,0.6055654801003827,0.611980470619608,0.4996608347323247,0.5374195228880969,0.416630413054328,0.0,0.5323483167166385,0.5118508968467979,0.5093875642115762,0.5787222754458653,0.5272697530740992,0.5787803523849836,0.6188271171409331,0.5765429610366352,0.5481834637381927,0.5219275981472402,0.5262273282919552,0.47410048898995,0.5901680556081749,0.5940035595005577,0.20798949676673925,0.0,0.0,0.5756315965719141,0.5023415699165379,0.4441453982453985,0.6137883347740782,0.4870139571306921,0.587748582269384,0.6024809295325328,0.5045123828844102,0.42638596588242805,0.41874166503342647,0.5523601623649571,0.5723053813752431,0.0,0.0,0.0,0.0,0.4030973769591395,0.3874097712173658,0.0,0.7275815181263513,0.5768843002741022,0.0,0.0,0.0,0.6312332062191738,0.4710523896526311,0.4056235353672398,0.0,0.5555125179193944
0.49878518357267376,0.46330860196813617,0.5598907267058651,0.3872707443034309,0.5336093888063522,0.666673463864068,0.4388546844608679,0.636972283649827,0.5859149627475649,0.51023024985272,0.5762576104353825,0.0,0.5549118048209954,0.6424327239539196,0.4170780170203026,0.6383985329744116,0.687106160220097,0.7198113447603829,0.5769655058171799,0.5323252307726835,0.5637338738072134,0.4531997018818984,0.48631768206558584,0.42726629866226395,0.622290799149639,0.4803644922159736,0.5446263323773937,0.6020333448001822,0.5910102616856876,0.3236177877854975,0.5464807325168669,0.33635062598005744,0.5699734113115046,0.4998685296179956,0.5278573707556526,0.3958560528643348,0.420126558284694,0.31320021627352085,0.5142778156586502,0.4738122411180336,0.5084962382183552,0.32835865023551014,0.42121830837926255,0.4599768778658235,0.48206521487196824,0.45752047553238173,0.5692184934991062,0.0,0.0,0.28527738428422994,0.3572648622642852,0.509461194567043,0.0,0.4363835138198487,0.5760207427140172,0.26190599600720915,0.6393546242930949,0.540156896836869,0.7281126409936672,0.0,0.5349701330533297,0.5500972294013142,0.6363512843848733,0.3656033315930246,0.7880557572081921,0.0,0.44792516052288633,0.5187766177071227,0.434240456166058,0.5851747292416436,0.5561575603893754,0.36061808674436974,0.6342137076868898,0.5247498291901257,0.0,0.6622825774381923
0.6007538278818894,0.5131319823083424,0.5849308582852665,0.5138566172864975,0.5806426000915003,0.529456265124946,0.5835401416873653,0.5762948364540107,0.5687460971132121,0.5880609202238981,0.529518476086677,0.5549118048209954,0.0,0.51066088299571,0.550862199922032,0.5978964377614402,0.5171827101896374,0.6021097514612401,0.5546580514425349,0.5818185806719351,0.5348784334254663,0.5307414467568365,0.5875835231095121,0.42766438707695137,0.6110632878741493,0.6028491074516916,0.5433373511643554,0.5511437657511344,0.5830574920775854,0.4942727688659709,0.4612316459422124,0.5678201608604333,0.5004145226001525,0.5111835046782344,0.4539290697050576,0.5673969635111518,0.5102475282948652,0.5405730931677872,0.536753291543367,0.5073452577164471,0.5255204532124599,0.5260938618927681,0.5586600699950841,0.4216251740986624,0.4518858752148422,0.636865674262223,0.6431131957571811,0.6180895725025616,0.0,0.6800399353190267,0.605459992666998,0.6023987381611049,0.5539552532448391,0.6637582871525941,0.5403838573585961,0.5132145063640894,0.5087390783282334,0.6226234509513368,0.43326964599477125,0.5140743966996615,0.5287167997020464,0.0,0.55875918448855,0.6239705850277169,0.549778872453997,0.5846623607444834,0.5605932105647309,0.6204336187839625,0.5186640110211307,0.5221848868458846,0.5170500881104765,0.6282781379854607,0.6063981468333746,0.5772156490451895,0.5407727292450748,0.5384832193009187
0.5350704690334958,0.5617922122327803,0.5736347981908748,0.5590297155409424,0.4308354758150702,0.5385067377074834,0.3976835923533079,0.7048687143464506,0.5323811911199724,0.6470025104131186,0.5308941652687278,0.6424327239539196,0.51066088299571,0.0,0.5508184229137588,0.0,0.0,0.0,0.5432240862301576,0.42220130510133713,0.5252338095291509,0.0,0.5929490046954505,0.6888523237954826,0.5350942849863479,0.5153709206052378,0.5866002037112035,0.527476014366309,0.4043620215168969,0.8409004292760842,0.5679379972367484,0.36096985576154916,0.2671439664113083,0.6945307978033262,0.38213143595479554,0.38308749102182815,0.32229626641189146,0.4264976037508672,0.6881306720747233,0.0,0.7280562512323367,0.8539817969998362,0.6090948174685806,0.499834328067952,0.0,0.0,0.0,0.5133651261000965,0.0,0.5388507229165602,0.4714125251244517,0.4745574735844515,0.5656361955743965,0.44470121015061065,0.0,0.5570771395170145,0.0,0.7527841810227468,0.4718106931263178,0.0,0.0,0.0,0.0,0.5166435073059624,0.0,0.0,0.0,0.5980429656756179,0.0,0.0,0.0,0.5166259895399141,0.764235622070966,0.0,0.0,0.0
0.4493791637979731,0.5784913783556438,0.357041555216866,0.6243382371095604,0.0,0.6017383124543731,0.5307344407661134,0.5076835120610356,0.0,0.5048505474931464,0.0,0.4170780170203026,0.550862199922032,0.5508184229137588,0.0,0.6074320279439972,0.4410943444045232,0.5288729541992184,0.0,0.5777339707976101,0.499083635592662,0.5486566008159306,0.5282932790439575,0.43373877648380654,0.5268365890351456,0.5099237860289538,0.493687856831246,0.4628814393558357,0.5182522662223498,0.4562108618991371,0.5805917556292813,0.4831679366701098,0.5795490779349324,0.5384777642061809,0.5662693537753486,0.6459567280719498,0.4726190535276434,0.0,0.4393332664181736,0.5684455231033765,0.5319487003893387,0.4654452356433424,0.530025856084329,0.6377284570448721,0.0,0.631520144011502,0.6268884373058221,0.4671266700402885,0.0,0.0,0.5074108498033036,0.7013555881361702,0.5673984980227046,0.5443281482142799,0.0,0.0,0.6893706923575194,0.5622399803244916,0.0,0.6278454605051373,0.6356221185089878,0.0,0.7339113030754263,0.0,0.6947926993290112,0.5663173716459569,0.7117204912984676,0.7216602301142417,0.0,0.5951479722174496,0.5601526023141082,0.6073663084281804,0.5151452073162371,0.533859603936778,0.5467519561285177,0.4850357952033922
0.7044971619569242,0.6245592965582338,0.423823598071772,0.0,0.6012829476444767,0.5799782895569652,0.5747564743048706,0.6847583796815143,0.5602225937755491,0.4826681875120614,0.0,0.6383985329744116,0.5978964377614402,0.0,0.6074320279439972,0.0,0.5239775369449604,0.6740785770731643,0.4990236891350144,0.5242916263593609,0.6533338089570465,0.580273467695306,0.6576475545414792,0.6189168817233425,0.6284895606023576,0.6353025030582184,0.6071664463140044,0.5545144061066201,0.55068591697401,0.5310861566375624,0.5913699734323004,0.5434513587469593,0.42989151914811,0.4256066370511254,0.55562470953919,0.6606603741983007,0.0,0.6163137866092661,0.6332064139117183,0.5768009425242832,0.6081224453367837,0.5991239280539715,0.0,0.0,0.0,0.544270122719213,0.685104250921272,0.0,0.0,0.0,0.564233685283897,0.6142992930522494,0.0,0.0,0.5962584936500981,0.0,0.47793349441200017,0.6306282477788481,0.0,0.6025891075701201,0.6629035614148904,0.5812516462805771,0.6695996639448981,0.0,0.563389899856134,0.6371597310007996,0.6239009220187466,0.5954031194065922,0.4295806624046966,0.7155330765144298,0.7003544459515357,0.6074937259743389,0.6106496716691935,0.6562504405610119,0.0,0.5276845450869044
0.41076984786052423,0.6050398057060279,0.6479240992621004,0.5799818274478227,0.5671027587348902,0.5335305302890702,0.55680400005896,0.0,0.48032471673096516,0.640317750359377,0.5560009845129265,0.687106160220097,0.5171827101896374,0.0,0.4410943444045232,0.5239775369449604,0.0,0.6688214142078855,0.6632810182971225,0.4423278455807426,0.5441309294842732,0.6091661634512774,0.5142977378944172,0.6009080627834259,0.619925900873318,0.5491133251738124,0.5815165104928206,0.7370986200204149,0.3641792394969241,0.5418795241954736,0.581152897237138,0.5648531214232352,0.6027977563958963,0.5683023594213126,0.5411904774227749,0.6304339784052052,0.0,0.4594359295727354,0.568080221744472,0.47620655340294543,0.49702526471964087,0.5832247302378932,0.0,0.0,0.4958082635936109,0.6727658918713351,0.603791327853835,0.0,0.0,0.0,0.0,0.0,0.0,0.0,0.5612018532367371,0.0,0.5122342341638294,0.0,0.0,0.0,0.4586938819292926,0.5808392864292727,0.5423946916557353,0.0,0.0,0.0,0.0,0.0,0.5581315064405744,0.6377720327812159,0.6220145531825565,0.0,0.0,0.0,0.0,0.6155909088942059
0.5743891691570469,0.6127074158677585,0.5470136048169553,0.0,0.4540290019057091,0.5686367954385348,0.5407171675165854,0.6289109649733045,0.5781485367485552,0.5189609176362734,0.5763601564384052,0.7198113447603829,0.6021097514612401,0.0,0.5288729541992184,0.6740785770731643,0.6688214142078855,0.0,0.5305638837692961,0.5219598418806058,0.6355163735361071,0.5295869641732692,0.6315667040167484,0.5806669797518823,0.6211082595868901,0.5401788072580191,0.626375981787736,0.5169415401353967,0.5011649039360047,0.519808025962183,0.513030163709411,0.5303147964116829,0.5798114083874482,0.607088683384564,0.4922535273858145,0.5933411179117715,0.0,0.41455769941814175,0.639355683267945,0.5630417863638212,0.5463611496916917,0.5910645783852726,0.0,0.0,0.0,0.6006405146990228,0.6684100387232247,0.0,0.0,0.0,0.5355990652055874,0.0,0.0,0.0,0.6454613320849701,0.0,0.5964041263982418,0.5503813529178879,0.0,0.6042465649660668,0.6331882660956748,0.6393349600113116,0.5996212789339083,0.0,0.4752189885782767,0.6509443909794306,0.6058524766712893,0.7633658663308103,0.5831878976465894,0.6334006944105929,0.6644157784801987,0.5034759472151601,0.6872536402545437,0.5223181528831861,0.0,0.6730155838073046
0.0,0.6290739982723831,0.42588000954661426,0.5423685192588417,0.46917127338611936,0.5472323062337716,0.5234561419301681,0.5337296059483284,0.32699395763477523,0.57646518183108,0.38826133159168014,0.5769655058171799,0.5546580514425349,0.5432240862301576,0.0,0.4990236891350144,0.6632810182971225,0.5305638837692961,0.0,0.0,0.0,0.6805747234676327,0.41964594733598803,0.4943931714041275,0.557941900047094,0.5266309950702527,0.4914898370554704,0.6009248439808543,0.0,0.6148534761259821,0.5741577829742167,0.5889849349902119,0.5021997652896943,0.5926359228489665,0.5411401311250649,0.6110698799108956,0.516289964730201,0.4929591009197127,0.681736210944015,0.0,0.422553985654502,0.24470392052074605,0.6614974749990227,0.3757451598809696,0.0,0.0,0.0,0.6074061922391863,0.0,0.48572053822879574,0.5596921031175734,0.5582990749614811,0.5616647782314459,0.6252038254701185,0.0,0.5422719799630513,0.5484359745537687,0.4897658981090363,0.48583067876829056,0.0,0.0,0.0,0.0,0.6543815055840212,0.5023175386759682,0.0,0.5055042494458992,0.6079069367529912,0.0,0.0,0.0,0.6081630547879765,0.5850652021901931,0.4949718255485744,0.5056525448215572,0.5808199795734749
0.5434963431859806,0.5330314215468214,0.38840950099219784,0.5940166533303396,0.5405722004112432,0.4942256079611469,0.5271779590929836,0.4684750724628757,0.5212828493513801,0.4510800254632619,0.0,0.5323252307726835,0.5818185806719351,0.42220130510133713,0.5777339707976101,0.5242916263593609,0.4423278455807426,0.5219598418806058,0.0,0.0,0.534769403988757,0.5061884142056484,0.5135375321064314,0.5692502505778688,0.5745665732771137,0.518077248561339,0.5644627655380774,0.575859899478701,0.5798512274083141,0.6089495910252144,0.5487742631093864,0.46059867208071986,0.44906325695835664,0.547823322209022,0.5800016110589883,0.7282133971348524,0.4904897003609154,0.7941337909006186,0.4755661142051569,0.5101919169513929,0.5656301440752898,0.4689068696243713,0.5463221109486416,0.26690299060748357,0.21833190220693488,0.528866831547132,0.5676150052238367,0.49840553485720146,0.0,0.0,0.4907919526867945,0.605811998311842,0.6143891164186914,0.4483956324101339,0.0,0.0,0.5921714021897273,0.5800608742780532,0.0,0.5967808827673784,0.5252228650260634,0.0,0.5853474732866708,0.0,0.5279322305548076,0.4919603357689764,0.565142178928243,0.5562675896099335,0.0,0.5386079927356957,0.4853832330417592,0.5364715302528433,0.48208102872099173,0.5475324496093906,0.4660643059247615,0.5099344242887225
0.39125659447486544,0.6212714806329505,0.42678711286921184,0.0,0.5246213129436426,0.5856339550240768,0.4450936055255689,0.5263277569691394,0.41611171865815744,0.6318673885937153,0.5574525156868579,0.5637338738072134,0.5348784334254663,0.5252338095291509,0.499083635592662,0.6533338089570465,0.5441309294842732,0.6355163735361071,0.0,0.534769403988757,0.0,0.531949208083557,0.5340838471644787,0.43963779064102465,0.5419534265039809,0.6190054704782372,0.5387720136147433,0.4865138007968524,0.48476392874324575,0.4969362862155949,0.5745790143252608,0.4247868155805519,0.4948652024197657,0.48192398141227377,0.5741112051728589,0.5444592775177542,0.35111882907039754,0.585469536817288,0.5176485019014857,0.5609368196549118,0.4577585404782223,0.4686324080186894,0.5865409956029844,0.0,0.0,0.5613443519194369,0.591188477700733,0.65016161748473,0.0,0.0,0.5720844123753627,0.45080198328446947,0.6168270253079252,0.0,0.6304574301155665,0.0,0.7751723828656127,0.5547170301817526,0.0,0.5842338634723895,0.6092323515742365,0.0,0.5404418608148783,0.0,0.5584745075669846,0.6341402438562878,0.5999694988493862,0.5671294404407586,0.8382002895699789,0.4874716457263452,0.6872774823497066,0.5344500914710884,0.5540867947020311,0.6070539515134612,0.4373742277064241,0.37430852013365096
0.584799721954976,0.6376898985847856,0.550746016750291,0.5655234901791141,0.5355810073691577,0.4641587538071472,0.526330722260249,0.519081732184235,0.5299581326456806,0.49424716758345194,0.0,0.4531997018818984,0.5307414467568365,0.0,0.5486566008159306,0.580273467695306,0.6091661634512774,0.5295869641732692,0.6805747234676327,0.5061884142056484,0.531949208083557,0.0,0.6781214811529951,0.46377465879647256,0.6672647391353009,0.6243512141554143,0.48977350546273857,0.6029392713992404,0.4983872609342231,0.5790906101526693,0.5965517261631826,0.5588119905308413,0.49299551309395356,0.611638656072528,0.624704656400881,0.6091275179451919,0.6868542932180889,0.5820064311085832,0.5091085023809926,0.5697759896931792,0.5388889693428938,0.5226354722122747,0.5346667842645569,0.37632112035563525,0.0,0.5873027658985994,0.6385590655501624,0.5787645013281458,0.0,0.26236866775689954,0.6171237252994896,0.6799376464509547,0.6084638660607039,0.6467114957125284,0.0,0.0,0.5470509494118575,0.5860966120822175,0.0,0.6388837700987812,0.5970452630254285,0.45027115822356917,0.5672631497295794,0.0,0.5318431503503149,0.5800322233608919,0.6123175600647784,0.5797364955872554,0.7744831997465608,0.5382347423977382,0.5855610771840789,0.5571351123811811,0.5547924704755419,0.5582873085215676,0.560021995950072,0.574356825826023
0.5135543878441416,0.6296332174259966,0.4584580894141755,0.6134350414918323,0.4750221500555322,0.5174053922901372,0.539328810047836,0.5604101670261903,0.5187968170027283,0.5353536352357956,0.4745455748114073,0.48631768206558584,0.5875835231095121,0.5929490046954505,0.5282932790439575,0.6576475545414792,0.5142977378944172,0.6315667040167484,0.41964594733598803,0.5135375321064314,0.5340838471644787,0.6781214811529951,0.0,0.4670801864470806,0.589505170771412,0.5307157450251979,0.45397829643586096,0.5093709136759796,0.5358240937579484,0.5216301901455568,0.5600494955748367,0.5490511519441236,0.5240639342281752,0.5595638215550538,0.5705294060956109,0.6107418515798883,0.5952288412545239,0.3963233260564826,0.5876802137114082,0.5812149446687872,0.5633278407487795,0.5730056006483558,0.6548388827216128,0.6223874249409128,0.5692358792178099,0.5229837855895336,0.6605898368137564,0.6441118094951441,0.4670562765206586,0.6418241165138818,0.6012283495456346,0.6039340631492026,0.6235681710692255,0.6525280632759966,0.6088751079680078,0.6443896985341491,0.4720292518520919,0.5651454445407245,0.6343377576441516,0.6296743030467891,0.6344210479553755,0.0,0.580065697942301,0.6368970279941597,0.5847643374055164,0.5962439909365532,0.6019514566527512,0.7119268890932249,0.0,0.5947293495980972,0.571698544424349,0.554952665489986,0.5353564240419303,0.6070672756715064,0.5937259613821536,0.555622504010175
0.5479426403470656,0.45544473271120833,0.43055943247772693,0.26074524787515524,0.5318755837154948,0.401632698118136,0.515073539905772,0.4394912877332901,0.5506038673900127,0.4675124992035124,0.5270044733492766,0.42726629866226395,0.42766438707695137,0.6888523237954826,0.43373877648380654,0.6189168817233425,0.6009080627834259,0.5806669797518823,0.4943931714041275,0.5692502505778688,0.43963779064102465,0.46377465879647256,0.4670801864470806,0.0,0.571224569602328,0.4369765175734684,0.4189539982587145,0.553768792656569,0.6208035668387053,0.853535475413876,0.6218561329852411,0.48755688572701317,0.46516518318643624,0.37286662151383404,0.4788052736387791,0.4221246138008862,0.3743391462618259,0.3893691198306098,0.700643583753757,0.6378676512037723,0.5367123006450507,0.6194169701913971,0.6088073804796776,0.3794463671497486,0.482417673556627,0.4427538752634115,0.5394712398572018,0.0,0.0,0.0,0.6125452621182549,0.0,0.0,0.0,0.5393093359356506,0.0,0.5400188304019139,0.4702409013511399,0.0,0.2438455117377363,0.5368454530817081,0.5177377435104537,0.5626351653913934,0.0,0.35113661761034826,0.4655942554741232,0.20858890768370636,0.8634912573072058,0.3905355271631055,0.5925469746514739,0.5788824079967809,0.5470219304038947,0.6638447506626549,0.0,0.0,0.5912399069330345
0.495084673505837,0.5251063195535973,0.5374007985565133,0.0,0.5251174532241588,0.5312831915588818,0.5308170771677135,0.6113398917133345,0.5509229725173063,0.665367157485284,0.6055654801003827,0.622290799149639,0.6110632878741493,0.5350942849863479,0.5268365890351456,0.6284895606023576,0.619925900873318,0.6211082595868901,0.557941900047094,0.5745665732771137,0.5419534265039809,0.6672647391353009,0.589505170771412,0.571224569602328,0.0,0.37781934207212414,0.607751101492555,0.5566357036419722,0.5032431508984324,0.44557831945263604,0.5680674144983683,0.38695126645664124,0.5627883664468014,0.49588100789361034,0.5131989572228954,0.513486047976168,0.0,0.5171126772651709,0.6435269505382254,0.6009060501430926,0.5856670460919867,0.6199343791725327,0.0,0.0,0.49565599732390786,0.6111027361903113,0.6873193779261156,0.0,0.0,0.0,0.5793319194437427,0.5550099514243328,0.6914996588218717,0.0,0.5929684796065213,0.0,0.6128958845270187,0.44524583339130486,0.0,0.5642714564146419,0.633927640926635,0.5944886992925784,0.6312475051167992,0.0,0.6440210380515977,0.5671866041193091,0.6277681703455733,0.5285305631489968,0.546577338639804,0.652156133375908,0.6341087003889355,0.49373806408978654,0.6572500872317215,0.48509728075066993,0.0,0.6237621317239213
0.6299464986154628,0.48544412603391546,0.49888027603755447,0.625928754396304,0.4982680766749638,0.6225135614160442,0.5894230058845198,0.5877445566442376,0.6307538678206517,0.5568235798150247,0.611980470619608,0.4803644922159736,0.6028491074516916,0.5153709206052378,0.5099237860289538,0.6353025030582184,0.5491133251738124,0.5401788072580191,0.5266309950702527,0.518077248561339,0.6190054704782372,0.6243512141554143,0.5307157450251979,0.4369765175734684,0.37781934207212414,0.0,0.6040781320105812,0.6254495891624738,0.61181473531216,0.41078405459675366,0.5079030626033305,0.5905039372711735,0.571230261728848,0.5226605007070861,0.5754658743494031,0.4728031456105039,0.49699311542675895,0.45593127857277754,0.5827792885593407,0.5938811640215872,0.6651675341327351,0.4842364292072865,0.23513421622734507,0.0,0.5300573923245575,0.5716419563587711,0.7066540350396925,0.6555567711939175,0.0,0.0,0.6248728680099928,0.587285267572487,0.5665068744961694,0.4339237335774434,0.5684406054743475,0.0,0.6228659480728835,0.6524758907182645,0.0,0.6285330281102831,0.6625519217321676,0.5530264067690912,0.5904700797569673,0.0,0.5772705802485605,0.7173965273857813,0.7173844711940996,0.5666680181251553,0.5200848016098855,0.632396957417132,0.6078679290447597,0.6079276944855112,0.6107043305770407,0.6458364565522695,0.0,0.589565262594649
0.5080812130519483,0.5504656966510332,0.4578130277131033,0.5894355578774401,0.4856647961186164,0.520168201271297,0.4800352195884437,0.5423503688925942,0.47683010858649294,0.4769410509649756,0.4996608347323247,0.5446263323773937,0.5433373511643554,0.5866002037112035,0.493687856831246,0.6071664463140044,0.5815165104928206,0.626375981787736,0.4914898370554704,0.5644627655380774,0.5387720136147433,0.48977350546273857,0.45397829643586096,0.4189539982587145,0.607751101492555,0.6040781320105812,0.0,0.5369318644129898,0.550326204378139,0.5307857065867312,0.5422797449617217,0.49966143344595915,0.5147579681445705,0.5540146252098601,0.5553708727284999,0.506947985756747,0.6102696713535891,0.47608311291702027,0.5627542427252014,0.514769757068079,0.5379077664732843,0.5157497593282384,0.6415869006617912,0.5972687012190566,0.42162549325473286,0.0,0.5099576809266414,0.6183034942343488,0.5192530272536268,0.6048789560701574,0.6027114882773342,0.584495006819936,0.5513459349564062,0.6282503356715655,0.7042334150171911,0.6390028741297872,0.37757503060749154,0.5892919292125328,0.6993279077302365,0.571016281885746,0.5840847103702244,0.0,0.4872056870690047,0.690749641145369,0.5540997732936784,0.572655857347343,0.5329349699340246,0.5700007491383455,0.0,0.5462163883097262,0.5112676655759434,0.5855757476593327,0.5523614632617744,0.5712319425426814,0.479027351913754,0.5444502005040242
0.5242942982149086,0.5210557751437828,0.6138858746320472,0.44140064668137796,0.5697086275434746,0.5919273042282318,0.559404851238078,0.5494245802240383,0.6071884188083396,0.6479195759653308,0.5374195228880969,0.6020333448001822,0.5511437657511344,0.527476014366309,0.4628814393558357,0.5545144061066201,0.7370986200204149,0.5169415401353967,0.6009248439808543,0.575859899478701,0.4865138007968524,0.6029392713992404,0.5093709136759796,0.553768792656569,0.5566357036419722,0.6254495891624738,0.5369318644129898,0.0,0.5577565559664035,0.5096062983293145,0.5831244190392527,0.5355952891450819,0.5811448786790027,0.4359076417798716,0.5577964774528975,0.5463794390940964,0.4320641288757287,0.592143739002555,0.5268691886460084,0.3491702557028992,0.5597161278347521,0.40024031386419656,0.5500692079498094,0.42962319714248454,0.6446636465453223,0.6439201374971936,0.6026944127633577,0.5887312957205223,0.0,0.6718842970461032,0.6210941959872647,0.5695114438740325,0.5675514266576684,0.5664116733085808,0.6254672187030286,0.5226533295054797,0.5108300387017783,0.5614163036270583,0.0,0.5458795592299239,0.47289261584306813,0.19839649983374677,0.5676965924862462,0.6898144925604537,0.6014939540144848,0.5820020443713834,0.5299942431460005,0.6105505387127843,0.5514671382039938,0.5878737996341766,0.4476353323518425,0.606433473990316,0.59083118187398,0.561664214186039,0.5304618822544426,0.5657888327697315
0.5538361436195529,0.4594156891775171,0.6053913457543169,0.4680047507897732,0.5753001123920279,0.45622571341992213,0.5600767299458331,0.5033461735498367,0.501784517277046,0.46288453432809984,0.416630413054328,0.5910102616856876,0.5830574920775854,0.4043620215168969,0.5182522662223498,0.55068591697401,0.3641792394969241,0.5011649039360047,0.0,0.5798512274083141,0.48476392874324575,0.4983872609342231,0.5358240937579484,0.6208035668387053,0.5032431508984324,0.61181473531216,0.550326204378139,0.5577565559664035,0.0,0.5357458511930138,0.5742452818308214,0.3980891063535333,0.42816564220331915,0.5644352378955262,0.4876450523553716,0.5271092445002181,0.48653075980377847,0.5573347379509467,0.5266090530430833,0.5192046895015712,0.5460046607575016,0.5253413138077914,0.4298686183760019,0.5516801940980912,0.6404660017490884,0.0,0.5397913993325913,0.5683022560669064,0.0,0.45546390293556516,0.5712898946107079,0.5655428998329719,0.630396030100262,0.5354226540636896,0.6573521670498997,0.4554518991156651,0.5775724935894638,0.5589873809947912,0.7972678998513458,0.5581814926571708,0.5981734964185907,0.0,0.5584314047796217,0.5121052780977885,0.5493459138277692,0.5418760615629549,0.5449453684561456,0.5924959264469669,0.0,0.6233877619172911,0.5855996414790056,0.5815672576776586,0.5522570183986008,0.5571043290391875,0.49516979718265014,0.5194166141045861
0.6564751710311014,0.4700779190570384,0.599358371048512,0.5083513514180567,0.47808765582252916,0.6218586386381366,0.4878738947695974,0.5217597856269829,0.5997329052493813,0.4176654310143859,0.0,0.3236177877854975,0.4942727688659709,0.8409004292760842,0.4562108618991371,0.5310861566375624,0.5418795241954736,0.519808025962183,0.6148534761259821,0.6089495910252144,0.4969362862155949,0.5790906101526693,0.5216301901455568,0.853535475413876,0.44557831945263604,0.41078405459675366,0.5307857065867312,0.5096062983293145,0.5357458511930138,0.0,0.6104600192651805,0.445347455026345,0.5056969512664825,0.6329989314736101,0.45328135178108436,0.5098373040958931,0.29416152894903264,0.549457623508529,0.6452660912626325,0.0,0.551116934097986,0.7462195007797363,0.6369690492695113,0.0,0.0,0.0,0.0,0.23476918990075718,0.0,0.0,0.5482514533829089,0.5607944631829249,0.43953961027247507,0.6767731557013266,0.0,0.0,0.0,0.45423131587447424,0.0,0.4312974770438185,0.0,0.0,0.0,0.0,0.572859930549256,0.5223860104911539,0.5546317557769297,0.619040554456178,0.0,0.0,0.0,0.6294621488021107,0.6055950166535298,0.5393232223464139,0.0,0.42125967175114654
0.5670736962992736,0.5828387834736074,0.612901828769775,0.5407458948369042,0.5627540542753613,0.6254894580226528,0.5310490469791567,0.5665323086764468,0.6073996453786037,0.6535912755650409,0.5323483167166385,0.5464807325168669,0.4612316459422124,0.5679379972367484,0.5805917556292813,0.5913699734323004,0.581152897237138,0.513030163709411,0.5741577829742167,0.5487742631093864,0.5745790143252608,0.5965517261631826,0.5600494955748367,0.6218561329852411,0.5680674144983683,0.5079030626033305,0.5422797449617217,0.5831244190392527,0.5742452818308214,0.6104600192651805,0.0,0.4089509279350137,0.47319730338571103,0.39275867473899456,0.45297801293254725,0.6884103914837848,0.5452088149770606,0.3967119377212839,0.6115224249207301,0.5883317700493232,0.5898026514711617,0.6150135136578065,0.5651162736935725,0.23444673213343145,0.4061557986967728,0.4464460045678234,0.5628539210597667,0.6308342987104609,0.0,0.0,0.5610932135388833,0.6224030179081321,0.5007344796212041,0.6255292936037612,0.4872026845479466,0.5541817959601173,0.5412285588318989,0.6654813124251795,0.0,0.6162853484688664,0.6020067725259542,0.5798160804342496,0.6005773667630028,0.7061411227854846,0.5542969302418244,0.501025793435741,0.5827592313367207,0.5891535715980601,0.5357054812340527,0.6157271074601749,0.5843986615767319,0.6008853097896052,0.5414900601737457,0.6008212453887618,0.3897966449515561,0.44574764230492575
0.6413576557740739,0.5391992922873248,0.5865182425134279,0.40540476396238717,0.42271863345840993,0.5303672734224854,0.5457652959363445,0.5728397311854844,0.6177354804133851,0.3738693725733063,0.5118508968467979,0.33635062598005744,0.5678201608604333,0.36096985576154916,0.4831679366701098,0.5434513587469593,0.5648531214232352,0.5303147964116829,0.5889849349902119,0.46059867208071986,0.4247868155805519,0.5588119905308413,0.5490511519441236,0.48755688572701317,0.38695126645664124,0.5905039372711735,0.49966143344595915,0.5355952891450819,0.3980891063535333,0.445347455026345,0.4089509279350137,0.0,0.33041399057702514,0.46999066667868433,0.4423528996164964,0.5790104980318944,0.5633637226177207,0.42350541301192446,0.3378096345165998,0.3260803926127487,0.3750746967012617,0.30146015825195543,0.3755596981118944,0.25288336672478245,0.4507787366339576,0.498055127074339,0.5822507766685067,0.5415757993325094,0.4212709863669177,0.6509518298782523,0.5845294685154914,0.5392336492403034,0.6185442929431179,0.5171059959600826,0.41856431442721875,0.5884406876488663,0.2724408769121488,0.5392674495324485,0.6521715672671634,0.5546564280546533,0.560499611562097,0.5333545391380601,0.5277724436128461,0.4256447117612189,0.4920526306897411,0.47468008186689353,0.5324090679713237,0.603475925532607,0.38218005960586215,0.589630858847923,0.5806330096559772,0.6027675144427104,0.5066188513746652,0.5399829889677159,0.5064399827056507,0.589601751035639
0.5686701405620539,0.440305362009766,0.5167213898564591,0.23777542406916874,0.4826113468761206,0.6608020592303194,0.5303500435710926,0.5565481786359698,0.5735318683591669,0.6365289259657928,0.5093875642115762,0.5699734113115046,0.5004145226001525,0.2671439664113083,0.5795490779349324,0.42989151914811,0.6027977563958963,0.5798114083874482,0.5021997652896943,0.44906325695835664,0.4948652024197657,0.49299551309395356,0.5240639342281752,0.46516518318643624,0.5627883664468014,0.571230261728848,0.5147579681445705,0.5811448786790027,0.42816564220331915,0.5056969512664825,0.47319730338571103,0.33041399057702514,0.0,0.3687748466069918,0.4266399445091435,0.37571529156825595,0.3371100913946349,0.26263025334319545,0.41661533628236946,0.36701168238575194,0.39493199482160946,0.39290314840009694,0.32650117130436157,0.3926624124984704,0.48072267972724814,0.5072307108714466,0.5808469889298806,0.0,0.0,0.0,0.5723024263957496,0.5113242589477529,0.0,0.28202563830303906,0.3825192356469484,0.41301585041534733,0.44692090080729324,0.49070176544474675,0.0,0.5831611489481133,0.5823890460110271,0.6191040450261177,0.5513845164828574,0.0,0.5521020837725927,0.4511573823221782,0.6672238748644328,0.5638934214001703,0.5157795140564602,0.6707939535522844,0.6364532279281913,0.4095339299215078,0.5880088432860991,0.45422815494454405,0.0,0.4789569556598116
0.49792181580919187,0.5197366042911895,0.6094354843139087,0.36650462386281996,0.5616789900596476,0.5936755411254474,0.46068868542365143,0.55262995779812,0.6156611521648045,0.5951489824281185,0.5787222754458653,0.4998685296179956,0.5111835046782344,0.6945307978033262,0.5384777642061809,0.4256066370511254,0.5683023594213126,0.607088683384564,0.5926359228489665,0.547823322209022,0.48192398141227377,0.611638656072528,0.5595638215550538,0.37286662151383404,0.49588100789361034,0.5226605007070861,0.5540146252098601,0.4359076417798716,0.5644352378955262,0.6329989314736101,0.39275867473899456,0.46999066667868433,0.3687748466069918,0.0,0.41991385586769175,0.5769614730748546,0.4621027279510945,0.25716583781803853,0.47063911343627396,0.4185597818385674,0.4559423571848838,0.4277617692543152,0.3492238931206651,0.24204170510942702,0.34061508551892555,0.519896646008337,0.5845480419440722,0.5991460413379559,0.0,0.7115476434417083,0.5302411094188944,0.5162936458651294,0.6387623157080516,0.4954692260163311,0.5172834480115666,0.5394036381216765,0.5531174494119551,0.41504091342119137,0.0,0.6279298361569186,0.5789153488908906,0.5439002107754016,0.6016335145297943,0.5409256011577003,0.5539541064385031,0.5087802941459606,0.5767915025254264,0.6026863742105819,0.4707730581539625,0.6043745487775429,0.5949107946738394,0.5911551488057634,0.4494612118843413,0.5827077818796589,0.4946646215497351,0.4797458810422331
0.4855920206224538,0.5667071110411636,0.5700861161214139,0.4502189914229657,0.4784797764886601,0.5980360661215494,0.40002453653179776,0.46709582771211405,0.5711892126671676,0.5385502193071352,0.5272697530740992,0.5278573707556526,0.4539290697050576,0.38213143595479554,0.5662693537753486,0.55562470953919,0.5411904774227749,0.4922535273858145,0.5411401311250649,0.5800016110589883,0.5741112051728589,0.624704656400881,0.5705294060956109,0.4788052736387791,0.5131989572228954,0.5754658743494031,0.5553708727284999,0.5577964774528975,0.4876450523553716,0.45328135178108436,0.45297801293254725,0.4423528996164964,0.4266399445091435,0.41991385586769175,0.0,0.5591065217004079,0.44225167478004174,0.5318955830301274,0.2911854680082394,0.3576836996784223,0.3543089630874402,0.3729804552307634,0.2660022967328287,0.5071724501195243,0.3921706520786453,0.5272431652568665,0.521341345197995,0.3478966192248129,0.2102770667152444,0.5427375874760824,0.42876435875797275,0.4125840626133086,0.5378937524615538,0.26892123024588444,0.5092895934162981,0.4785094595897874,0.4107686836162083,0.38768560050035356,0.0,0.6285770181698299,0.5604817305281209,0.3781015200073103,0.5070290438292578,0.38747930494096755,0.5592546631532147,0.5532599304454494,0.6176362727356122,0.5378545660683,0.437856924360562,0.5832646701425188,0.5931253438778504,0.5562397586372405,0.38702655116321916,0.5847568839117477,0.25887254967200685,0.6385101336585881
0.6619378068851763,0.5071314442445958,0.5876834310760594,0.3708295452515533,0.39105968470646035,0.5994319489093736,0.5646331949238915,0.5580889557673698,0.590563213165731,0.508624385426957,0.5787803523849836,0.3958560528643348,0.5673969635111518,0.38308749102182815,0.6459567280719498,0.6606603741983007,0.6304339784052052,0.5933411179117715,0.6110698799108956,0.7282133971348524,0.5444592775177542,0.6091275179451919,0.6107418515798883,0.4221246138008862,0.513486047976168,0.4728031456105039,0.506947985756747,0.5463794390940964,0.5271092445002181,0.5098373040958931,0.6884103914837848,0.5790104980318944,0.37571529156825595,0.5769614730748546,0.5591065217004079,0.0,0.4512721588567164,0.4317634082496087,0.25695596060115183,0.3123631422236934,0.3049715972865201,0.24361802066979252,0.5233102159135442,0.2729494239596484,0.5378336040819554,0.0,0.13987561608490243,0.6607860479963955,0.0,0.6319578875454765,0.4502505249049409,0.6010942501605634,0.588088218383553,0.5608539962605029,0.3319982697831321,0.6220388273922758,0.40860990080284915,0.5167864912088383,0.4740768801659991,0.6228138152226157,0.45543958652346367,0.0,0.0,0.597592948227903,0.458609849652453,0.5351523252738813,0.6221632165220851,0.6717453835251201,0.4300212371995762,0.202711062919499,0.30494920685613996,0.4662274919687967,0.5548588906228236,0.5091981633050384,0.17979378439704516,0.6237899035427605
0.0,0.0,0.5047197594746303,0.3337807152290965,0.4178200773869325,0.5639253030506409,0.4687484185915381,0.4777994077366027,0.5752210819334524,0.4829923475944492,0.6188271171409331,0.420126558284694,0.5102475282948652,0.32229626641189146,0.4726190535276434,0.0,0.0,0.0,0.516289964730201,0.4904897003609154,0.35111882907039754,0.6868542932180889,0.5952288412545239,0.3743391462618259,0.0,0.49699311542675895,0.6102696713535891,0.4320641288757287,0.48653075980377847,0.29416152894903264,0.5452088149770606,0.5633637226177207,0.3371100913946349,0.4621027279510945,0.44225167478004174,0.4512721588567164,0.0,0.37664651592868276,0.22747697253564192,0.2743355212535812,0.3183105024205383,0.29788710603526625,0.26583376149186566,0.5299354881505337,0.36055457504923194,0.0,0.0,0.6367271327031667,0.0,0.0,0.5915813095005849,0.6170532504627451,0.6243839600875598,0.2970827504454018,0.442076257970912,0.6107875111651168,0.4727815012068942,0.3852532092451596,0.0,0.0,0.0,0.0,0.0,0.37314868293375014,0.0,0.0,0.0,0.49691290722969145,0.0,0.0,0.0,0.555390088007403,0.3660617085851471,0.5663822723627596,0.0,0.0
0.518244879582962,0.0,0.5086633022880547,0.36847723713117825,0.4977236033698225,0.4886086328345638,0.627013709015194,0.6106154908752849,0.6119750562027909,0.5102059781921694,0.5765429610366352,0.31320021627352085,0.5405730931677872,0.4264976037508672,0.0,0.6163137866092661,0.4594359295727354,0.41455769941814175,0.4929591009197127,0.7941337909006186,0.585469536817288,0.5820064311085832,0.3963233260564826,0.3893691198306098,0.5171126772651709,0.45593127857277754,0.47608311291702027,0.592143739002555,0.5573347379509467,0.549457623508529,0.3967119377212839,0.42350541301192446,0.26263025334319545,0.25716583781803853,0.5318955830301274,0.4317634082496087,0.37664651592868276,0.0,0.3321613655219298,0.4659928534399224,0.312735101627671,0.4718670735209572,0.3256564088315833,0.17025291572564846,0.42310379679516874,0.0,0.0,0.6877656139793971,0.0,0.5905114643443178,0.6369485737465208,0.47839272228866525,0.0,0.4313791985151592,0.4716409406589271,0.32819599076847655,0.49495775433824307,0.3790473943006872,0.0,0.506088746561436,0.0,0.40190965173171317,0.45233783736573663,0.3030853370097654,0.7402404409252019,0.0,0.8316859548373069,0.6809604735071622,0.4498552020913039,0.4488344761933907,0.5612227380550096,0.66523857800595,0.5004413745275353,0.4987715992683723,0.0,0.42303224670814904
0.5462279607093758,0.5375319904383425,0.6479962602104552,0.2191379165035936,0.5605483023299435,0.6016291461277888,0.6308281973971616,0.5968097467657805,0.5990244465010055,0.47212731474117836,0.5481834637381927,0.5142778156586502,0.536753291543367,0.6881306720747233,0.4393332664181736,0.6332064139117183,0.568080221744472,0.639355683267945,0.681736210944015,0.4755661142051569,0.5176485019014857,0.5091085023809926,0.5876802137114082,0.700643583753757,0.6435269505382254,0.5827792885593407,0.5627542427252014,0.5268691886460084,0.5266090530430833,0.6452660912626325,0.6115224249207301,0.3378096345165998,0.41661533628236946,0.47063911343627396,0.2911854680082394,0.25695596060115183,0.22747697253564192,0.3321613655219298,0.0,0.5544845935629494,0.4952665241905858,0.5095568597036274,0.5375970163979596,0.4315426995782513,0.3677944635170301,0.6076136786209952,0.49083369606168603,0.5442017155705551,0.3996095243418415,0.6622271155754443,0.5656307800720906,0.4023263071502062,0.689027087503158,0.5873485801370516,0.45844259309100566,0.6202288788887693,0.3674980227941809,0.5174849057099968,0.45042997639551996,0.44185451398403314,0.563054442775661,0.5754276432427518,0.6101327786798708,0.5201921505624856,0.5013861063857833,0.3834165223354572,0.46291915224262853,0.5515332568037111,0.4409415606903653,0.5281796375092,0.5986767901490894,0.5858514881880785,0.45877915318321527,0.5374503755661099,0.4518671816653074,0.48147470383285346
0.6043846338779054,0.6543872732997825,0.0,0.31912861049695423,0.7360553457613782,0.35870243017689035,0.45280814360280247,0.46343965680874594,0.5317008616849274,0.4736658479975246,0.5219275981472402,0.4738122411180336,0.5073452577164471,0.0,0.5684455231033765,0.5768009425242832,0.47620655340294543,0.5630417863638212,0.0,0.5101919169513929,0.5609368196549118,0.5697759896931792,0.5812149446687872,0.6378676512037723,0.6009060501430926,0.5938811640215872,0.514769757068079,0.3491702557028992,0.5192046895015712,0.0,0.5883317700493232,0.3260803926127487,0.36701168238575194,0.4185597818385674,0.3576836996784223,0.3123631422236934,0.2743355212535812,0.4659928534399224,0.5544845935629494,0.0,0.32163008326038656,0.5540733566940974,0.4102325217934152,0.4254794811255558,0.22465756345198648,0.583601434833418,0.45059187223831076,0.4977173569385641,0.3752163497830575,0.5456118221955967,0.4777276151978111,0.5709830328294178,0.5227509088653648,0.5820869235542088,0.5733896345544156,0.5303679628088198,0.5080813558363185,0.524312621292952,0.505132470470708,0.5876340478548328,0.5463760186116519,0.6413943855478842,0.5820554741099391,0.4940296059976352,0.548403216860549,0.507862286433387,0.4767972008165064,0.477528614806904,0.5286273699795874,0.46730057200432146,0.5475138407144062,0.4531902241606327,0.49219606150033146,0.5450508251248676,0.4515119730112433,0.4157945906629594
0.5325723851710908,0.5147127182335087,0.4997915626905686,0.39963101060689904,0.5609608458794322,0.5246248779335486,0.5425338011122841,0.3972261994453146,0.4244663256725023,0.5497427092921365,0.5262273282919552,0.5084962382183552,0.5255204532124599,0.7280562512323367,0.5319487003893387,0.6081224453367837,0.49702526471964087,0.5463611496916917,0.422553985654502,0.5656301440752898,0.4577585404782223,0.5388889693428938,0.5633278407487795,0.5367123006450507,0.5856670460919867,0.6651675341327351,0.5379077664732843,0.5597161278347521,0.5460046607575016,0.551116934097986,0.5898026514711617,0.3750746967012617,0.39493199482160946,0.4559423571848838,0.3543089630874402,0.3049715972865201,0.3183105024205383,0.312735101627671,0.4952665241905858,0.32163008326038656,0.0,0.42687116645342954,0.5123798072913535,0.5106077107962897,0.27912203285335246,0.5507332425475543,0.4311545236726405,0.5615438646398156,0.3338947707962428,0.604367777983808,0.581865005764886,0.5084246400070467,0.5291776523578751,0.5544009645475857,0.5806205836284692,0.5062957317481513,0.45467237313885067,0.6238797592639976,0.6746568865191682,0.5294698957722626,0.4939779705380139,0.6195402555913609,0.6068587711994814,0.5321550483767489,0.5402249272247324,0.4650280538442006,0.5207330843334136,0.5477540711607191,0.46042992871090604,0.5057090085469236,0.4591963296237514,0.533930643617143,0.5860436582617371,0.48768430645537103,0.5047685118412092,0.2542613251943093
0.5590811409125565,0.6104996226622766,0.5394440319528562,0.31775443166414097,0.4249214439334699,0.5278222393592148,0.5296833573635923,0.5407019459250368,0.35722201092307737,0.41130080411196646,0.47410048898995,0.32835865023551014,0.5260938618927681,0.8539817969998362,0.4654452356433424,0.5991239280539715,0.5832247302378932,0.5910645783852726,0.24470392052074605,0.4689068696243713,0.4686324080186894,0.5226354722122747,0.5730056006483558,0.6194169701913971,0.6199343791725327,0.4842364292072865,0.5157497593282384,0.40024031386419656,0.5253413138077914,0.7462195007797363,0.6150135136578065,0.30146015825195543,0.39290314840009694,0.4277617692543152,0.3729804552307634,0.24361802066979252,0.29788710603526625,0.4718670735209572,0.5095568597036274,0.5540733566940974,0.42687116645342954,0.0,0.5859060290780408,0.5182137656004502,0.5057495598989185,0.5647242555694756,0.5135018632813095,0.5284505808323567,0.379180137496023,0.514142156835558,0.516361261730316,0.45764211023489815,0.6221025800427871,0.5291562410096672,0.5488822306168455,0.49998139526938307,0.385127857172028,0.5548711359905479,0.6638388882140128,0.5048990915790412,0.5462082654746699,0.4896206875970367,0.693429635468056,0.5383707521075536,0.4667361226551899,0.5073516480088722,0.4360143677983535,0.544228644911197,0.46376422772987635,0.5824179698968871,0.5300998739201271,0.5490001373532662,0.47559506656231504,0.5156103354277368,0.5730104254967366,0.3500639367706354
0.0,0.6560967702463076,0.6377118247446628,0.25771486131584875,0.556235615594905,0.6561044117726518,0.5733780048449527,0.5802461392779128,0.5583011840701396,0.36085255756183743,0.5901680556081749,0.42121830837926255,0.5586600699950841,0.6090948174685806,0.530025856084329,0.0,0.0,0.0,0.6614974749990227,0.5463221109486416,0.5865409956029844,0.5346667842645569,0.6548388827216128,0.6088073804796776,0.0,0.23513421622734507,0.6415869006617912,0.5500692079498094,0.4298686183760019,0.6369690492695113,0.5651162736935725,0.3755596981118944,0.32650117130436157,0.3492238931206651,0.2660022967328287,0.5233102159135442,0.26583376149186566,0.3256564088315833,0.5375970163979596,0.4102325217934152,0.5123798072913535,0.5859060290780408,0.0,0.43908750158321136,0.3890631267872657,0.6334631098441568,0.5615437806989033,0.5211140213574573,0.5639853781177842,0.48766036167657845,0.5313575835632726,0.5283114020176132,0.6495060700350026,0.5759180161284447,0.6573395874991128,0.5165405028002641,0.48576367021067274,0.5824143885315405,0.467925568949091,0.6699094701619962,0.6606606760359112,0.5948107582316623,0.6714894264015279,0.5252498574206487,0.5876277582160222,0.5102150092958999,0.5574809519480989,0.5590651430058442,0.4668017088047881,0.6406081925106881,0.5981415207368278,0.5520580065105422,0.5021666933804365,0.6067301613060468,0.524397788907883,0.6292701056780257
0.0,0.0,0.6581518819802555,0.26267264877267976,0.6935145138513228,0.5426403616027295,0.8205848290953937,0.4920111699160004,0.4595382995877731,0.35080455278814615,0.5940035595005577,0.4599768778658235,0.4216251740986624,0.499834328067952,0.6377284570448721,0.0,0.0,0.0,0.3757451598809696,0.26690299060748357,0.0,0.37632112035563525,0.6223874249409128,0.3794463671497486,0.0,0.0,0.5972687012190566,0.42962319714248454,0.5516801940980912,0.0,0.23444673213343145,0.25288336672478245,0.3926624124984704,0.24204170510942702,0.5071724501195243,0.2729494239596484,0.5299354881505337,0.17025291572564846,0.4315426995782513,0.4254794811255558,0.5106077107962897,0.5182137656004502,0.43908750158321136,0.0,0.42368270875598296,0.0,0.0,0.5447997606969534,0.5149037539298001,0.41642099556229073,0.5984296020008504,0.4550497299171138,0.6187065274875435,0.586803213535714,0.5525107895942235,0.6321418544156221,0.41247850749195575,0.616686910151104,0.38579740953172176,0.3905965368735801,0.0,0.0,0.0,0.582947492952142,0.46483594746917367,0.456208256187106,0.4086201961569249,0.6161681040902154,0.41729558421678387,0.0,0.6888350773054461,0.5497393501397767,0.4684649221932816,0.5810728580984501,0.5402071278796594,0.5276518954117906
0.4666051036930516,0.0,0.0,0.0,0.0,0.22781040111381426,0.3602876128124091,0.0,0.3052351811517732,0.5092458781990232,0.20798949676673925,0.48206521487196824,0.4518858752148422,0.0,0.0,0.0,0.4958082635936109,0.0,0.0,0.21833190220693488,0.0,0.0,0.5692358792178099,0.482417673556627,0.49565599732390786,0.5300573923245575,0.42162549325473286,0.6446636465453223,0.6404660017490884,0.0,0.4061557986967728,0.4507787366339576,0.48072267972724814,0.34061508551892555,0.3921706520786453,0.5378336040819554,0.36055457504923194,0.42310379679516874,0.3677944635170301,0.22465756345198648,0.27912203285335246,0.5057495598989185,0.3890631267872657,0.42368270875598296,0.0,0.4044432522354433,0.0,0.4965549753394208,0.3268151381405964,0.5686790139599756,0.4987425714755218,0.4853381725924549,0.4620292605754806,0.4725785174277119,0.49319060738289283,0.5897228341445377,0.3350613055898814,0.4742477923989709,0.5524759074191983,0.3072885937185018,0.5594173300026845,0.5841129215806358,0.3627558013981507,0.5548881205949729,0.6106948709754765,0.614263473622673,0.6195305621433784,0.3865102852375989,0.4598024724833556,0.45700643505313826,0.4908024540095187,0.5825214201315387,0.5857602836959671,0.6299269086946807,0.8666481121784858,0.47581157610006725
0.5063431644415204,0.6155186771011962,0.0,0.0,0.0,0.6093074526066472,0.0,0.5920454890221769,0.0,0.6362509393115537,0.0,0.45752047553238173,0.636865674262223,0.0,0.631520144011502,0.544270122719213,0.6727658918713351,0.6006405146990228,0.0,0.528866831547132,0.5613443519194369,0.5873027658985994,0.5229837855895336,0.4427538752634115,0.6111027361903113,0.5716419563587711,0.0,0.6439201374971936,0.0,0.0,0.4464460045678234,0.498055127074339,0.5072307108714466,0.519896646008337,0.5272431652568665,0.0,0.0,0.0,0.6076136786209952,0.583601434833418,0.5507332425475543,0.5647242555694756,0.6334631098441568,0.0,0.4044432522354433,0.0,0.642776150752476,0.3933028994530957,0.0,0.0,0.5499203804424804,0.5307534099647625,0.5416229260691485,0.4758451150293284,0.48533827674365126,0.33690034425819687,0.5202012321005812,0.46103335665238987,0.4466367037056079,0.4617794291743101,0.6027799074275069,0.46924130734745445,0.5762418982245581,0.0,0.5259287208088689,0.5064272629611459,0.599189080169475,0.45705033834253767,0.35961121021310993,0.600861813104507,0.6239936765134143,0.4884797917838925,0.4754385705924097,0.595053510188372,0.0,0.5353116543224103
0.6008830481104045,0.6011390418328196,0.2024343582155308,0.0,0.0,0.5558137029401722,0.5704242924087688,0.3736508472749666,0.49965683718408554,0.5208053454887019,0.0,0.5692184934991062,0.6431131957571811,0.0,0.6268884373058221,0.685104250921272,0.603791327853835,0.6684100387232247,0.0,0.5676150052238367,0.591188477700733,0.6385590655501624,0.6605898368137564,0.5394712398572018,0.6873193779261156,0.7066540350396925,0.5099576809266414,0.6026944127633577,0.5397913993325913,0.0,0.5628539210597667,0.5822507766685067,0.5808469889298806,0.5845480419440722,0.521341345197995,0.13987561608490243,0.0,0.0,0.49083369606168603,0.45059187223831076,0.4311545236726405,0.5135018632813095,0.5615437806989033,0.0,0.0,0.642776150752476,0.0,0.45167190855499634,0.0,0.564943811658309,0.46027285355238207,0.46786754138893877,0.5960814901395709,0.43136917520666673,0.577129081015845,0.0,0.5056555620203823,0.46076926903340687,0.5793815578787522,0.6067053183480283,0.567920747964345,0.5517046053453132,0.5291912889970632,0.42342318009232843,0.5626220197454909,0.6097585605220806,0.5772170956813593,0.5414193708484386,0.42413690590380454,0.6028218660832059,0.6471052755216725,0.486725996498274,0.4678561685523776,0.5237350395493946,0.0,0.5172115738982006
0.0,0.0,0.48094022851068496,0.0,0.5813077087356016,0.6112865769078756,0.4710747113184368,0.6322789383615625,0.6131783811348476,0.1838568391815025,0.5756315965719141,0.0,0.6180895725025616,0.5133651261000965,0.4671266700402885,0.0,0.0,0.0,0.6074061922391863,0.49840553485720146,0.65016161748473,0.5787645013281458,0.6441118094951441,0.0,0.0,0.6555567711939175,0.6183034942343488,0.5887312957205223,0.5683022560669064,0.23476918990075718,0.6308342987104609,0.5415757993325094,0.0,0.5991460413379559,0.3478966192248129,0.6607860479963955,0.6367271327031667,0.6877656139793971,0.5442017155705551,0.4977173569385641,0.5615438646398156,0.5284505808323567,0.5211140213574573,0.5447997606969534,0.4965549753394208,0.3933028994530957,0.45167190855499634,0.0,0.5272108630748878,0.5152168951877205,0.5669347517914023,0.5349423999918127,0.5617010224434693,0.526056563888883,0.49734556948981873,0.3446641268062273,0.5263959521301834,0.5623008485916419,0.49697422410683484,0.44362087261156896,0.49308384999369664,0.5742056377596517,0.5032525315169104,0.36624989368719607,0.38376939787272085,0.3725315435613398,0.4449215643721751,0.4863630097430621,0.4237420339989366,0.5652176842923022,0.48795080909509164,0.46090835586433265,0.5568453392171193,0.4870490128840416,0.3691400145289114,0.5653436635322261
0.0,0.0,0.499850392299115,0.0,0.0,0.6124217140142897,0.0,0.0,0.0,0.5000312472423002,0.5023415699165379,0.0,0.0,0.0,0.0,0.0,0.0,0.0,0.0,0.0,0.0,0.0,0.4670562765206586,0.0,0.0,0.0,0.5192530272536268,0.0,0.0,0.0,0.0,0.4212709863669177,0.0,0.0,0.2102770667152444,0.0,0.0,0.0,0.3996095243418415,0.3752163497830575,0.3338947707962428,0.379180137496023,0.5639853781177842,0.5149037539298001,0.3268151381405964,0.0,0.0,0.5272108630748878,0.0,0.535686056913381,0.4869996716741253,0.43305610597946403,0.6757645950950796,0.6348058242357609,0.6279022348783757,0.5971108171716828,0.4083991290612533,0.5768209463516156,0.5645916136396194,0.0,0.0,0.0,0.0,0.48505616262577966,0.0,0.0,0.4129706320874703,0.5675667780615375,0.0,0.0,0.5849123614180053,0.5360220992395832,0.622301852009013,0.5508957638074634,0.0,0.4828156235488213
0.0,0.0,0.5071025589564564,0.0,0.5600193000579718,0.4825208467288226,0.5464667311928765,0.5975716387931309,0.6622118907097527,0.0,0.4441453982453985,0.28527738428422994,0.6800399353190267,0.5388507229165602,0.0,0.0,0.0,0.0,0.48572053822879574,0.0,0.0,0.26236866775689954,0.6418241165138818,0.0,0.0,0.0,0.6048789560701574,0.6718842970461032,0.45546390293556516,0.0,0.0,0.6509518298782523,0.0,0.7115476434417083,0.5427375874760824,0.6319578875454765,0.0,0.5905114643443178,0.6622271155754443,0.5456118221955967,0.604367777983808,0.514142156835558,0.48766036167657845,0.41642099556229073,0.5686790139599756,0.0,0.564943811658309,0.5152168951877205,0.535686056913381,0.0,0.5239648399865092,0.5493734262726722,0.6011055575683403,0.5195466983090605,0.5980924208790275,0.46459534383531126,0.544588220248519,0.5177811626509637,0.4824443525797925,0.5069653910196477,0.5178097548925455,0.4873596556691472,0.6190014734588511,0.4849843860155463,0.4625601625392714,0.375840042549062,0.4530078052230655,0.5787420406254596,0.6846171233091731,0.47022597415290623,0.5279861137610409,0.5896403570392564,0.49094410876493083,0.5460514868191487,0.33369832394569166,0.6514251203302536
0.5193572957966586,0.5913407435531677,0.5994579399764101,0.0,0.6152870963491905,0.6045941045765992,0.5961251816311052,0.6129686580161556,0.654799084102587,0.5132601508341847,0.6137883347740782,0.3572648622642852,0.605459992666998,0.4714125251244517,0.5074108498033036,0.564233685283897,0.0,0.5355990652055874,0.5596921031175734,0.4907919526867945,0.5720844123753627,0.6171237252994896,0.6012283495456346,0.6125452621182549,0.5793319194437427,0.6248728680099928,0.6027114882773342,0.6210941959872647,0.5712898946107079,0.5482514533829089,0.5610932135388833,0.5845294685154914,0.5723024263957496,0.5302411094188944,0.42876435875797275,0.4502505249049409,0.5915813095005849,0.6369485737465208,0.5656307800720906,0.4777276151978111,0.581865005764886,0.516361261730316,0.5313575835632726,0.5984296020008504,0.4987425714755218,0.5499203804424804,0.46027285355238207,0.5669347517914023,0.4869996716741253,0.5239648399865092,0.0,0.5131931585959424,0.5548935795455087,0.526315300975257,0.4274913060894634,0.5016800726279447,0.5907547880011783,0.5874908563638592,0.411052940369766,0.48536527429212617,0.5513407714828025,0.533843759709368,0.5601638353367618,0.49930575408150357,0.5690143107024126,0.5704498651255524,0.5153087574742433,0.5163822802250825,0.510625564874229,0.5076573794744874,0.5256219186932916,0.4963049724877937,0.5934540604632622,0.5313440925827949,0.5709129060146781,0.6289992513322272
0.0,0.6308614109989084,0.5793348787798798,0.0,0.612282882063252,0.6331957707025101,0.6179792627376065,0.6360264109102026,0.6582699008829694,0.47074360924408465,0.4870139571306921,0.509461194567043,0.6023987381611049,0.4745574735844515,0.7013555881361702,0.6142992930522494,0.0,0.0,0.5582990749614811,0.605811998311842,0.45080198328446947,0.6799376464509547,0.6039340631492026,0.0,0.5550099514243328,0.587285267572487,0.584495006819936,0.5695114438740325,0.5655428998329719,0.5607944631829249,0.6224030179081321,0.5392336492403034,0.5113242589477529,0.5162936458651294,0.4125840626133086,0.6010942501605634,0.6170532504627451,0.47839272228866525,0.4023263071502062,0.5709830328294178,0.5084246400070467,0.45764211023489815,0.5283114020176132,0.4550497299171138,0.4853381725924549,0.5307534099647625,0.46786754138893877,0.5349423999918127,0.43305610597946403,0.5493734262726722,0.5131931585959424,0.0,0.5675133616015084,0.5825711485957918,0.42773485017280677,0.533430187275725,0.3897721085456155,0.5814106908160115,0.4781081138150375,0.5504874112853874,0.48215624792415174,0.3774319868578723,0.5061855321917873,0.5508692226186728,0.47511583899086923,0.5143935417746966,0.535520093299903,0.5783668432775257,0.6381231934775681,0.5571826561845316,0.5270178583224848,0.5706937571538766,0.5299487775222875,0.6109269443087437,0.5736279241788868,0.6279902435212653
0.6101088917026065,0.5875953167963989,0.6271759941262783,0.5027687754603101,0.5439443249833961,0.6477432659146879,0.5352287840907045,0.5493287658957685,0.6104402636721891,0.5979441555187511,0.587748582269384,0.0,0.5539552532448391,0.5656361955743965,0.5673984980227046,0.0,0.0,0.0,0.5616647782314459,0.6143891164186914,0.6168270253079252,0.6084638660607039,0.6235681710692255,0.0,0.6914996588218717,0.5665068744961694,0.5513459349564062,0.5675514266576684,0.630396030100262,0.43953961027247507,0.5007344796212041,0.6185442929431179,0.0,0.6387623157080516,0.5378937524615538,0.588088218383553,0.6243839600875598,0.0,0.689027087503158,0.5227509088653648,0.5291776523578751,0.6221025800427871,0.6495060700350026,0.6187065274875435,0.4620292605754806,0.5416229260691485,0.5960814901395709,0.5617010224434693,0.6757645950950796,0.6011055575683403,0.5548935795455087,0.5675133616015084,0.0,0.5324206806051007,0.377408910274614,0.45003537047150266,0.4922540086554242,0.5709363019899855,0.4405669279609361,0.5360726029307791,0.5409344932565119,0.5778418169733178,0.46476054139266715,0.4738566230318011,0.49833335042207416,0.503396127389176,0.5612441329786118,0.4900229224818112,0.5110173928640234,0.5619306424787048,0.549158043941275,0.5269550807118373,0.48410749631500466,0.5439524010785782,0.4755963326550429,0.5032724509755269
0.0,0.5814193068097112,0.6598768980936914,0.0,0.5602265240192786,0.6402475418801946,0.6348990072972961,0.5880009934471618,0.5722490178417748,0.2652389117821286,0.6024809295325328,0.4363835138198487,0.6637582871525941,0.44470121015061065,0.5443281482142799,0.0,0.0,0.0,0.6252038254701185,0.4483956324101339,0.0,0.6467114957125284,0.6525280632759966,0.0,0.0,0.4339237335774434,0.6282503356715655,0.5664116733085808,0.5354226540636896,0.6767731557013266,0.6255292936037612,0.5171059959600826,0.28202563830303906,0.4954692260163311,0.26892123024588444,0.5608539962605029,0.2970827504454018,0.4313791985151592,0.5873485801370516,0.5820869235542088,0.5544009645475857,0.5291562410096672,0.5759180161284447,0.586803213535714,0.4725785174277119,0.4758451150293284,0.43136917520666673,0.526056563888883,0.6348058242357609,0.5195466983090605,0.526315300975257,0.5825711485957918,0.5324206806051007,0.0,0.444823789233333,0.4805517222252482,0.4345510635707272,0.65554225582794,0.5183019165222975,0.43681020295905226,0.4950896721685713,0.4665710470684838,0.544482125559441,0.45111339081185625,0.5014213260027868,0.3531915464614152,0.4680455611114276,0.5565286222299914,0.5369384649652758,0.5350272071609739,0.547038739791785,0.5338630966433469,0.5878560636009564,0.6355670249946997,0.542877320059946,0.5646742361601202
0.48950237764654986,0.6155803760805334,0.0,0.0,0.0,0.0,0.6027365633889559,0.0,0.23303316318252024,0.5491440656721176,0.5045123828844102,0.5760207427140172,0.5403838573585961,0.0,0.0,0.5962584936500981,0.5612018532367371,0.6454613320849701,0.0,0.0,0.6304574301155665,0.0,0.6088751079680078,0.5393093359356506,0.5929684796065213,0.5684406054743475,0.7042334150171911,0.6254672187030286,0.6573521670498997,0.0,0.4872026845479466,0.41856431442721875,0.3825192356469484,0.5172834480115666,0.5092895934162981,0.3319982697831321,0.442076257970912,0.4716409406589271,0.45844259309100566,0.5733896345544156,0.5806205836284692,0.5488822306168455,0.6573395874991128,0.5525107895942235,0.49319060738289283,0.48533827674365126,0.577129081015845,0.49734556948981873,0.6279022348783757,0.5980924208790275,0.4274913060894634,0.42773485017280677,0.377408910274614,0.444823789233333,0.0,0.5139970994424093,0.6118677450693473,0.47753796353057193,0.750448708193054,0.48880252890411197,0.5720704298740166,0.5663913487400175,0.5766267695563737,0.4412964110449565,0.556444797647669,0.49516439797305956,0.5200249940252912,0.5124378791316263,0.5766711046777573,0.5595190091514726,0.5636130912315047,0.5808167539901212,0.457342862596112,0.531523737349419,0.6035933653467864,0.5625468036434428
0.0,0.0,0.5824549673379239,0.20396843586937616,0.4947513289999418,0.6135755497326665,0.49035163443364366,0.5544185150060428,0.6119304519537996,0.4350585517220283,0.42638596588242805,0.26190599600720915,0.5132145063640894,0.5570771395170145,0.0,0.0,0.0,0.0,0.5422719799630513,0.0,0.0,0.0,0.6443896985341491,0.0,0.0,0.0,0.6390028741297872,0.5226533295054797,0.4554518991156651,0.0,0.5541817959601173,0.5884406876488663,0.41301585041534733,0.5394036381216765,0.4785094595897874,0.6220388273922758,0.6107875111651168,0.32819599076847655,0.6202288788887693,0.5303679628088198,0.5062957317481513,0.49998139526938307,0.5165405028002641,0.6321418544156221,0.5897228341445377,0.33690034425819687,0.0,0.3446641268062273,0.5971108171716828,0.46459534383531126,0.5016800726279447,0.533430187275725,0.45003537047150266,0.4805517222252482,0.5139970994424093,0.0,0.5918623428422516,0.5782625061132703,0.5765126567876768,0.0,0.0,0.47666435526119766,0.5516316055649275,0.3985385277745569,0.0,0.5350989783438368,0.0,0.5146546642049874,0.6354262593478377,0.6059225179021265,0.5766043224364944,0.46280150927816444,0.6009815285733564,0.5192557701928142,0.4306182549527469,0.5274854379683804
0.5579714382016341,0.43558026887949874,0.5103738048627308,0.5204914749398337,0.37022735009645685,0.37049602385648317,0.4513878241747888,0.0,0.4670340920096818,0.5593680557076054,0.41874166503342647,0.6393546242930949,0.5087390783282334,0.0,0.6893706923575194,0.47793349441200017,0.5122342341638294,0.5964041263982418,0.5484359745537687,0.5921714021897273,0.7751723828656127,0.5470509494118575,0.4720292518520919,0.5400188304019139,0.6128958845270187,0.6228659480728835,0.37757503060749154,0.5108300387017783,0.5775724935894638,0.0,0.5412285588318989,0.2724408769121488,0.44692090080729324,0.5531174494119551,0.4107686836162083,0.40860990080284915,0.4727815012068942,0.49495775433824307,0.3674980227941809,0.5080813558363185,0.45467237313885067,0.385127857172028,0.48576367021067274,0.41247850749195575,0.3350613055898814,0.5202012321005812,0.5056555620203823,0.5263959521301834,0.4083991290612533,0.544588220248519,0.5907547880011783,0.3897721085456155,0.4922540086554242,0.4345510635707272,0.6118677450693473,0.5918623428422516,0.0,0.49777938635796176,0.2816009227227692,0.3856393304945433,0.5059994496274384,0.4915059403686765,0.5127691256102905,0.5650107182781215,0.5141182937875776,0.5566584070057087,0.3977424892580319,0.4333338933020807,0.5874051174102347,0.6450358770566995,0.4864615840695899,0.5457045446994409,0.6045133822832998,0.648961687770942,0.5297780173820357,0.6072395235878474
0.7556885896104623,0.6314473636701532,0.5924060159868317,0.0,0.6541967757180048,0.6210342359102318,0.5200143024797808,0.5747212727662292,0.5454337141340732,0.6117060705044085,0.5523601623649571,0.540156896836869,0.6226234509513368,0.7527841810227468,0.5622399803244916,0.6306282477788481,0.0,0.5503813529178879,0.4897658981090363,0.5800608742780532,0.5547170301817526,0.5860966120822175,0.5651454445407245,0.4702409013511399,0.44524583339130486,0.6524758907182645,0.5892919292125328,0.5614163036270583,0.5589873809947912,0.45423131587447424,0.6654813124251795,0.5392674495324485,0.49070176544474675,0.41504091342119137,0.38768560050035356,0.5167864912088383,0.3852532092451596,0.3790473943006872,0.5174849057099968,0.524312621292952,0.6238797592639976,0.5548711359905479,0.5824143885315405,0.616686910151104,0.4742477923989709,0.46103335665238987,0.46076926903340687,0.5623008485916419,0.5768209463516156,0.5177811626509637,0.5874908563638592,0.5814106908160115,0.5709363019899855,0.65554225582794,0.47753796353057193,0.5782625061132703,0.49777938635796176,0.0,0.4915087203442889,0.49163218998423913,0.4930183660004606,0.5773573945378259,0.5330063745269477,0.5748259184146363,0.6158283558711319,0.5315136614452468,0.53897136693493,0.5900817418667321,0.5558031489799666,0.5170537162814469,0.498996282612352,0.5795555272700224,0.5499299724182778,0.5576038430675561,0.5077528922126819,0.6602993628632268
0.0,0.0,0.5743448363835125,0.0,0.552164014781981,0.5955340855032009,0.3748950483044706,0.5644012657375612,0.5951430459193252,0.0,0.5723053813752431,0.7281126409936672,0.43326964599477125,0.4718106931263178,0.0,0.0,0.0,0.0,0.48583067876829056,0.0,0.0,0.0,0.6343377576441516,0.0,0.0,0.0,0.6993279077302365,0.0,0.7972678998513458,0.0,0.0,0.6521715672671634,0.0,0.0,0.0,0.4740768801659991,0.0,0.0,0.45042997639551996,0.505132470470708,0.6746568865191682,0.6638388882140128,0.467925568949091,0.38579740953172176,0.5524759074191983,0.4466367037056079,0.5793815578787522,0.49697422410683484,0.5645916136396194,0.4824443525797925,0.411052940369766,0.4781081138150375,0.4405669279609361,0.5183019165222975,0.750448708193054,0.5765126567876768,0.2816009227227692,0.4915087203442889,0.0,0.0,0.0,0.6359324694170568,0.0,0.47690925714148,0.0,0.4423847543312605,0.2397423219685745,0.45287378872222184,0.5234535627510576,0.6582376261411762,0.6005640990806689,0.48645425386735885,0.5404467362733869,0.38671397247444417,0.0,0.577284270223648
0.5936400299751597,0.5673604021944989,0.0,0.0,0.2572430874810584,0.5878469792813372,0.3310222438933111,0.6518838966402694,0.4661425593010074,0.9385833121553774,0.0,0.0,0.5140743966996615,0.0,0.6278454605051373,0.6025891075701201,0.0,0.6042465649660668,0.0,0.5967808827673784,0.5842338634723895,0.6388837700987812,0.6296743030467891,0.2438455117377363,0.5642714564146419,0.6285330281102831,0.571016281885746,0.5458795592299239,0.5581814926571708,0.4312974770438185,0.6162853484688664,0.5546564280546533,0.5831611489481133,0.6279298361569186,0.6285770181698299,0.6228138152226157,0.0,0.506088746561436,0.44185451398403314,0.5876340478548328,0.5294698957722626,0.5048990915790412,0.6699094701619962,0.3905965368735801,0.3072885937185018,0.4617794291743101,0.6067053183480283,0.44362087261156896,0.0,0.5069653910196477,0.48536527429212617,0.5504874112853874,0.5360726029307791,0.43681020295905226,0.48880252890411197,0.0,0.3856393304945433,0.49163218998423913,0.0,0.0,0.6612897599914771,0.455055608190477,0.49305587378463217,0.0,0.5717663203872251,0.5538861295620711,0.5512568911376733,0.5075579671093322,0.5749214115348296,0.6577075193985827,0.5115056926250007,0.5040841100414495,0.4168357654200621,0.5626280389096063,0.5143893692330014,0.5104892051871867
0.6160749841444804,0.6051815018467971,0.0,0.0,0.0,0.5827923874679483,0.6108983599731924,0.0,0.0,0.5807036295499015,0.0,0.5349701330533297,0.5287167997020464,0.0,0.6356221185089878,0.6629035614148904,0.4586938819292926,0.6331882660956748,0.0,0.5252228650260634,0.6092323515742365,0.5970452630254285,0.6344210479553755,0.5368454530817081,0.633927640926635,0.6625519217321676,0.5840847103702244,0.47289261584306813,0.5981734964185907,0.0,0.6020067725259542,0.560499611562097,0.5823890460110271,0.5789153488908906,0.5604817305281209,0.45543958652346367,0.0,0.0,0.563054442775661,0.5463760186116519,0.4939779705380139,0.5462082654746699,0.6606606760359112,0.0,0.5594173300026845,0.6027799074275069,0.567920747964345,0.49308384999369664,0.0,0.5178097548925455,0.5513407714828025,0.48215624792415174,0.5409344932565119,0.4950896721685713,0.5720704298740166,0.0,0.5059994496274384,0.4930183660004606,0.0,0.6612897599914771,0.0,0.5569668867177279,0.5507017868121293,0.0,0.5106811200482648,0.617828476920539,0.5584399804059299,0.550407544673948,0.524771345975891,0.4705523659341075,0.6393859965776915,0.5588190470854998,0.5364244508558652,0.5561106445300612,0.5096648443222079,0.5289872722028759
0.30503831326744274,0.6244049272688489,0.0,0.0,0.0,0.0,0.0,0.0,0.0,0.561659997206515,0.0,0.5500972294013142,0.0,0.0,0.0,0.5812516462805771,0.5808392864292727,0.6393349600113116,0.0,0.0,0.0,0.45027115822356917,0.0,0.5177377435104537,0.5944886992925784,0.5530264067690912,0.0,0.19839649983374677,0.0,0.0,0.5798160804342496,0.5333545391380601,0.6191040450261177,0.5439002107754016,0.3781015200073103,0.0,0.0,0.40190965173171317,0.5754276432427518,0.6413943855478842,0.6195402555913609,0.4896206875970367,0.5948107582316623,0.0,0.5841129215806358,0.46924130734745445,0.5517046053453132,0.5742056377596517,0.0,0.4873596556691472,0.533843759709368,0.3774319868578723,0.5778418169733178,0.4665710470684838,0.5663913487400175,0.47666435526119766,0.4915059403686765,0.5773573945378259,0.6359324694170568,0.455055608190477,0.5569668867177279,0.0,0.48573484075895534,0.4618837098314199,0.5275023506410073,0.3564575783949739,0.5275074553232963,0.4411070832411532,0.625890382937557,0.6232550298356342,0.6999000226036719,0.5604832723662159,0.5590108071636994,0.6025655450844267,0.5093570067326907,0.5830589750359294
0.5736932690941359,0.6188121045590979,0.0,0.0,0.0,0.5568137852865872,0.0,0.0,0.0,0.5469034729778689,0.0,0.6363512843848733,0.55875918448855,0.0,0.7339113030754263,0.6695996639448981,0.5423946916557353,0.5996212789339083,0.0,0.5853474732866708,0.5404418608148783,0.5672631497295794,0.580065697942301,0.5626351653913934,0.6312475051167992,0.5904700797569673,0.4872056870690047,0.5676965924862462,0.5584314047796217,0.0,0.6005773667630028,0.5277724436128461,0.5513845164828574,0.6016335145297943,0.5070290438292578,0.0,0.0,0.45233783736573663,0.6101327786798708,0.5820554741099391,0.6068587711994814,0.693429635468056,0.6714894264015279,0.0,0.3627558013981507,0.5762418982245581,0.5291912889970632,0.5032525315169104,0.0,0.6190014734588511,0.5601638353367618,0.5061855321917873,0.46476054139266715,0.544482125559441,0.5766267695563737,0.5516316055649275,0.5127691256102905,0.5330063745269477,0.0,0.49305587378463217,0.5507017868121293,0.48573484075895534,0.0,0.4096807656422295,0.5440129289614326,0.5700343600635807,0.5458030550620354,0.5973136620084574,0.6325120252210399,0.5025348747537772,0.5264945407753094,0.5729209026517764,0.5741368641316335,0.6167487701656398,0.43794104309889575,0.5929990500590324
0.0,0.0,0.41759705853176415,0.0,0.6197518575510582,0.5560099379220423,0.593757983686663,0.6745477578359947,0.5898429741856871,0.0,0.4030973769591395,0.3656033315930246,0.6239705850277169,0.5166435073059624,0.0,0.0,0.0,0.0,0.6543815055840212,0.0,0.0,0.0,0.6368970279941597,0.0,0.0,0.0,0.690749641145369,0.6898144925604537,0.5121052780977885,0.0,0.7061411227854846,0.4256447117612189,0.0,0.5409256011577003,0.38747930494096755,0.597592948227903,0.37314868293375014,0.3030853370097654,0.5201921505624856,0.4940296059976352,0.5321550483767489,0.5383707521075536,0.5252498574206487,0.582947492952142,0.5548881205949729,0.0,0.42342318009232843,0.36624989368719607,0.48505616262577966,0.4849843860155463,0.49930575408150357,0.5508692226186728,0.4738566230318011,0.45111339081185625,0.4412964110449565,0.3985385277745569,0.5650107182781215,0.5748259184146363,0.47690925714148,0.0,0.0,0.4618837098314199,0.4096807656422295,0.0,0.0,0.599846154275309,0.0,0.4603268023187701,0.670386302834314,0.48852936733557983,0.5149006879168464,0.44067965484655225,0.5681722014045381,0.6315536709890386,0.5269269937808404,0.5400464426765641
0.4824737038446482,0.5912105505746552,0.6663553881309113,0.0,0.32870033828968914,0.5806682850786642,0.6115167306991904,0.6577318658598381,0.6211462361193779,0.0,0.3874097712173658,0.7880557572081921,0.549778872453997,0.0,0.6947926993290112,0.563389899856134,0.0,0.4752189885782767,0.5023175386759682,0.5279322305548076,0.5584745075669846,0.5318431503503149,0.5847643374055164,0.35113661761034826,0.6440210380515977,0.5772705802485605,0.5540997732936784,0.6014939540144848,0.5493459138277692,0.572859930549256,0.5542969302418244,0.4920526306897411,0.5521020837725927,0.5539541064385031,0.5592546631532147,0.458609849652453,0.0,0.7402404409252019,0.5013861063857833,0.548403216860549,0.5402249272247324,0.4667361226551899,0.5876277582160222,0.46483594746917367,0.6106948709754765,0.5259287208088689,0.5626220197454909,0.38376939787272085,0.0,0.4625601625392714,0.5690143107024126,0.47511583899086923,0.49833335042207416,0.5014213260027868,0.556444797647669,0.0,0.5141182937875776,0.6158283558711319,0.0,0.5717663203872251,0.5106811200482648,0.5275023506410073,0.5440129289614326,0.0,0.0,0.5119893190202651,0.5073687982447905,0.48187488352622315,0.5669835808540603,0.5466996155268291,0.6217421072349921,0.47981387416160626,0.701130347154389,0.5813385076006629,0.6642425418097084,0.6510376300136572
0.5268756366576715,0.6743118826736473,0.0,0.0,0.0,0.4285100006490739,0.0,0.6001973816180609,0.0,0.0,0.0,0.0,0.5846623607444834,0.0,0.5663173716459569,0.6371597310007996,0.0,0.6509443909794306,0.0,0.4919603357689764,0.6341402438562878,0.5800322233608919,0.5962439909365532,0.4655942554741232,0.5671866041193091,0.7173965273857813,0.572655857347343,0.5820020443713834,0.5418760615629549,0.5223860104911539,0.501025793435741,0.47468008186689353,0.4511573823221782,0.5087802941459606,0.5532599304454494,0.5351523252738813,0.0,0.0,0.3834165223354572,0.507862286433387,0.4650280538442006,0.5073516480088722,0.5102150092958999,0.456208256187106,0.614263473622673,0.5064272629611459,0.6097585605220806,0.3725315435613398,0.0,0.375840042549062,0.5704498651255524,0.5143935417746966,0.503396127389176,0.3531915464614152,0.49516439797305956,0.5350989783438368,0.5566584070057087,0.5315136614452468,0.4423847543312605,0.5538861295620711,0.617828476920539,0.3564575783949739,0.5700343600635807,0.599846154275309,0.5119893190202651,0.0,0.5889737067241814,0.5426620705324567,0.4655906068801723,0.6177948700277723,0.6030123985872612,0.4394485792138229,0.5084607217587432,0.521700663753816,0.4991409512792896,0.5091740828296709
0.6006109858680632,0.6512162729721032,0.12793671003135798,0.0,0.3832767896645001,0.6172230124724419,0.5985780245645362,0.4903770219510906,0.5597972619602946,0.37786173128749573,0.7275815181263513,0.44792516052288633,0.5605932105647309,0.0,0.7117204912984676,0.6239009220187466,0.0,0.6058524766712893,0.5055042494458992,0.565142178928243,0.5999694988493862,0.6123175600647784,0.6019514566527512,0.20858890768370636,0.6277681703455733,0.7173844711940996,0.5329349699340246,0.5299942431460005,0.5449453684561456,0.5546317557769297,0.5827592313367207,0.5324090679713237,0.6672238748644328,0.5767915025254264,0.6176362727356122,0.6221632165220851,0.0,0.8316859548373069,0.46291915224262853,0.4767972008165064,0.5207330843334136,0.4360143677983535,0.5574809519480989,0.4086201961569249,0.6195305621433784,0.599189080169475,0.5772170956813593,0.4449215643721751,0.4129706320874703,0.4530078052230655,0.5153087574742433,0.535520093299903,0.5612441329786118,0.4680455611114276,0.5200249940252912,0.0,0.3977424892580319,0.53897136693493,0.2397423219685745,0.5512568911376733,0.5584399804059299,0.5275074553232963,0.5458030550620354,0.0,0.5073687982447905,0.5889737067241814,0.0,0.588587664994197,0.3812100318983645,0.6298139527301377,0.6173755137066881,0.4665600904639747,0.6110839957410679,0.570360622543583,0.6577079552166918,0.5185359708350376
0.6214802191897534,0.5830198673725664,0.6231048678250447,0.6099276552723432,0.6044906329726656,0.5935887631284904,0.5768836666620197,0.6268176733305236,0.6287260021045259,0.5798380509297796,0.5768843002741022,0.5187766177071227,0.6204336187839625,0.5980429656756179,0.7216602301142417,0.5954031194065922,0.0,0.7633658663308103,0.6079069367529912,0.5562675896099335,0.5671294404407586,0.5797364955872554,0.7119268890932249,0.8634912573072058,0.5285305631489968,0.5666680181251553,0.5700007491383455,0.6105505387127843,0.5924959264469669,0.619040554456178,0.5891535715980601,0.603475925532607,0.5638934214001703,0.6026863742105819,0.5378545660683,0.6717453835251201,0.49691290722969145,0.6809604735071622,0.5515332568037111,0.477528614806904,0.5477540711607191,0.544228644911197,0.5590651430058442,0.6161681040902154,0.3865102852375989,0.45705033834253767,0.5414193708484386,0.4863630097430621,0.5675667780615375,0.5787420406254596,0.5163822802250825,0.5783668432775257,0.4900229224818112,0.5565286222299914,0.5124378791316263,0.5146546642049874,0.4333338933020807,0.5900817418667321,0.45287378872222184,0.5075579671093322,0.550407544673948,0.4411070832411532,0.5973136620084574,0.4603268023187701,0.48187488352622315,0.5426620705324567,0.588587664994197,0.0,0.42470202106669797,0.5037506090058713,0.5409838783562031,0.5301265418100216,0.5559552030602327,0.45839700963589924,0.5536073428320546,0.5579597203975085
0.5549227458087135,0.4362302829762595,0.0,0.0,0.0,0.0,0.0,0.0,0.3367171785472856,0.419937086380652,0.0,0.434240456166058,0.5186640110211307,0.0,0.0,0.4295806624046966,0.5581315064405744,0.5831878976465894,0.0,0.0,0.8382002895699789,0.7744831997465608,0.0,0.3905355271631055,0.546577338639804,0.5200848016098855,0.0,0.5514671382039938,0.0,0.0,0.5357054812340527,0.38218005960586215,0.5157795140564602,0.4707730581539625,0.437856924360562,0.4300212371995762,0.0,0.4498552020913039,0.4409415606903653,0.5286273699795874,0.46042992871090604,0.46376422772987635,0.4668017088047881,0.41729558421678387,0.4598024724833556,0.35961121021310993,0.42413690590380454,0.4237420339989366,0.0,0.6846171233091731,0.510625564874229,0.6381231934775681,0.5110173928640234,0.5369384649652758,0.5766711046777573,0.6354262593478377,0.5874051174102347,0.5558031489799666,0.5234535627510576,0.5749214115348296,0.524771345975891,0.625890382937557,0.6325120252210399,0.670386302834314,0.5669835808540603,0.4655906068801723,0.3812100318983645,0.42470202106669797,0.0,0.6450947520671527,0.5720140698420797,0.5811184060065592,0.5215526899587213,0.5400054783088319,0.36022921714651446,0.6242557932651057
0.6154534086958342,0.587255504364357,0.0,0.0,0.0,0.49868023149541046,0.623273418769426,0.47314149888337437,0.0,0.5505468298616389,0.0,0.5851747292416436,0.5221848868458846,0.0,0.5951479722174496,0.7155330765144298,0.6377720327812159,0.6334006944105929,0.0,0.5386079927356957,0.4874716457263452,0.5382347423977382,0.5947293495980972,0.5925469746514739,0.652156133375908,0.632396957417132,0.5462163883097262,0.5878737996341766,0.6233877619172911,0.0,0.6157271074601749,0.589630858847923,0.6707939535522844,0.6043745487775429,0.5832646701425188,0.202711062919499,0.0,0.4488344761933907,0.5281796375092,0.46730057200432146,0.5057090085469236,0.5824179698968871,0.6406081925106881,0.0,0.45700643505313826,0.600861813104507,0.6028218660832059,0.5652176842923022,0.0,0.47022597415290623,0.5076573794744874,0.5571826561845316,0.5619306424787048,0.5350272071609739,0.5595190091514726,0.6059225179021265,0.6450358770566995,0.5170537162814469,0.6582376261411762,0.6577075193985827,0.4705523659341075,0.6232550298356342,0.5025348747537772,0.48852936733557983,0.5466996155268291,0.6177948700277723,0.6298139527301377,0.5037506090058713,0.6450947520671527,0.0,0.5698951318687686,0.5224604220684977,0.552551672400652,0.5693446159399685,0.4172581015179074,0.544434640873419
0.6154245179496696,0.6018156074832997,0.0,0.0,0.5686916809840239,0.5472869928865984,0.5459927100991453,0.43171538230806356,0.28938280402361316,0.5522087246829185,0.0,0.5561575603893754,0.5170500881104765,0.0,0.5601526023141082,0.7003544459515357,0.6220145531825565,0.6644157784801987,0.0,0.4853832330417592,0.6872774823497066,0.5855610771840789,0.571698544424349,0.5788824079967809,0.6341087003889355,0.6078679290447597,0.5112676655759434,0.4476353323518425,0.5855996414790056,0.0,0.5843986615767319,0.5806330096559772,0.6364532279281913,0.5949107946738394,0.5931253438778504,0.30494920685613996,0.0,0.5612227380550096,0.5986767901490894,0.5475138407144062,0.4591963296237514,0.5300998739201271,0.5981415207368278,0.6888350773054461,0.4908024540095187,0.6239936765134143,0.6471052755216725,0.48795080909509164,0.5849123614180053,0.5279861137610409,0.5256219186932916,0.5270178583224848,0.549158043941275,0.547038739791785,0.5636130912315047,0.5766043224364944,0.4864615840695899,0.498996282612352,0.6005640990806689,0.5115056926250007,0.6393859965776915,0.6999000226036719,0.5264945407753094,0.5149006879168464,0.6217421072349921,0.6030123985872612,0.6173755137066881,0.5409838783562031,0.5720140698420797,0.5698951318687686,0.0,0.5733753268257535,0.5174434097797541,0.5975461261097154,0.5772215655284413,0.511918305402176
0.47918901848497647,0.5855337501001365,0.6522083740814225,0.4975631165508129,0.5598650888292227,0.6013420723936178,0.561816314301624,0.5975287505057698,0.6041338343647539,0.580236249685368,0.6312332062191738,0.36061808674436974,0.6282781379854607,0.5166259895399141,0.6073663084281804,0.6074937259743389,0.0,0.5034759472151601,0.6081630547879765,0.5364715302528433,0.5344500914710884,0.5571351123811811,0.554952665489986,0.5470219304038947,0.49373806408978654,0.6079276944855112,0.5855757476593327,0.606433473990316,0.5815672576776586,0.6294621488021107,0.6008853097896052,0.6027675144427104,0.4095339299215078,0.5911551488057634,0.5562397586372405,0.4662274919687967,0.555390088007403,0.66523857800595,0.5858514881880785,0.4531902241606327,0.533930643617143,0.5490001373532662,0.5520580065105422,0.5497393501397767,0.5825214201315387,0.4884797917838925,0.486725996498274,0.46090835586433265,0.5360220992395832,0.5896403570392564,0.4963049724877937,0.5706937571538766,0.5269550807118373,0.5338630966433469,0.5808167539901212,0.46280150927816444,0.5457045446994409,0.5795555272700224,0.48645425386735885,0.5040841100414495,0.5588190470854998,0.5604832723662159,0.5729209026517764,0.44067965484655225,0.47981387416160626,0.4394485792138229,0.4665600904639747,0.5301265418100216,0.5811184060065592,0.5224604220684977,0.5733753268257535,0.0,0.5163024266650863,0.513819353769136,0.51858569256135,0.5241602148917847
0.0,0.6276887041522186,0.5513842203247517,0.0,0.599815400645948,0.5562589913419261,0.5597037847584782,0.54230259935421,0.5185419847030401,0.5609032105356538,0.4710523896526311,0.6342137076868898,0.6063981468333746,0.764235622070966,0.5151452073162371,0.6106496716691935,0.0,0.6872536402545437,0.5850652021901931,0.48208102872099173,0.5540867947020311,0.5547924704755419,0.5353564240419303,0.6638447506626549,0.6572500872317215,0.6107043305770407,0.5523614632617744,0.59083118187398,0.5522570183986008,0.6055950166535298,0.5414900601737457,0.5066188513746652,0.5880088432860991,0.4494612118843413,0.38702655116321916,0.5548588906228236,0.3660617085851471,0.5004413745275353,0.45877915318321527,0.49219606150033146,0.5860436582617371,0.47559506656231504,0.5021666933804365,0.4684649221932816,0.5857602836959671,0.4754385705924097,0.4678561685523776,0.5568453392171193,0.622301852009013,0.49094410876493083,0.5934540604632622,0.5299487775222875,0.48410749631500466,0.5878560636009564,0.457342862596112,0.6009815285733564,0.6045133822832998,0.5499299724182778,0.5404467362733869,0.4168357654200621,0.5364244508558652,0.5590108071636994,0.5741368641316335,0.5681722014045381,0.701130347154389,0.5084607217587432,0.6110839957410679,0.5559552030602327,0.5215526899587213,0.552551672400652,0.5174434097797541,0.5163024266650863,0.0,0.5591183853582875,0.4795893158442024,0.6764365880219219
0.5382158182189639,0.6145315608006754,0.6256637811105473,0.6173199876771571,0.47430458556432165,0.604511028231702,0.46766460411080896,0.6130371357763968,0.5867214334867308,0.43941048154822177,0.4056235353672398,0.5247498291901257,0.5772156490451895,0.0,0.533859603936778,0.6562504405610119,0.0,0.5223181528831861,0.4949718255485744,0.5475324496093906,0.6070539515134612,0.5582873085215676,0.6070672756715064,0.0,0.48509728075066993,0.6458364565522695,0.5712319425426814,0.561664214186039,0.5571043290391875,0.5393232223464139,0.6008212453887618,0.5399829889677159,0.45422815494454405,0.5827077818796589,0.5847568839117477,0.5091981633050384,0.5663822723627596,0.4987715992683723,0.5374503755661099,0.5450508251248676,0.48768430645537103,0.5156103354277368,0.6067301613060468,0.5810728580984501,0.6299269086946807,0.595053510188372,0.5237350395493946,0.4870490128840416,0.5508957638074634,0.5460514868191487,0.5313440925827949,0.6109269443087437,0.5439524010785782,0.6355670249946997,0.531523737349419,0.5192557701928142,0.648961687770942,0.5576038430675561,0.38671397247444417,0.5626280389096063,0.5561106445300612,0.6025655450844267,0.6167487701656398,0.6315536709890386,0.5813385076006629,0.521700663753816,0.570360622543583,0.45839700963589924,0.5400054783088319,0.5693446159399685,0.5975461261097154,0.513819353769136,0.5591183853582875,0.0,0.44973227487568296,0.6040148530718621
0.0,0.0,0.7192317224007944,0.0,0.0,0.5022090345450033,0.7769629879253744,0.5016349005587519,0.5114270397854405,0.0,0.0,0.0,0.5407727292450748,0.0,0.5467519561285177,0.0,0.0,0.0,0.5056525448215572,0.4660643059247615,0.4373742277064241,0.560021995950072,0.5937259613821536,0.0,0.0,0.0,0.479027351913754,0.5304618822544426,0.49516979718265014,0.0,0.3897966449515561,0.5064399827056507,0.0,0.4946646215497351,0.25887254967200685,0.17979378439704516,0.0,0.0,0.4518671816653074,0.4515119730112433,0.5047685118412092,0.5730104254967366,0.524397788907883,0.5402071278796594,0.8666481121784858,0.0,0.0,0.3691400145289114,0.0,0.33369832394569166,0.5709129060146781,0.5736279241788868,0.4755963326550429,0.542877320059946,0.6035933653467864,0.4306182549527469,0.5297780173820357,0.5077528922126819,0.0,0.5143893692330014,0.5096648443222079,0.5093570067326907,0.43794104309889575,0.5269269937808404,0.6642425418097084,0.4991409512792896,0.6577079552166918,0.5536073428320546,0.36022921714651446,0.4172581015179074,0.5772215655284413,0.51858569256135,0.4795893158442024,0.44973227487568296,0.0,0.5654757866943924
0.5126903805389943,0.6464040647452244,0.45520029221543057,0.0,0.5281455998587233,0.5650517914737822,0.5166950324734153,0.44903234261992964,0.6299566768998949,0.6368079045597058,0.5555125179193944,0.6622825774381923,0.5384832193009187,0.0,0.4850357952033922,0.5276845450869044,0.6155909088942059,0.6730155838073046,0.5808199795734749,0.5099344242887225,0.37430852013365096,0.574356825826023,0.555622504010175,0.5912399069330345,0.6237621317239213,0.589565262594649,0.5444502005040242,0.5657888327697315,0.5194166141045861,0.42125967175114654,0.44574764230492575,0.589601751035639,0.4789569556598116,0.4797458810422331,0.6385101336585881,0.6237899035427605,0.0,0.42303224670814904,0.48147470383285346,0.4157945906629594,0.2542613251943093,0.3500639367706354,0.6292701056780257,0.5276518954117906,0.47581157610006725,0.5353116543224103,0.5172115738982006,0.5653436635322261,0.4828156235488213,0.6514251203302536,0.6289992513322272,0.6279902435212653,0.5032724509755269,0.5646742361601202,0.5625468036434428,0.5274854379683804,0.6072395235878474,0.6602993628632268,0.577284270223648,0.5104892051871867,0.5289872722028759,0.5830589750359294,0.5929990500590324,0.5400464426765641,0.6510376300136572,0.5091740828296709,0.5185359708350376,0.5579597203975085,0.6242557932651057,0.544434640873419,0.511918305402176,0.5241602148917847,0.6764365880219219,0.6040148530718621,0.5654757866943924,0.0
