0.0,0.6244904346037266,0.0,0.0,0.0,0.7994842537975583,0.0,0.5346480437534308,0.0,0.7142582086255818,0.0,0.7233095136567707,0.6612677345231993,0.4162314035854251,0.5529282243795975,0.7082861969003865,0.5406344350741459,0.6179923549435606,0.0,0.8447022243898321,0.3709624349398174,0.7749059230634139,0.5671151646004517,0.5335094909589312,0.5242848491171889,0.6518395412346455,0.7613092442989222,0.6605373721860379,0.7265743043347647,0.0,0.7219843112946518,0.5890189844775644,0.5422282936287443,0.6130660407908715,0.7692641294668644,0.0,0.0,0.5259947683782052,0.866543965806265,0.7577371114723268,0.7647659155767212,0.0,0.0,0.0,0.0,0.6017608236877282,0.6179345897557376,0.0,0.0,0.0,0.3302897463947156,0.0,0.0,0.0,0.6489189814373447,0.0,0.0,0.0,0.0,0.0,0.641724029068996,0.0,0.7290730005152033,0.0,0.0,0.560575616674376,0.7861336055332097,0.0,0.5362603990667056,0.6313796697832815,0.6331228671546342,0.0,0.0,0.0,0.0,0.6619749472250342
0.6244904346037266,0.0,0.34262210510626623,0.0,0.6949964894347286,0.4883772490095501,0.5777405712000641,0.7794442135808461,0.6504825968170392,0.5457384107761256,0.0,0.0,0.5071915543056751,0.0,0.6357178848220993,0.6659962424328257,0.46407496394912673,0.6692659289250357,0.0,0.5771362661723612,0.6232012751588561,0.6380146883528378,0.689603333438649,0.0,0.5550046363995217,0.5302050678623711,0.6046838558314757,0.5499159546053298,0.46638290398102517,0.0,0.5684726359308608,0.686286179100021,0.4557444765356144,0.5429843317037619,0.6434973528242456,0.0,0.0,0.0,0.5335545516820208,0.6593339747283575,0.6613379474513305,0.837825445978487,0.0,0.0,0.0,0.8294776809858537,0.8255802120816736,0.0,0.0,0.0,0.7348113318472855,0.0,0.0,0.0,0.0,0.0,0.0,0.6306413652790019,0.0,0.8552384388841966,0.6400629366423893,0.0,0.8465053065749851,0.0,0.8167539597484567,0.8165102597499276,0.8361219197863972,0.7605913360420471,0.0,0.8445552908619329,0.819430054653186,0.7466836783463756,0.2738432760379286,0.8091091180095451,0.0,0.8225692174397425
0.0,0.34262210510626623,0.0,0.7077884894495372,0.7975174320905581,0.6085305623381206,0.8178604336343457,0.7029959642483764,0.4457026143290187,0.6792134367383337,0.610302777663843,0.39557906961068456,0.8046876803523031,0.7892795384876224,0.0,0.0,0.0,0.0,0.5108025605100475,0.0,0.0,0.0,0.5471086595154093,0.0,0.3542012426838447,0.3399497538922083,0.42416140141402664,0.8080393738884132,0.518140406844052,0.5113860543178697,0.8171641893224841,0.756335131893763,0.0,0.7473900297089382,0.8153774660851276,0.8052828274250051,0.771179840327018,0.0,0.7560174604779557,0.0,0.4257694098339138,0.0,0.7881626498460177,0.0,0.0,0.0,0.0,0.5470151112780597,0.0,0.7284463144206068,0.8243647372670153,0.5510102918573454,0.7680723719031965,0.8388397247474894,0.0,0.6895821900268041,0.0,0.7085293446712738,0.6577636819507082,0.0,0.0,0.0,0.0,0.5344637391286801,0.0,0.0,0.0,0.8021451878205769,0.0,0.0,0.0,0.8193392671509906,0.6448411660223784,0.0,0.0,0.47631821898448645
0.0,0.0,0.7077884894495372,0.0,0.5753926981497142,0.6767343904542327,0.6735963020545371,0.7033543002386493,0.828345801518296,0.49012845005003025,0.7135198582910232,0.4374018776094811,0.7083756978558711,0.4968929877483084,0.0,0.0,0.0,0.0,0.7334450865224692,0.5042881162581128,0.0,0.3938750915803714,0.8251907816931987,0.0,0.0,0.0,0.7027761073531469,0.4573958221216978,0.0,0.0,0.43720924251114296,0.5922680959002005,0.0,0.6751753501519226,0.6350262255284832,0.3617272963914907,0.3835566884489806,0.39533350163791176,0.0,0.0,0.0,0.0,0.0,0.0,0.0,0.0,0.0,0.0,0.0,0.0,0.0,0.0,0.0,0.0,0.0,0.0,0.0,0.0,0.0,0.0,0.0,0.0,0.0,0.0,0.0,0.0,0.0,0.0,0.0,0.0,0.0,0.0,0.0,0.0,0.0,0.0
0.0,0.6949964894347286,0.7975174320905581,0.5753926981497142,0.0,0.56958155948686,0.5000527480821035,0.7257269654549838,0.48781897120118384,0.6201398441025274,0.48173757625485397,0.7050050467108919,0.6400978024134809,0.4899849477570244,0.0,0.5922924229698637,0.0,0.42077644349380516,0.49404479058168693,0.6603389779009327,0.0,0.8001609174624993,0.5444471510540834,0.41148131687949235,0.666768385934653,0.5711522630244968,0.6079032282480726,0.5363455215033189,0.7231191478476594,0.0,0.7604854345724851,0.6171425254632774,0.5566012560971025,0.7121452129598651,0.7697226790167954,0.4528509618993307,0.5645166624891543,0.6898917190789222,0.5464288017643677,0.0,0.0,0.0,0.6585311592014778,0.0,0.0,0.0,0.0,0.6344076511004885,0.0,0.44152121201213324,0.6869757289880697,0.4281133196133407,0.5266979338160275,0.6573144290204203,0.0,0.6368006385624599,0.0,0.37658020450743934,0.0,0.0,0.0,0.0,0.0,0.5623851452995899,0.0,0.0,0.0,0.8178720874244596,0.0,0.0,0.0,0.7515962545669154,0.35946502236981,0.0,0.0,0.0
0.7994842537975583,0.4883772490095501,0.6085305623381206,0.6767343904542327,0.56958155948686,0.0,0.5843173751157325,0.620152246991198,0.4948290609812559,0.7996014808124358,0.5767152449797163,0.7013587377532635,0.5790998889313843,0.8146568982819972,0.8038209813738184,0.5889575895234059,0.3380733859790881,0.7613056216917294,0.6637469335235697,0.509636744593972,0.8070310130398997,0.5040423700400377,0.6205091910874182,0.6020110732675257,0.5090219489997454,0.644964333663355,0.5877484139185151,0.6056197618032954,0.4947521241256106,0.6536755791421804,0.6190289913519027,0.583314880362173,0.8320687403356591,0.6103906732730108,0.7922037017486319,0.6227698570899716,0.7863151819734777,0.6745581767006628,0.7475717893591638,0.0,0.855267982377431,0.7350857108014099,0.8060711544746542,0.0,0.0,0.0,0.6650343962582553,0.8020417361945149,0.0,0.7070701858609715,0.6359251111252439,0.7600204636530732,0.671276050861032,0.8158282433118268,0.0,0.7629399303854562,0.0,0.7927272181154703,0.0,0.8233393557492208,0.6685662135223915,0.0,0.0,0.7556334900582079,0.7331186476001119,0.5870624727464825,0.694079085908775,0.6450969054157434,0.0,0.6729354703823666,0.7591521279978052,0.6428859721374183,0.802500831418992,0.7431930034717962,0.6336603879079673,0.8114866315735747
0.0,0.5777405712000641,0.8178604336343457,0.6735963020545371,0.5000527480821035,0.5843173751157325,0.0,0.7622177563924263,0.6254428577885052,0.6464376902183323,0.573661790158177,0.7766443554246266,0.5718582485514269,0.6235623255472195,0.0,0.7681266185032724,0.6002496663386706,0.8693608241425248,0.5712346119549717,0.5021847801569729,0.5431896164624324,0.564703865636871,0.6206577612849303,0.6370842108139236,0.7849209066658744,0.7483414486718762,0.6014850559602896,0.5458406949696424,0.6078610570519524,0.4739131528565133,0.7738590619684147,0.6122417027840297,0.6612957245828177,0.4727164321432506,0.7082007521287333,0.7026829031388474,0.5804768466856671,0.7356904282580444,0.609863885170456,0.0,0.47369188612346885,0.0,0.5753770771464606,0.0,0.0,0.0,0.0,0.6961945964260102,0.0,0.0,0.8042968645617369,0.4809513483950434,0.6473849139621399,0.6004850523198586,0.0,0.46727038712522784,0.0,0.49952147510633554,0.0,0.0,0.0,0.0,0.0,0.38556198865760816,0.0,0.0,0.0,0.8095764683979285,0.0,0.0,0.6155884379121359,0.6660887455325651,0.5633337506880639,0.5291313045636443,0.0,0.32817471649221214
0.5346480437534308,0.7794442135808461,0.7029959642483764,0.7033543002386493,0.7257269654549838,0.620152246991198,0.7622177563924263,0.0,0.6592580682248155,0.5836675750926827,0.5379210858488493,0.5182024668623997,0.6213434287411528,0.6580303200308314,0.5227415949932844,0.7764476551453274,0.0,0.734466822104983,0.5812241030430826,0.6640155510086391,0.5800937718904886,0.6778275641151901,0.5866080861720477,0.4952099037703282,0.683522046047544,0.6012560680718638,0.6519219755684147,0.6037296889257825,0.5483760571379978,0.783377175466371,0.7742842705169616,0.6583865231482217,0.6959567819342228,0.7851064107330323,0.773639835096274,0.5863389954919856,0.6122607621604952,0.0,0.7837982852743791,0.0,0.704837455328998,0.0,0.7288669507112009,0.0,0.0,0.0,0.0,0.763281381020199,0.0,0.5026160219203745,0.7842341643512624,0.7186465817278003,0.5226826918867339,0.7928279678088248,0.0,0.7336100062038224,0.0,0.8281198611804396,0.577621025150419,0.5871687222723403,0.0,0.0,0.0,0.7390074483499165,0.6567613511153949,0.6966429340699739,0.0,0.6734470844611758,0.0,0.0,0.0,0.8062206889557513,0.8486497498052482,0.8041656296849782,0.0,0.776711028433586
0.0,0.6504825968170392,0.4457026143290187,0.828345801518296,0.48781897120118384,0.4948290609812559,0.6254428577885052,0.6592580682248155,0.0,0.7069824805946366,0.4426163087208217,0.7710920659398041,0.5840498647846774,0.515206991091669,0.0,0.6698113061694863,0.3635542394821703,0.49364387359446205,0.4101079570320482,0.6888310466566343,0.0,0.8411472202499983,0.655476018720874,0.5850390714347374,0.6977143679537718,0.7667687109923447,0.520716202654667,0.6423596597910777,0.7291673925351425,0.6465030481606282,0.7634196561482022,0.6565454058668037,0.7378236435230334,0.6422803366315009,0.7819226877229373,0.7834060605032555,0.7520347970952522,0.7300095642311627,0.7717750454803392,0.0,0.4227183772600043,0.0,0.7317615257189961,0.0,0.0,0.0,0.0,0.8224803366512173,0.0,0.6672167315434754,0.8111336898893169,0.7263822898385953,0.8305590480637891,0.798441007473778,0.0,0.7877515474260188,0.0,0.6915771661938466,0.6439052679303416,0.0,0.0,0.0,0.0,0.7323943913957194,0.0,0.0,0.0,0.794582095518387,0.0,0.0,0.0,0.7630926777188786,0.6950753786774133,0.4350435463832877,0.0,0.4922959282377079
0.7142582086255818,0.5457384107761256,0.6792134367383337,0.49012845005003025,0.6201398441025274,0.7996014808124358,0.6464376902183323,0.5836675750926827,0.7069824805946366,0.0,0.8144855201456832,0.5079387537035092,0.595850920237837,0.423975809372845,0.0,0.8100254378877598,0.5770737773540345,0.7540542056989105,0.7705989450827855,0.4762812998117749,0.47640234246612323,0.6294585901200802,0.7601458047044723,0.4749289285282632,0.6587675924112993,0.6020200600687113,0.7499398994357418,0.6248346545015386,0.5635324777056199,0.0,0.6002530068055442,0.4887176361983345,0.6358026978866417,0.5872819041736032,0.45724708058555863,0.6660844552665844,0.6424571359737843,0.5478899520022043,0.629126496785561,0.4971346910172307,0.6784400521592817,0.4483289232021139,0.0,0.0,0.6906724627607764,0.513734819210843,0.0,0.0,0.0,0.0,0.0,0.0,0.0,0.0,0.578618135927845,0.0,0.5777451527500066,0.6224376859979698,0.0,0.0,0.4423412136778804,0.7340343398623765,0.7308257430567723,0.0,0.0,0.0,0.0,0.0,0.7134914370059567,0.7957174520992587,0.7828030465882125,0.0,0.7334677444381325,0.0,0.0,0.7749156832609144
0.0,0.0,0.610302777663843,0.7135198582910232,0.48173757625485397,0.5767152449797163,0.573661790158177,0.5379210858488493,0.4426163087208217,0.8144855201456832,0.0,0.7173656751549348,0.55722620969735,0.5885388069638393,0.0,0.0,0.44221318296548123,0.3653784172866825,0.48124775964827105,0.0,0.0,0.0,0.5701324519789517,0.5881579097740054,0.3859273821888563,0.3679352876299312,0.7656020347390107,0.5806890439080825,0.0,0.0,0.7170323717940653,0.7445619622162621,0.6283035403192732,0.6128869449657022,0.795003955152857,0.5989974409857788,0.8303071070498089,0.7453739334548184,0.6529095983901436,0.0,0.0,0.0,0.6937375062768633,0.0,0.0,0.0,0.0,0.7464072117023672,0.0,0.6780001009353559,0.7678653781453059,0.6822999412156192,0.7172839094303466,0.7634814453270029,0.0,0.3507031888133526,0.0,0.6309836631085219,0.6963648485383647,0.0,0.0,0.0,0.0,0.5272598274859359,0.0,0.0,0.0,0.7536543188001653,0.0,0.0,0.0,0.780243020424107,0.5909553391268223,0.0,0.0,0.0
0.7233095136567707,0.0,0.39557906961068456,0.4374018776094811,0.7050050467108919,0.7013587377532635,0.7766443554246266,0.5182024668623997,0.7710920659398041,0.5079387537035092,0.7173656751549348,0.0,0.6106530567068352,0.0,0.0,0.0,0.7171118904180687,0.6728739428861868,0.5580408504699592,0.0,0.6239566053781196,0.0,0.6271589966640465,0.4255694424506406,0.7469040785981549,0.5498984733773639,0.6092359781422005,0.6906227846562689,0.0,0.0,0.5427796716772556,0.6046329189966965,0.5806591636961796,0.4561839777275215,0.6847362873596058,0.6680658448916574,0.6538923225311948,0.40424002926918706,0.6477323224293032,0.7192667004824163,0.7169996537832499,0.4768693535007593,0.0,0.0,0.7024658312588793,0.3727265177510748,0.0,0.0,0.0,0.0,0.0,0.0,0.0,0.0,0.6011013215088536,0.0,0.6413971927269405,0.5269963102684669,0.0,0.0,0.0,0.6814224302867635,0.725836467302837,0.0,0.0,0.0,0.0,0.0,0.7585078615472116,0.7888749259662936,0.8038983598473889,0.0,0.6457700430375458,0.0,0.0,0.8258894658292165
0.6612677345231993,0.5071915543056751,0.8046876803523031,0.7083756978558711,0.6400978024134809,0.5790998889313843,0.5718582485514269,0.6213434287411528,0.5840498647846774,0.595850920237837,0.55722620969735,0.6106530567068352,0.0,0.6856663682195803,0.6009135425498734,0.651744118736516,0.8494136950487307,0.7626974664940509,0.5761965944685916,0.5302527038614211,0.7538278793105592,0.5775196346463045,0.6540460354082038,0.657149422142952,0.6571274165603622,0.6590019046779434,0.640601860049058,0.5811991856977667,0.6055015474872435,0.8248579120791638,0.5416739617404702,0.5901520737194423,0.8132714072077118,0.5509802699084222,0.7216016351705761,0.5773052104946642,0.5187702930149872,0.7378393242891346,0.6422832836764703,0.46293653321403994,0.6734223045246894,0.5153965319169463,0.6603644127352333,0.0,0.0,0.0,0.7643667165829614,0.7474725012298729,0.0,0.0,0.7470827200053007,0.6736464629836573,0.8621577556727247,0.5759252927579119,0.41743929787377376,0.496782090259067,0.41128155855290477,0.3906103229994603,0.0,0.5100794043542434,0.0,0.0,0.0,0.452488175395047,0.6841676692629638,0.0,0.5156756119802919,0.6430656747025411,0.0,0.4421135421220148,0.5894813482435801,0.7967455136087133,0.40586314694453335,0.7919281632222644,0.0,0.6380957486597105
0.4162314035854251,0.0,0.7892795384876224,0.4968929877483084,0.4899849477570244,0.8146568982819972,0.6235623255472195,0.6580303200308314,0.515206991091669,0.423975809372845,0.5885388069638393,0.0,0.6856663682195803,0.0,0.0,0.0,0.0,0.0,0.7367453951304261,0.0,0.5146337259771135,0.0,0.7947974617025823,0.0,0.0,0.4133645702122821,0.8036926311781616,0.6992050785041954,0.0,0.0,0.43345715596914947,0.5490412699567818,0.0,0.6637755729167631,0.0,0.4249269348524861,0.36150312560944714,0.0,0.0,0.0,0.0,0.0,0.530924052610596,0.0,0.0,0.0,0.0,0.6281063829165849,0.0,0.0,0.0,0.0,0.38095724511860596,0.5855372985965096,0.0,0.6016933538470592,0.0,0.0,0.0,0.0,0.0,0.0,0.0,0.4543673547345219,0.0,0.0,0.0,0.6804648538973557,0.0,0.0,0.0,0.5241813691869668,0.0,0.0,0.0,0.0
0.5529282243795975,0.6357178848220993,0.0,0.0,0.0,0.8038209813738184,0.0,0.5227415949932844,0.0,0.0,0.0,0.0,0.6009135425498734,0.0,0.0,0.6745932083027151,0.0,0.8017750948953745,0.0,0.6529392690875852,0.5975580211301397,0.5438093667163968,0.6640765951321781,0.6676617401575885,0.6485067587786099,0.7998955307755612,0.6716006632345964,0.7425496736659568,0.7214736450285634,0.475289024179989,0.6455270783659348,0.4562647646030232,0.6130028619729108,0.48314904841978795,0.5604936144401972,0.7706035158440654,0.3634492771648805,0.0,0.521306289665626,0.7620343434848763,0.7709831208393612,0.7826298666182125,0.0,0.0,0.0,0.0,0.8866768777282695,0.0,0.0,0.0,0.7985936583392358,0.0,0.5326346055821728,0.0,0.0,0.0,0.0,0.45248896789531023,0.0,0.6787862974101248,0.8353236951786124,0.0,0.0,0.0,0.7447466351160621,0.6609403990054622,0.7547963016921541,0.7473774261120537,0.0,0.6804073054115983,0.7695264414879213,0.6851177154929737,0.7293631336695957,0.7969211396583593,0.0,0.8078353591213853
0.7082861969003865,0.6659962424328257,0.0,0.0,0.5922924229698637,0.5889575895234059,0.7681266185032724,0.7764476551453274,0.6698113061694863,0.8100254378877598,0.0,0.0,0.651744118736516,0.0,0.6745932083027151,0.0,0.7752847019546159,0.5496573131848366,0.0,0.599886581050845,0.714185074058994,0.6166293868832855,0.7206598598737959,0.7126495468887647,0.579506318078522,0.6709378598132159,0.6391378043629501,0.8104342732152645,0.6108581742878265,0.7473210796956183,0.6121224490829156,0.7316123142921822,0.4235977025388953,0.46321556914825734,0.7056025586730768,0.0,0.0,0.0,0.7190196416103185,0.5720335855158516,0.5805321941875252,0.7684185454345397,0.0,0.0,0.0,0.8170405664459613,0.6770825788950472,0.0,0.0,0.0,0.37484929733554456,0.0,0.0,0.0,0.0,0.0,0.0,0.0,0.0,0.8343415250124046,0.6516922564004493,0.0,0.760361932720448,0.0,0.6992362141715395,0.6152222107835181,0.6210904701157095,0.5776609039476115,0.0,0.6820573937549935,0.7067951898191,0.650069729175513,0.0,0.6382096393223908,0.0,0.821155269057886
0.5406344350741459,0.46407496394912673,0.0,0.0,0.0,0.3380733859790881,0.6002496663386706,0.0,0.3635542394821703,0.5770737773540345,0.44221318296548123,0.7171118904180687,0.8494136950487307,0.0,0.0,0.7752847019546159,0.0,0.7033895443189775,0.0,0.6348446979723924,0.0,0.8040525424152153,0.0,0.648970515129255,0.6270719707187027,0.7379211698377371,0.0,0.8200326146255471,0.5083985658334954,0.0,0.5718873101869941,0.7873016301098718,0.6327247820378562,0.6151624041198217,0.7695271885092244,0.0,0.0,0.7383205927171294,0.5008833940254189,0.8176477012309861,0.6081413635297108,0.0,0.0,0.0,0.0,0.0,0.0,0.0,0.0,0.0,0.0,0.0,0.0,0.0,0.5721164578444697,0.0,0.7188067992232691,0.0,0.0,0.0,0.0,0.6971257972771383,0.8239478245480027,0.0,0.0,0.0,0.0,0.0,0.8005079924131028,0.7080587246138033,0.6000674076898502,0.0,0.0,0.0,0.0,0.5488804547266614
0.6179923549435606,0.6692659289250357,0.0,0.0,0.42077644349380516,0.7613056216917294,0.8693608241425248,0.734466822104983,0.49364387359446205,0.7540542056989105,0.3653784172866825,0.6728739428861868,0.7626974664940509,0.0,0.8017750948953745,0.5496573131848366,0.7033895443189775,0.0,0.0,0.5949210646343904,0.7947855247387547,0.6125393522118906,0.7635028820577576,0.5984837865685616,0.5835397192753882,0.5985414987729708,0.797957726528413,0.7823616289176354,0.5508043863605772,0.5362426456047511,0.5778468991370167,0.7944866219018205,0.5585652137242867,0.6357697037082142,0.7672778063685546,0.0,0.0,0.46360088489915163,0.846888968611278,0.6744370595125079,0.6490882620827131,0.6868034491519992,0.0,0.0,0.0,0.6447271049691269,0.6912441406823632,0.0,0.0,0.0,0.0,0.0,0.0,0.0,0.5857224155259033,0.0,0.7086389392237801,0.0,0.0,0.0,0.6035507930245364,0.7256956446817623,0.6029174800955083,0.0,0.0,0.0,0.7387317140978408,0.0,0.7048965793977622,0.6419801082700809,0.6415730026506288,0.0,0.0,0.3617131477569584,0.0,0.8322812071810345
0.0,0.0,0.5108025605100475,0.7334450865224692,0.49404479058168693,0.6637469335235697,0.5712346119549717,0.5812241030430826,0.4101079570320482,0.7705989450827855,0.48124775964827105,0.5580408504699592,0.5761965944685916,0.7367453951304261,0.0,0.0,0.0,0.0,0.0,0.0,0.0,0.0,0.5119779509821704,0.0,0.0,0.0,0.4851249013292613,0.7687177581890432,0.0,0.0,0.813690667653083,0.8032621338906423,0.40154268175282204,0.7364095734224879,0.747348644061523,0.6472295894569468,0.7539647250632405,0.6042663253153777,0.6218149592972002,0.0,0.0,0.0,0.7892754642756152,0.0,0.0,0.0,0.0,0.7671146378573632,0.0,0.6556233788207723,0.7550144418821905,0.5843133344237423,0.7356654743312887,0.7819576830821319,0.0,0.6868141035279991,0.0,0.5861962363034463,0.6839913149063229,0.0,0.0,0.0,0.0,0.7167694690432203,0.0,0.0,0.0,0.7237006378931112,0.0,0.0,0.0,0.7910135224262071,0.4115083610858508,0.0,0.0,0.0
0.8447022243898321,0.5771362661723612,0.0,0.5042881162581128,0.6603389779009327,0.509636744593972,0.5021847801569729,0.6640155510086391,0.6888310466566343,0.4762812998117749,0.0,0.0,0.5302527038614211,0.0,0.6529392690875852,0.599886581050845,0.6348446979723924,0.5949210646343904,0.0,0.0,0.6597014652172042,0.6625503407617213,0.44196104179595025,0.44789382247391707,0.6554736095903392,0.6286088532065411,0.6441073523412003,0.6131897622554496,0.5824478700759914,0.7402452572810356,0.6630860269665897,0.5013539010696796,0.4589879826925155,0.6275516186130434,0.587607316827666,0.8197160920736473,0.6715086786366193,0.0,0.5481961640826049,0.8166307917562333,0.6390407855363769,0.828041099885894,0.4201122685966363,0.0,0.0,0.0,0.7831911377957962,0.0,0.0,0.0,0.8019215816689435,0.0,0.7381377017255044,0.0,0.0,0.0,0.0,0.6196919308121942,0.0,0.7823592705872238,0.6356531388438144,0.0,0.5835162328728732,0.0,0.7750970005143174,0.7371256797535589,0.6540591567693609,0.7708424010750954,0.0,0.5680988140020999,0.8286964411789082,0.7887861421091262,0.6339532095704572,0.6982398997434114,0.46053679938686554,0.7945007841578199
0.3709624349398174,0.6232012751588561,0.0,0.0,0.0,0.8070310130398997,0.5431896164624324,0.5800937718904886,0.0,0.47640234246612323,0.0,0.6239566053781196,0.7538278793105592,0.5146337259771135,0.5975580211301397,0.714185074058994,0.0,0.7947855247387547,0.0,0.6597014652172042,0.0,0.5917606351511765,0.6387460637617908,0.36716652984445736,0.5559593480935369,0.6893197885338553,0.6455823327998628,0.7893475924405947,0.545619490472163,0.5819511742134125,0.7868267870618046,0.48094431779809976,0.4672764157444161,0.4442470109056251,0.7468185080341293,0.4972391974327949,0.0,0.0,0.6604086738121562,0.7530820089115294,0.7550380316343056,0.6124310817460478,0.0,0.0,0.0,0.6650610549205099,0.6457945938569565,0.0,0.0,0.0,0.8152701996618016,0.0,0.729943025675462,0.0,0.0,0.0,0.0,0.5710025737871897,0.0,0.5950264854706356,0.8021788992807016,0.0,0.0,0.0,0.68078532317748,0.6925622725888834,0.6864439655617685,0.5933193113652416,0.0,0.6872431261286336,0.729143736557996,0.6300229600269369,0.8208091403670801,0.7796779022269994,0.0,0.7466808975096766
0.7749059230634139,0.6380146883528378,0.0,0.3938750915803714,0.8001609174624993,0.5040423700400377,0.564703865636871,0.6778275641151901,0.8411472202499983,0.6294585901200802,0.0,0.0,0.5775196346463045,0.0,0.5438093667163968,0.6166293868832855,0.8040525424152153,0.6125393522118906,0.0,0.6625503407617213,0.5917606351511765,0.0,0.6751977373301226,0.4669552738703719,0.6839593203883303,0.6882892308594186,0.6634430488650559,0.6028616659523922,0.5281664022489984,0.6639865806729053,0.6787248593091253,0.5617008288113433,0.5167502547739038,0.598085973154457,0.6423161912956555,0.7274355183955658,0.5935321440349298,0.0,0.5005753834817848,0.5489363088401658,0.5314039694239395,0.47781092578060896,0.0,0.0,0.0,0.7698334142551729,0.6250980612256477,0.0,0.0,0.0,0.7396179776616649,0.0,0.40417990438285034,0.0,0.0,0.0,0.0,0.4193313240100674,0.0,0.6775081658648315,0.7490519766609351,0.0,0.7670750617965624,0.0,0.6097531951605202,0.6491753527605515,0.6793774443220906,0.6592484107842798,0.0,0.652693413835413,0.6202527517148044,0.8125511999063373,0.6045179460491164,0.8322426275068986,0.0,0.8216605496288731
0.5671151646004517,0.689603333438649,0.5471086595154093,0.8251907816931987,0.5444471510540834,0.6205091910874182,0.6206577612849303,0.5866080861720477,0.655476018720874,0.7601458047044723,0.5701324519789517,0.6271589966640465,0.6540460354082038,0.7947974617025823,0.6640765951321781,0.7206598598737959,0.0,0.7635028820577576,0.5119779509821704,0.44196104179595025,0.6387460637617908,0.6751977373301226,0.0,0.7359835285709031,0.6054665002276877,0.5830802935312233,0.5000140242053378,0.6053594728522921,0.6230553488312582,0.6197051963002234,0.6400177995683529,0.6191604028058896,0.7157128679278365,0.6425490142265589,0.7679377067235316,0.6219755594315445,0.7395732807236812,0.6069113791207145,0.6129727864021499,0.7137637825659885,0.727717291431123,0.8570697647519442,0.6804128208051547,0.5550691093055513,0.0,0.0,0.8086613404519262,0.718153740291176,0.0,0.7687731348797269,0.6514412158432306,0.6526057526839071,0.6819729788785929,0.764981815209766,0.0,0.7496449131474328,0.0,0.620058994360305,0.7953150217972871,0.6812231138194377,0.5452338365108178,0.0,0.0,0.7746981929688785,0.6779009558035729,0.7394521005873859,0.8342628547106773,0.7338709289555,0.0,0.49756326935034423,0.7129127738391959,0.628087953407634,0.6072240074127432,0.6687441228931977,0.8004174415532384,0.6221003932086744
0.5335094909589312,0.0,0.0,0.0,0.41148131687949235,0.6020110732675257,0.6370842108139236,0.4952099037703282,0.5850390714347374,0.4749289285282632,0.5881579097740054,0.4255694424506406,0.657149422142952,0.0,0.6676617401575885,0.7126495468887647,0.648970515129255,0.5984837865685616,0.0,0.44789382247391707,0.36716652984445736,0.4669552738703719,0.7359835285709031,0.0,0.6043951406337891,0.5179191392674128,0.6823847656901072,0.7855240634009264,0.0,0.0,0.8100800357983253,0.4403006721002073,0.5105280321571859,0.39382736020058107,0.6289086200147955,0.5293612944289738,0.4958219294149297,0.3893449551874822,0.6414899327499389,0.6418491634313792,0.7336650039816889,0.0,0.0,0.0,0.602028417512673,0.7277284863838395,0.4338830399306628,0.0,0.0,0.0,0.0,0.0,0.0,0.0,0.5161588813715371,0.0,0.6464199621226359,0.0,0.0,0.0,0.7092763951463863,0.8499565067189806,0.6077480542737004,0.0,0.0,0.0,0.0,0.0,0.49787980599917947,0.6243235609904609,0.6884919244991031,0.0,0.0,0.0,0.0,0.7215140199267751
0.5242848491171889,0.5550046363995217,0.3542012426838447,0.0,0.666768385934653,0.5090219489997454,0.7849209066658744,0.683522046047544,0.6977143679537718,0.6587675924112993,0.3859273821888563,0.7469040785981549,0.6571274165603622,0.0,0.6485067587786099,0.579506318078522,0.6270719707187027,0.5835397192753882,0.0,0.6554736095903392,0.5559593480935369,0.6839593203883303,0.6054665002276877,0.6043951406337891,0.0,0.4293175295210435,0.6251204366069485,0.5779510017914379,0.5635001775046282,0.0,0.5727318688735445,0.4124755861664873,0.6278684400020161,0.5589513357616253,0.47260414188983674,0.0,0.0,0.7176308650352657,0.7196520020386374,0.573470871749453,0.7037890426620607,0.7072591848995798,0.0,0.0,0.3817038435281728,0.6333228713830523,0.8133314457676765,0.0,0.0,0.0,0.452932073487388,0.0,0.0,0.0,0.5531045858322536,0.0,0.5840658109087055,0.512648885723038,0.0,0.5986237824404235,0.6313421457735428,0.5951189461572972,0.6422391340170316,0.0,0.6570038351384698,0.7161800307596478,0.775135256649024,0.5538018320144622,0.5387727825856596,0.6591037651708945,0.6328653053162436,0.4729160715495625,0.4871086115449608,0.6963962485200648,0.0,0.6186937837224271
0.6518395412346455,0.5302050678623711,0.3399497538922083,0.0,0.5711522630244968,0.644964333663355,0.7483414486718762,0.6012560680718638,0.7667687109923447,0.6020200600687113,0.3679352876299312,0.5498984733773639,0.6590019046779434,0.4133645702122821,0.7998955307755612,0.6709378598132159,0.7379211698377371,0.5985414987729708,0.0,0.6286088532065411,0.6893197885338553,0.6882892308594186,0.5830802935312233,0.5179191392674128,0.4293175295210435,0.0,0.6971302952636902,0.7052658683129759,0.6409520183342361,0.0,0.5427329039494201,0.6026183309143185,0.5868205976930736,0.5561526688729055,0.5658044525410368,0.6693984103958476,0.0,0.7017474196274319,0.5710318035584985,0.5465995457328012,0.6382359170104689,0.5943527334421919,0.0,0.0,0.5823978269727949,0.6242861843064966,0.8093228010648809,0.0,0.0,0.0,0.6463530558887385,0.0,0.0,0.0,0.7649965332444771,0.0,0.7851890947083527,0.6221975050682906,0.0,0.7846802964439309,0.6755857162339577,0.5992207276279333,0.6086540834579925,0.0,0.6603814979101208,0.8705267827189458,0.7240376907422693,0.7717428401675065,0.5250981988765278,0.6167681760627463,0.6005213293389194,0.8175371042581694,0.5663897179647326,0.8134970281260373,0.0,0.6183366894841986
0.7613092442989222,0.6046838558314757,0.42416140141402664,0.7027761073531469,0.6079032282480726,0.5877484139185151,0.6014850559602896,0.6519219755684147,0.520716202654667,0.7499398994357418,0.7656020347390107,0.6092359781422005,0.640601860049058,0.8036926311781616,0.6716006632345964,0.6391378043629501,0.0,0.797957726528413,0.4851249013292613,0.6441073523412003,0.6455823327998628,0.6634430488650559,0.5000140242053378,0.6823847656901072,0.6251204366069485,0.6971302952636902,0.0,0.6592723908280346,0.6181486334281218,0.6557751208418077,0.6449137117699798,0.5860587936092405,0.5542986032107309,0.6263850867269133,0.6350846684043153,0.7388162558437025,0.8294468472718212,0.5582135900151644,0.6396603683293477,0.5737295992728454,0.8393691002894159,0.8265506962888325,0.812778662544897,0.36689705931337135,0.0,0.0,0.7350352912777178,0.8377154954755601,0.0,0.7064278568542673,0.6548924087761173,0.7957678640519112,0.6316614181985627,0.7999794315248794,0.0,0.8074837439091931,0.0,0.715511821938483,0.5767221133443632,0.8547014338080399,0.6926460832534138,0.0,0.0,0.7226286982977047,0.8043596030268474,0.8360565690443195,0.7202265014203385,0.6525083350346107,0.0,0.0,0.7768576175344778,0.650981154088365,0.8059440911916336,0.7437542893959915,0.7384537041499679,0.8325729209186113
0.6605373721860379,0.5499159546053298,0.8080393738884132,0.4573958221216978,0.5363455215033189,0.6056197618032954,0.5458406949696424,0.6037296889257825,0.6423596597910777,0.6248346545015386,0.5806890439080825,0.6906227846562689,0.5811991856977667,0.6992050785041954,0.7425496736659568,0.8104342732152645,0.8200326146255471,0.7823616289176354,0.7687177581890432,0.6131897622554496,0.7893475924405947,0.6028616659523922,0.6053594728522921,0.7855240634009264,0.5779510017914379,0.7052658683129759,0.6592723908280346,0.0,0.6054833856161437,0.5985918687153219,0.6226595920727553,0.5876710434451371,0.7530844253602713,0.48271762339125246,0.7562594091804565,0.5334822552259149,0.4096880552285364,0.779507054591745,0.4798471522365602,0.0,0.7311934788394658,0.5610041413362179,0.663626245953697,0.0,0.0,0.0,0.6596227573596971,0.6712765048476501,0.0,0.0,0.811736744763813,0.64136972873735,0.7538315837959872,0.6425982225324691,0.470764177258051,0.30438132278485996,0.5031434742049821,0.47383852013432315,0.0,0.7755971094677996,0.0,0.0,0.0,0.0,0.7595530484699825,0.6360795036744933,0.5959193847989952,0.6832502133859996,0.0,0.5089502676144106,0.6593764823092828,0.676401534126622,0.7357700767482198,0.6961647809608448,0.46419132592541806,0.8256812658078369
0.7265743043347647,0.46638290398102517,0.518140406844052,0.0,0.7231191478476594,0.4947521241256106,0.6078610570519524,0.5483760571379978,0.7291673925351425,0.5635324777056199,0.0,0.0,0.6055015474872435,0.0,0.7214736450285634,0.6108581742878265,0.5083985658334954,0.5508043863605772,0.0,0.5824478700759914,0.545619490472163,0.5281664022489984,0.6230553488312582,0.0,0.5635001775046282,0.6409520183342361,0.6181486334281218,0.6054833856161437,0.0,0.5550191307224644,0.5364120263889612,0.43117266873580107,0.787051630940424,0.5449621491765411,0.5029078860268569,0.7546394988640901,0.6497999416622835,0.0,0.7725256047464806,0.6095724749565196,0.7072100197353193,0.779860438840816,0.6560963598787898,0.0,0.0,0.0,0.7529572991071257,0.5452912308625257,0.0,0.0,0.72664365657182,0.6574949879324214,0.831317983214956,0.3637363745217621,0.0,0.0,0.0,0.7127791365210735,0.0,0.8287950722524811,0.44571225363058925,0.0,0.5406095493923055,0.0,0.6879415380295457,0.7697098859589384,0.614277979690787,0.659893932429615,0.0,0.3931132575982798,0.7761896960955571,0.6567202925330888,0.6474856449640966,0.8181754520265228,0.7268611911497468,0.840014388655264
0.0,0.0,0.5113860543178697,0.0,0.0,0.6536755791421804,0.4739131528565133,0.783377175466371,0.6465030481606282,0.0,0.0,0.0,0.8248579120791638,0.0,0.475289024179989,0.7473210796956183,0.0,0.5362426456047511,0.0,0.7402452572810356,0.5819511742134125,0.6639865806729053,0.6197051963002234,0.0,0.0,0.0,0.6557751208418077,0.5985918687153219,0.5550191307224644,0.0,0.6463392535556269,0.6460114111432322,0.37248715778504854,0.7415290380864997,0.7260205465121706,0.4542028373309517,0.0,0.0,0.5568794900155859,0.0,0.0,0.0,0.0,0.0,0.0,0.0,0.0,0.0,0.0,0.0,0.6330680718707866,0.0,0.0,0.0,0.0,0.0,0.0,0.0,0.0,0.0,0.0,0.0,0.0,0.0,0.5108669622541888,0.0,0.0,0.8118330570378381,0.0,0.0,0.0,0.8578263383489985,0.5499401416312506,0.7082988538007436,0.0,0.0
0.7219843112946518,0.5684726359308608,0.8171641893224841,0.43720924251114296,0.7604854345724851,0.6190289913519027,0.7738590619684147,0.7742842705169616,0.7634196561482022,0.6002530068055442,0.7170323717940653,0.5427796716772556,0.5416739617404702,0.43345715596914947,0.6455270783659348,0.6121224490829156,0.5718873101869941,0.5778468991370167,0.813690667653083,0.6630860269665897,0.7868267870618046,0.6787248593091253,0.6400177995683529,0.8100800357983253,0.5727318688735445,0.5427329039494201,0.6449137117699798,0.6226595920727553,0.5364120263889612,0.6463392535556269,0.0,0.5889558358170895,0.5722389495933435,0.4509941584156818,0.6409678402878249,0.706022106162251,0.6395288730485268,0.3639527090806561,0.7776286012484078,0.7895372373398547,0.6978389451832301,0.45110453448050225,0.0,0.0,0.0,0.6097226758146731,0.8018427752674211,0.4431063556877963,0.0,0.0,0.8617182499137888,0.0,0.6830357136099994,0.284461297145693,0.7485332701690736,0.0,0.7606161185147494,0.6633707764124065,0.0,0.8417878868202338,0.7644316458725611,0.6193735699510151,0.8045977407253175,0.0,0.7430109958623713,0.584889995823945,0.6104234868477884,0.790285328292831,0.6100670000221149,0.5786357552845378,0.8156931209623752,0.6594296169673517,0.8177573031089702,0.8249695587397476,0.0,0.625726768253279
0.5890189844775644,0.686286179100021,0.756335131893763,0.5922680959002005,0.6171425254632774,0.583314880362173,0.6122417027840297,0.6583865231482217,0.6565454058668037,0.4887176361983345,0.7445619622162621,0.6046329189966965,0.5901520737194423,0.5490412699567818,0.4562647646030232,0.7316123142921822,0.7873016301098718,0.7944866219018205,0.8032621338906423,0.5013539010696796,0.48094431779809976,0.5617008288113433,0.6191604028058896,0.4403006721002073,0.4124755861664873,0.6026183309143185,0.5860587936092405,0.5876710434451371,0.43117266873580107,0.6460114111432322,0.5889558358170895,0.0,0.3706718440385582,0.47652272458940076,0.6597522969927236,0.5546604974858593,0.5566720015692546,0.46445259174959447,0.30111998608064766,0.4759928487431615,0.4613899673898508,0.48942897828865944,0.6282741245719697,0.5452047774912036,0.72566608544903,0.8007450788942142,0.6031503077055353,0.6477105700889932,0.0,0.41618801156384533,0.7542925510405443,0.6883468167241454,0.8415799915806202,0.732386710915366,0.5796224223696809,0.7001150354845019,0.5893487719779432,0.7326417558450257,0.0,0.6001326940778342,0.7002821319821261,0.46693953520377335,0.7282849151163275,0.6477204469849792,0.5550991703409716,0.7029175255868384,0.5469303563292258,0.7580867407440316,0.42086859272875077,0.8050414587107793,0.6064795371004674,0.76257526283399,0.698068847701943,0.7141173511906089,0.5856209231621509,0.7780905154845823
0.5422282936287443,0.4557444765356144,0.0,0.0,0.5566012560971025,0.8320687403356591,0.6612957245828177,0.6959567819342228,0.7378236435230334,0.6358026978866417,0.6283035403192732,0.5806591636961796,0.8132714072077118,0.0,0.6130028619729108,0.4235977025388953,0.6327247820378562,0.5585652137242867,0.40154268175282204,0.4589879826925155,0.4672764157444161,0.5167502547739038,0.7157128679278365,0.5105280321571859,0.6278684400020161,0.5868205976930736,0.5542986032107309,0.7530844253602713,0.787051630940424,0.37248715778504854,0.5722389495933435,0.3706718440385582,0.0,0.42508556157511795,0.43614563583390953,0.6012759065304848,0.561176213688406,0.34980994513534264,0.3440422511274956,0.369646925334504,0.6242410251669281,0.6345380559403485,0.0,0.0,0.651308694992701,0.808385933540034,0.5709101058047831,0.0,0.0,0.0,0.0,0.0,0.0,0.0,0.4328281678424438,0.0,0.4876921684498607,0.37276168863889725,0.0,0.6544423775236015,0.5563610730830412,0.7404700461230164,0.6973818905155661,0.0,0.7618671140564505,0.6805181276916531,0.6481323550892004,0.6850942559787067,0.6549097968491703,0.6591586107689644,0.6319862716452349,0.7100612477746687,0.4828044446940339,0.5704961195478087,0.0,0.7462530003011366
0.6130660407908715,0.5429843317037619,0.7473900297089382,0.6751753501519226,0.7121452129598651,0.6103906732730108,0.4727164321432506,0.7851064107330323,0.6422803366315009,0.5872819041736032,0.6128869449657022,0.4561839777275215,0.5509802699084222,0.6637755729167631,0.48314904841978795,0.46321556914825734,0.6151624041198217,0.6357697037082142,0.7364095734224879,0.6275516186130434,0.4442470109056251,0.598085973154457,0.6425490142265589,0.39382736020058107,0.5589513357616253,0.5561526688729055,0.6263850867269133,0.48271762339125246,0.5449621491765411,0.7415290380864997,0.4509941584156818,0.47652272458940076,0.42508556157511795,0.0,0.3886429444129878,0.48764080274017396,0.4305908580908753,0.33866592422997754,0.5358365812815553,0.6257631002085087,0.5520916932063504,0.5731367564764934,0.6373239273066585,0.47675513440327755,0.5317881675978592,0.7657444428870589,0.5923354888250904,0.45616233702880815,0.0,0.0,0.7399798837432158,0.5198371416078584,0.7724652739129562,0.35364154858089925,0.7323914454766038,0.0,0.7334339994457149,0.5482550219782716,0.0,0.6412210889977915,0.5622285260575564,0.640332687629352,0.752896089066788,0.0,0.7234596764954397,0.7406070874013341,0.5619103527501949,0.7484603173560905,0.6542760413792168,0.5776906860251951,0.6195220677414743,0.7662296519366323,0.6742200937125085,0.7481645588211335,0.0,0.6328718059437827
0.7692641294668644,0.6434973528242456,0.8153774660851276,0.6350262255284832,0.7697226790167954,0.7922037017486319,0.7082007521287333,0.773639835096274,0.7819226877229373,0.45724708058555863,0.795003955152857,0.6847362873596058,0.7216016351705761,0.0,0.5604936144401972,0.7056025586730768,0.7695271885092244,0.7672778063685546,0.747348644061523,0.587607316827666,0.7468185080341293,0.6423161912956555,0.7679377067235316,0.6289086200147955,0.47260414188983674,0.5658044525410368,0.6350846684043153,0.7562594091804565,0.5029078860268569,0.7260205465121706,0.6409678402878249,0.6597522969927236,0.43614563583390953,0.3886429444129878,0.0,0.5821234492955835,0.6076760143498378,0.6733246452365641,0.44693083272593565,0.5602574693859913,0.5821905986768819,0.6990796960202352,0.5749545330348377,0.628436860634473,0.5877104626523697,0.0,0.7830128014571108,0.0,0.0,0.0,0.614030650798955,0.2782669783195859,0.0,0.0,0.4947969022588939,0.0,0.49004228922053705,0.5431730285270907,0.0,0.6562640433495323,0.7330401270644835,0.0,0.6363910600761081,0.0,0.663966232090952,0.5704839765645512,0.6402939878726133,0.8435207509987637,0.0,0.8181598452785355,0.6261247581271859,0.7994139065128059,0.5713982654581073,0.7022348243690691,0.0,0.0
0.0,0.0,0.8052828274250051,0.3617272963914907,0.4528509618993307,0.6227698570899716,0.7026829031388474,0.5863389954919856,0.7834060605032555,0.6660844552665844,0.5989974409857788,0.6680658448916574,0.5773052104946642,0.4249269348524861,0.7706035158440654,0.0,0.0,0.0,0.6472295894569468,0.8197160920736473,0.4972391974327949,0.7274355183955658,0.6219755594315445,0.5293612944289738,0.0,0.6693984103958476,0.7388162558437025,0.5334822552259149,0.7546394988640901,0.4542028373309517,0.706022106162251,0.5546604974858593,0.6012759065304848,0.48764080274017396,0.5821234492955835,0.0,0.43932874768411434,0.6663920280798112,0.5519837515464533,0.0,0.4759572345188585,0.540337684583228,0.6412890847042203,0.48477576195724253,0.0,0.0,0.0,0.7407186470574666,0.0,0.5348430259155749,0.690139745653849,0.5951614501380638,0.6889992687726062,0.706130803567091,0.0,0.7242269363356618,0.0,0.6115160996739114,0.4103557400760616,0.0,0.0,0.0,0.0,0.6262290988557578,0.43767558675209683,0.0,0.0,0.7945939767470532,0.0,0.0,0.0,0.774440789908164,0.6100414319476086,0.6126620615396033,0.0,0.0
0.0,0.0,0.771179840327018,0.3835566884489806,0.5645166624891543,0.7863151819734777,0.5804768466856671,0.6122607621604952,0.7520347970952522,0.6424571359737843,0.8303071070498089,0.6538923225311948,0.5187702930149872,0.36150312560944714,0.3634492771648805,0.0,0.0,0.0,0.7539647250632405,0.6715086786366193,0.0,0.5935321440349298,0.7395732807236812,0.4958219294149297,0.0,0.0,0.8294468472718212,0.4096880552285364,0.6497999416622835,0.0,0.6395288730485268,0.5566720015692546,0.561176213688406,0.4305908580908753,0.6076760143498378,0.43932874768411434,0.0,0.6853698135800479,0.564186562228912,0.0,0.46009964638927475,0.6591813924224819,0.4008319504641085,0.37743752010444925,0.0,0.0,0.0,0.0,0.0,0.0,0.0,0.0,0.0,0.0,0.0,0.0,0.0,0.0,0.0,0.0,0.0,0.0,0.0,0.0,0.0,0.0,0.0,0.5534302125629523,0.0,0.0,0.0,0.4277491263853095,0.0,0.0,0.0,0.0
0.5259947683782052,0.0,0.0,0.39533350163791176,0.6898917190789222,0.6745581767006628,0.7356904282580444,0.0,0.7300095642311627,0.5478899520022043,0.7453739334548184,0.40424002926918706,0.7378393242891346,0.0,0.0,0.0,0.7383205927171294,0.46360088489915163,0.6042663253153777,0.0,0.0,0.0,0.6069113791207145,0.3893449551874822,0.7176308650352657,0.7017474196274319,0.5582135900151644,0.779507054591745,0.0,0.0,0.3639527090806561,0.46445259174959447,0.34980994513534264,0.33866592422997754,0.6733246452365641,0.6663920280798112,0.6853698135800479,0.0,0.5665226373117053,0.6816913916112017,0.5615449755251954,0.5551657445594383,0.0,0.0,0.5639666291259321,0.0,0.0,0.0,0.0,0.0,0.0,0.0,0.0,0.0,0.7054776348980089,0.0,0.6707205657168523,0.0,0.0,0.0,0.0,0.0,0.0,0.0,0.0,0.0,0.0,0.0,0.5993153178708444,0.4840824012633215,0.7636569470745469,0.0,0.414499438113119,0.0,0.0,0.3929249586582504
0.866543965806265,0.5335545516820208,0.7560174604779557,0.0,0.5464288017643677,0.7475717893591638,0.609863885170456,0.7837982852743791,0.7717750454803392,0.629126496785561,0.6529095983901436,0.6477323224293032,0.6422832836764703,0.0,0.521306289665626,0.7190196416103185,0.5008833940254189,0.846888968611278,0.6218149592972002,0.5481961640826049,0.6604086738121562,0.5005753834817848,0.6129727864021499,0.6414899327499389,0.7196520020386374,0.5710318035584985,0.6396603683293477,0.4798471522365602,0.7725256047464806,0.5568794900155859,0.7776286012484078,0.30111998608064766,0.3440422511274956,0.5358365812815553,0.44693083272593565,0.5519837515464533,0.564186562228912,0.5665226373117053,0.0,0.6100968673524402,0.4879962589311064,0.6730157044695653,0.5178937701270298,0.5552412060973616,0.3833851544845637,0.5622258706217229,0.46602322115454875,0.7177805926533174,0.665838804471396,0.7115632756931739,0.7056151120687653,0.4809421214221666,0.7656859043779346,0.7208915711913612,0.5061379829130767,0.6453749602396441,0.3985333801004109,0.5676934008214078,0.664758922431649,0.41140318031563117,0.5849009849203025,0.6988238740958845,0.6422389889341538,0.7722360236623156,0.49542410103686607,0.3601770555699826,0.43440588579803896,0.5644045176003321,0.584797171959131,0.5753095510936939,0.5768543793417761,0.608905024904697,0.5177808291534536,0.4411093971186901,0.7896020254862729,0.5721413363397463
0.7577371114723268,0.6593339747283575,0.0,0.0,0.0,0.0,0.0,0.0,0.0,0.4971346910172307,0.0,0.7192667004824163,0.46293653321403994,0.0,0.7620343434848763,0.5720335855158516,0.8176477012309861,0.6744370595125079,0.0,0.8166307917562333,0.7530820089115294,0.5489363088401658,0.7137637825659885,0.6418491634313792,0.573470871749453,0.5465995457328012,0.5737295992728454,0.0,0.6095724749565196,0.0,0.7895372373398547,0.4759928487431615,0.369646925334504,0.6257631002085087,0.5602574693859913,0.0,0.0,0.6816913916112017,0.6100968673524402,0.0,0.3283401948529464,0.5480238070886903,0.5597994478594419,0.5509875943003135,0.3491165208814497,0.6032973790965503,0.47148044511465476,0.3859879615810918,0.0,0.559441370504163,0.6981491351375365,0.7853400881544518,0.6870190539767754,0.6316528749487371,0.58366797299175,0.620814680225053,0.5403702473487486,0.7082094005928787,0.0,0.5597131417080202,0.5376433058339399,0.6138829842334089,0.6109966773688525,0.4818783499467982,0.5194626219741064,0.6581533987446275,0.45410694224821363,0.5109642818078662,0.5649643866872738,0.5014203653954854,0.5903640786232943,0.4958513555991508,0.719931131396764,0.7718147944218999,0.6073023827590213,0.443270632444166
0.7647659155767212,0.6613379474513305,0.4257694098339138,0.0,0.0,0.855267982377431,0.47369188612346885,0.704837455328998,0.4227183772600043,0.6784400521592817,0.0,0.7169996537832499,0.6734223045246894,0.0,0.7709831208393612,0.5805321941875252,0.6081413635297108,0.6490882620827131,0.0,0.6390407855363769,0.7550380316343056,0.5314039694239395,0.727717291431123,0.7336650039816889,0.7037890426620607,0.6382359170104689,0.8393691002894159,0.7311934788394658,0.7072100197353193,0.0,0.6978389451832301,0.4613899673898508,0.6242410251669281,0.5520916932063504,0.5821905986768819,0.4759572345188585,0.46009964638927475,0.5615449755251954,0.4879962589311064,0.3283401948529464,0.0,0.43285732829084034,0.7131579666388355,0.41697598031395455,0.36594499904692956,0.6939003191924296,0.4260674231188634,0.7081410221471087,0.6424172288310704,0.5940554103521131,0.5216939743085978,0.548401211821492,0.6684727829976751,0.5986242676441509,0.5201034542311725,0.7557721164838435,0.45889637100531666,0.5761938559270194,0.7315870969196504,0.4887311962216512,0.4712666541556733,0.5952024493880204,0.6030304079699024,0.8013542281311635,0.5447219804520321,0.625765063180974,0.5214902842642476,0.5966579874395125,0.6443369151958217,0.49863443077805564,0.4791560308494946,0.5738945055945874,0.533167806311138,0.4904879486321726,0.79003643947158,0.3423094329844798
0.0,0.837825445978487,0.0,0.0,0.0,0.7350857108014099,0.0,0.0,0.0,0.4483289232021139,0.0,0.4768693535007593,0.5153965319169463,0.0,0.7826298666182125,0.7684185454345397,0.0,0.6868034491519992,0.0,0.828041099885894,0.6124310817460478,0.47781092578060896,0.8570697647519442,0.0,0.7072591848995798,0.5943527334421919,0.8265506962888325,0.5610041413362179,0.779860438840816,0.0,0.45110453448050225,0.48942897828865944,0.6345380559403485,0.5731367564764934,0.6990796960202352,0.540337684583228,0.6591813924224819,0.5551657445594383,0.6730157044695653,0.5480238070886903,0.43285732829084034,0.0,0.7547082296167661,0.6105501072311444,0.606878435211787,0.8050475126073023,0.6150681868525603,0.6540408336532306,0.6520758027095028,0.7551606783879756,0.6698082383609978,0.6813840480782963,0.8150354604594052,0.7612243017736731,0.5349195263429087,0.7809004777154643,0.7299212230605123,0.7146560519303791,0.0,0.46434639426315183,0.7709616708712477,0.7478331099898418,0.6859025907851347,0.7510878197737031,0.47595001056507374,0.5584724433924328,0.4532474279651113,0.7070377526952676,0.6253224693077482,0.5797444337497977,0.4565694906529335,0.7115974466863948,0.6450208914775735,0.4825383726748742,0.7485359829059465,0.5793992215380213
0.0,0.0,0.7881626498460177,0.0,0.6585311592014778,0.8060711544746542,0.5753770771464606,0.7288669507112009,0.7317615257189961,0.0,0.6937375062768633,0.0,0.6603644127352333,0.530924052610596,0.0,0.0,0.0,0.0,0.7892754642756152,0.4201122685966363,0.0,0.0,0.6804128208051547,0.0,0.0,0.0,0.812778662544897,0.663626245953697,0.6560963598787898,0.0,0.0,0.6282741245719697,0.0,0.6373239273066585,0.5749545330348377,0.6412890847042203,0.4008319504641085,0.0,0.5178937701270298,0.5597994478594419,0.7131579666388355,0.7547082296167661,0.0,0.4233402358131062,0.7566161396728389,0.0,0.0,0.5654055042424405,0.49947317729921814,0.5672553835038304,0.5885386786664184,0.5521390717143868,0.5983210694374449,0.6567908329108866,0.7699702822698227,0.5979315378421435,0.6375043461940675,0.6133196841078622,0.45543153081975035,0.6166061855371011,0.0,0.6346823689030598,0.35474698457220755,0.5593375374436355,0.7139267754033273,0.589742261734026,0.7315851740164627,0.5333661560269946,0.47030192302610946,0.5585776635289572,0.7612173947076786,0.5602355524711028,0.44943101205750835,0.7072237907299223,0.0,0.7767113514265525
0.0,0.0,0.0,0.0,0.0,0.0,0.0,0.0,0.0,0.0,0.0,0.0,0.0,0.0,0.0,0.0,0.0,0.0,0.0,0.0,0.0,0.0,0.5550691093055513,0.0,0.0,0.0,0.36689705931337135,0.0,0.0,0.0,0.0,0.5452047774912036,0.0,0.47675513440327755,0.628436860634473,0.48477576195724253,0.37743752010444925,0.0,0.5552412060973616,0.5509875943003135,0.41697598031395455,0.6105501072311444,0.4233402358131062,0.0,0.7236897800317844,0.0,0.0,0.7514104262251501,0.49302022225265557,0.5174422020198988,0.7393124251934375,0.6873245492019281,0.677801651129681,0.7561232941954863,0.5084702410849207,0.6426539080546996,0.7149678417820815,0.6253677108867591,0.4051031411273178,0.0,0.0,0.0,0.0,0.7648738787548525,0.4406242748401719,0.0,0.0,0.6608610705199074,0.0,0.0,0.0,0.7714721533977097,0.4553895282723848,0.6192789195184731,0.0,0.6379964291766191
0.0,0.0,0.0,0.0,0.0,0.0,0.0,0.0,0.0,0.6906724627607764,0.0,0.7024658312588793,0.0,0.0,0.0,0.0,0.0,0.0,0.0,0.0,0.0,0.0,0.0,0.602028417512673,0.3817038435281728,0.5823978269727949,0.0,0.0,0.0,0.0,0.0,0.72566608544903,0.651308694992701,0.5317881675978592,0.5877104626523697,0.0,0.0,0.5639666291259321,0.3833851544845637,0.3491165208814497,0.36594499904692956,0.606878435211787,0.7566161396728389,0.7236897800317844,0.0,0.5376797791345883,0.0,0.0,0.0,0.5364760279486757,0.539766117896129,0.8202697121930916,0.0,0.765000399454188,0.5283010346584827,0.6421368692547141,0.4155338765133108,0.6315295887264916,0.0,0.0,0.0,0.7394174028547542,0.4680604291572919,0.5731074429414333,0.0,0.0,0.0,0.5098659972905338,0.4587098250073681,0.7835508280611416,0.6420369781954842,0.4885349466944263,0.6656128257314385,0.0,0.0,0.6853162136081424
0.6017608236877282,0.8294776809858537,0.0,0.0,0.0,0.0,0.0,0.0,0.0,0.513734819210843,0.0,0.3727265177510748,0.0,0.0,0.0,0.8170405664459613,0.0,0.6447271049691269,0.0,0.0,0.6650610549205099,0.7698334142551729,0.0,0.7277284863838395,0.6333228713830523,0.6242861843064966,0.0,0.0,0.0,0.0,0.6097226758146731,0.8007450788942142,0.808385933540034,0.7657444428870589,0.0,0.0,0.0,0.0,0.5622258706217229,0.6032973790965503,0.6939003191924296,0.8050475126073023,0.0,0.0,0.5376797791345883,0.0,0.6747578152297637,0.0,0.0,0.0,0.792779677476972,0.0,0.5699172527674636,0.0,0.6209207323739302,0.0,0.8215987062788748,0.7161744301495907,0.5186115517685905,0.6828526464238642,0.5884726498381302,0.5264225091940261,0.6108938802314934,0.0,0.8001132550104615,0.4596993213912069,0.6899890462873189,0.5606430520271695,0.4471253198327472,0.6146087706886214,0.6522319685976031,0.7567404624581775,0.7140578684790257,0.7687664317235565,0.0,0.7693622166002162
0.6179345897557376,0.8255802120816736,0.0,0.0,0.0,0.6650343962582553,0.0,0.0,0.0,0.0,0.0,0.0,0.7643667165829614,0.0,0.8866768777282695,0.6770825788950472,0.0,0.6912441406823632,0.0,0.7831911377957962,0.6457945938569565,0.6250980612256477,0.8086613404519262,0.4338830399306628,0.8133314457676765,0.8093228010648809,0.7350352912777178,0.6596227573596971,0.7529572991071257,0.0,0.8018427752674211,0.6031503077055353,0.5709101058047831,0.5923354888250904,0.7830128014571108,0.0,0.0,0.0,0.46602322115454875,0.47148044511465476,0.4260674231188634,0.6150681868525603,0.0,0.0,0.0,0.6747578152297637,0.0,0.3772139214517146,0.0,0.4211674999741023,0.5217393132894785,0.8108560742258831,0.7195598298447996,0.6489820438778109,0.6325328986593507,0.0,0.0,0.7026276527368087,0.0,0.6103844621887476,0.6332949896249962,0.5137397929180296,0.5481984110962654,0.0,0.6539452861318251,0.6402510223555615,0.6723714274314205,0.5787065687682471,0.0,0.6283210517708856,0.6770384346039665,0.5559777176467984,0.82829943336922,0.586622637053411,0.0,0.7681398044103304
0.0,0.0,0.5470151112780597,0.0,0.6344076511004885,0.8020417361945149,0.6961945964260102,0.763281381020199,0.8224803366512173,0.0,0.7464072117023672,0.0,0.7474725012298729,0.6281063829165849,0.0,0.0,0.0,0.0,0.7671146378573632,0.0,0.0,0.0,0.718153740291176,0.0,0.0,0.0,0.8377154954755601,0.6712765048476501,0.5452912308625257,0.0,0.4431063556877963,0.6477105700889932,0.0,0.45616233702880815,0.0,0.7407186470574666,0.0,0.0,0.7177805926533174,0.3859879615810918,0.7081410221471087,0.6540408336532306,0.5654055042424405,0.7514104262251501,0.0,0.0,0.3772139214517146,0.0,0.6576435873778543,0.6097714243812493,0.6362018323905082,0.6169997036964046,0.5795324860269785,0.5754561369708481,0.7155149480726448,0.44635280082537804,0.5326509897214476,0.6274548254076745,0.572246564320732,0.0,0.0,0.0,0.0,0.4407248216952946,0.0,0.46947968718727445,0.3378089909593114,0.5099501712804513,0.0,0.392392809798975,0.705238204216688,0.5399534897732197,0.710113781627714,0.7232051694271586,0.49463611080937375,0.7856125627905447
0.0,0.0,0.0,0.0,0.0,0.0,0.0,0.0,0.0,0.0,0.0,0.0,0.0,0.0,0.0,0.0,0.0,0.0,0.0,0.0,0.0,0.0,0.0,0.0,0.0,0.0,0.0,0.0,0.0,0.0,0.0,0.0,0.0,0.0,0.0,0.0,0.0,0.0,0.665838804471396,0.0,0.6424172288310704,0.6520758027095028,0.49947317729921814,0.49302022225265557,0.0,0.0,0.0,0.6576435873778543,0.0,0.619692034930413,0.7786846069740291,0.7692467345868425,0.6971125184933367,0.7776288403439301,0.0,0.7832120534562788,0.0,0.7411315441752055,0.4640640917170036,0.0,0.0,0.0,0.0,0.6396250240225625,0.0,0.0,0.0,0.7718661251864211,0.0,0.0,0.0,0.6622038835691904,0.7737682734080393,0.0,0.0,0.4091189676990402
0.0,0.0,0.7284463144206068,0.0,0.44152121201213324,0.7070701858609715,0.0,0.5026160219203745,0.6672167315434754,0.0,0.6780001009353559,0.0,0.0,0.0,0.0,0.0,0.0,0.0,0.6556233788207723,0.0,0.0,0.0,0.7687731348797269,0.0,0.0,0.0,0.7064278568542673,0.0,0.0,0.0,0.0,0.41618801156384533,0.0,0.0,0.0,0.5348430259155749,0.0,0.0,0.7115632756931739,0.559441370504163,0.5940554103521131,0.7551606783879756,0.5672553835038304,0.5174422020198988,0.5364760279486757,0.0,0.4211674999741023,0.6097714243812493,0.619692034930413,0.0,0.5968057682408173,0.48736467174910303,0.6521097873829691,0.6419669697561214,0.7805362206372064,0.5823388212691305,0.648718151587435,0.5620892852537671,0.5922457811768623,0.0,0.0,0.0,0.0,0.5783609496828823,0.0,0.0,0.3926678062643202,0.5893519778523519,0.0,0.5020069688030223,0.5691824005568565,0.8017662075520139,0.49154849418412827,0.3930956951078717,0.0,0.8289224459658746
0.3302897463947156,0.7348113318472855,0.8243647372670153,0.0,0.6869757289880697,0.6359251111252439,0.8042968645617369,0.7842341643512624,0.8111336898893169,0.0,0.7678653781453059,0.0,0.7470827200053007,0.0,0.7985936583392358,0.37484929733554456,0.0,0.0,0.7550144418821905,0.8019215816689435,0.8152701996618016,0.7396179776616649,0.6514412158432306,0.0,0.452932073487388,0.6463530558887385,0.6548924087761173,0.811736744763813,0.72664365657182,0.6330680718707866,0.8617182499137888,0.7542925510405443,0.0,0.7399798837432158,0.614030650798955,0.690139745653849,0.0,0.0,0.7056151120687653,0.6981491351375365,0.5216939743085978,0.6698082383609978,0.5885386786664184,0.7393124251934375,0.539766117896129,0.792779677476972,0.5217393132894785,0.6362018323905082,0.7786846069740291,0.5968057682408173,0.0,0.5899392168617167,0.6060572591989302,0.6085986122437712,0.7328822049691539,0.5468688206635994,0.6624042029349275,0.6113569612997198,0.7689134544220795,0.7677741414801184,0.7080317731299012,0.7709561083020812,0.6911493919077082,0.7537932952936639,0.6671658037714473,0.8172093871555681,0.607440586503214,0.5940366661844447,0.4577085364551841,0.681164585069003,0.5857073513871769,0.5869700474095438,0.6080775437758185,0.6234483200448735,0.718169462119877,0.6236331398129181
0.0,0.0,0.5510102918573454,0.0,0.4281133196133407,0.7600204636530732,0.4809513483950434,0.7186465817278003,0.7263822898385953,0.0,0.6822999412156192,0.0,0.6736464629836573,0.0,0.0,0.0,0.0,0.0,0.5843133344237423,0.0,0.0,0.0,0.6526057526839071,0.0,0.0,0.0,0.7957678640519112,0.64136972873735,0.6574949879324214,0.0,0.0,0.6883468167241454,0.0,0.5198371416078584,0.2782669783195859,0.5951614501380638,0.0,0.0,0.4809421214221666,0.7853400881544518,0.548401211821492,0.6813840480782963,0.5521390717143868,0.6873245492019281,0.8202697121930916,0.0,0.8108560742258831,0.6169997036964046,0.7692467345868425,0.48736467174910303,0.5899392168617167,0.0,0.5857896885036669,0.6678994756362484,0.6235907455004589,0.580680748729796,0.8153246030883993,0.6382580615554477,0.5300353075222443,0.0,0.8012343651340584,0.7170648396245392,0.7410672914241885,0.7822135784982138,0.7426880164401346,0.5248557726414238,0.6871753392076132,0.625291799085313,0.6328084558336176,0.8235820757647052,0.688086965672253,0.647882779698802,0.5870203070004266,0.8121491327404937,0.0,0.5847868001189223
0.0,0.0,0.7680723719031965,0.0,0.5266979338160275,0.671276050861032,0.6473849139621399,0.5226826918867339,0.8305590480637891,0.0,0.7172839094303466,0.0,0.8621577556727247,0.38095724511860596,0.5326346055821728,0.0,0.0,0.0,0.7356654743312887,0.7381377017255044,0.729943025675462,0.40417990438285034,0.6819729788785929,0.0,0.0,0.0,0.6316614181985627,0.7538315837959872,0.831317983214956,0.0,0.6830357136099994,0.8415799915806202,0.0,0.7724652739129562,0.0,0.6889992687726062,0.0,0.0,0.7656859043779346,0.6870190539767754,0.6684727829976751,0.8150354604594052,0.5983210694374449,0.677801651129681,0.0,0.5699172527674636,0.7195598298447996,0.5795324860269785,0.6971125184933367,0.6521097873829691,0.6060572591989302,0.5857896885036669,0.0,0.6167757732931748,0.49027953352043924,0.5291410768245339,0.4300505045044383,0.5897239337693339,0.47594407693204704,0.7104035961191416,0.7482767098567875,0.0,0.6725207015497205,0.7272330490073428,0.7290249596374863,0.5705292900493554,0.5747415310062692,0.5550176159110302,0.7435739315635467,0.6537231873210209,0.5787501462461898,0.5986989344679797,0.5347835484382615,0.7298174107394422,0.7316597486884541,0.7362491033716367
0.0,0.0,0.8388397247474894,0.0,0.6573144290204203,0.8158282433118268,0.6004850523198586,0.7928279678088248,0.798441007473778,0.0,0.7634814453270029,0.0,0.5759252927579119,0.5855372985965096,0.0,0.0,0.0,0.0,0.7819576830821319,0.0,0.0,0.0,0.764981815209766,0.0,0.0,0.0,0.7999794315248794,0.6425982225324691,0.3637363745217621,0.0,0.284461297145693,0.732386710915366,0.0,0.35364154858089925,0.0,0.706130803567091,0.0,0.0,0.7208915711913612,0.6316528749487371,0.5986242676441509,0.7612243017736731,0.6567908329108866,0.7561232941954863,0.765000399454188,0.0,0.6489820438778109,0.5754561369708481,0.7776288403439301,0.6419669697561214,0.6085986122437712,0.6678994756362484,0.6167757732931748,0.0,0.8277857721326652,0.6128026996245453,0.7981292521474498,0.7004680637888074,0.7763706775085829,0.0,0.0,0.5332650434552664,0.49853920956719794,0.5750367499672897,0.5685650245809021,0.0,0.6315351626257604,0.6463765268699286,0.4246268514088733,0.7040871828225933,0.712400781323886,0.5375578241937556,0.7146713465222218,0.8059749420291158,0.6839289021188044,0.6082805235218127
0.6489189814373447,0.0,0.0,0.0,0.0,0.0,0.0,0.0,0.0,0.578618135927845,0.0,0.6011013215088536,0.41743929787377376,0.0,0.0,0.0,0.5721164578444697,0.5857224155259033,0.0,0.0,0.0,0.0,0.0,0.5161588813715371,0.5531045858322536,0.7649965332444771,0.0,0.470764177258051,0.0,0.0,0.7485332701690736,0.5796224223696809,0.4328281678424438,0.7323914454766038,0.4947969022588939,0.0,0.0,0.7054776348980089,0.5061379829130767,0.58366797299175,0.5201034542311725,0.5349195263429087,0.7699702822698227,0.5084702410849207,0.5283010346584827,0.6209207323739302,0.6325328986593507,0.7155149480726448,0.0,0.7805362206372064,0.7328822049691539,0.6235907455004589,0.49027953352043924,0.8277857721326652,0.0,0.7008539599131138,0.6647804035714721,0.718133966268539,0.6381893187703598,0.0,0.7115243653479483,0.5684707914639832,0.5994498812282253,0.8046385918728336,0.7569390419849316,0.0,0.7284930082049823,0.6760563355522977,0.5935838185396822,0.6479213709431926,0.589894436635284,0.7495644582840407,0.46168092446428044,0.7195075901925293,0.0,0.5790101371223175
0.0,0.0,0.6895821900268041,0.0,0.6368006385624599,0.7629399303854562,0.46727038712522784,0.7336100062038224,0.7877515474260188,0.0,0.3507031888133526,0.0,0.496782090259067,0.6016933538470592,0.0,0.0,0.0,0.0,0.6868141035279991,0.0,0.0,0.0,0.7496449131474328,0.0,0.0,0.0,0.8074837439091931,0.30438132278485996,0.0,0.0,0.0,0.7001150354845019,0.0,0.0,0.0,0.7242269363356618,0.0,0.0,0.6453749602396441,0.620814680225053,0.7557721164838435,0.7809004777154643,0.5979315378421435,0.6426539080546996,0.6421368692547141,0.0,0.0,0.44635280082537804,0.7832120534562788,0.5823388212691305,0.5468688206635994,0.580680748729796,0.5291410768245339,0.6128026996245453,0.7008539599131138,0.0,0.7669275811873333,0.6223462254035401,0.6186267203190119,0.0,0.0,0.6408086311963157,0.4440545162357669,0.5145211575482587,0.0,0.0,0.0,0.5629585605884785,0.44753020552006934,0.6517213458939352,0.6006011619180328,0.786049021267435,0.6346651423146704,0.0,0.0,0.6517397495657955
0.0,0.0,0.0,0.0,0.0,0.0,0.0,0.0,0.0,0.5777451527500066,0.0,0.6413971927269405,0.41128155855290477,0.0,0.0,0.0,0.7188067992232691,0.7086389392237801,0.0,0.0,0.0,0.0,0.0,0.6464199621226359,0.5840658109087055,0.7851890947083527,0.0,0.5031434742049821,0.0,0.0,0.7606161185147494,0.5893487719779432,0.4876921684498607,0.7334339994457149,0.49004228922053705,0.0,0.0,0.6707205657168523,0.3985333801004109,0.5403702473487486,0.45889637100531666,0.7299212230605123,0.6375043461940675,0.7149678417820815,0.4155338765133108,0.8215987062788748,0.0,0.5326509897214476,0.0,0.648718151587435,0.6624042029349275,0.8153246030883993,0.4300505045044383,0.7981292521474498,0.6647804035714721,0.7669275811873333,0.0,0.6878153078172723,0.0,0.0,0.45503719677707033,0.7652877562604938,0.7980937785889717,0.6530933445978695,0.0,0.4092204436342225,0.4062996618577277,0.6332216311196475,0.5971406620363058,0.6664115568609357,0.5407660521635225,0.6350185000927301,0.8278524698402551,0.43537255531586244,0.0,0.597439334544149
0.0,0.6306413652790019,0.7085293446712738,0.0,0.37658020450743934,0.7927272181154703,0.49952147510633554,0.8281198611804396,0.6915771661938466,0.6224376859979698,0.6309836631085219,0.5269963102684669,0.3906103229994603,0.0,0.45248896789531023,0.0,0.0,0.0,0.5861962363034463,0.6196919308121942,0.5710025737871897,0.4193313240100674,0.620058994360305,0.0,0.512648885723038,0.6221975050682906,0.715511821938483,0.47383852013432315,0.7127791365210735,0.0,0.6633707764124065,0.7326417558450257,0.37276168863889725,0.5482550219782716,0.5431730285270907,0.6115160996739114,0.0,0.0,0.5676934008214078,0.7082094005928787,0.5761938559270194,0.7146560519303791,0.6133196841078622,0.6253677108867591,0.6315295887264916,0.7161744301495907,0.7026276527368087,0.6274548254076745,0.7411315441752055,0.5620892852537671,0.6113569612997198,0.6382580615554477,0.5897239337693339,0.7004680637888074,0.718133966268539,0.6223462254035401,0.6878153078172723,0.0,0.7605489879305091,0.5973446400193752,0.7148292695859548,0.7986572588098467,0.7523652262826553,0.787499423538746,0.6794336869065543,0.8161606312368108,0.5961334015487978,0.6357334904646137,0.825682628521743,0.7736803971301729,0.7346461114321516,0.6406095652669604,0.6220892830026741,0.6019524574079693,0.7959703021544358,0.6482464424908373
0.0,0.0,0.6577636819507082,0.0,0.0,0.0,0.0,0.577621025150419,0.6439052679303416,0.0,0.6963648485383647,0.0,0.0,0.0,0.0,0.0,0.0,0.0,0.6839913149063229,0.0,0.0,0.0,0.7953150217972871,0.0,0.0,0.0,0.5767221133443632,0.0,0.0,0.0,0.0,0.0,0.0,0.0,0.0,0.4103557400760616,0.0,0.0,0.664758922431649,0.0,0.7315870969196504,0.0,0.45543153081975035,0.4051031411273178,0.0,0.5186115517685905,0.0,0.572246564320732,0.4640640917170036,0.5922457811768623,0.7689134544220795,0.5300353075222443,0.47594407693204704,0.7763706775085829,0.6381893187703598,0.6186267203190119,0.0,0.7605489879305091,0.0,0.0,0.0,0.0,0.0,0.5119278909994819,0.0,0.59196667213395,0.0,0.5354663240388712,0.0,0.0,0.5942876160909785,0.7308972036081625,0.7312223777852033,0.0,0.0,0.5162525246955819
0.0,0.8552384388841966,0.0,0.0,0.0,0.8233393557492208,0.0,0.5871687222723403,0.0,0.0,0.0,0.0,0.5100794043542434,0.0,0.6787862974101248,0.8343415250124046,0.0,0.0,0.0,0.7823592705872238,0.5950264854706356,0.6775081658648315,0.6812231138194377,0.0,0.5986237824404235,0.7846802964439309,0.8547014338080399,0.7755971094677996,0.8287950722524811,0.0,0.8417878868202338,0.6001326940778342,0.6544423775236015,0.6412210889977915,0.6562640433495323,0.0,0.0,0.0,0.41140318031563117,0.5597131417080202,0.4887311962216512,0.46434639426315183,0.6166061855371011,0.0,0.0,0.6828526464238642,0.6103844621887476,0.0,0.0,0.0,0.7677741414801184,0.0,0.7104035961191416,0.0,0.0,0.0,0.0,0.5973446400193752,0.0,0.0,0.8411766904632882,0.0,0.7250637889433529,0.0,0.5912212691523335,0.5679301819663137,0.6134798471956295,0.613723097382333,0.7411238746980795,0.7282192760227307,0.5831929328369359,0.6324527841416054,0.81554213303751,0.6738280140248588,0.4886624481306414,0.832567855876571
0.641724029068996,0.6400629366423893,0.0,0.0,0.0,0.6685662135223915,0.0,0.0,0.0,0.4423412136778804,0.0,0.0,0.0,0.0,0.8353236951786124,0.6516922564004493,0.0,0.6035507930245364,0.0,0.6356531388438144,0.8021788992807016,0.7490519766609351,0.5452338365108178,0.7092763951463863,0.6313421457735428,0.6755857162339577,0.6926460832534138,0.0,0.44571225363058925,0.0,0.7644316458725611,0.7002821319821261,0.5563610730830412,0.5622285260575564,0.7330401270644835,0.0,0.0,0.0,0.5849009849203025,0.5376433058339399,0.4712666541556733,0.7709616708712477,0.0,0.0,0.0,0.5884726498381302,0.6332949896249962,0.0,0.0,0.0,0.7080317731299012,0.8012343651340584,0.7482767098567875,0.0,0.7115243653479483,0.0,0.45503719677707033,0.7148292695859548,0.0,0.8411766904632882,0.0,0.7620721132542794,0.6227407694203689,0.0,0.5684357242467961,0.6489575554827098,0.5640479916380708,0.7755553382282612,0.586568374112844,0.5313071297519828,0.6601000633275433,0.7336777356797792,0.7612952781778687,0.7124973011557273,0.0,0.5881135195461454
0.0,0.0,0.0,0.0,0.0,0.0,0.0,0.0,0.0,0.7340343398623765,0.0,0.6814224302867635,0.0,0.0,0.0,0.0,0.6971257972771383,0.7256956446817623,0.0,0.0,0.0,0.0,0.0,0.8499565067189806,0.5951189461572972,0.5992207276279333,0.0,0.0,0.0,0.0,0.6193735699510151,0.46693953520377335,0.7404700461230164,0.640332687629352,0.0,0.0,0.0,0.0,0.6988238740958845,0.6138829842334089,0.5952024493880204,0.7478331099898418,0.6346823689030598,0.0,0.7394174028547542,0.5264225091940261,0.5137397929180296,0.0,0.0,0.0,0.7709561083020812,0.7170648396245392,0.0,0.5332650434552664,0.5684707914639832,0.6408086311963157,0.7652877562604938,0.7986572588098467,0.0,0.0,0.7620721132542794,0.0,0.504732283982193,0.0,0.7540480979479188,0.0,0.8535403022088892,0.31372794776597135,0.623579186446007,0.607419112057376,0.6525659876421233,0.5703337188421317,0.7184300411661411,0.8052010923056199,0.0,0.5817448735938918
0.7290730005152033,0.8465053065749851,0.0,0.0,0.0,0.0,0.0,0.0,0.0,0.7308257430567723,0.0,0.725836467302837,0.0,0.0,0.0,0.760361932720448,0.8239478245480027,0.6029174800955083,0.0,0.5835162328728732,0.0,0.7670750617965624,0.0,0.6077480542737004,0.6422391340170316,0.6086540834579925,0.0,0.0,0.5406095493923055,0.0,0.8045977407253175,0.7282849151163275,0.6973818905155661,0.752896089066788,0.6363910600761081,0.0,0.0,0.0,0.6422389889341538,0.6109966773688525,0.6030304079699024,0.6859025907851347,0.35474698457220755,0.0,0.4680604291572919,0.6108938802314934,0.5481984110962654,0.0,0.0,0.0,0.6911493919077082,0.7410672914241885,0.6725207015497205,0.49853920956719794,0.5994498812282253,0.4440545162357669,0.7980937785889717,0.7523652262826553,0.0,0.7250637889433529,0.6227407694203689,0.504732283982193,0.0,0.0,0.6884415601355428,0.8268125771026152,0.5644588604875204,0.7240268920892691,0.6487553010392078,0.5768766293541266,0.5492305087962294,0.7617865158902932,0.7377058449478967,0.7339121159189689,0.0,0.5896742460033159
0.0,0.0,0.5344637391286801,0.0,0.5623851452995899,0.7556334900582079,0.38556198865760816,0.7390074483499165,0.7323943913957194,0.0,0.5272598274859359,0.0,0.452488175395047,0.4543673547345219,0.0,0.0,0.0,0.0,0.7167694690432203,0.0,0.0,0.0,0.7746981929688785,0.0,0.0,0.0,0.7226286982977047,0.0,0.0,0.0,0.0,0.6477204469849792,0.0,0.0,0.0,0.6262290988557578,0.0,0.0,0.7722360236623156,0.4818783499467982,0.8013542281311635,0.7510878197737031,0.5593375374436355,0.7648738787548525,0.5731074429414333,0.0,0.0,0.4407248216952946,0.6396250240225625,0.5783609496828823,0.7537932952936639,0.7822135784982138,0.7272330490073428,0.5750367499672897,0.8046385918728336,0.5145211575482587,0.6530933445978695,0.787499423538746,0.5119278909994819,0.0,0.0,0.0,0.0,0.0,0.0,0.0,0.0,0.522658358621682,0.0,0.2663900198423912,0.31139067647456864,0.5233832714839927,0.7081006977300267,0.0,0.0,0.7816565862739862
0.0,0.8167539597484567,0.0,0.0,0.0,0.7331186476001119,0.0,0.6567613511153949,0.0,0.0,0.0,0.0,0.6841676692629638,0.0,0.7447466351160621,0.6992362141715395,0.0,0.0,0.0,0.7750970005143174,0.68078532317748,0.6097531951605202,0.6779009558035729,0.0,0.6570038351384698,0.6603814979101208,0.8043596030268474,0.7595530484699825,0.6879415380295457,0.5108669622541888,0.7430109958623713,0.5550991703409716,0.7618671140564505,0.7234596764954397,0.663966232090952,0.43767558675209683,0.0,0.0,0.49542410103686607,0.5194626219741064,0.5447219804520321,0.47595001056507374,0.7139267754033273,0.4406242748401719,0.0,0.8001132550104615,0.6539452861318251,0.0,0.0,0.0,0.6671658037714473,0.7426880164401346,0.7290249596374863,0.5685650245809021,0.7569390419849316,0.0,0.0,0.6794336869065543,0.0,0.5912212691523335,0.5684357242467961,0.7540480979479188,0.6884415601355428,0.0,0.0,0.6320145246950339,0.6026121967454295,0.48342557013311743,0.4934247692285938,0.6859515820833297,0.6835827159895144,0.5471815010823494,0.8100218530120596,0.6182374433171076,0.7352415806842584,0.6561058311400813
0.560575616674376,0.8165102597499276,0.0,0.0,0.0,0.5870624727464825,0.0,0.6966429340699739,0.0,0.0,0.0,0.0,0.0,0.0,0.6609403990054622,0.6152222107835181,0.0,0.0,0.0,0.7371256797535589,0.6925622725888834,0.6491753527605515,0.7394521005873859,0.0,0.7161800307596478,0.8705267827189458,0.8360565690443195,0.6360795036744933,0.7697098859589384,0.0,0.584889995823945,0.7029175255868384,0.6805181276916531,0.7406070874013341,0.5704839765645512,0.0,0.0,0.0,0.3601770555699826,0.6581533987446275,0.625765063180974,0.5584724433924328,0.589742261734026,0.0,0.0,0.4596993213912069,0.6402510223555615,0.46947968718727445,0.0,0.0,0.8172093871555681,0.5248557726414238,0.5705292900493554,0.0,0.0,0.0,0.4092204436342225,0.8161606312368108,0.59196667213395,0.5679301819663137,0.6489575554827098,0.0,0.8268125771026152,0.0,0.6320145246950339,0.0,0.6730385670708192,0.6040336648883334,0.7406197533671944,0.7757725847404779,0.6622449559259813,0.5805039576235538,0.7411033844914688,0.5017072566104193,0.6322306722530089,0.7773858555887567
0.7861336055332097,0.8361219197863972,0.0,0.0,0.0,0.694079085908775,0.0,0.0,0.0,0.0,0.0,0.0,0.5156756119802919,0.0,0.7547963016921541,0.6210904701157095,0.0,0.7387317140978408,0.0,0.6540591567693609,0.6864439655617685,0.6793774443220906,0.8342628547106773,0.0,0.775135256649024,0.7240376907422693,0.7202265014203385,0.5959193847989952,0.614277979690787,0.0,0.6104234868477884,0.5469303563292258,0.6481323550892004,0.5619103527501949,0.6402939878726133,0.0,0.0,0.0,0.43440588579803896,0.45410694224821363,0.5214902842642476,0.4532474279651113,0.7315851740164627,0.0,0.0,0.6899890462873189,0.6723714274314205,0.3378089909593114,0.0,0.3926678062643202,0.607440586503214,0.6871753392076132,0.5747415310062692,0.6315351626257604,0.7284930082049823,0.0,0.4062996618577277,0.5961334015487978,0.0,0.6134798471956295,0.5640479916380708,0.8535403022088892,0.5644588604875204,0.0,0.6026121967454295,0.6730385670708192,0.0,0.6000376203124794,0.0,0.6307597906705925,0.6602628243495322,0.6238374573558262,0.7894620334904755,0.6205279017287851,0.4390543358313219,0.5593293150717242
0.0,0.7605913360420471,0.8021451878205769,0.0,0.8178720874244596,0.6450969054157434,0.8095764683979285,0.6734470844611758,0.794582095518387,0.0,0.7536543188001653,0.0,0.6430656747025411,0.6804648538973557,0.7473774261120537,0.5776609039476115,0.0,0.0,0.7237006378931112,0.7708424010750954,0.5933193113652416,0.6592484107842798,0.7338709289555,0.0,0.5538018320144622,0.7717428401675065,0.6525083350346107,0.6832502133859996,0.659893932429615,0.8118330570378381,0.790285328292831,0.7580867407440316,0.6850942559787067,0.7484603173560905,0.8435207509987637,0.7945939767470532,0.5534302125629523,0.0,0.5644045176003321,0.5109642818078662,0.5966579874395125,0.7070377526952676,0.5333661560269946,0.6608610705199074,0.5098659972905338,0.5606430520271695,0.5787065687682471,0.5099501712804513,0.7718661251864211,0.5893519778523519,0.5940366661844447,0.625291799085313,0.5550176159110302,0.6463765268699286,0.6760563355522977,0.5629585605884785,0.6332216311196475,0.6357334904646137,0.5354663240388712,0.613723097382333,0.7755553382282612,0.31372794776597135,0.7240268920892691,0.522658358621682,0.48342557013311743,0.6040336648883334,0.6000376203124794,0.0,0.7283284764529702,0.7407972780409354,0.6270546661801899,0.6245059673569285,0.6236887343262872,0.5415272027470812,0.5997692835348767,0.5983836671328162
0.5362603990667056,0.0,0.0,0.0,0.0,0.0,0.0,0.0,0.0,0.7134914370059567,0.0,0.7585078615472116,0.0,0.0,0.0,0.0,0.8005079924131028,0.7048965793977622,0.0,0.0,0.0,0.0,0.0,0.49787980599917947,0.5387727825856596,0.5250981988765278,0.0,0.0,0.0,0.0,0.6100670000221149,0.42086859272875077,0.6549097968491703,0.6542760413792168,0.0,0.0,0.0,0.5993153178708444,0.584797171959131,0.5649643866872738,0.6443369151958217,0.6253224693077482,0.47030192302610946,0.0,0.4587098250073681,0.4471253198327472,0.0,0.0,0.0,0.0,0.4577085364551841,0.6328084558336176,0.7435739315635467,0.4246268514088733,0.5935838185396822,0.44753020552006934,0.5971406620363058,0.825682628521743,0.0,0.7411238746980795,0.586568374112844,0.623579186446007,0.6487553010392078,0.0,0.4934247692285938,0.7406197533671944,0.0,0.7283284764529702,0.0,0.6702779238518636,0.5869076891474844,0.6789237547682472,0.7505975884951125,0.0,0.0,0.7548656806171163
0.6313796697832815,0.8445552908619329,0.0,0.0,0.0,0.6729354703823666,0.0,0.0,0.0,0.7957174520992587,0.0,0.7888749259662936,0.4421135421220148,0.0,0.6804073054115983,0.6820573937549935,0.7080587246138033,0.6419801082700809,0.0,0.5680988140020999,0.6872431261286336,0.652693413835413,0.49756326935034423,0.6243235609904609,0.6591037651708945,0.6167681760627463,0.0,0.5089502676144106,0.3931132575982798,0.0,0.5786357552845378,0.8050414587107793,0.6591586107689644,0.5776906860251951,0.8181598452785355,0.0,0.0,0.4840824012633215,0.5753095510936939,0.5014203653954854,0.49863443077805564,0.5797444337497977,0.5585776635289572,0.0,0.7835508280611416,0.6146087706886214,0.6283210517708856,0.392392809798975,0.0,0.5020069688030223,0.681164585069003,0.8235820757647052,0.6537231873210209,0.7040871828225933,0.6479213709431926,0.6517213458939352,0.6664115568609357,0.7736803971301729,0.0,0.7282192760227307,0.5313071297519828,0.607419112057376,0.5768766293541266,0.2663900198423912,0.6859515820833297,0.7757725847404779,0.6307597906705925,0.7407972780409354,0.6702779238518636,0.0,0.5662240059565775,0.7724930314167507,0.8159351258570217,0.7037664827347139,0.0,0.581386110872983
0.6331228671546342,0.819430054653186,0.0,0.0,0.0,0.7591521279978052,0.6155884379121359,0.0,0.0,0.7828030465882125,0.0,0.8038983598473889,0.5894813482435801,0.0,0.7695264414879213,0.7067951898191,0.6000674076898502,0.6415730026506288,0.0,0.8286964411789082,0.729143736557996,0.6202527517148044,0.7129127738391959,0.6884919244991031,0.6328653053162436,0.6005213293389194,0.7768576175344778,0.6593764823092828,0.7761896960955571,0.0,0.8156931209623752,0.6064795371004674,0.6319862716452349,0.6195220677414743,0.6261247581271859,0.0,0.0,0.7636569470745469,0.5768543793417761,0.5903640786232943,0.4791560308494946,0.4565694906529335,0.7612173947076786,0.0,0.6420369781954842,0.6522319685976031,0.6770384346039665,0.705238204216688,0.0,0.5691824005568565,0.5857073513871769,0.688086965672253,0.5787501462461898,0.712400781323886,0.589894436635284,0.6006011619180328,0.5407660521635225,0.7346461114321516,0.5942876160909785,0.5831929328369359,0.6601000633275433,0.6525659876421233,0.5492305087962294,0.31139067647456864,0.6835827159895144,0.6622449559259813,0.6602628243495322,0.6270546661801899,0.5869076891474844,0.5662240059565775,0.0,0.6557613518815212,0.5034983807144,0.6079590408927459,0.0,0.5042630776504126
0.0,0.7466836783463756,0.8193392671509906,0.0,0.7515962545669154,0.6428859721374183,0.6660887455325651,0.8062206889557513,0.7630926777188786,0.0,0.780243020424107,0.0,0.7967455136087133,0.5241813691869668,0.6851177154929737,0.650069729175513,0.0,0.0,0.7910135224262071,0.7887861421091262,0.6300229600269369,0.8125511999063373,0.628087953407634,0.0,0.4729160715495625,0.8175371042581694,0.650981154088365,0.676401534126622,0.6567202925330888,0.8578263383489985,0.6594296169673517,0.76257526283399,0.7100612477746687,0.7662296519366323,0.7994139065128059,0.774440789908164,0.4277491263853095,0.0,0.608905024904697,0.4958513555991508,0.5738945055945874,0.7115974466863948,0.5602355524711028,0.7714721533977097,0.4885349466944263,0.7567404624581775,0.5559777176467984,0.5399534897732197,0.6622038835691904,0.8017662075520139,0.5869700474095438,0.647882779698802,0.5986989344679797,0.5375578241937556,0.7495644582840407,0.786049021267435,0.6350185000927301,0.6406095652669604,0.7308972036081625,0.6324527841416054,0.7336777356797792,0.5703337188421317,0.7617865158902932,0.5233832714839927,0.5471815010823494,0.5805039576235538,0.6238374573558262,0.6245059673569285,0.6789237547682472,0.7724930314167507,0.6557613518815212,0.0,0.5932255915486994,0.6429841471497676,0.5778980439979695,0.6027616802698829
0.0,0.2738432760379286,0.6448411660223784,0.0,0.35946502236981,0.802500831418992,0.5633337506880639,0.8486497498052482,0.6950753786774133,0.7334677444381325,0.5909553391268223,0.6457700430375458,0.40586314694453335,0.0,0.7293631336695957,0.0,0.0,0.0,0.4115083610858508,0.6339532095704572,0.8208091403670801,0.6045179460491164,0.6072240074127432,0.0,0.4871086115449608,0.5663897179647326,0.8059440911916336,0.7357700767482198,0.6474856449640966,0.5499401416312506,0.8177573031089702,0.698068847701943,0.4828044446940339,0.6742200937125085,0.5713982654581073,0.6100414319476086,0.0,0.414499438113119,0.5177808291534536,0.719931131396764,0.533167806311138,0.6450208914775735,0.44943101205750835,0.4553895282723848,0.6656128257314385,0.7140578684790257,0.82829943336922,0.710113781627714,0.7737682734080393,0.49154849418412827,0.6080775437758185,0.5870203070004266,0.5347835484382615,0.7146713465222218,0.46168092446428044,0.6346651423146704,0.8278524698402551,0.6220892830026741,0.7312223777852033,0.81554213303751,0.7612952781778687,0.7184300411661411,0.7377058449478967,0.7081006977300267,0.8100218530120596,0.7411033844914688,0.7894620334904755,0.6236887343262872,0.7505975884951125,0.8159351258570217,0.5034983807144,0.5932255915486994,0.0,0.6052396470891211,0.5686463486752009,0.6509865738881447
0.0,0.8091091180095451,0.0,0.0,0.0,0.7431930034717962,0.5291313045636443,0.8041656296849782,0.4350435463832877,0.0,0.0,0.0,0.7919281632222644,0.0,0.7969211396583593,0.6382096393223908,0.0,0.3617131477569584,0.0,0.6982398997434114,0.7796779022269994,0.8322426275068986,0.6687441228931977,0.0,0.6963962485200648,0.8134970281260373,0.7437542893959915,0.6961647809608448,0.8181754520265228,0.7082988538007436,0.8249695587397476,0.7141173511906089,0.5704961195478087,0.7481645588211335,0.7022348243690691,0.6126620615396033,0.0,0.0,0.4411093971186901,0.7718147944218999,0.4904879486321726,0.4825383726748742,0.7072237907299223,0.6192789195184731,0.0,0.7687664317235565,0.586622637053411,0.7232051694271586,0.0,0.3930956951078717,0.6234483200448735,0.8121491327404937,0.7298174107394422,0.8059749420291158,0.7195075901925293,0.0,0.43537255531586244,0.6019524574079693,0.0,0.6738280140248588,0.7124973011557273,0.8052010923056199,0.7339121159189689,0.0,0.6182374433171076,0.5017072566104193,0.6205279017287851,0.5415272027470812,0.0,0.7037664827347139,0.6079590408927459,0.6429841471497676,0.6052396470891211,0.0,0.7434610980650024,0.6691640356617966
0.0,0.0,0.0,0.0,0.0,0.6336603879079673,0.0,0.0,0.0,0.0,0.0,0.0,0.0,0.0,0.0,0.0,0.0,0.0,0.0,0.46053679938686554,0.0,0.0,0.8004174415532384,0.0,0.0,0.0,0.7384537041499679,0.46419132592541806,0.7268611911497468,0.0,0.0,0.5856209231621509,0.0,0.0,0.0,0.0,0.0,0.0,0.7896020254862729,0.6073023827590213,0.79003643947158,0.7485359829059465,0.0,0.0,0.0,0.0,0.0,0.49463611080937375,0.0,0.0,0.718169462119877,0.0,0.7316597486884541,0.6839289021188044,0.0,0.0,0.0,0.7959703021544358,0.0,0.4886624481306414,0.0,0.0,0.0,0.0,0.7352415806842584,0.6322306722530089,0.4390543358313219,0.5997692835348767,0.0,0.0,0.0,0.5778980439979695,0.5686463486752009,0.7434610980650024,0.0,0.6162838401335157
0.6619749472250342,0.8225692174397425,0.47631821898448645,0.0,0.0,0.8114866315735747,0.32817471649221214,0.776711028433586,0.4922959282377079,0.7749156832609144,0.0,0.8258894658292165,0.6380957486597105,0.0,0.8078353591213853,0.821155269057886,0.5488804547266614,0.8322812071810345,0.0,0.7945007841578199,0.7466808975096766,0.8216605496288731,0.6221003932086744,0.7215140199267751,0.6186937837224271,0.6183366894841986,0.8325729209186113,0.8256812658078369,0.840014388655264,0.0,0.625726768253279,0.7780905154845823,0.7462530003011366,0.6328718059437827,0.0,0.0,0.0,0.3929249586582504,0.5721413363397463,0.443270632444166,0.3423094329844798,0.5793992215380213,0.7767113514265525,0.6379964291766191,0.6853162136081424,0.7693622166002162,0.7681398044103304,0.7856125627905447,0.4091189676990402,0.8289224459658746,0.6236331398129181,0.5847868001189223,0.7362491033716367,0.6082805235218127,0.5790101371223175,0.6517397495657955,0.597439334544149,0.6482464424908373,0.5162525246955819,0.832567855876571,0.5881135195461454,0.5817448735938918,0.5896742460033159,0.7816565862739862,0.6561058311400813,0.7773858555887567,0.5593293150717242,0.5983836671328162,0.7548656806171163,0.581386110872983,0.5042630776504126,0.6027616802698829,0.6509865738881447,0.6691640356617966,0.6162838401335157,0.0
