0.0,0.7068331588984789,0.0,0.0,0.0,0.7285139364407272,0.8736900205337371,0.7193696950960966,0.0,0.8303006231875757,0.0,0.5551732056657145,0.8169440112019961,0.0,0.43620214930974155,0.7018009680994963,0.8459084429522776,0.664220959082542,0.0,0.7444793482001657,0.611310486999691,0.5522595135894408,0.7071873129187095,0.542411196293656,0.7250967546859098,0.604521435941912,0.7123089078317305,0.6792350790523289,0.6854455923388584,0.0,0.5891935081855689,0.6265818806086378,0.4630361158308522,0.608537654639968,0.14098735809623975,0.0,0.0,0.8149437683174208,0.8094080434898446,0.6584648068079613,0.8398543523768418,0.6936261903952168,0.0,0.0,0.0,0.1582154957725319,0.5697011749143301,0.0,0.0,0.0,0.0,0.0,0.0,0.0,0.0930325093021232,0.0,0.9799287119996138,0.0,0.0,0.8233189496553781,0.6033780542490598,0.08041212947450901,0.6266597972740242,0.0,0.0,0.6797222678147914,0.6413248898846807,0.7425095925719083,0.746302395617422,0.6205390355993023,0.603643408782986,0.0,0.0,0.0,0.0,0.8212615392065836
0.7068331588984789,0.0,0.7068668933824956,0.0,0.6513083896114459,0.47574859096215627,0.666738559724914,0.709323733747438,0.7383702528086933,0.02873228407777828,0.0,0.8466020431635471,0.32984261334450543,0.0,0.5581342221438093,0.65728784436886,0.867847609676009,0.731198780740631,0.0,0.5407380546100397,0.6347396266880474,0.6102702882376196,0.5772984498539119,0.9079327918069843,0.6415749470272214,0.5459650871225541,0.5221655914633223,0.4455360654005934,0.3694529291205908,0.05916969314881819,0.584510998609644,0.5001490390791439,0.4515928092766948,0.5292492814008478,0.330921667086773,0.0,0.0,0.0,0.6615951398146727,0.7086689821149137,0.6052700203301086,0.5812468619546584,0.0,0.0,0.0,0.642948662400578,0.6678538758734333,0.0,0.0,0.0,0.857504204141556,0.8695354261704225,0.13368254734827095,0.0,0.0,0.0,0.0,0.8090005445659848,0.0,0.6886864532848453,0.6787560872887161,0.04448149053797254,0.6637265204827236,0.0,0.6104472456648693,0.6796932972043583,0.6866401915515227,0.7893780426682319,0.900027213010293,0.6231600917009368,0.6474868278661943,0.7672404824622656,0.8312299500369235,0.8521063026856616,0.0,0.6824986552905821
0.0,0.7068668933824956,0.0,0.0,0.3133103924472781,0.26370396668998325,0.3007306370455082,0.02685465007112102,0.2668921926038492,0.46436491859776413,0.37677460136806185,0.7647520374503259,0.3148413659575233,0.3253893306716801,0.0,0.0,0.0,0.0,0.35502188040803895,0.15174996100283444,0.06103919542374492,0.8113219271663888,0.14728177463470427,0.0,0.7573861019643577,0.795403072005286,0.33785402674584963,0.4219081752637441,0.7902490497703166,0.12430546483906929,0.37790473318933226,0.3264236918863145,0.7152259086999627,0.32099175477023745,0.5176621153190439,0.34067270375094316,0.7544844752234879,0.7214410643127097,0.7208111350978496,0.0,0.6951921726001429,0.0,0.7808877327699049,0.0,0.0,0.0,0.0,0.6408266041198384,0.0,0.4015844816458415,0.654013457945166,0.5674288982968486,0.3439869052394321,0.46458729360218765,0.0,0.7183976039545251,0.0,0.7540544815210022,0.7589803474625799,0.0,0.0,0.0,0.0,0.7186792096481113,0.0,0.0,0.0,0.5493124611379202,0.0,0.0,0.0,0.5152930655752279,0.7696535489059279,0.845011250359199,0.0,0.7682960096156533
0.0,0.0,0.0,0.0,0.3966421283970023,0.7560194597148315,0.3972231488287922,0.6582116009669798,0.7316747941779073,0.0,0.419445080029124,0.0,0.6261044053072561,0.4864304370706898,0.0,0.0,0.0,0.0,0.025132649199418076,0.0,0.0,0.0,0.0,0.0,0.0,0.0,0.1313323162786547,0.2172158697533469,0.0,0.0,0.6516516049048554,0.4856203203509826,0.0,0.0862237647728887,0.1474807155040367,0.32739772481871493,0.28528044963850263,0.0,0.0,0.0,0.0,0.0,0.0,0.0,0.0,0.0,0.0,0.0,0.0,0.0,0.0,0.0,0.0,0.0,0.0,0.0,0.0,0.0,0.0,0.0,0.0,0.0,0.0,0.0,0.0,0.0,0.0,0.0,0.0,0.0,0.0,0.0,0.0,0.0,0.0,0.0
0.0,0.6513083896114459,0.3133103924472781,0.3966421283970023,0.0,0.41435181203858684,0.5561974015880671,0.43109999686329753,0.4887009876350313,0.6328360923686764,0.5157498254299134,0.8329995542769144,0.4050639579841044,0.38370668832985644,0.0,0.7321628146326719,0.8621590998707128,0.08469748408699664,0.437824537366831,0.7396868725403164,0.0,0.7444542565942892,0.4450658554611119,0.09909439288647226,0.8122591877713384,0.8538249547180873,0.2562914978648263,0.3943888315394216,0.8341806687797461,0.0,0.4404780302025969,0.6197189388692449,0.7557072885324625,0.45030692442520764,0.7174716833741557,0.48579830906382626,0.16549782972541877,0.7926852679583348,0.843342276143454,0.0,0.8093229391385158,0.0,0.8585818897473185,0.0,0.0,0.0,0.0,0.5758816011534268,0.0,0.792606175284261,0.8391419149567854,0.8366980307115262,0.785300160070373,0.7385592289380679,0.0,0.8289170096556144,0.0,0.7797951007227486,0.8496839009391509,0.0,0.0,0.0,0.0,0.8243120348978268,0.0,0.0,0.0,0.7700246012857279,0.0,0.0,0.0,0.8022000134155172,0.7394173285034942,0.7971509901929215,0.0,0.7673798926182077
0.7285139364407272,0.47574859096215627,0.26370396668998325,0.7560194597148315,0.41435181203858684,0.0,0.46839527729761915,0.6049202128718439,0.4456707172259131,0.7727614086795511,0.3615176720490251,0.7999710057786735,0.6353457084958181,0.719629372701023,0.8112722361688682,0.5198126636174187,0.744315926626383,0.7582621785525812,0.18925703630693141,0.5551213868593261,0.6786031820867539,0.5817161825975109,0.609540892117852,0.9054352394111702,0.49968830405559334,0.5791870519573,0.46265137104070814,0.6841039667338206,0.6595179557892971,0.5235717510831013,0.4472470041385483,0.4640266488785957,0.7181205410638705,0.34997992337414585,0.2608630011327891,0.4323503447632154,0.7549729200175239,0.8044915793822541,0.713490046614832,0.1433263162753388,0.6829700934486174,0.8058288150158444,0.8674968804863391,0.0,0.0,0.0,0.8396986722871126,0.7635478421454153,0.0,0.8684346699564252,0.8669369022152915,0.8465559707960693,0.731420018102198,0.8250832521830308,0.15076219019274809,0.775840485676008,0.0,0.8370116531292793,0.0,0.6473465882020585,0.8409623467722321,0.0,0.0,0.7289697576597545,0.6999296046675858,0.7301020829954733,0.631364784532063,0.9018949864235877,0.0,0.16043528831872783,0.6268307101033159,0.7549505810611249,0.8545565680164039,0.8468876021887755,0.8689693729929431,0.725444367730528
0.8736900205337371,0.666738559724914,0.3007306370455082,0.3972231488287922,0.5561974015880671,0.46839527729761915,0.0,0.5553690110789425,0.3531809651964304,0.7118648479070079,0.47155227113971643,0.7918985033610982,0.5537898776926233,0.40381408095085086,0.7039187336757305,0.537525868241674,0.9005355667751507,0.6987484240236095,0.48261112706435716,0.506721971479954,0.834852187873155,0.4896567016129477,0.5034714454820729,0.896783892996363,0.7990590011148064,0.577684805498598,0.3821230909177853,0.6147642260498144,0.5580963852458303,0.7387481443933223,0.5858627681129602,0.6320202309567411,0.6980892797831978,0.6172435741065525,0.4668686557379346,0.5055949061910185,0.7766243705822644,0.8217841065237885,0.8293823784733811,0.0,0.7936648919366065,0.7527280407349026,0.7700705305846249,0.0,0.0,0.0,0.8025582573563899,0.7689346220154364,0.0,0.7894575415898607,0.8522968517867583,0.8850695062299133,0.7750229206513807,0.7858069052902932,0.0,0.7250271561929141,0.0,0.8201836355297829,0.0,0.804311738604262,0.0,0.0,0.0,0.6847198041702012,0.8333006559052502,0.0,0.8845449022285812,0.854079591028901,0.0,0.0,0.7194342725355513,0.8444421600441693,0.8526329818491969,0.824285325419155,0.09579885967930048,0.8479038908977181
0.7193696950960966,0.709323733747438,0.02685465007112102,0.6582116009669798,0.43109999686329753,0.6049202128718439,0.5553690110789425,0.0,0.16536348050333047,0.7792111782574206,0.39448080036400784,0.8531809272593169,0.5404996595742118,0.4743560365159946,0.7714563743661472,0.845670537834389,0.0,0.8881690799834838,0.11150303009152818,0.8210866742202092,0.5287578163662469,0.4779795284875592,0.5104215181113082,0.7522412866229364,0.8139312830403822,0.7462341183447811,0.4616260024590315,0.6224356166512177,0.608650067460881,0.5878126081951565,0.5072433404695537,0.6648059251874747,0.724736293336768,0.39183288183173676,0.7231079107563915,0.40007196011389756,0.840070688104144,0.0,0.8495917652353338,0.0,0.8272282242620153,0.0,0.8085068782649217,0.0,0.0,0.0,0.8520920773217231,0.6974234108491316,0.0,0.7189847063169812,0.7973838222489521,0.7749537044882303,0.43193790795161324,0.7361575480995828,0.0,0.7334556904174019,0.0,0.7968399305852938,0.7296101774925356,0.806046912381654,0.0,0.0,0.0,0.7141088992938482,0.853566879463306,0.8652868099887943,0.8026193400702534,0.7716456093999408,0.0,0.19349346335358852,0.8558953089807584,0.7980679610228744,0.8511201206843909,0.8440826041553482,0.8521074971722217,0.7948155820728887
0.0,0.7383702528086933,0.2668921926038492,0.7316747941779073,0.4887009876350313,0.4456707172259131,0.3531809651964304,0.16536348050333047,0.0,0.47080753605427766,0.5135148169099379,0.4818712074908839,0.41712062689468815,0.406421113030369,0.0,0.7233985862442023,0.7131431214432549,0.7557935199091409,0.37311417227927396,0.6345039000895056,0.7512325655728371,0.7217223939534511,0.3489994483779512,0.1548020843268574,0.7943537833065413,0.846730883372306,0.3334853133051603,0.3507293271709154,0.4576534360822904,0.6700489476327974,0.39333469013140543,0.3347824944271771,0.6975364993509428,0.35614716362815274,0.6616573434079428,0.3222570648410605,0.32919162291450804,0.7819088036209776,0.8121082700008561,0.0,0.7507123986767008,0.059746878188748964,0.7188807725946482,0.0,0.0,0.0,0.0,0.6043838428167383,0.0,0.7388633166356684,0.784641534188239,0.7863380677842104,0.6961475598225864,0.7389254470699492,0.0,0.46978990008585536,0.0,0.7548137173721232,0.6578593809549247,0.0,0.0,0.0,0.0,0.6713549626190571,0.7688463178008375,0.0,0.7100802796457933,0.7601255234570121,0.0,0.0,0.09187002636268292,0.7632068497497333,0.7989437776334807,0.8412239168452825,0.0,0.7559718065071289
0.8303006231875757,0.02873228407777828,0.46436491859776413,0.0,0.6328360923686764,0.7727614086795511,0.7118648479070079,0.7792111782574206,0.47080753605427766,0.0,0.563140389533796,0.5385605281586321,0.7278370392219683,0.7703741149791465,0.0,0.7355411590444172,0.6887609961735859,0.6615038020398859,0.49667305943120743,0.8611669243518651,0.8410252192594809,0.7940607629068381,0.5143647001544623,0.747468867738657,0.5862734259846146,0.36372192553056637,0.4709068356567248,0.7111031062522056,0.8449332426826897,0.0,0.5697441909930341,0.6907995191209394,0.5553356952676609,0.7211817562434181,0.4208047694693403,0.5846478678056951,0.6584946841273973,0.7333553847478658,0.7724272688591469,0.6665796247545778,0.8551097711229556,0.791493315954095,0.0,0.0,0.8839976165929351,0.9316961900342439,0.0,0.0,0.0,0.0,0.8443844495922326,0.0,0.0,0.0,0.8217595667976269,0.0,0.8654733005391142,0.8418018817103976,0.0,0.0,0.924013874702498,0.7025988802620148,0.6699940734109775,0.0,0.0,0.0,0.0,0.8107364705333344,0.8075161964194595,0.7918760918111813,0.6856846341302762,0.8790380948298061,0.8083311040357752,0.15745777736143654,0.0,0.9101373687853314
0.0,0.0,0.37677460136806185,0.419445080029124,0.5157498254299134,0.3615176720490251,0.47155227113971643,0.39448080036400784,0.5135148169099379,0.563140389533796,0.0,0.8072158390575604,0.45879523025834235,0.501232658060392,0.0,0.0,0.8441535242010515,0.8896565141197434,0.5904465094220236,0.0,0.0,0.0,0.331541596948736,0.07605899643822042,0.8715266150123503,0.8360342789683645,0.3864709901508099,0.44667387352522314,0.0,0.0,0.4782740013854509,0.6193102575575063,0.7744565503428772,0.4148009771322046,0.6982392150187072,0.3730226743070698,0.6186892754733563,0.7653483896038049,0.78654650584933,0.0,0.7809842543433054,0.0,0.7192155430455599,0.0,0.0,0.0,0.0,0.62539337830529,0.0,0.7600897935473688,0.6524208716154496,0.8014220958848685,0.6247299650244271,0.5573646488025239,0.0,0.8555475605788175,0.0,0.7822876801755518,0.8290756450486455,0.0,0.0,0.0,0.0,0.7387392187468351,0.0,0.0,0.0,0.6364077761367256,0.0,0.0,0.0,0.6632077844699539,0.7935356763505421,0.7543064898474953,0.0,0.17640848597253697
0.5551732056657145,0.8466020431635471,0.7647520374503259,0.0,0.8329995542769144,0.7999710057786735,0.7918985033610982,0.8531809272593169,0.4818712074908839,0.5385605281586321,0.8072158390575604,0.0,0.6519647164188463,0.0,0.0,0.9074017282824922,0.6719559952041216,0.686712940235035,0.8286759491967888,0.19788400093400785,0.8210304136414145,0.729895560764003,0.7800234976352877,0.5844056629190969,0.48995461278366254,0.45832310778118257,0.7752194410798966,0.6312110116931153,0.1274738951674078,0.0,0.6325663573498533,0.36924921102509056,0.5034829387522162,0.6709045893000016,0.17674895292337894,0.358642556072302,0.7437154104652954,0.721916718389544,0.6087074997442419,0.680259809886485,0.8817158858760129,0.9735302773483525,0.0,0.0,0.9134729399389337,0.8904882453854142,0.0,0.0,0.0,0.0,0.0,0.0,0.0,0.0,0.7408096459061935,0.0,0.8610605072440672,0.9960794649946818,0.0,0.0,0.9263951181428804,0.7912050057856512,0.6558539655927746,0.0,0.0,0.0,0.0,0.0,0.813294482393256,0.6305397642516027,0.6591621305981994,0.0,0.9951280353013862,0.0,0.0,0.8865023375122084
0.8169440112019961,0.32984261334450543,0.3148413659575233,0.6261044053072561,0.4050639579841044,0.6353457084958181,0.5537898776926233,0.5404996595742118,0.41712062689468815,0.7278370392219683,0.45879523025834235,0.6519647164188463,0.0,0.3570299223644337,0.75716071492049,0.5472244941828754,0.8545410722843365,0.8012041918943,0.45208922445221156,0.5124599308634551,0.5490622700871873,0.49400713214012953,0.5119443826626278,0.8713328402158281,0.7646945573285987,0.6038701132826244,0.5159148350613447,0.7091936999017671,0.6184485839067388,0.5677127639268578,0.6271388907399742,0.6105260164722622,0.5165927174379019,0.6111478000615582,0.45983578157705585,0.4593137019178779,0.532089340632826,0.7570186378202064,0.8314128501628647,0.6964167192569937,0.8482321996691196,0.8392230397296269,0.7976228897624802,0.0,0.0,0.0,0.818629614555888,0.782045115896401,0.0,0.8331055797451161,0.8482863410198334,0.8354393203992672,0.8074035317353759,0.8603610268424386,0.0,0.7804589166363446,0.1780383437746552,0.8189567735865334,0.0,0.8168502349779968,0.7616722287374513,0.0,0.0,0.748272651912155,0.7703541890247159,0.777873534088052,0.601803531607634,0.8456641524886651,0.0,0.8871172653354684,0.5686417882979795,0.8353938865089733,0.8370858915861618,0.805163041784855,0.9007737651602937,0.8055810985626506
0.0,0.0,0.3253893306716801,0.4864304370706898,0.38370668832985644,0.719629372701023,0.40381408095085086,0.4743560365159946,0.406421113030369,0.7703741149791465,0.501232658060392,0.0,0.3570299223644337,0.0,0.0,0.0,0.0,0.0,0.3800947192003046,0.0,0.046316780391506815,0.0,0.4228987812442214,0.0,0.0,0.8087857504000541,0.5843864317613463,0.3785189821582825,0.0,0.0,0.7184972286558224,0.2592310529262432,0.0,0.8017268083914103,0.0,0.3766161119289605,0.18854603967467534,0.0,0.0,0.0,0.0,0.0,0.8648317028386331,0.0,0.0,0.0,0.0,0.8148806191811182,0.0,0.0,0.8338384853339461,0.0,0.6878208704074262,0.891856852487854,0.0,0.7983848627132025,0.0,0.0,0.0,0.0,0.0,0.0,0.0,0.8259467561965825,0.0,0.0,0.0,0.7980875354122979,0.0,0.0,0.0,0.8387238404325941,0.0,0.0,0.0,0.0
0.43620214930974155,0.5581342221438093,0.0,0.0,0.0,0.8112722361688682,0.7039187336757305,0.7714563743661472,0.0,0.0,0.0,0.0,0.75716071492049,0.0,0.0,0.6756522525272293,0.8205918835792794,0.6200020613648107,0.0,0.5940043707950279,0.5817940628234274,0.6131773313966314,0.6058797410583537,0.5435185941341782,0.6070069651254879,0.605904567057318,0.6019695531763337,0.8102809826943249,0.5301539508697521,0.018418217023444722,0.3811529957544729,0.41720966540874466,0.43052866935435774,0.39117735284489974,0.29518342089787286,0.7565668322327872,0.0,0.0,0.6409252067670228,0.7730787039457482,0.6588561110193839,0.6328417632440951,0.8801233058224301,0.0,0.0,0.138939550882235,0.7074810248319171,0.0,0.0,0.0,0.8589778679751527,0.7720570635505112,0.7848726352827728,0.0,0.0,0.0,0.0,0.8649281465930083,0.0,0.8304567497536682,0.7405302648139103,0.0,0.8048304699997538,0.0,0.6800268598476861,0.7239003237216644,0.7920776251177125,0.6449684105056732,0.0,0.8798957222853503,0.7297223891685914,0.7205928688456533,0.8074510555360039,0.6128034716772963,0.8873915309503159,0.638753937315827
0.7018009680994963,0.65728784436886,0.0,0.0,0.7321628146326719,0.5198126636174187,0.537525868241674,0.845670537834389,0.7233985862442023,0.7355411590444172,0.0,0.9074017282824922,0.5472244941828754,0.0,0.6756522525272293,0.0,0.6573271564652685,0.691694081087839,0.0,0.6361931293260639,0.6532530144516989,0.7368398956631727,0.6204648198817319,0.7100437018241703,0.6394548934808658,0.7030817894425302,0.5662852539403471,0.5979149602203037,0.6153746498699914,0.818047311716702,0.5975039797310158,0.5720962127110256,0.6183910214038146,0.6451573952569648,0.36000587673691054,0.0,0.0,0.0,0.7248054544115442,0.6819529193311815,0.6805027736904714,0.8893140970194576,0.0,0.0,0.0,0.6687553284658742,0.69524282584786,0.0,0.0,0.0,0.8518440920430136,0.0,0.0,0.0,0.2011837438567559,0.0,0.2301982524764013,0.8499689385081899,0.0,0.7109882934793059,0.7163241655600435,0.12534203508263755,0.6548444318545591,0.0,0.8678779404678059,0.8338512318767348,0.7279576198082802,0.8132855653845297,0.8193781665233436,0.6380145226450146,0.6761871406162883,0.8112155005422392,0.8375110809290105,0.7377703434951768,0.0,0.707535959118989
0.8459084429522776,0.867847609676009,0.0,0.0,0.8621590998707128,0.744315926626383,0.9005355667751507,0.0,0.7131431214432549,0.6887609961735859,0.8441535242010515,0.6719559952041216,0.8545410722843365,0.0,0.8205918835792794,0.6573271564652685,0.0,0.5200473464181367,0.8576662852628008,0.13223900985590414,0.8403566567034904,0.6002008884439748,0.8170960837442006,0.7775090228650026,0.6262003366417511,0.6773449224686446,0.8730062802002794,0.8405767588425636,0.17191284596509732,0.0,0.7141249623714419,0.8041601363701445,0.6939581043525435,0.926373146116228,0.5661285466361857,0.22392780403834078,0.0,0.8581468259570348,0.9176157470717169,0.7657758931121679,0.8157039055235571,0.9161245719219081,0.0,0.0,0.15917356894958434,0.7860770917273683,0.14115212180809922,0.0,0.0,0.0,0.0,0.0,0.0,0.0,0.8238092119768237,0.0,0.8014779200988184,0.0,0.0,0.0,0.12943024383779755,0.7489273076764149,0.8156831119107154,0.0,0.0,0.0,0.0,0.0,0.736621164984042,0.8055663837038765,0.7978468409081791,0.0,0.0,0.0,0.0,0.9032573246215201
0.664220959082542,0.731198780740631,0.0,0.0,0.08469748408699664,0.7582621785525812,0.6987484240236095,0.8881690799834838,0.7557935199091409,0.6615038020398859,0.8896565141197434,0.686712940235035,0.8012041918943,0.0,0.6200020613648107,0.691694081087839,0.5200473464181367,0.0,0.8655387571864506,0.6578430655267572,0.6893849907219208,0.7399104105886366,0.6611414372077916,0.6856395491203077,0.6942058692442756,0.6946752781638921,0.5809400055020926,0.6486578490746963,0.6256454482438969,0.8163452765192092,0.6567248090667744,0.6473536275356263,0.6345962240088576,0.7323862565295457,0.5017320358818734,0.0,0.0,0.8973538927459204,0.7290107795747118,0.8203296449807012,0.7366292694263605,0.883737564809284,0.0,0.0,0.0,0.6526783450933691,0.6554550481471736,0.0,0.0,0.0,0.1764249765919011,0.0,0.0,0.0,0.770360468291385,0.0,0.7419000469900129,0.9202247256028874,0.0,0.8217370495124924,0.6474877068702871,0.8035753157098207,0.7200941030469458,0.0,0.18702643823181428,0.0,0.7091362957479254,0.22837409307395265,0.7274541428618856,0.7033053919442023,0.7471890177958055,0.18001541941113144,0.16020102367823308,0.8801051640680028,0.0,0.7445326479671003
0.0,0.0,0.35502188040803895,0.025132649199418076,0.437824537366831,0.18925703630693141,0.48261112706435716,0.11150303009152818,0.37311417227927396,0.49667305943120743,0.5904465094220236,0.8286759491967888,0.45208922445221156,0.3800947192003046,0.0,0.0,0.8576662852628008,0.8655387571864506,0.0,0.0,0.0,0.0,0.14414300825420842,0.0,0.0,0.7968527442985717,0.24292085897211066,0.48015997466043675,0.0,0.14288686565508893,0.4760283286462326,0.4280396025653022,0.7999658757563393,0.46142316324782073,0.7119308275329101,0.44000388572087973,0.6853792228877321,0.766415002878742,0.7893254950774735,0.0,0.8248162767360272,0.0,0.7166925342986499,0.0,0.0,0.0,0.0,0.7012877364898212,0.0,0.6932559710524234,0.7794538666944275,0.7488474708547441,0.6828580618520748,0.6856493420529453,0.0,0.669976017664685,0.0,0.6771353063739692,0.7899086087185466,0.0,0.0,0.0,0.0,0.6283440337764093,0.0,0.0,0.0,0.7263293377549984,0.0,0.0,0.0,0.7106373543140465,0.747547325696809,0.8175995822441017,0.0,0.7454122386710077
0.7444793482001657,0.5407380546100397,0.15174996100283444,0.0,0.7396868725403164,0.5551213868593261,0.506721971479954,0.8210866742202092,0.6345039000895056,0.8611669243518651,0.0,0.19788400093400785,0.5124599308634551,0.0,0.5940043707950279,0.6361931293260639,0.13223900985590414,0.6578430655267572,0.0,0.0,0.5838726422741184,0.6941512337435901,0.43899965478335246,0.7654828750913667,0.5916801401482437,0.7054084165415031,0.6003580751683977,0.7272405961231847,0.6672846072040368,0.7211955708023841,0.5128229960948446,0.36055954968147047,0.3188815720926075,0.45083440299824484,0.2528868540302743,0.5140521845372863,0.7375934825500793,0.8392183194129429,0.5729558524316568,0.7594991365685276,0.587533754969561,0.840204349756345,0.8252699103813979,0.0,0.0,0.0,0.6670200339775195,0.0,0.0,0.0,0.8654906973674042,0.8563702898068842,0.7888734927843231,0.8836132719670852,0.0,0.0,0.0,0.8176822866107946,0.0,0.5569822257655608,0.8387560451624954,0.0,0.8223000135240865,0.0,0.6096780146306916,0.5707784676476121,0.6175607825769708,0.7131774510114685,0.0,0.829385874733892,0.6789885777866078,0.6945468325096151,0.8631257701655176,0.7082678761141536,0.8112866136584703,0.6595249055638284
0.611310486999691,0.6347396266880474,0.06103919542374492,0.0,0.0,0.6786031820867539,0.834852187873155,0.5287578163662469,0.7512325655728371,0.8410252192594809,0.0,0.8210304136414145,0.5490622700871873,0.046316780391506815,0.5817940628234274,0.6532530144516989,0.8403566567034904,0.6893849907219208,0.0,0.5838726422741184,0.0,0.7383473784571721,0.6412125887562617,0.7164994056857618,0.6960853414393002,0.5874050724216412,0.5674501354861393,0.6891936336882553,0.6189772758447227,0.869647511561385,0.4728029198206662,0.47669818757000165,0.491497299713061,0.3931175387766294,0.21957619890752608,0.727797187647717,0.0,0.08739961176992384,0.6002734763390348,0.8265707317201728,0.8215896223003535,0.7638186633494688,0.0,0.0,0.0,0.6458747244370966,0.65490408581745,0.0,0.0,0.0,0.8408227654603208,0.0,0.18290357696139423,0.0,0.0,0.0,0.0,0.9199631422784995,0.0,0.6194344806155223,0.8650823689186666,0.0,0.0,0.0,0.5823705306515202,0.5103362137208906,0.6079782202451327,0.6728887090953674,0.0,0.8161277576753492,0.6572126721828351,0.6235152457749843,0.7721967536374772,0.6743612071125451,0.9084931303222901,0.51835330558485
0.5522595135894408,0.6102702882376196,0.8113219271663888,0.0,0.7444542565942892,0.5817161825975109,0.4896567016129477,0.4779795284875592,0.7217223939534511,0.7940607629068381,0.0,0.729895560764003,0.49400713214012953,0.0,0.6131773313966314,0.7368398956631727,0.6002008884439748,0.7399104105886366,0.0,0.6941512337435901,0.7383473784571721,0.0,0.5375251725027073,0.6590010025237202,0.6582658337391475,0.7181121602313698,0.6180865689880558,0.6519708626334213,0.657313189577603,0.618891934424738,0.5712170092532171,0.43308176921781694,0.42421300292642644,0.5402395909706652,0.38331604141715014,0.6967487953241647,0.7433249701131489,0.7549598127974718,0.7081619465735721,0.7750205274835773,0.6958841455271259,0.6721038588749022,0.8580118166124238,0.0,0.0,0.5921834046669383,0.7149241171726516,0.0,0.0,0.0,0.8530858063832483,0.8554965784192627,0.902944117864285,0.0,0.0,0.0,0.0,0.7791481923809205,0.0,0.7568765256940724,0.7384918376813315,0.0,0.7301822476195657,0.0,0.6457304212323406,0.7233347756447036,0.7334275794688221,0.6433176224102108,0.0,0.6593626607275836,0.7712533692310681,0.6382883390400479,0.6848082783550603,0.6232383852843295,0.9158734459152716,0.6667499422190959
0.7071873129187095,0.5772984498539119,0.14728177463470427,0.0,0.4450658554611119,0.609540892117852,0.5034714454820729,0.5104215181113082,0.3489994483779512,0.5143647001544623,0.331541596948736,0.7800234976352877,0.5119443826626278,0.4228987812442214,0.6058797410583537,0.6204648198817319,0.8170960837442006,0.6611414372077916,0.14414300825420842,0.43899965478335246,0.6412125887562617,0.5375251725027073,0.0,0.767515553221532,0.6333104056488049,0.6852661801494212,0.6226615617756284,0.6015269857749732,0.5417328514834509,0.583185164701162,0.46818943142278135,0.4251414365997489,0.589644089249423,0.3429569917066629,0.14533844546456431,0.3927765545847315,0.3708179145399746,0.7439807622508496,0.7009962809997653,0.7707498911123277,0.6882541617922,0.8079572812867069,0.8222019552599519,0.0,0.0,0.8047733738209257,0.7124928176083968,0.7080628884827271,0.0,0.7690228603848913,0.7557643347132429,0.8625158574054673,0.6625600830082123,0.7820710552749488,0.814668997869611,0.6251021286566217,0.0,0.8573645737593809,0.8034638993014828,0.6066816900996939,0.9033820035566112,0.0,0.12355882195104373,0.7954887864170069,0.6900407414315474,0.6915513639719675,0.6302467247190064,0.857326395180348,0.0,0.917114118430373,0.6482103631728242,0.7541149317313891,0.8672170405993335,0.7716805778120177,0.8664933588956507,0.6894206467538123
0.542411196293656,0.9079327918069843,0.0,0.0,0.09909439288647226,0.9054352394111702,0.896783892996363,0.7522412866229364,0.1548020843268574,0.747468867738657,0.07605899643822042,0.5844056629190969,0.8713328402158281,0.0,0.5435185941341782,0.7100437018241703,0.7775090228650026,0.6856395491203077,0.0,0.7654828750913667,0.7164994056857618,0.6590010025237202,0.767515553221532,0.0,0.6200001116539011,0.457015122510931,0.8399926953846617,0.5591531566182187,0.8978265159105269,0.0,0.6766465594727378,0.34333068312284953,0.5013036375024207,0.7709056636965403,0.42661393942931375,0.6380095070824555,0.7833679743290412,0.6851832234398587,0.8781498677823453,0.7086201419353345,0.6636749237917329,0.9308720056525797,0.0,0.0,0.7809989609199448,0.330049269977538,0.8333826982450336,0.0,0.0,0.0,0.0,0.0,0.0,0.0,0.8530878688223626,0.0,0.771596179582338,0.0,0.0,0.0,0.8033771300283723,0.8203750515426913,0.6579634400499766,0.0,0.0,0.0,0.24387587442328895,0.0,0.5383683102066401,0.6765666674897453,0.6868110473649733,0.0,0.0,0.0,0.0,0.7828136044628219
0.7250967546859098,0.6415749470272214,0.7573861019643577,0.0,0.8122591877713384,0.49968830405559334,0.7990590011148064,0.8139312830403822,0.7943537833065413,0.5862734259846146,0.8715266150123503,0.48995461278366254,0.7646945573285987,0.0,0.6070069651254879,0.6394548934808658,0.6262003366417511,0.6942058692442756,0.0,0.5916801401482437,0.6960853414393002,0.6582658337391475,0.6333104056488049,0.6200001116539011,0.0,0.5672340367771973,0.5807879397180191,0.6077609711504561,0.5421125750946333,0.8089788956757026,0.6987093272384303,0.5676971810108717,0.6648913187877152,0.7348405236536696,0.45214042086866424,0.18502338055160547,0.0,0.8115407932260286,0.6733805904128413,0.7817965307235745,0.6704664592492048,0.6596746003850572,0.0,0.0,0.7875270407250683,0.6168098060110776,0.6289271484082434,0.0,0.0,0.0,0.8995744521045266,0.0,0.0,0.0,0.7752299045485949,0.0,0.7070688193077894,0.8411889095947944,0.0,0.8708838137959131,0.6224146958293979,0.7724731977333115,0.6974450623882287,0.0,0.9133259852927704,0.8579426780362672,0.6982286560131017,0.8449398861091043,0.7170596894172369,0.6475602221974528,0.6997008022192699,0.31517940846543563,0.9093404004840466,0.7944002043058507,0.0,0.6838536398637926
0.604521435941912,0.5459650871225541,0.795403072005286,0.0,0.8538249547180873,0.5791870519573,0.577684805498598,0.7462341183447811,0.846730883372306,0.36372192553056637,0.8360342789683645,0.45832310778118257,0.6038701132826244,0.8087857504000541,0.605904567057318,0.7030817894425302,0.6773449224686446,0.6946752781638921,0.7968527442985717,0.7054084165415031,0.5874050724216412,0.7181121602313698,0.6852661801494212,0.457015122510931,0.5672340367771973,0.0,0.7254987132598012,0.6353861029848668,0.5808162115001918,0.8338567196623409,0.6655989185613272,0.6521741792099879,0.6744118607267288,0.6770184602355951,0.4633936392980218,0.8566948936946753,0.0,0.4832801353950821,0.6716881724256268,0.733210338994892,0.6801251586707848,0.640740717539793,0.7083616448486261,0.0,0.8096859840160527,0.6206582045911544,0.6656172617077012,0.0,0.0,0.0,0.7685861367443219,0.8334287786983554,0.8692956857156906,0.0,0.7096475735543095,0.0,0.7477125267245757,0.8563106902163965,0.0,0.7797731534946497,0.6629754040075195,0.7700959790623813,0.7076394175907605,0.0,0.6816661303019217,0.6816588994933106,0.7146923386945031,0.6291981562870486,0.7390184267019622,0.6644745642584621,0.6735083617751784,0.6657706186510088,0.7049605591741894,0.6117318902226928,0.0,0.65874132894645
0.7123089078317305,0.5221655914633223,0.33785402674584963,0.1313323162786547,0.2562914978648263,0.46265137104070814,0.3821230909177853,0.4616260024590315,0.3334853133051603,0.4709068356567248,0.3864709901508099,0.7752194410798966,0.5159148350613447,0.5843864317613463,0.6019695531763337,0.5662852539403471,0.8730062802002794,0.5809400055020926,0.24292085897211066,0.6003580751683977,0.5674501354861393,0.6180865689880558,0.6226615617756284,0.8399926953846617,0.5807879397180191,0.7254987132598012,0.0,0.5911302599229458,0.6462113960206131,0.49818875946228025,0.38887637477652526,0.41959849035220753,0.47911040217893036,0.2335649899698988,0.0820317294099089,0.46579682504818654,0.279354320499585,0.7278546981567152,0.6412110273228916,0.8351142861155586,0.6172806154528396,0.838860821224407,0.8596601364311635,0.0,0.0,0.0,0.861943934702419,0.5588539223853837,0.0,0.812473193946998,0.7057301007458823,0.8412674313885733,0.8143042001030045,0.7692429318513889,0.8811054501677771,0.7271611887478046,0.0,0.8398661032906045,0.8298525649308546,0.604337523124284,0.8903129302921895,0.0,0.8747910549458092,0.6891694037384348,0.6698443736951454,0.6375427164286663,0.6179362792558686,0.8253625410914588,0.0,0.8857715853099241,0.6407016226181024,0.752378051037129,0.852708783622464,0.7311897938769194,0.8166786289772251,0.6417439330832871
0.6792350790523289,0.4455360654005934,0.4219081752637441,0.2172158697533469,0.3943888315394216,0.6841039667338206,0.6147642260498144,0.6224356166512177,0.3507293271709154,0.7111031062522056,0.44667387352522314,0.6312110116931153,0.7091936999017671,0.3785189821582825,0.8102809826943249,0.5979149602203037,0.8405767588425636,0.6486578490746963,0.48015997466043675,0.7272405961231847,0.6891936336882553,0.6519708626334213,0.6015269857749732,0.5591531566182187,0.6077609711504561,0.6353861029848668,0.5911302599229458,0.0,0.698995270993736,0.6235923680050022,0.6268769592135055,0.671191384185042,0.5343002512185817,0.512883451765763,0.2702837645621549,0.5685194367987021,0.5437413872396394,0.35643936529888254,0.6053699787208539,0.648303054293133,0.8136170259879991,0.8247445992039394,0.8803898933338513,0.0,0.0,0.0,0.8028559528146975,0.8159605849158671,0.0,0.8496107835377151,0.8606760447571408,0.8456611985979202,0.7246792771572315,0.8540916483595319,0.15974286617631545,0.7544700956049039,0.17772782057921033,0.8036461750271874,0.0,0.7944822169527602,0.886619216413793,0.0,0.0,0.7453146292636657,0.8100150325265869,0.7870075795910243,0.5890233229282515,0.875300203877815,0.0,0.8337967446054916,0.6753617248324626,0.8440408761077726,0.853820447947896,0.8432287798438487,0.8961138028227142,0.8191713836586721
0.6854455923388584,0.3694529291205908,0.7902490497703166,0.0,0.8341806687797461,0.6595179557892971,0.5580963852458303,0.608650067460881,0.4576534360822904,0.8449332426826897,0.0,0.1274738951674078,0.6184485839067388,0.0,0.5301539508697521,0.6153746498699914,0.17191284596509732,0.6256454482438969,0.0,0.6672846072040368,0.6189772758447227,0.657313189577603,0.5417328514834509,0.8978265159105269,0.5421125750946333,0.5808162115001918,0.6462113960206131,0.698995270993736,0.0,0.5937319829395287,0.4984744689780547,0.4881758680541101,0.34845947878531935,0.40018684532575577,0.29303465460807204,0.5373533490135101,0.7360432053167361,0.0,0.6383548405719346,0.8518142812089216,0.5088360612894991,0.8445489120832852,0.7009510181964109,0.0,0.0,0.0,0.5805108092543222,0.8738694835901797,0.0,0.04378915934479152,0.8081818930359113,0.8858819913900542,0.8205549312389928,0.9180247404140143,0.0,0.8447307742509087,0.0,0.8368304588420659,0.0,0.5524226931508107,0.7925341350666093,0.0,0.1390582611268078,0.7511382256538855,0.6643255433840682,0.5419899940013001,0.5589185502462929,0.8301698117048026,0.0,0.8340073279975949,0.5747742627065304,0.7151890605424257,0.8407463466250693,0.8164372490066376,0.8433875664417188,0.8074387895180647
0.0,0.05916969314881819,0.12430546483906929,0.0,0.0,0.5235717510831013,0.7387481443933223,0.5878126081951565,0.6700489476327974,0.0,0.0,0.0,0.5677127639268578,0.0,0.018418217023444722,0.818047311716702,0.0,0.8163452765192092,0.14288686565508893,0.7211955708023841,0.869647511561385,0.618891934424738,0.583185164701162,0.0,0.8089788956757026,0.8338567196623409,0.49818875946228025,0.6235923680050022,0.5937319829395287,0.0,0.3927120321238571,0.5152855714840052,0.673884134710014,0.29515835624111114,0.6673678657814659,0.12642184199081233,0.0,0.0,0.0,0.0,0.8443236133060324,0.0,0.6948773540356092,0.0,0.0,0.0,0.0,0.0,0.0,0.0,0.8970458731785662,0.7914800374795312,0.7560971661874126,0.0,0.0,0.0,0.0,0.8860258567388916,0.0,0.7360005795433847,0.0,0.0,0.0,0.0,0.8841860473906397,0.0,0.1080794770936227,0.8757595243662897,0.0,0.0,0.0,0.8309324762976409,0.8315554916760611,0.8086270637174097,0.0,0.18572183626317398
0.5891935081855689,0.584510998609644,0.37790473318933226,0.6516516049048554,0.4404780302025969,0.4472470041385483,0.5858627681129602,0.5072433404695537,0.39333469013140543,0.5697441909930341,0.4782740013854509,0.6325663573498533,0.6271388907399742,0.7184972286558224,0.3811529957544729,0.5975039797310158,0.7141249623714419,0.6567248090667744,0.4760283286462326,0.5128229960948446,0.4728029198206662,0.5712170092532171,0.46818943142278135,0.6766465594727378,0.6987093272384303,0.6655989185613272,0.38887637477652526,0.6268769592135055,0.4984744689780547,0.3927120321238571,0.0,0.626386745171688,0.6295674137495654,0.5115077860588493,0.25905789522189193,0.5050942228316398,0.743827804727506,0.4480362397624984,0.5925518809288727,0.879661653170289,0.5439534998849894,0.7627751072869788,0.8067592099408645,0.0,0.0,0.8367493521325974,0.6929388565246855,0.7943428264542622,0.0,0.0,0.7361242769039363,0.82964773148482,0.7984863982183561,0.8689758256843507,0.913523977189421,0.0,0.917586487764597,0.786248061664305,0.0,0.5890093213301728,0.7223194288524398,0.8074466262144229,0.8170694218841157,0.7865645751689534,0.6463322734842917,0.7151426782372352,0.5855966591250004,0.7452262028003447,0.8899929686599507,0.6923680659811978,0.6981898161475565,0.6634787756846667,0.6620597454573283,0.6553059712560563,0.9201110399497285,0.5780142686578733
0.6265818806086378,0.5001490390791439,0.3264236918863145,0.4856203203509826,0.6197189388692449,0.4640266488785957,0.6320202309567411,0.6648059251874747,0.3347824944271771,0.6907995191209394,0.6193102575575063,0.36924921102509056,0.6105260164722622,0.2592310529262432,0.41720966540874466,0.5720962127110256,0.8041601363701445,0.6473536275356263,0.4280396025653022,0.36055954968147047,0.47669818757000165,0.43308176921781694,0.4251414365997489,0.34333068312284953,0.5676971810108717,0.6521741792099879,0.41959849035220753,0.671191384185042,0.4881758680541101,0.5152855714840052,0.626386745171688,0.0,0.5642506372586527,0.5838157396279101,0.5499003831463913,0.7703493880877141,0.5639919777042915,0.5052390992011274,0.2164541883126712,0.4141302705607363,0.3663119968392428,0.43691589604692954,0.8184915802802171,0.7617062869355673,0.7375962124367395,0.8904461523733403,0.6908790631869183,0.7732843355878289,0.0,0.03900325623608436,0.7383097724189339,0.851823457503561,0.8340919618282143,0.8065673425516473,0.6283941428243757,0.8360140505946185,0.6704523888535664,0.6594325640041977,0.0,0.6565192990763992,0.6912307315031865,0.0,0.8117473319784367,0.8305659675535007,0.6058551514133976,0.8106541080020975,0.6460896309546499,0.7510571502057215,0.5809720934106203,0.6318835039014836,0.617826735538745,0.6770074865417639,0.7937656642098244,0.6576632484548635,0.8981689469990458,0.6001735617797582
0.4630361158308522,0.4515928092766948,0.7152259086999627,0.0,0.7557072885324625,0.7181205410638705,0.6980892797831978,0.724736293336768,0.6975364993509428,0.5553356952676609,0.7744565503428772,0.5034829387522162,0.5165927174379019,0.0,0.43052866935435774,0.6183910214038146,0.6939581043525435,0.6345962240088576,0.7999658757563393,0.3188815720926075,0.491497299713061,0.42421300292642644,0.589644089249423,0.5013036375024207,0.6648913187877152,0.6744118607267288,0.47911040217893036,0.5343002512185817,0.34845947878531935,0.673884134710014,0.6295674137495654,0.5642506372586527,0.0,0.6748456301552441,0.2203587103782106,0.28597295016975843,0.2887377458393181,0.2731169930299678,0.33813967698579767,0.47934928191184506,0.30350733447401596,0.7236156387473194,0.0,0.0,0.622176133544392,0.0,0.6760306279548095,0.0,0.0,0.0,0.790691200323523,0.0,0.0,0.0,0.8192094260188738,0.0,0.710602510215394,0.0,0.0,0.7683308025831511,0.6677905424570262,0.5930774177600541,0.6780396913054476,0.0,0.08220043224107149,0.017655243137200453,0.6877955296930736,0.07750155714190196,0.7687371996035317,0.6302976049556527,0.6755560830125495,0.9181431020923122,0.5803796323771235,0.9039826605069681,0.0,0.9104315966370414
0.608537654639968,0.5292492814008478,0.32099175477023745,0.0862237647728887,0.45030692442520764,0.34997992337414585,0.6172435741065525,0.39183288183173676,0.35614716362815274,0.7211817562434181,0.4148009771322046,0.6709045893000016,0.6111478000615582,0.8017268083914103,0.39117735284489974,0.6451573952569648,0.926373146116228,0.7323862565295457,0.46142316324782073,0.45083440299824484,0.3931175387766294,0.5402395909706652,0.3429569917066629,0.7709056636965403,0.7348405236536696,0.6770184602355951,0.2335649899698988,0.512883451765763,0.40018684532575577,0.29515835624111114,0.5115077860588493,0.5838157396279101,0.6748456301552441,0.0,0.18381057240320003,0.5476889116274608,0.2827165907570571,0.36343983611360287,0.4582814072716865,0.6241480531999679,0.46100318912527954,0.7158752069623351,0.5630171874578913,0.0,0.5894086555453639,0.7000233406267151,0.7168709915634665,0.7461849479943764,0.0,0.10582014883547211,0.6403652397184202,0.8483272869494596,0.8403223043093387,0.8545526036688127,0.8299757119309614,0.9337392880921098,0.7955954428105514,0.8516217282950587,0.0,0.6525675389608071,0.750405698379384,0.8719947113439145,0.6890496933626332,0.8360352146620995,0.6112041312341222,0.9252606716153742,0.6324961321661782,0.6560379764102894,0.8412431272578973,0.6746578805761886,0.7037166994804318,0.6138791803784228,0.7314784718093769,0.6212018560093825,0.14689662402877876,0.5230992568172116
0.14098735809623975,0.330921667086773,0.5176621153190439,0.1474807155040367,0.7174716833741557,0.2608630011327891,0.4668686557379346,0.7231079107563915,0.6616573434079428,0.4208047694693403,0.6982392150187072,0.17674895292337894,0.45983578157705585,0.0,0.29518342089787286,0.36000587673691054,0.5661285466361857,0.5017320358818734,0.7119308275329101,0.2528868540302743,0.21957619890752608,0.38331604141715014,0.14533844546456431,0.42661393942931375,0.45214042086866424,0.4633936392980218,0.0820317294099089,0.2702837645621549,0.29303465460807204,0.6673678657814659,0.25905789522189193,0.5499003831463913,0.2203587103782106,0.18381057240320003,0.0,0.36917326115554444,0.21877225064966332,0.16634257138586472,0.7041825867194859,0.6512845076569733,0.7195073388005877,0.7433210164418113,0.7364012798772362,0.0,0.6379858438413673,0.0,0.8219321253588505,0.0,0.0,0.0,0.8531706888794797,0.0,0.0,0.0,0.1949493151008111,0.0,0.97325425749608,0.8323831187509412,0.0,0.8095868386478702,0.8720975643553833,0.0,0.8658809102148215,0.0,0.8177130918806108,0.07892497816722414,0.6027196144097201,0.8357616501892703,0.0,0.7429245127120716,0.7442133176056309,0.8410782406529071,0.8155115727516713,0.8776157977907805,0.0,0.1689757946656756
0.0,0.0,0.34067270375094316,0.32739772481871493,0.48579830906382626,0.4323503447632154,0.5055949061910185,0.40007196011389756,0.3222570648410605,0.5846478678056951,0.3730226743070698,0.358642556072302,0.4593137019178779,0.3766161119289605,0.7565668322327872,0.0,0.22392780403834078,0.0,0.44000388572087973,0.5140521845372863,0.727797187647717,0.6967487953241647,0.3927765545847315,0.6380095070824555,0.18502338055160547,0.8566948936946753,0.46579682504818654,0.5685194367987021,0.5373533490135101,0.12642184199081233,0.5050942228316398,0.7703493880877141,0.28597295016975843,0.5476889116274608,0.36917326115554444,0.0,0.4005512858078308,0.3855310836462774,0.6482846506846405,0.7922122701716603,0.668561130803977,0.4826418928283305,0.7792700877727833,0.0,0.6172034549016897,0.0,0.0,0.7052896881429669,0.0,0.8102403968058403,0.8733264133344459,0.869888074078679,0.8144123183673035,0.7964282082572532,0.0,0.74471460564452,0.0,0.7815015373217863,0.8395369757263421,0.6261490433787754,0.0,0.0,0.0,0.7913906216919802,0.6928196263458367,0.0,0.6916620514471267,0.7780820283363309,0.0,0.0,0.8214675341537147,0.7251098230910241,0.7137661204008232,0.7423383961820916,0.0,0.7512404757745459
0.0,0.0,0.7544844752234879,0.28528044963850263,0.16549782972541877,0.7549729200175239,0.7766243705822644,0.840070688104144,0.32919162291450804,0.6584946841273973,0.6186892754733563,0.7437154104652954,0.532089340632826,0.18854603967467534,0.0,0.0,0.0,0.0,0.6853792228877321,0.7375934825500793,0.0,0.7433249701131489,0.3708179145399746,0.7833679743290412,0.0,0.0,0.279354320499585,0.5437413872396394,0.7360432053167361,0.0,0.743827804727506,0.5639919777042915,0.2887377458393181,0.2827165907570571,0.21877225064966332,0.4005512858078308,0.0,0.5388524752863109,0.6640208443365235,0.6420021354705786,0.4637425469908796,0.0,0.07961212388792839,0.0,0.0,0.0,0.0,0.0,0.0,0.0,0.0,0.0,0.0,0.0,0.0,0.0,0.0,0.0,0.0,0.0,0.0,0.0,0.0,0.0,0.0,0.0,0.0,0.0,0.0,0.0,0.0,0.0823843340422502,0.0,0.0,0.0,0.0
0.8149437683174208,0.0,0.7214410643127097,0.0,0.7926852679583348,0.8044915793822541,0.8217841065237885,0.0,0.7819088036209776,0.7333553847478658,0.7653483896038049,0.721916718389544,0.7570186378202064,0.0,0.0,0.0,0.8581468259570348,0.8973538927459204,0.766415002878742,0.8392183194129429,0.08739961176992384,0.7549598127974718,0.7439807622508496,0.6851832234398587,0.8115407932260286,0.4832801353950821,0.7278546981567152,0.35643936529888254,0.0,0.0,0.4480362397624984,0.5052390992011274,0.2731169930299678,0.36343983611360287,0.16634257138586472,0.3855310836462774,0.5388524752863109,0.0,0.5470503550401355,0.5950539399575283,0.6237227804467684,0.6827433501988963,0.0,0.0,0.629548145136427,0.0,0.0,0.0,0.0,0.0,0.0,0.0,0.0,0.0,0.8842213519734166,0.0,0.8546828393639732,0.0,0.0,0.0,0.0,0.008069046690378006,0.07135593540336821,0.0,0.0,0.0,0.0,0.0,0.8249703384702549,0.7313019682673594,0.8633471326764253,0.0,0.0,0.0,0.0,0.0
0.8094080434898446,0.6615951398146727,0.7208111350978496,0.0,0.843342276143454,0.713490046614832,0.8293823784733811,0.8495917652353338,0.8121082700008561,0.7724272688591469,0.78654650584933,0.6087074997442419,0.8314128501628647,0.0,0.6409252067670228,0.7248054544115442,0.9176157470717169,0.7290107795747118,0.7893254950774735,0.5729558524316568,0.6002734763390348,0.7081619465735721,0.7009962809997653,0.8781498677823453,0.6733805904128413,0.6716881724256268,0.6412110273228916,0.6053699787208539,0.6383548405719346,0.0,0.5925518809288727,0.2164541883126712,0.33813967698579767,0.4582814072716865,0.7041825867194859,0.6482846506846405,0.6640208443365235,0.5470503550401355,0.0,0.5308220550951845,0.6267183189400904,0.7045940736088459,0.30378382788513075,0.31772255289714263,0.45418383433875475,0.5200283169613487,0.5375828567180287,0.38284109139142913,0.5331138704350816,0.5296669666885607,0.5350077793973338,0.4396435233014075,0.5821556788837292,0.429131554258131,0.42474348418242036,0.5579657661148741,0.3861301510687186,0.5893533651706339,0.29272052702213197,0.3494994106273935,0.5576408237466491,0.7415135917013457,0.6922266885973654,0.4375315707135628,0.42110556228792667,0.493581033274964,0.3968802839147128,0.5464747566185085,0.6155302157240926,0.6241281256868793,0.5148665130476215,0.4393538634953019,0.6397050073727513,0.44939304034594385,0.8459234256829509,0.5989052737865515
0.6584648068079613,0.7086689821149137,0.0,0.0,0.0,0.1433263162753388,0.0,0.0,0.0,0.6665796247545778,0.0,0.680259809886485,0.6964167192569937,0.0,0.7730787039457482,0.6819529193311815,0.7657758931121679,0.8203296449807012,0.0,0.7594991365685276,0.8265707317201728,0.7750205274835773,0.7707498911123277,0.7086201419353345,0.7817965307235745,0.733210338994892,0.8351142861155586,0.648303054293133,0.8518142812089216,0.0,0.879661653170289,0.4141302705607363,0.47934928191184506,0.6241480531999679,0.6512845076569733,0.7922122701716603,0.6420021354705786,0.5950539399575283,0.5308220550951845,0.0,0.699611661394719,0.3551741134527885,0.21803706200598683,0.548414734011593,0.5084806820223735,0.43122424080903526,0.5301086332223698,0.7415467720326997,0.0,0.8684390491632591,0.2892523499009173,0.693344462588416,0.6459697918025308,0.2519529382297587,0.7514754685871704,0.8157874738993978,0.5025155662299468,0.557891816834539,0.0,0.32336919591821306,0.5497216294199342,0.7712042396726227,0.6039835063776577,0.8414528217821793,0.4085444530772203,0.5399749934004673,0.37203009971871226,0.33040798930619875,0.4828771116264224,0.5648290968134675,0.5462005222031997,0.3429569872375879,0.7063498581989964,0.19532328137564842,0.7282493305164899,0.5580762520975153
0.8398543523768418,0.6052700203301086,0.6951921726001429,0.0,0.8093229391385158,0.6829700934486174,0.7936648919366065,0.8272282242620153,0.7507123986767008,0.8551097711229556,0.7809842543433054,0.8817158858760129,0.8482321996691196,0.0,0.6588561110193839,0.6805027736904714,0.8157039055235571,0.7366292694263605,0.8248162767360272,0.587533754969561,0.8215896223003535,0.6958841455271259,0.6882541617922,0.6636749237917329,0.6704664592492048,0.6801251586707848,0.6172806154528396,0.8136170259879991,0.5088360612894991,0.8443236133060324,0.5439534998849894,0.3663119968392428,0.30350733447401596,0.46100318912527954,0.7195073388005877,0.668561130803977,0.4637425469908796,0.6237227804467684,0.6267183189400904,0.699611661394719,0.0,0.18751026880532362,0.42409362412223545,0.6518290828893583,0.6735417974105506,0.4225416552699473,0.38235783730400574,0.26366562070756216,0.6582835135315421,0.4441867237931117,0.4415448066109549,0.3612813926602912,0.4009784900540773,0.28158830080354535,0.5268708619155699,0.3740369988278521,0.6309139896582311,0.38990135057586683,0.6106900325833841,0.18082108621712378,0.5149952934180184,0.6576733018103444,0.5424932517930421,0.2911082381851323,0.3847148866122716,0.36154577907692353,0.3888535324857276,0.4514059779647496,0.6563029304876822,0.6002785912020484,0.5083238779420043,0.37019734867387283,0.6075885828797308,0.3466010182548467,0.39019876972775414,0.20198485673906996
0.6936261903952168,0.5812468619546584,0.0,0.0,0.0,0.8058288150158444,0.7527280407349026,0.0,0.059746878188748964,0.791493315954095,0.0,0.9735302773483525,0.8392230397296269,0.0,0.6328417632440951,0.8893140970194576,0.9161245719219081,0.883737564809284,0.0,0.840204349756345,0.7638186633494688,0.6721038588749022,0.8079572812867069,0.9308720056525797,0.6596746003850572,0.640740717539793,0.838860821224407,0.8247445992039394,0.8445489120832852,0.0,0.7627751072869788,0.43691589604692954,0.7236156387473194,0.7158752069623351,0.7433210164418113,0.4826418928283305,0.0,0.6827433501988963,0.7045940736088459,0.3551741134527885,0.18751026880532362,0.0,0.396302144546699,0.17253132458474177,0.5847189660604871,0.8121331439584601,0.3347168506695005,0.6791547276819141,0.6402771011944877,0.683799092113876,0.46388144351669125,0.5685301854180006,0.7986899000862971,0.6717319465675893,0.5686991726499008,0.7439921367713077,0.5362998688347476,0.4269312675476107,0.0,0.12270029942598128,0.46570006230469274,0.5552354776786486,0.44136496833232003,0.7081302101839048,0.2756929120057269,0.7593673027707072,0.2597428554038291,0.35936592749947976,0.7252721328987497,0.46426184923102815,0.3130825425033523,0.33466205225249324,0.5027309218531895,0.27808885132304206,0.7683448195613443,0.279627385148031
0.0,0.0,0.7808877327699049,0.0,0.8585818897473185,0.8674968804863391,0.7700705305846249,0.8085068782649217,0.7188807725946482,0.0,0.7192155430455599,0.0,0.7976228897624802,0.8648317028386331,0.8801233058224301,0.0,0.0,0.0,0.7166925342986499,0.8252699103813979,0.0,0.8580118166124238,0.8222019552599519,0.0,0.0,0.7083616448486261,0.8596601364311635,0.8803898933338513,0.7009510181964109,0.6948773540356092,0.8067592099408645,0.8184915802802171,0.0,0.5630171874578913,0.7364012798772362,0.7792700877727833,0.07961212388792839,0.0,0.30378382788513075,0.21803706200598683,0.42409362412223545,0.396302144546699,0.0,0.4819741414756017,0.706931265277131,0.0,0.7179117396808419,0.1867734717805033,0.4788628095245751,0.2942032837415159,0.4323244475434094,0.3701632946845438,0.33653133654810996,0.3598986088140255,0.5693845007289419,0.3956846468649843,0.7146001453843401,0.5174378187980094,0.5070919334503106,0.9003366424563248,0.18557676400373818,0.8097935822183749,0.808931732440853,0.3223347683253831,0.7412410427633179,0.8631575688101247,0.7756775476229674,0.30637997871639644,0.11280465055705735,0.8408274174349432,0.8130232698796229,0.46035147327767,0.45508648802974017,0.531161104261896,0.0,0.5745065230411497
0.0,0.0,0.0,0.0,0.0,0.0,0.0,0.0,0.0,0.0,0.0,0.0,0.0,0.0,0.0,0.0,0.0,0.0,0.0,0.0,0.0,0.0,0.0,0.0,0.0,0.0,0.0,0.0,0.0,0.0,0.0,0.7617062869355673,0.0,0.0,0.0,0.0,0.0,0.0,0.31772255289714263,0.548414734011593,0.6518290828893583,0.17253132458474177,0.4819741414756017,0.0,0.5581479063936909,0.0,0.0,0.03279514206746437,0.6665464330533681,0.5857997111192279,0.6760517167798079,0.569232099449063,0.5229261375144328,0.4975028710434545,0.9253430273401342,0.7275659605008488,0.6128103717321209,0.7314211544180003,0.46303176620976777,0.0,0.0,0.0,0.0,0.11745886115422925,0.0,0.0,0.0,0.8552781908214854,0.6978199855089646,0.0,0.0,0.0,0.6440157355309638,0.0,0.0,0.0
0.0,0.0,0.0,0.0,0.0,0.0,0.0,0.0,0.0,0.8839976165929351,0.0,0.9134729399389337,0.0,0.0,0.0,0.0,0.15917356894958434,0.0,0.0,0.0,0.0,0.0,0.0,0.7809989609199448,0.7875270407250683,0.8096859840160527,0.0,0.0,0.0,0.0,0.0,0.7375962124367395,0.622176133544392,0.5894086555453639,0.6379858438413673,0.6172034549016897,0.0,0.629548145136427,0.45418383433875475,0.5084806820223735,0.6735417974105506,0.5847189660604871,0.706931265277131,0.5581479063936909,0.0,0.8867073160430023,0.0,0.0,0.0,0.7844587054360742,0.7595030961323445,0.7745258129423482,0.0,0.7973001166516154,0.6305625770583912,0.7684845103049419,0.49197353034031593,0.898070132686008,0.0,0.0,0.0,0.9520158138052168,0.8731320329809897,0.7877249190559542,0.0,0.0,0.0,0.8507185062391219,0.6703175581081318,0.8251354353420285,0.5308188165558506,0.11392910424294737,0.6354095927506378,0.0,0.0,0.5571374480611693
0.1582154957725319,0.642948662400578,0.0,0.0,0.0,0.0,0.0,0.0,0.0,0.9316961900342439,0.0,0.8904882453854142,0.0,0.0,0.138939550882235,0.6687553284658742,0.7860770917273683,0.6526783450933691,0.0,0.0,0.6458747244370966,0.5921834046669383,0.8047733738209257,0.330049269977538,0.6168098060110776,0.6206582045911544,0.0,0.0,0.0,0.0,0.8367493521325974,0.8904461523733403,0.0,0.7000233406267151,0.0,0.0,0.0,0.0,0.5200283169613487,0.43122424080903526,0.4225416552699473,0.8121331439584601,0.0,0.0,0.8867073160430023,0.0,0.5706414046343967,0.0,0.0,0.0,0.8948882712092946,0.0,0.7065545827500266,0.0,0.7518998981098092,0.0,0.6735222278024453,0.9062261798038251,0.0,0.4196581378886667,0.6267862319822777,0.9000969983573461,0.707011543713822,0.0,0.8311657836449885,0.5686811589588827,0.456274547486208,0.7061051706536833,0.6053407147083234,0.6970486820969699,0.5871908009935428,0.6260829064804236,0.9351132630949375,0.8233034282850344,0.0,0.8274499924027932
0.5697011749143301,0.6678538758734333,0.0,0.0,0.0,0.8396986722871126,0.8025582573563899,0.8520920773217231,0.0,0.0,0.0,0.0,0.818629614555888,0.0,0.7074810248319171,0.69524282584786,0.14115212180809922,0.6554550481471736,0.0,0.6670200339775195,0.65490408581745,0.7149241171726516,0.7124928176083968,0.8333826982450336,0.6289271484082434,0.6656172617077012,0.861943934702419,0.8028559528146975,0.5805108092543222,0.0,0.6929388565246855,0.6908790631869183,0.6760306279548095,0.7168709915634665,0.8219321253588505,0.0,0.0,0.0,0.5375828567180287,0.5301086332223698,0.38235783730400574,0.3347168506695005,0.7179117396808419,0.0,0.0,0.5706414046343967,0.0,0.7978490275815218,0.0,0.6783866686261976,0.7519166941639396,0.7247349601043762,0.8436281721755519,0.7538076773527128,0.8800424472234416,0.0,0.08089748374850214,0.5376955542651328,0.0,0.5583547812918667,0.7611253361650667,0.058137317156869144,0.7619594855884467,0.0,0.6229418863605094,0.5613998117367299,0.6913369858405133,0.5347988633106873,0.15015492071390704,0.7988997782820366,0.6162565492111505,0.5303709318530487,0.7640834200645779,0.3874997110360432,0.0,0.5661627987618072
0.0,0.0,0.6408266041198384,0.0,0.5758816011534268,0.7635478421454153,0.7689346220154364,0.6974234108491316,0.6043838428167383,0.0,0.62539337830529,0.0,0.782045115896401,0.8148806191811182,0.0,0.0,0.0,0.0,0.7012877364898212,0.0,0.0,0.0,0.7080628884827271,0.0,0.0,0.0,0.5588539223853837,0.8159605849158671,0.8738694835901797,0.0,0.7943428264542622,0.7732843355878289,0.0,0.7461849479943764,0.0,0.7052896881429669,0.0,0.0,0.38284109139142913,0.7415467720326997,0.26366562070756216,0.6791547276819141,0.1867734717805033,0.03279514206746437,0.0,0.0,0.7978490275815218,0.0,0.10318582912427374,0.44746437530489136,0.6835539066881293,0.3001071977220009,0.15812559700729045,0.37001012274444334,0.3554368914366185,0.23048461892448346,0.7647940454454806,0.34133402186124306,0.2547328228636873,0.0,0.8660627583389853,0.7580605885127778,0.8179092744975693,0.2280592663176202,0.8408531257887261,0.812982550920041,0.7934852948113758,0.339366161348044,0.0,0.8213793484625374,0.7423328052844389,0.5665958816095078,0.3498379207924873,0.7336185272958804,0.8202171958519006,0.28944306809415654
0.0,0.0,0.0,0.0,0.0,0.0,0.0,0.0,0.0,0.0,0.0,0.0,0.0,0.0,0.0,0.0,0.0,0.0,0.0,0.0,0.0,0.0,0.0,0.0,0.0,0.0,0.0,0.0,0.0,0.0,0.0,0.0,0.0,0.0,0.0,0.0,0.0,0.0,0.5331138704350816,0.0,0.6582835135315421,0.6402771011944877,0.4788628095245751,0.6665464330533681,0.0,0.0,0.0,0.10318582912427374,0.0,0.4436255132938437,0.0,0.40683258253785376,0.722386945835343,0.7541456809768888,0.0,0.679703683596073,0.0,0.536449477081583,0.27411014951532825,0.0,0.0,0.0,0.0,0.6445903395628226,0.0,0.0,0.0,0.0,0.0,0.0,0.0,0.0,0.4767407601666151,0.0,0.0,0.8274530138320261
0.0,0.0,0.4015844816458415,0.0,0.792606175284261,0.8684346699564252,0.7894575415898607,0.7189847063169812,0.7388633166356684,0.0,0.7600897935473688,0.0,0.8331055797451161,0.0,0.0,0.0,0.0,0.0,0.6932559710524234,0.0,0.0,0.0,0.7690228603848913,0.0,0.0,0.0,0.812473193946998,0.8496107835377151,0.04378915934479152,0.0,0.0,0.03900325623608436,0.0,0.10582014883547211,0.0,0.8102403968058403,0.0,0.0,0.5296669666885607,0.8684390491632591,0.4441867237931117,0.683799092113876,0.2942032837415159,0.5857997111192279,0.7844587054360742,0.0,0.6783866686261976,0.44746437530489136,0.4436255132938437,0.0,0.5030271145122029,0.6572508010354682,0.42916233259728587,0.6764764214302232,0.5705495657768364,0.6731917060505257,0.8691048303049775,0.3805432757961948,0.37009195935731654,0.0,0.0,0.8199495941848398,0.8582524225418857,0.604807510641437,0.07863196065023147,0.0,0.6646922886061664,0.30549137436169654,0.0,0.8101224470552947,0.8657308717268987,0.4853076877220359,0.37221675302546053,0.1579424156041296,0.0,0.4643468216129656
0.0,0.857504204141556,0.654013457945166,0.0,0.8391419149567854,0.8669369022152915,0.8522968517867583,0.7973838222489521,0.784641534188239,0.8443844495922326,0.6524208716154496,0.0,0.8482863410198334,0.8338384853339461,0.8589778679751527,0.8518440920430136,0.0,0.1764249765919011,0.7794538666944275,0.8654906973674042,0.8408227654603208,0.8530858063832483,0.7557643347132429,0.0,0.8995744521045266,0.7685861367443219,0.7057301007458823,0.8606760447571408,0.8081818930359113,0.8970458731785662,0.7361242769039363,0.7383097724189339,0.790691200323523,0.6403652397184202,0.8531706888794797,0.8733264133344459,0.0,0.0,0.5350077793973338,0.2892523499009173,0.4415448066109549,0.46388144351669125,0.4323244475434094,0.6760517167798079,0.7595030961323445,0.8948882712092946,0.7519166941639396,0.6835539066881293,0.0,0.5030271145122029,0.0,0.6136366855935111,0.5765513860298188,0.6681169163995578,0.521195221429568,0.38182139503430657,0.7359854479954069,0.6851830436647137,0.7414471510257319,0.7396080532905281,0.8037165905275822,0.8438731816561512,0.7559215126065485,0.4718829095443118,0.5238012115709674,0.6212207623005904,0.6166049991055804,0.8044614908606792,0.9240007137563376,0.7600195385846449,0.5582941077801175,0.7173922143308662,0.7077115210886349,0.6822442519735423,0.6650660664000757,0.5073416234178254
0.0,0.8695354261704225,0.5674288982968486,0.0,0.8366980307115262,0.8465559707960693,0.8850695062299133,0.7749537044882303,0.7863380677842104,0.0,0.8014220958848685,0.0,0.8354393203992672,0.0,0.7720570635505112,0.0,0.0,0.0,0.7488474708547441,0.8563702898068842,0.0,0.8554965784192627,0.8625158574054673,0.0,0.0,0.8334287786983554,0.8412674313885733,0.8456611985979202,0.8858819913900542,0.7914800374795312,0.82964773148482,0.851823457503561,0.0,0.8483272869494596,0.0,0.869888074078679,0.0,0.0,0.4396435233014075,0.693344462588416,0.3612813926602912,0.5685301854180006,0.3701632946845438,0.569232099449063,0.7745258129423482,0.0,0.7247349601043762,0.3001071977220009,0.40683258253785376,0.6572508010354682,0.6136366855935111,0.0,0.4532664301519285,0.6269100404460328,0.6184211810839106,0.5056969104194579,0.6943003337817145,0.555642748053059,0.4964325697113101,0.0,0.7756241291031659,0.8776979654687111,0.8512449356988644,0.3980165233328705,0.40221703718274865,0.8486930171310646,0.4824969401751832,0.5143704231070837,0.8593948560207837,0.6148189894075738,0.5544551478205938,0.5241449801689018,0.532213932696569,0.4998991784755014,0.06872998981811226,0.5395467700416531
0.0,0.13368254734827095,0.3439869052394321,0.0,0.785300160070373,0.731420018102198,0.7750229206513807,0.43193790795161324,0.6961475598225864,0.0,0.6247299650244271,0.0,0.8074035317353759,0.6878208704074262,0.7848726352827728,0.0,0.0,0.0,0.6828580618520748,0.7888734927843231,0.18290357696139423,0.902944117864285,0.6625600830082123,0.0,0.0,0.8692956857156906,0.8143042001030045,0.7246792771572315,0.8205549312389928,0.7560971661874126,0.7984863982183561,0.8340919618282143,0.0,0.8403223043093387,0.0,0.8144123183673035,0.0,0.0,0.5821556788837292,0.6459697918025308,0.4009784900540773,0.7986899000862971,0.33653133654810996,0.5229261375144328,0.0,0.7065545827500266,0.8436281721755519,0.15812559700729045,0.722386945835343,0.42916233259728587,0.5765513860298188,0.4532664301519285,0.0,0.2604426868119819,0.7041210706598429,0.30866664809716593,0.7958606551572058,0.551720341347418,0.29212450235043996,0.4729792536894645,0.6862626290125298,0.0,0.8705334699882186,0.1718274159562102,0.6882113721483646,0.617374385904377,0.628872166312348,0.3915133730350599,0.8211791030608873,0.8421575321178429,0.7598331724420069,0.5703475323436965,0.6262556592710002,0.5931331809412443,0.6583859872626214,0.5350028369132641
0.0,0.0,0.46458729360218765,0.0,0.7385592289380679,0.8250832521830308,0.7858069052902932,0.7361575480995828,0.7389254470699492,0.0,0.5573646488025239,0.0,0.8603610268424386,0.891856852487854,0.0,0.0,0.0,0.0,0.6856493420529453,0.8836132719670852,0.0,0.0,0.7820710552749488,0.0,0.0,0.0,0.7692429318513889,0.8540916483595319,0.9180247404140143,0.0,0.8689758256843507,0.8065673425516473,0.0,0.8545526036688127,0.0,0.7964282082572532,0.0,0.0,0.429131554258131,0.2519529382297587,0.28158830080354535,0.6717319465675893,0.3598986088140255,0.4975028710434545,0.7973001166516154,0.0,0.7538076773527128,0.37001012274444334,0.7541456809768888,0.6764764214302232,0.6681169163995578,0.6269100404460328,0.2604426868119819,0.0,0.444049405238502,0.5090391210446505,0.4398130015844567,0.4551227783296804,0.462067528082186,0.0,0.7936739654147997,0.7140209784229447,0.7961326849472953,0.49116796420540804,0.746030055441811,0.0,0.8187093691938414,0.41597620551596437,0.18940826608621963,0.765916225755975,0.7011773819405297,0.5098847183090263,0.35922235935755525,0.5884874216275006,0.6810818002038996,0.3155434490990789
0.0930325093021232,0.0,0.0,0.0,0.0,0.15076219019274809,0.0,0.0,0.0,0.8217595667976269,0.0,0.7408096459061935,0.0,0.0,0.0,0.2011837438567559,0.8238092119768237,0.770360468291385,0.0,0.0,0.0,0.0,0.814668997869611,0.8530878688223626,0.7752299045485949,0.7096475735543095,0.8811054501677771,0.15974286617631545,0.0,0.0,0.913523977189421,0.6283941428243757,0.8192094260188738,0.8299757119309614,0.1949493151008111,0.0,0.0,0.8842213519734166,0.42474348418242036,0.7514754685871704,0.5268708619155699,0.5686991726499008,0.5693845007289419,0.9253430273401342,0.6305625770583912,0.7518998981098092,0.8800424472234416,0.3554368914366185,0.0,0.5705495657768364,0.521195221429568,0.6184211810839106,0.7041210706598429,0.444049405238502,0.0,0.5257490531987772,0.7822887660841527,0.6726869455291409,0.825049071685285,0.0,0.9476779481386673,0.7250202025896747,0.7912363843884709,0.44800923264301873,0.8177434257506414,0.0,0.8061962969097819,0.5606696267874302,0.8614548109551425,0.7382883044136971,0.4875118123521533,0.7431734271589076,0.6751411533942553,0.8342820389734962,0.0,0.6783962372887163
0.0,0.0,0.7183976039545251,0.0,0.8289170096556144,0.775840485676008,0.7250271561929141,0.7334556904174019,0.46978990008585536,0.0,0.8555475605788175,0.0,0.7804589166363446,0.7983848627132025,0.0,0.0,0.0,0.0,0.669976017664685,0.0,0.0,0.0,0.6251021286566217,0.0,0.0,0.0,0.7271611887478046,0.7544700956049039,0.8447307742509087,0.0,0.0,0.8360140505946185,0.0,0.9337392880921098,0.0,0.74471460564452,0.0,0.0,0.5579657661148741,0.8157874738993978,0.3740369988278521,0.7439921367713077,0.3956846468649843,0.7275659605008488,0.7684845103049419,0.0,0.0,0.23048461892448346,0.679703683596073,0.6731917060505257,0.38182139503430657,0.5056969104194579,0.30866664809716593,0.5090391210446505,0.5257490531987772,0.0,0.8548244655602013,0.430724731040916,0.3769900053604413,0.0,0.0,0.8273952058417534,0.8006844261246407,0.4652956848580422,0.0,0.0,0.0,0.2461371610772531,0.0,0.7472804690768114,0.8291076417174037,0.4270780460894903,0.40005604170706893,0.0,0.0,0.40104015981609287
0.9799287119996138,0.0,0.0,0.0,0.0,0.0,0.0,0.0,0.0,0.8654733005391142,0.0,0.8610605072440672,0.1780383437746552,0.0,0.0,0.2301982524764013,0.8014779200988184,0.7419000469900129,0.0,0.0,0.0,0.0,0.0,0.771596179582338,0.7070688193077894,0.7477125267245757,0.0,0.17772782057921033,0.0,0.0,0.917586487764597,0.6704523888535664,0.710602510215394,0.7955954428105514,0.97325425749608,0.0,0.0,0.8546828393639732,0.3861301510687186,0.5025155662299468,0.6309139896582311,0.5362998688347476,0.7146001453843401,0.6128103717321209,0.49197353034031593,0.6735222278024453,0.08089748374850214,0.7647940454454806,0.0,0.8691048303049775,0.7359854479954069,0.6943003337817145,0.7958606551572058,0.4398130015844567,0.7822887660841527,0.8548244655602013,0.0,0.7596886246205291,0.0,0.0,0.173010983673642,0.8644563720509163,0.748925913310723,0.7579967146061901,0.21937318177125012,0.844445766654802,0.130490928399527,0.8587249418856376,0.7447761319231877,0.6793783846017486,0.6131976629896976,0.8640511251001376,0.8354535440208386,0.16620928153597633,0.0,0.7874858906474613
0.0,0.8090005445659848,0.7540544815210022,0.0,0.7797951007227486,0.8370116531292793,0.8201836355297829,0.7968399305852938,0.7548137173721232,0.8418018817103976,0.7822876801755518,0.9960794649946818,0.8189567735865334,0.0,0.8649281465930083,0.8499689385081899,0.0,0.9202247256028874,0.6771353063739692,0.8176822866107946,0.9199631422784995,0.7791481923809205,0.8573645737593809,0.0,0.8411889095947944,0.8563106902163965,0.8398661032906045,0.8036461750271874,0.8368304588420659,0.8860258567388916,0.786248061664305,0.6594325640041977,0.0,0.8516217282950587,0.8323831187509412,0.7815015373217863,0.0,0.0,0.5893533651706339,0.557891816834539,0.38990135057586683,0.4269312675476107,0.5174378187980094,0.7314211544180003,0.898070132686008,0.9062261798038251,0.5376955542651328,0.34133402186124306,0.536449477081583,0.3805432757961948,0.6851830436647137,0.555642748053059,0.551720341347418,0.4551227783296804,0.6726869455291409,0.430724731040916,0.7596886246205291,0.0,0.3658733944773831,0.8384362393928849,0.7431449294555574,0.682991911413228,0.7203798576353093,0.3647961936860665,0.5739353184328021,0.6724602694673163,0.6473237320527216,0.5979515877010849,0.8717981841764558,0.6832507026334659,0.6091404047060284,0.5783012308872311,0.6443163501950553,0.6186476642639929,0.6931728392413714,0.6047993434397207
0.0,0.0,0.7589803474625799,0.0,0.8496839009391509,0.0,0.0,0.7296101774925356,0.6578593809549247,0.0,0.8290756450486455,0.0,0.0,0.0,0.0,0.0,0.0,0.0,0.7899086087185466,0.0,0.0,0.0,0.8034638993014828,0.0,0.0,0.0,0.8298525649308546,0.0,0.0,0.0,0.0,0.0,0.0,0.0,0.0,0.8395369757263421,0.0,0.0,0.29272052702213197,0.0,0.6106900325833841,0.0,0.5070919334503106,0.46303176620976777,0.0,0.0,0.0,0.2547328228636873,0.27411014951532825,0.37009195935731654,0.7414471510257319,0.4964325697113101,0.29212450235043996,0.462067528082186,0.825049071685285,0.3769900053604413,0.0,0.3658733944773831,0.0,0.0,0.0,0.0,0.0,0.37217668064255477,0.0,0.6923849761097027,0.0,0.29132878944388757,0.0,0.0,0.8078172207568104,0.6503053274679076,0.5070322845056565,0.0,0.0,0.13411082388578274
0.8233189496553781,0.6886864532848453,0.0,0.0,0.0,0.6473465882020585,0.804311738604262,0.806046912381654,0.0,0.0,0.0,0.0,0.8168502349779968,0.0,0.8304567497536682,0.7109882934793059,0.0,0.8217370495124924,0.0,0.5569822257655608,0.6194344806155223,0.7568765256940724,0.6066816900996939,0.0,0.8708838137959131,0.7797731534946497,0.604337523124284,0.7944822169527602,0.5524226931508107,0.7360005795433847,0.5890093213301728,0.6565192990763992,0.7683308025831511,0.6525675389608071,0.8095868386478702,0.6261490433787754,0.0,0.0,0.3494994106273935,0.32336919591821306,0.18082108621712378,0.12270029942598128,0.9003366424563248,0.0,0.0,0.4196581378886667,0.5583547812918667,0.0,0.0,0.0,0.7396080532905281,0.0,0.4729792536894645,0.0,0.0,0.0,0.0,0.8384362393928849,0.0,0.0,0.5643317721255094,0.9030053544475908,0.6151579927231395,0.0,0.779793673299168,0.5083853037038688,0.6161120531128524,0.6570555962542217,0.8689608297476553,0.6786562276866015,0.5654737787163718,0.6760814140130682,0.7814990669449059,0.479817097955315,0.15583016771205443,0.3335144235165296
0.6033780542490598,0.6787560872887161,0.0,0.0,0.0,0.8409623467722321,0.0,0.0,0.0,0.924013874702498,0.0,0.9263951181428804,0.7616722287374513,0.0,0.7405302648139103,0.7163241655600435,0.12943024383779755,0.6474877068702871,0.0,0.8387560451624954,0.8650823689186666,0.7384918376813315,0.9033820035566112,0.8033771300283723,0.6224146958293979,0.6629754040075195,0.8903129302921895,0.886619216413793,0.7925341350666093,0.0,0.7223194288524398,0.6912307315031865,0.6677905424570262,0.750405698379384,0.8720975643553833,0.0,0.0,0.0,0.5576408237466491,0.5497216294199342,0.5149952934180184,0.46570006230469274,0.18557676400373818,0.0,0.0,0.6267862319822777,0.7611253361650667,0.8660627583389853,0.0,0.0,0.8037165905275822,0.7756241291031659,0.6862626290125298,0.7936739654147997,0.9476779481386673,0.0,0.173010983673642,0.7431449294555574,0.0,0.5643317721255094,0.0,0.8980429161370014,0.7072936937287478,0.0,0.69179423196537,0.6531699103645197,0.7120840158648801,0.582142680151074,0.8855457132437702,0.652273655785469,0.646251739543658,0.7009765700262333,0.7564920669197914,0.6767244934415511,0.961906573281927,0.7440327803839549
0.08041212947450901,0.04448149053797254,0.0,0.0,0.0,0.0,0.0,0.0,0.0,0.7025988802620148,0.0,0.7912050057856512,0.0,0.0,0.0,0.12534203508263755,0.7489273076764149,0.8035753157098207,0.0,0.0,0.0,0.0,0.0,0.8203750515426913,0.7724731977333115,0.7700959790623813,0.0,0.0,0.0,0.0,0.8074466262144229,0.0,0.5930774177600541,0.8719947113439145,0.0,0.0,0.0,0.008069046690378006,0.7415135917013457,0.7712042396726227,0.6576733018103444,0.5552354776786486,0.8097935822183749,0.0,0.9520158138052168,0.9000969983573461,0.058137317156869144,0.7580605885127778,0.0,0.8199495941848398,0.8438731816561512,0.8776979654687111,0.0,0.7140209784229447,0.7250202025896747,0.8273952058417534,0.8644563720509163,0.682991911413228,0.0,0.9030053544475908,0.8980429161370014,0.0,0.6306189438597499,0.8033125429191821,0.855604986501626,0.0,0.8833747069663082,0.8238377858588394,0.7574093662149437,0.7142448450706462,0.7401602456141434,0.7583130208790876,0.681776485204666,0.9145773834519119,0.0,0.618578671690509
0.6266597972740242,0.6637265204827236,0.0,0.0,0.0,0.0,0.0,0.0,0.0,0.6699940734109775,0.0,0.6558539655927746,0.0,0.0,0.8048304699997538,0.6548444318545591,0.8156831119107154,0.7200941030469458,0.0,0.8223000135240865,0.0,0.7301822476195657,0.12355882195104373,0.6579634400499766,0.6974450623882287,0.7076394175907605,0.8747910549458092,0.0,0.1390582611268078,0.0,0.8170694218841157,0.8117473319784367,0.6780396913054476,0.6890496933626332,0.8658809102148215,0.0,0.0,0.07135593540336821,0.6922266885973654,0.6039835063776577,0.5424932517930421,0.44136496833232003,0.808931732440853,0.0,0.8731320329809897,0.707011543713822,0.7619594855884467,0.8179092744975693,0.0,0.8582524225418857,0.7559215126065485,0.8512449356988644,0.8705334699882186,0.7961326849472953,0.7912363843884709,0.8006844261246407,0.748925913310723,0.7203798576353093,0.0,0.6151579927231395,0.7072936937287478,0.6306189438597499,0.0,0.20329552317267305,0.7252623360390373,0.8356674977612946,0.7123434230468799,0.6410143674027844,0.7556970729222385,0.7730709462736277,0.7290013660485819,0.7101760067064646,0.6964956708773598,0.6543796980831751,0.0,0.6914302196308354
0.0,0.0,0.7186792096481113,0.0,0.8243120348978268,0.7289697576597545,0.6847198041702012,0.7141088992938482,0.6713549626190571,0.0,0.7387392187468351,0.0,0.748272651912155,0.8259467561965825,0.0,0.0,0.0,0.0,0.6283440337764093,0.0,0.0,0.0,0.7954887864170069,0.0,0.0,0.0,0.6891694037384348,0.7453146292636657,0.7511382256538855,0.0,0.7865645751689534,0.8305659675535007,0.0,0.8360352146620995,0.0,0.7913906216919802,0.0,0.0,0.4375315707135628,0.8414528217821793,0.2911082381851323,0.7081302101839048,0.3223347683253831,0.11745886115422925,0.7877249190559542,0.0,0.0,0.2280592663176202,0.6445903395628226,0.604807510641437,0.4718829095443118,0.3980165233328705,0.1718274159562102,0.49116796420540804,0.44800923264301873,0.4652956848580422,0.7579967146061901,0.3647961936860665,0.37217668064255477,0.0,0.0,0.8033125429191821,0.20329552317267305,0.0,0.0,0.0,0.0,0.3095164793414603,0.0,0.7350062164033303,0.7640416225685965,0.424191197656718,0.3546918333242375,0.12452470401367063,0.0,0.32004117448812264
0.0,0.6104472456648693,0.0,0.0,0.0,0.6999296046675858,0.8333006559052502,0.853566879463306,0.7688463178008375,0.0,0.0,0.0,0.7703541890247159,0.0,0.6800268598476861,0.8678779404678059,0.0,0.18702643823181428,0.0,0.6096780146306916,0.5823705306515202,0.6457304212323406,0.6900407414315474,0.0,0.9133259852927704,0.6816661303019217,0.6698443736951454,0.8100150325265869,0.6643255433840682,0.8841860473906397,0.6463322734842917,0.6058551514133976,0.08220043224107149,0.6112041312341222,0.8177130918806108,0.6928196263458367,0.0,0.0,0.42110556228792667,0.4085444530772203,0.3847148866122716,0.2756929120057269,0.7412410427633179,0.0,0.0,0.8311657836449885,0.6229418863605094,0.8408531257887261,0.0,0.07863196065023147,0.5238012115709674,0.40221703718274865,0.6882113721483646,0.746030055441811,0.8177434257506414,0.0,0.21937318177125012,0.5739353184328021,0.0,0.779793673299168,0.69179423196537,0.855604986501626,0.7252623360390373,0.0,0.0,0.5808943471690098,0.6983480638607256,0.5386926101919896,0.9783489931727013,0.7374718985964028,0.6782852069343736,0.6975845849434192,0.6288006479954732,0.6533564614765262,0.8199376013859604,0.5823907427897937
0.6797222678147914,0.6796932972043583,0.0,0.0,0.0,0.7301020829954733,0.0,0.8652868099887943,0.0,0.0,0.0,0.0,0.777873534088052,0.0,0.7239003237216644,0.8338512318767348,0.0,0.0,0.0,0.5707784676476121,0.5103362137208906,0.7233347756447036,0.6915513639719675,0.0,0.8579426780362672,0.6816588994933106,0.6375427164286663,0.7870075795910243,0.5419899940013001,0.0,0.7151426782372352,0.8106541080020975,0.017655243137200453,0.9252606716153742,0.07892497816722414,0.0,0.0,0.0,0.493581033274964,0.5399749934004673,0.36154577907692353,0.7593673027707072,0.8631575688101247,0.0,0.0,0.5686811589588827,0.5613998117367299,0.812982550920041,0.0,0.0,0.6212207623005904,0.8486930171310646,0.617374385904377,0.0,0.0,0.0,0.844445766654802,0.6724602694673163,0.6923849761097027,0.5083853037038688,0.6531699103645197,0.0,0.8356674977612946,0.0,0.5808943471690098,0.0,0.5432866125304311,0.5965988767061173,0.7625053347177034,0.7194543502087347,0.630398022470804,0.6079056024874709,0.673801773362576,0.6254864801158332,0.8994623565426132,0.457964803420004
0.6413248898846807,0.6866401915515227,0.0,0.0,0.0,0.631364784532063,0.8845449022285812,0.8026193400702534,0.7100802796457933,0.0,0.0,0.0,0.601803531607634,0.0,0.7920776251177125,0.7279576198082802,0.0,0.7091362957479254,0.0,0.6175607825769708,0.6079782202451327,0.7334275794688221,0.6302467247190064,0.24387587442328895,0.6982286560131017,0.7146923386945031,0.6179362792558686,0.5890233229282515,0.5589185502462929,0.1080794770936227,0.5855966591250004,0.6460896309546499,0.6877955296930736,0.6324961321661782,0.6027196144097201,0.6916620514471267,0.0,0.0,0.3968802839147128,0.37203009971871226,0.3888535324857276,0.2597428554038291,0.7756775476229674,0.0,0.0,0.456274547486208,0.6913369858405133,0.7934852948113758,0.0,0.6646922886061664,0.6166049991055804,0.4824969401751832,0.628872166312348,0.8187093691938414,0.8061962969097819,0.0,0.130490928399527,0.6473237320527216,0.0,0.6161120531128524,0.7120840158648801,0.8833747069663082,0.7123434230468799,0.0,0.6983480638607256,0.5432866125304311,0.0,0.6447421565303644,0.16718067282826565,0.6485925164507232,0.6515712679040073,0.6986082837889523,0.8387076040505876,0.591457030896396,0.8261237649835648,0.5258337256002296
0.7425095925719083,0.7893780426682319,0.5493124611379202,0.0,0.7700246012857279,0.9018949864235877,0.854079591028901,0.7716456093999408,0.7601255234570121,0.8107364705333344,0.6364077761367256,0.0,0.8456641524886651,0.7980875354122979,0.6449684105056732,0.8132855653845297,0.0,0.22837409307395265,0.7263293377549984,0.7131774510114685,0.6728887090953674,0.6433176224102108,0.857326395180348,0.0,0.8449398861091043,0.6291981562870486,0.8253625410914588,0.875300203877815,0.8301698117048026,0.8757595243662897,0.7452262028003447,0.7510571502057215,0.07750155714190196,0.6560379764102894,0.8357616501892703,0.7780820283363309,0.0,0.0,0.5464747566185085,0.33040798930619875,0.4514059779647496,0.35936592749947976,0.30637997871639644,0.8552781908214854,0.8507185062391219,0.7061051706536833,0.5347988633106873,0.339366161348044,0.0,0.30549137436169654,0.8044614908606792,0.5143704231070837,0.3915133730350599,0.41597620551596437,0.5606696267874302,0.2461371610772531,0.8587249418856376,0.5979515877010849,0.29132878944388757,0.6570555962542217,0.582142680151074,0.8238377858588394,0.6410143674027844,0.3095164793414603,0.5386926101919896,0.5965988767061173,0.6447421565303644,0.0,0.8606068671840519,0.6904866961646827,0.6174534293356219,0.5987898101772351,0.6784707260580655,0.6422137115704131,0.69814346957032,0.5517093490149282
0.746302395617422,0.900027213010293,0.0,0.0,0.0,0.0,0.0,0.0,0.0,0.8075161964194595,0.0,0.813294482393256,0.0,0.0,0.0,0.8193781665233436,0.736621164984042,0.7274541428618856,0.0,0.0,0.0,0.0,0.0,0.5383683102066401,0.7170596894172369,0.7390184267019622,0.0,0.0,0.0,0.0,0.8899929686599507,0.5809720934106203,0.7687371996035317,0.8412431272578973,0.0,0.0,0.0,0.8249703384702549,0.6155302157240926,0.4828771116264224,0.6563029304876822,0.7252721328987497,0.11280465055705735,0.6978199855089646,0.6703175581081318,0.6053407147083234,0.15015492071390704,0.0,0.0,0.0,0.9240007137563376,0.8593948560207837,0.8211791030608873,0.18940826608621963,0.8614548109551425,0.0,0.7447761319231877,0.8717981841764558,0.0,0.8689608297476553,0.8855457132437702,0.7574093662149437,0.7556970729222385,0.0,0.9783489931727013,0.7625053347177034,0.16718067282826565,0.8606068671840519,0.0,0.798341176982731,0.6909497017009346,0.8973083828114402,0.8219447201943497,0.8753911385638292,0.0,0.7697220430081732
0.6205390355993023,0.6231600917009368,0.0,0.0,0.0,0.16043528831872783,0.0,0.19349346335358852,0.0,0.7918760918111813,0.0,0.6305397642516027,0.8871172653354684,0.0,0.8798957222853503,0.6380145226450146,0.8055663837038765,0.7033053919442023,0.0,0.829385874733892,0.8161277576753492,0.6593626607275836,0.917114118430373,0.6765666674897453,0.6475602221974528,0.6644745642584621,0.8857715853099241,0.8337967446054916,0.8340073279975949,0.0,0.6923680659811978,0.6318835039014836,0.6302976049556527,0.6746578805761886,0.7429245127120716,0.0,0.0,0.7313019682673594,0.6241281256868793,0.5648290968134675,0.6002785912020484,0.46426184923102815,0.8408274174349432,0.0,0.8251354353420285,0.6970486820969699,0.7988997782820366,0.8213793484625374,0.0,0.8101224470552947,0.7600195385846449,0.6148189894075738,0.8421575321178429,0.765916225755975,0.7382883044136971,0.7472804690768114,0.6793783846017486,0.6832507026334659,0.0,0.6786562276866015,0.652273655785469,0.7142448450706462,0.7730709462736277,0.7350062164033303,0.7374718985964028,0.7194543502087347,0.6485925164507232,0.6904866961646827,0.798341176982731,0.0,0.6895616415589862,0.6982389167214907,0.7341467534238741,0.6862097873375149,0.0,0.7221414435913327
0.603643408782986,0.6474868278661943,0.0,0.0,0.0,0.6268307101033159,0.7194342725355513,0.8558953089807584,0.09187002636268292,0.6856846341302762,0.0,0.6591621305981994,0.5686417882979795,0.0,0.7297223891685914,0.6761871406162883,0.7978468409081791,0.7471890177958055,0.0,0.6789885777866078,0.6572126721828351,0.7712533692310681,0.6482103631728242,0.6868110473649733,0.6997008022192699,0.6735083617751784,0.6407016226181024,0.6753617248324626,0.5747742627065304,0.0,0.6981898161475565,0.617826735538745,0.6755560830125495,0.7037166994804318,0.7442133176056309,0.8214675341537147,0.0,0.8633471326764253,0.5148665130476215,0.5462005222031997,0.5083238779420043,0.3130825425033523,0.8130232698796229,0.0,0.5308188165558506,0.5871908009935428,0.6162565492111505,0.7423328052844389,0.0,0.8657308717268987,0.5582941077801175,0.5544551478205938,0.7598331724420069,0.7011773819405297,0.4875118123521533,0.8291076417174037,0.6131976629896976,0.6091404047060284,0.8078172207568104,0.5654737787163718,0.646251739543658,0.7401602456141434,0.7290013660485819,0.7640416225685965,0.6782852069343736,0.630398022470804,0.6515712679040073,0.6174534293356219,0.6909497017009346,0.6895616415589862,0.0,0.7328533958446337,0.636121098349129,0.592039712870672,0.8544283996245013,0.5153810358403732
0.0,0.7672404824622656,0.5152930655752279,0.0,0.8022000134155172,0.7549505810611249,0.8444421600441693,0.7980679610228744,0.7632068497497333,0.8790380948298061,0.6632077844699539,0.0,0.8353938865089733,0.8387238404325941,0.7205928688456533,0.8112155005422392,0.0,0.18001541941113144,0.7106373543140465,0.6945468325096151,0.6235152457749843,0.6382883390400479,0.7541149317313891,0.0,0.31517940846543563,0.6657706186510088,0.752378051037129,0.8440408761077726,0.7151890605424257,0.8309324762976409,0.6634787756846667,0.6770074865417639,0.9181431020923122,0.6138791803784228,0.8410782406529071,0.7251098230910241,0.0823843340422502,0.0,0.4393538634953019,0.3429569872375879,0.37019734867387283,0.33466205225249324,0.46035147327767,0.0,0.11392910424294737,0.6260829064804236,0.5303709318530487,0.5665958816095078,0.0,0.4853076877220359,0.7173922143308662,0.5241449801689018,0.5703475323436965,0.5098847183090263,0.7431734271589076,0.4270780460894903,0.8640511251001376,0.5783012308872311,0.6503053274679076,0.6760814140130682,0.7009765700262333,0.7583130208790876,0.7101760067064646,0.424191197656718,0.6975845849434192,0.6079056024874709,0.6986082837889523,0.5987898101772351,0.8973083828114402,0.6982389167214907,0.7328533958446337,0.0,0.6184671024957914,0.5837558103748386,0.5961251724495762,0.4773726019028197
0.0,0.8312299500369235,0.7696535489059279,0.0,0.7394173285034942,0.8545565680164039,0.8526329818491969,0.8511201206843909,0.7989437776334807,0.8083311040357752,0.7935356763505421,0.9951280353013862,0.8370858915861618,0.0,0.8074510555360039,0.8375110809290105,0.0,0.16020102367823308,0.747547325696809,0.8631257701655176,0.7721967536374772,0.6848082783550603,0.8672170405993335,0.0,0.9093404004840466,0.7049605591741894,0.852708783622464,0.853820447947896,0.8407463466250693,0.8315554916760611,0.6620597454573283,0.7937656642098244,0.5803796323771235,0.7314784718093769,0.8155115727516713,0.7137661204008232,0.0,0.0,0.6397050073727513,0.7063498581989964,0.6075885828797308,0.5027309218531895,0.45508648802974017,0.6440157355309638,0.6354095927506378,0.9351132630949375,0.7640834200645779,0.3498379207924873,0.4767407601666151,0.37221675302546053,0.7077115210886349,0.532213932696569,0.6262556592710002,0.35922235935755525,0.6751411533942553,0.40005604170706893,0.8354535440208386,0.6443163501950553,0.5070322845056565,0.7814990669449059,0.7564920669197914,0.681776485204666,0.6964956708773598,0.3546918333242375,0.6288006479954732,0.673801773362576,0.8387076040505876,0.6784707260580655,0.8219447201943497,0.7341467534238741,0.636121098349129,0.6184671024957914,0.0,0.641703515570089,0.6636667578475178,0.6828285470905804
0.0,0.8521063026856616,0.845011250359199,0.0,0.7971509901929215,0.8468876021887755,0.824285325419155,0.8440826041553482,0.8412239168452825,0.15745777736143654,0.7543064898474953,0.0,0.805163041784855,0.0,0.6128034716772963,0.7377703434951768,0.0,0.8801051640680028,0.8175995822441017,0.7082678761141536,0.6743612071125451,0.6232383852843295,0.7716805778120177,0.0,0.7944002043058507,0.6117318902226928,0.7311897938769194,0.8432287798438487,0.8164372490066376,0.8086270637174097,0.6553059712560563,0.6576632484548635,0.9039826605069681,0.6212018560093825,0.8776157977907805,0.7423383961820916,0.0,0.0,0.44939304034594385,0.19532328137564842,0.3466010182548467,0.27808885132304206,0.531161104261896,0.0,0.0,0.8233034282850344,0.3874997110360432,0.7336185272958804,0.0,0.1579424156041296,0.6822442519735423,0.4998991784755014,0.5931331809412443,0.5884874216275006,0.8342820389734962,0.0,0.16620928153597633,0.6186476642639929,0.0,0.479817097955315,0.6767244934415511,0.9145773834519119,0.6543796980831751,0.12452470401367063,0.6533564614765262,0.6254864801158332,0.591457030896396,0.6422137115704131,0.8753911385638292,0.6862097873375149,0.592039712870672,0.5837558103748386,0.641703515570089,0.0,0.62451174560501,0.5834916559615411
0.0,0.0,0.0,0.0,0.0,0.8689693729929431,0.09579885967930048,0.8521074971722217,0.0,0.0,0.0,0.0,0.9007737651602937,0.0,0.8873915309503159,0.0,0.0,0.0,0.0,0.8112866136584703,0.9084931303222901,0.9158734459152716,0.8664933588956507,0.0,0.0,0.0,0.8166786289772251,0.8961138028227142,0.8433875664417188,0.0,0.9201110399497285,0.8981689469990458,0.0,0.14689662402877876,0.0,0.0,0.0,0.0,0.8459234256829509,0.7282493305164899,0.39019876972775414,0.7683448195613443,0.0,0.0,0.0,0.0,0.0,0.8202171958519006,0.0,0.0,0.6650660664000757,0.06872998981811226,0.6583859872626214,0.6810818002038996,0.0,0.0,0.0,0.6931728392413714,0.0,0.15583016771205443,0.961906573281927,0.0,0.0,0.0,0.8199376013859604,0.8994623565426132,0.8261237649835648,0.69814346957032,0.0,0.0,0.8544283996245013,0.5961251724495762,0.6636667578475178,0.62451174560501,0.0,0.6105373678184783
0.8212615392065836,0.6824986552905821,0.7682960096156533,0.0,0.7673798926182077,0.725444367730528,0.8479038908977181,0.7948155820728887,0.7559718065071289,0.9101373687853314,0.17640848597253697,0.8865023375122084,0.8055810985626506,0.0,0.638753937315827,0.707535959118989,0.9032573246215201,0.7445326479671003,0.7454122386710077,0.6595249055638284,0.51835330558485,0.6667499422190959,0.6894206467538123,0.7828136044628219,0.6838536398637926,0.65874132894645,0.6417439330832871,0.8191713836586721,0.8074387895180647,0.18572183626317398,0.5780142686578733,0.6001735617797582,0.9104315966370414,0.5230992568172116,0.1689757946656756,0.7512404757745459,0.0,0.0,0.5989052737865515,0.5580762520975153,0.20198485673906996,0.279627385148031,0.5745065230411497,0.0,0.5571374480611693,0.8274499924027932,0.5661627987618072,0.28944306809415654,0.8274530138320261,0.4643468216129656,0.5073416234178254,0.5395467700416531,0.5350028369132641,0.3155434490990789,0.6783962372887163,0.40104015981609287,0.7874858906474613,0.6047993434397207,0.13411082388578274,0.3335144235165296,0.7440327803839549,0.618578671690509,0.6914302196308354,0.32004117448812264,0.5823907427897937,0.457964803420004,0.5258337256002296,0.5517093490149282,0.7697220430081732,0.7221414435913327,0.5153810358403732,0.4773726019028197,0.6828285470905804,0.5834916559615411,0.6105373678184783,0.0
