0.0,0.7551427319070879,0.9116172511368239,0.8160949856738625,0.7857435812556304,0.7812880296687977,0.8679265938278176,0.7650546687245603,0.7911334297597847,0.8379911794843141,0.7799466630782027,0.7312058982176083,0.792617832150185,0.8106311941489662,0.7915786682179473,0.8210440560663319,0.14158715388609755,0.8270437720574554,0.9767788167619027,0.0,0.7802967383268481,0.74921406878351,0.8311666403378697,0.6891625905997901,0.8111625870736825,0.8014150983550548,0.7651953886566036,0.7994867552910055,0.7635255414828943,0.0,0.8071948451801785,0.7721820291730416,0.7731302132790019,0.761161758337416,0.7447056562063823,0.8310231251203878,0.75305939382694,0.6902973562732329,0.7823180786113687,0.8533387430425802,0.6819578903496044,0.8151695162458515,0.7386910396879467,0.8037534079402315,0.8702694381741953,0.7877109980076532,0.7076696547133958,0.0,0.8089850910647394,0.7439764180596502,0.8551981000817949,0.7676746656860032,0.8637817335939216,0.8480782937165516,0.8414633409848715,0.8261400622318644,0.7919157522181737,0.8795023085617015,0.8791281733568126,0.7711841912803771,0.7825893550400085,0.005304351371126059,0.7586806881184961,0.0,0.0,0.7875655381629326,0.0,0.7440227152747338,0.6861433722693584,0.8026915270508483,0.7773457239163516,0.9320408259890507,0.8569740036892313,0.8427617814465271,0.0,0.808735606537471
0.7551427319070879,0.0,0.09787432797684287,0.04570649333104593,0.8392560717757198,0.7187662058370012,0.8299324005131101,0.822155976007159,0.7441661743309123,0.15588755332952275,0.06864124719821973,0.8027940609602247,0.8312233766722412,0.7897121826742396,0.0,0.7774556533274741,0.13153367221147827,0.1925931434012696,0.08526331460989373,0.04878114772061187,0.7318633652441685,0.06297589603689352,0.7285172329764203,0.709610124465971,0.7816436943564488,0.7265795769808463,0.05643011022681238,0.7007910692434042,0.05594374998019069,0.0,0.05761103591207806,0.17796099399253107,0.8358399118436154,0.72929785246336,0.8310507098688825,0.8492960419663049,0.20927257333659666,0.7069615603047599,0.7427544794307525,0.8424518592019882,0.7525901873201886,0.8902057131048623,0.19890424526574957,0.7867527403182029,0.8269857759610671,0.7752628695389869,0.7362321655020865,0.0,0.7821459887870358,0.8578533527937375,0.7841290196598004,0.8069288421016606,0.8140292650371068,0.10785752311844643,0.724859032011566,0.055265651322291776,0.08542503506617727,0.9044441060707945,0.8317394849222994,0.0,0.7205568781525736,0.078315793287146,0.14527311331784765,0.0,0.0,0.6647441581327176,0.6049019555792018,0.11109789926344338,0.044498501582948546,0.10629980524895488,0.6777306309823198,0.0,0.7233349689992322,0.6607361607358563,0.0,-0.005618167766522908
0.9116172511368239,0.09787432797684287,0.0,0.2230827990037978,0.8521020097362482,0.9326157302968209,0.8195388778840081,0.9023884397592968,0.1197763691458032,0.17157469432963984,0.0,0.9657194516043457,0.9126933848516801,0.8771869890039259,0.0,0.0,0.19397091421078583,0.0,0.0,0.0,0.0,0.0,0.0,0.8775369111101069,0.0,0.0,0.0,0.9360029030087011,0.0,0.0,0.0,0.25839201756651825,0.8559705397432182,0.8181639017415072,0.2983764868218343,0.8949619573730355,0.19392444418130184,0.7699592619200624,0.255323068477264,0.8618764364438463,0.8026891947599313,0.8680772204959932,0.3216378771165852,0.8389133029404291,0.9341623378718972,0.0,0.0,0.0,0.8497998605746864,0.8805299822013218,0.9529360184439593,0.8814885113493127,0.8566941558111487,0.23293369164449668,0.23416574697901676,0.18457440442217427,0.0,0.9029692364511177,0.8500511979864747,0.0,0.0,0.1954532469559348,0.0,0.0,0.0,0.0,0.0,0.0,0.0,0.0,0.0,0.0,0.9250556710674782,0.0,0.0,0.09861846994870127
0.8160949856738625,0.04570649333104593,0.2230827990037978,0.0,0.8617838660458468,0.8190504051617324,0.8564646295254421,0.8259442858521316,0.8042814388730775,0.8297149764185411,0.8306390659420526,0.8127174420727309,0.8641718138093262,0.8589859521439906,0.747962935027679,0.9040768473560308,0.27303234636350227,0.3992108189964407,0.8712121947048725,0.14206730715290566,0.8445515639125821,0.22079919226670935,0.8282566489078287,0.769648196016374,0.9007988192788067,0.8716312751501903,0.2404541742886569,0.8251979656767526,0.274186260262584,0.17896106193455946,0.8235839116177267,0.32649383015193034,0.8258432574530382,0.8113687612183832,0.8055764660681721,0.8531982935711758,0.43227762180745744,0.8072441271701294,0.7840320953414845,0.8309166108435584,0.8012019286564078,0.8662382704971087,0.8304881940750503,0.8015865168858402,0.8128520638169872,0.7714343010009773,0.8563186528853708,0.21782547675733932,0.8187085910591301,0.8347934064297405,0.9105419676940113,0.8492517038171594,0.8358153488884147,0.8009513278694282,0.8578489331943602,0.328749359121273,0.861831547390058,0.8972556035368175,0.8175905156816661,0.13502142252004812,0.6493184882864375,0.3356609449527903,0.1049300559955203,0.31139498649976,0.7206132361331852,0.7460224606706902,0.711178543416415,0.15288868374057552,0.8485277905307234,0.36738801235859586,0.779508191675389,0.2070808840654439,0.8180385806731371,0.8504152931977832,0.05495393943909421,0.7057060103685461
0.7857435812556304,0.8392560717757198,0.8521020097362482,0.8617838660458468,0.0,0.9348200475891228,0.9182960975949075,0.8310736967561484,0.896680655567037,0.9051500678558935,0.8722164221238367,0.8972266396982804,0.9431474649947202,0.9262713751230511,0.7380435775977154,0.8949563497046202,0.8752191316384492,0.9027115126956528,0.8549374315996381,0.7522116057439419,0.8740779376128561,0.7196882846014938,0.813739665002872,0.8615544654359043,0.9180951396306692,0.9025711425584044,0.8132089935992444,0.9526268208992459,0.7702591631172762,0.7674621860740821,0.8774952340246688,0.8572731496865365,0.8950718404923875,0.8659748110534101,0.8790834740662506,0.9163627923087008,0.8315764856424263,0.7638020863784112,0.8997085017837471,0.932558526640817,0.893511274771188,0.9814301788792464,0.18935350242219873,0.8745746167341347,0.92529634170213,0.820427510756894,0.7330779563297517,0.2679410745285593,0.8868271837210708,0.8881099380105776,0.8708674474132293,0.9310314721848434,0.9091284103200934,0.8970766207862926,0.911730735947143,0.8663507480682295,0.8446281484524893,0.9472889809046485,0.9129936101033177,0.8081169436499762,0.8097126450995276,0.8455297866304984,0.8336385766931377,0.2792996848078536,0.6404678579590729,0.8421450137266244,0.576241587781463,0.8639343122142334,0.8618747754320971,0.8881563738799491,0.9448787033210538,0.7412259615301892,0.9270217473489459,0.7300650905591285,0.06780163648575899,0.8316947350611718
0.7812880296687977,0.7187662058370012,0.9326157302968209,0.8190504051617324,0.9348200475891228,0.0,0.9315970508022958,0.887703999990825,0.810975842986269,0.8781953144434337,0.7892176394878603,0.8853056731839218,0.8749877949933568,0.8629023707866682,0.7385706383180183,0.8837020144176218,0.12665158651599417,0.8454877910989174,0.836989523748138,0.7308156922160818,0.666003581726367,0.7328508059168157,0.7890176741362571,0.6994842294467589,0.8453373608330327,0.7704128084391823,0.8045669378748833,0.8462098173808986,0.742458364474615,0.0,0.8593425889506787,0.8800252655816608,0.8828417811216064,0.9075597594022214,0.8726996652463442,0.8547037371502583,0.8462940626897445,0.7180537224758897,0.8280712444730414,0.9557931569928263,0.8604543109483058,0.9870238678169412,0.7990984511123259,0.8929632904903716,0.8643827334239291,0.7244592147492027,0.6380125532576557,0.09748800082773545,0.8972678710235661,0.7908845070094221,0.9147704999962464,0.8782919492714424,0.9364692037865351,0.8126840851411031,0.8858862966957851,0.8118491127563527,0.8409025737932833,0.9189461943803292,0.9518213011098156,0.7414376702389551,0.7808169558771977,0.861000549125277,0.7657578428833794,0.0,0.6980450788982457,0.7012703928880151,0.6554872293788961,0.785180030050337,0.8134708586130546,0.7479574626140597,0.8075397131747303,0.7375528557819139,0.7244470034047552,0.7819432576198081,0.0,0.5969577828227536
0.8679265938278176,0.8299324005131101,0.8195388778840081,0.8564646295254421,0.9182960975949075,0.9315970508022958,0.0,0.8753081817278734,0.9189294962586374,0.9077413175434881,0.8958401989942859,0.9331019117562117,0.9519640873743279,0.9382314382232178,0.7415022155249671,0.943147190072662,0.8918642290863145,0.9210480103355372,0.9388691305801248,0.7890916917918734,0.934645977747149,0.78500103987746,0.8601777226110139,0.8967937146418706,0.9547175589778049,0.9509073148845292,0.8570376259769458,0.9568389897057547,0.8221325614484836,0.7556557348341422,0.9636366070773402,0.3293985717545923,0.9110159119496153,0.32871288805295884,0.895001268958011,0.4165884426788956,0.8488427547335613,0.8671598277535914,0.5114622759241632,0.9570332872982253,0.44378203167617325,0.9919506492203348,0.12856997508468831,0.42145514846355764,0.947074693040124,0.758056211470287,0.8236526676613646,0.3003260394620097,0.33205067623775175,0.9041930691865484,0.9697342384292582,0.9265837244249393,0.9825984432839153,0.9055088697290794,0.9211677709227508,0.8887820918818967,0.8777737597111701,0.9629118290112306,0.3938135963973399,0.88727594373343,0.8424602606739313,0.8705672661185817,0.8547740122894513,0.36865926781235653,0.6919774001808249,0.8884203513899646,0.6591366650030458,0.8991635123997949,0.857658279458386,0.8774298794462955,0.9606007715350898,0.8163099367424737,0.9727060211429944,0.7968151256376824,0.7373912451881057,0.8911988231809477
0.7650546687245603,0.822155976007159,0.9023884397592968,0.8259442858521316,0.8310736967561484,0.887703999990825,0.8753081817278734,0.0,0.8440307155340866,0.8534806136276445,0.8564220002733864,0.8602480226777321,0.9089853265525276,0.8618082991833372,0.7737857783609936,0.8981874296868947,0.06727938982785486,0.8542487561954792,0.9278943718631649,0.09279055186754626,0.857310054257297,0.8369661722534925,0.8916389441472348,0.8403727075242791,0.9058369336998218,0.8216478345488168,0.8872808799673175,0.8619164755006519,0.813149059779013,0.0,0.8922507091145155,0.8098988953798641,0.8602805646598192,0.8500912192102882,0.8111085784594854,0.8310719053259218,0.7449666821091269,0.7744092080928631,0.8537243445141786,0.9207386505910298,0.8527147525612938,0.9419057687986058,0.025351904513716716,0.8053781175666314,0.77635338789253,0.7066063846087182,0.6677754704685973,0.0,0.8818826107189484,0.8159801470586185,0.9351956371173562,0.8683838414921196,0.8700100691511619,0.8979317562126008,0.8733447956956343,0.8616919474164154,0.850276868219552,0.899897232813538,0.8668799508541493,0.8154696320160988,0.8091927469681901,0.11629972485177043,-0.07059515773445857,0.0,0.7801039283497351,0.7917549084001728,0.6319297980610802,0.8565725654863732,0.8801603273517555,0.8324521950400946,0.8760583451778114,0.7933732557598221,0.8705078113683468,0.7861366812489567,0.0,0.7279572910584681
0.7911334297597847,0.7441661743309123,0.1197763691458032,0.8042814388730775,0.896680655567037,0.810975842986269,0.9189294962586374,0.8440307155340866,0.0,0.8069722184827303,0.825437868122907,0.9093683821516056,0.9133430346106605,0.9144696683755688,0.7391509025285192,0.9758105708872906,0.2764135235411144,0.8879663471559178,0.8430321729139468,0.11024711757705236,0.7254982655554105,0.7445319972954971,0.8905853533637145,0.8838529857557167,0.8963427794251662,0.7934840146417161,0.8616507873361618,0.8191976590326001,0.804008817295276,0.0,0.8441212881826202,0.8765999372065976,0.8864808150544161,0.8389744094505774,0.8473781451154658,0.8968919363310919,0.8173894542779644,0.7634836369253549,0.8777751156238014,0.9553557243103099,0.8605024350896052,0.9638722982956094,0.8342388852643304,0.8995154014752098,0.8587283710516582,0.784449684253593,0.7679970754529268,0.0,0.8657374816756355,0.8481722538470635,0.8073524325860555,0.951403412264461,0.9129379193740598,0.8920233346999769,0.9308480790884048,0.9139939679043926,0.8685924234378983,0.8941827461322719,0.9168692589633531,0.7523841078378448,0.7881844366594848,0.8668621855713867,0.03344205127177269,0.0,0.7173556367136981,0.7320340391154092,0.6438634340621626,0.7945073302117679,0.8998092820972183,0.7330157562382152,0.8199581841161793,0.7287169066370964,0.8050934955034323,0.7481281765638189,0.0,0.6666289837417974
0.8379911794843141,0.15588755332952275,0.17157469432963984,0.8297149764185411,0.9051500678558935,0.8781953144434337,0.9077413175434881,0.8534806136276445,0.8069722184827303,0.0,0.8733678559328527,0.919166655397714,0.9007315541605992,0.9154550318152854,0.7558892904526673,0.9409184002110514,0.2528116521842828,0.8901216433705099,0.9236811958103748,0.09851378150868484,0.8597918712184219,0.15422422988902207,0.858048330790059,0.741298967823408,0.8124867514851128,0.8725113738261673,0.7738739117152094,0.8040853582200087,0.7933023763607381,0.14514561148286997,0.8328482450781685,0.5032453964811938,0.8498012298155153,0.8693869311005837,0.8416250423669019,0.4149464701608669,0.7860398508253119,0.8360933771394812,0.8115914595671655,0.901287767096716,0.877553466628974,0.9055135880900287,0.1640536926375062,0.20243311078688714,0.8588918807267042,0.685435139438113,0.6346512802804151,0.19285859646446774,0.8726914442306557,0.8758652956114673,0.8931952128463692,0.8999251745632876,0.8867521998382247,0.8594808901545272,0.88972330502305,0.8588238487654921,0.8818625312124087,0.8866134678305898,0.8935445896032328,0.08245606269628031,0.7867307040368784,0.7971159246685366,0.0459912779569247,0.2326753960432335,0.7832717080884948,0.8162360366648784,0.6101820708691958,0.7590865933821674,0.7835482873425617,0.7808572722861971,0.8336296243979339,0.07806665654004297,0.8632215715701615,0.7899208082007412,0.045508717992335745,0.7360736376472147
0.7799466630782027,0.06864124719821973,0.0,0.8306390659420526,0.8722164221238367,0.7892176394878603,0.8958401989942859,0.8564220002733864,0.825437868122907,0.8733678559328527,0.0,0.906297891456335,0.8979044155981342,0.9138996655210466,0.7838426551417805,0.8574151579912466,0.3393445427314688,0.8614390912518222,0.18705618015350972,0.09261008936633197,0.8026668458424088,0.0,0.871460098750019,0.7672682457186275,0.8934879487574242,0.8004719813843475,0.10679702373865763,0.7691979308213347,0.19822656138815792,0.0,0.8317681726883848,0.8800024695424282,0.8652907659646192,0.819623001513275,0.8444771462012437,0.8882955218584838,0.8137936254335509,0.7808385407062312,0.8238997214659958,0.9191311783567486,0.8447484899193626,0.8983920367728015,0.3490554792627356,0.8212749108501305,0.8339066640282042,0.8649210197332924,0.7035437307577804,0.0,0.8475541390102173,0.8594589691278162,0.9342587939827351,0.8821129614359882,0.8090607053519248,0.8495115839390914,0.8690261863563065,0.8277681212337941,0.8144421186228286,0.8945109835076321,0.9058051467422704,0.04856718069645649,0.7351640219593147,0.18178559642845216,-0.003011944858978155,0.0,0.7088763389423487,0.7153921059903178,0.5785251932547376,0.800555538049849,0.7994621846942223,0.8288732755935498,0.8058291382810356,0.11639035457562108,0.7677702535774338,0.714193030366398,0.06737003705338968,0.6676312492786367
0.7312058982176083,0.8027940609602247,0.9657194516043457,0.8127174420727309,0.8972266396982804,0.8853056731839218,0.9331019117562117,0.8602480226777321,0.9093683821516056,0.919166655397714,0.906297891456335,0.0,0.8965968988133294,0.9328321036626778,0.8375292175622089,0.9772997146375008,0.14443815437853635,0.959517026368989,0.9427865527554777,0.0,0.853852232144135,0.7917197969988176,0.8974562906869004,0.8569524190861003,0.9571734844519286,0.7732469969238637,0.0,0.9119592768770335,0.802043544159359,0.0,0.916475713222716,0.889685042019837,0.8899412921718418,0.8393890719209016,0.8715082781775124,0.8987680057678026,0.7639910769311611,0.810738191625989,0.8314932665308825,0.9278083743773524,0.8380883435853751,0.9670885377929498,0.3072293353360142,0.8664187830792728,0.8650841907325393,0.7146505063635052,0.805567043299542,0.0,0.86959040706574,0.8604742076806211,0.9754520625922541,0.908114098552175,0.8577030976876061,0.8784171992555742,0.8655469071176403,0.9162472012519962,0.808748279219489,0.9386239806153577,0.9036386058953763,0.8687310045142769,0.8647439195230171,0.8738407913897512,0.8277851408568763,0.0,0.844783139959631,0.7543755421769748,0.7805354225543604,0.8932244320522889,0.8788317297230959,0.8901525359285981,0.8825708954669386,0.8569932336856713,0.9549177232893183,0.8810875875529234,0.0,0.8803993549172358
0.792617832150185,0.8312233766722412,0.9126933848516801,0.8641718138093262,0.9431474649947202,0.8749877949933568,0.9519640873743279,0.9089853265525276,0.9133430346106605,0.9007315541605992,0.8979044155981342,0.8965968988133294,0.0,0.94025671876077,0.7503359810335538,0.8776882332038665,0.852804285917498,0.82455318017145,0.9115901848072429,0.7511262184172496,0.8521988472462146,0.6941922897471082,0.8080546013448593,0.8457553029330633,0.9385726812586224,0.8752619002353782,0.8623139335945342,0.9576698040904943,0.7888682492847856,0.7717020812550481,0.9071536158255133,0.8779679952245193,0.45021658208414994,0.2913202498631175,0.9038105651889551,0.947937906295515,0.8620592409898404,0.7761227188510396,0.938275079065609,0.971057227943003,0.4300136410000745,0.8110500674994887,0.1656520558110224,0.5270726837589608,0.9555116880089373,0.815982244192328,0.7229077383674033,0.18637462865529614,0.3858633598696349,0.928959870590423,0.9707665032556927,0.9613062457875018,0.8940033368841829,0.9301870595921036,0.9535717932579885,0.8922409706961498,0.8771535279100527,0.6836122579298103,0.5205916684031128,0.7938808836895925,0.7842776623280808,0.8692634232229363,0.8316951275350893,0.2966391427825201,0.7646934754367426,0.7701410537248519,0.6315596674791284,0.8282844811935448,0.8238029822000539,0.8512613722023358,0.902392123523767,0.7168751348855221,0.9246347327793633,0.7059382301276389,-0.03963356379303079,0.7800026455333645
0.8106311941489662,0.7897121826742396,0.8771869890039259,0.8589859521439906,0.9262713751230511,0.8629023707866682,0.9382314382232178,0.8618082991833372,0.9144696683755688,0.9154550318152854,0.9138996655210466,0.9328321036626778,0.94025671876077,0.0,0.7925131871533411,0.8631763861977116,0.38296724371398655,0.8627529872884564,0.93476852728433,0.0,0.8857876918589974,0.16549762752718333,0.8668538771787453,0.8556940555781731,0.8218370987720549,0.8484954440329581,0.8491609972762277,0.8852001539326473,0.7968178606336067,0.10396769034330033,0.8785562724245612,0.8727685040231025,0.8898340541805997,0.83445182994454,0.8296492560242488,0.9036197904662887,0.7805874260952548,0.803819869327842,0.9019304773191686,0.9003017197324211,0.8814965874930386,0.9687396476669973,0.8606437457059444,0.37966114397092987,0.9429603176240751,0.8249305614424881,0.7304958499506427,0.0,0.9211214463658641,0.9065908215973315,0.8490634437941024,0.9251795075650814,0.8627223093737473,0.9206160731935019,0.9227025713178495,0.9077993659180096,0.8815791783393827,0.9233134638308592,0.9342431848582571,0.12375288213975844,0.7368915954098615,0.8602343593548079,0.7510979307953205,0.21844195396423544,0.7239640442365651,0.771556173684603,0.596313980476811,0.8047885745284131,0.9161547787707462,0.8461805512565649,0.9177464042140155,0.7741100710669175,0.8985739093851447,0.7326680923642596,0.0,0.7064173321876014
0.7915786682179473,0.0,0.0,0.747962935027679,0.7380435775977154,0.7385706383180183,0.7415022155249671,0.7737857783609936,0.7391509025285192,0.7558892904526673,0.7838426551417805,0.8375292175622089,0.7503359810335538,0.7925131871533411,0.0,0.0,0.05488857996897101,0.0,0.0,0.0,0.7531631453104686,0.0,0.8276929615977038,0.7667382199904827,0.0,0.762464121183762,0.0,0.7358321437906161,0.0,0.0,0.0,0.6955861683507758,0.7185511322028831,0.8085108818812529,0.7673747249798285,0.781598793191137,0.12413863922061946,0.7105807047507071,0.7182602432197494,0.864288785708172,0.7483351017690772,0.8534196828966203,0.0024928314517538297,0.8383203114580602,0.8199012170913935,0.7334706152885394,0.0,0.0,0.7895775363048904,0.6589834542660292,0.7403435059964318,0.7948254678265595,0.8125323293692728,0.7499243687306221,0.7860813493912102,0.75851368171837,0.8204081764520135,0.6769787911144561,0.8098424102790396,0.790068947740163,0.0,0.7879862656321117,0.09548418524155977,0.0,0.0,0.7412664455849074,0.0,0.0,0.7897061455299834,0.0,0.7464762182031214,0.0,0.0,0.0,0.0,0.72292436579667
0.8210440560663319,0.7774556533274741,0.0,0.9040768473560308,0.8949563497046202,0.8837020144176218,0.943147190072662,0.8981874296868947,0.9758105708872906,0.9409184002110514,0.8574151579912466,0.9772997146375008,0.8776882332038665,0.8631763861977116,0.0,0.0,0.2341379785497894,0.8294289194399986,0.0,0.0,0.0,0.0,0.0,0.8578660454391274,0.8734786593225267,0.915787310040578,0.0,0.8517483141567033,0.8162665645264894,0.0,0.0,0.8056080541037947,0.9304892568542351,0.7789468458528854,0.8793791087260475,0.9110406522014777,0.7574644120327958,0.8035616510013557,0.8126798891201767,0.9533111575453,0.8393208490203673,0.9540855939363767,0.8904919241368625,0.9061948649706797,0.8020546313896524,0.8251227058069337,0.8349779539203734,0.0,0.9155315585377316,0.8475804274444044,0.8017544105134813,0.8970221241848811,0.9117296958264014,0.9639162967286738,0.9123241059713034,0.8338762774659045,0.9473374231297071,0.8920101295324644,0.9256049154959581,0.0,0.7726489721238298,0.8551232466185589,0.8125195748885201,0.0,0.0,0.7872305772376841,0.7692179493027831,0.0,0.8676793819932842,0.8222289572664832,0.9138934989778705,0.0,0.8787830555419782,0.7965586464343969,0.0,0.7258471091609876
0.14158715388609755,0.13153367221147827,0.19397091421078583,0.27303234636350227,0.8752191316384492,0.12665158651599417,0.8918642290863145,0.06727938982785486,0.2764135235411144,0.2528116521842828,0.3393445427314688,0.14443815437853635,0.852804285917498,0.38296724371398655,0.05488857996897101,0.2341379785497894,0.0,0.17588212479455934,0.1601049092077237,0.0,0.7387005299687076,0.0,0.25151830520165425,0.043182311921041605,0.09246631417960205,0.2451072498227071,0.08673929783362433,0.25308130838039955,0.22006923799387873,0.16633505895050316,0.1839985639748697,0.2730441200126399,0.4905842910018496,0.4188318376332683,0.33849403810343437,0.8835633332592845,0.5005927910293908,0.21264623249834047,0.3136676055081588,0.8138500157951738,0.33553955826550674,0.8761291502590496,0.4574179200328592,0.8484718665693972,0.8446212317578915,0.12359783330808083,0.13817694606164227,0.0,0.8752146029512388,0.4569654079078653,0.21404206397204772,0.8721376133091896,0.8239913362850199,0.3305084726200897,0.8455261969690042,0.30496953487728057,0.21816645570379078,0.8636465013072101,0.4642134895185064,0.11751817155877103,0.7046188285123413,0.14706616915248572,0.0829396673857099,0.2192217022801649,0.13176994585537483,0.7375536740542318,0.10683144733155325,0.0,0.12800062912219384,0.08221312056478203,0.20683770311311356,0.048074247006986814,0.15768242793626852,0.14508569044805408,0.06666627289989618,0.03697002562572049
0.8270437720574554,0.1925931434012696,0.0,0.3992108189964407,0.9027115126956528,0.8454877910989174,0.9210480103355372,0.8542487561954792,0.8879663471559178,0.8901216433705099,0.8614390912518222,0.959517026368989,0.82455318017145,0.8627529872884564,0.0,0.8294289194399986,0.17588212479455934,0.0,0.0,0.0,0.7502983516955113,0.20092671407165813,0.833724218561464,0.7654364253607051,0.8744054959282752,0.9010202262128426,0.11922258150594106,0.8387033191199487,0.16271523334911142,0.0,0.22891712858972474,0.8524907832721421,0.8727642964150019,0.7696133857530547,0.8053218943981217,0.8658695908862812,0.34654374074998484,0.8216761698707861,0.7494069510786456,0.8828389514348264,0.8728499580723318,0.9073137463853078,0.4453268591138866,0.8576155428895597,0.8032906308356106,0.7761982372562499,0.7753466194392273,0.0,0.9085493184776242,0.7949352417115706,0.8848162129950414,0.894904642746143,0.8503489266356418,0.8650788479880753,0.8002515229116921,0.18674170211786278,0.2111216491324095,0.9176522626313057,0.9055137103560815,0.09474975908849814,0.7860204454804085,0.07737947288140568,0.16228708109433188,0.0,0.8362850949310114,0.6969955033702251,0.6868581778955543,0.0,0.8242744789160175,0.19365828950865482,0.8563839093776646,0.0,0.8101489544468943,0.8001866966238452,0.0,0.1912644693066527
0.9767788167619027,0.08526331460989373,0.0,0.8712121947048725,0.8549374315996381,0.836989523748138,0.9388691305801248,0.9278943718631649,0.8430321729139468,0.9236811958103748,0.18705618015350972,0.9427865527554777,0.9115901848072429,0.93476852728433,0.0,0.0,0.1601049092077237,0.0,0.0,0.0,0.7940575265355749,0.0,0.0,0.8702997827870962,0.8826070987506542,0.8516490231200164,0.0,0.8441289782446124,0.0,0.0,0.0,0.14853223533763715,0.8949507883801273,0.851127086166922,0.8952926652496398,0.9421747588445283,0.12458230708056828,0.817282982965196,0.9264752303551361,0.9567931808454534,0.8022749880780825,0.9518131406757386,0.2700002659363334,0.8786327759824646,0.8678683763600614,0.0,0.0,0.0,0.8792462079957081,0.907535498008228,0.8823482375878944,0.9487361853682501,0.971619839815706,0.9319550783664146,0.8737402883459793,0.15232031382187755,0.0,0.9285051841019332,0.9498271493298418,0.0,0.0,0.09343594710896391,0.042870247969718445,0.0,0.0,0.0,0.0,0.0,0.0,0.05873558952635788,0.9436444500996091,0.0,0.9162727619036926,0.0,0.0,0.05928393961342443
0.0,0.04878114772061187,0.0,0.14206730715290566,0.7522116057439419,0.7308156922160818,0.7890916917918734,0.09279055186754626,0.11024711757705236,0.09851378150868484,0.09261008936633197,0.0,0.7511262184172496,0.0,0.0,0.0,0.0,0.0,0.0,0.0,0.7654660331764787,0.0,0.0,0.0,0.07440387118578912,0.07106285912899202,0.0,0.07973099675558204,0.0,0.0,0.0,0.0,0.7064891870461749,0.10831118739660761,0.21147868956684945,0.8363368511396057,0.1756793082944209,0.07692206360059733,0.0,0.826848827837116,0.7055824308646005,0.8707874187761387,0.15019764140699932,0.180787778800503,0.7732454025245634,0.0,0.0,0.0,0.14092610709407694,0.13900822063458718,0.8549464860970108,0.1444029590609341,0.8097935715187715,0.0,0.11700478623186883,0.09249574209055211,0.0,0.8575407852145288,0.13506618701557216,0.0,0.0,0.12506749381686955,0.060619624100713754,0.0,0.0,0.0,0.0,0.0,0.0,0.008396471007373563,0.0,0.0,0.0,0.0,0.0,0.06632331554791521
0.7802967383268481,0.7318633652441685,0.0,0.8445515639125821,0.8740779376128561,0.666003581726367,0.934645977747149,0.857310054257297,0.7254982655554105,0.8597918712184219,0.8026668458424088,0.853852232144135,0.8521988472462146,0.8857876918589974,0.7531631453104686,0.0,0.7387005299687076,0.7502983516955113,0.7940575265355749,0.7654660331764787,0.0,0.7758262006090619,0.7744332230803372,0.733487252762099,0.7521828731658329,0.7566992949375932,0.7472450134733385,0.7662377740027324,0.7532405141503333,0.0,0.7637250146751998,0.8095813191058255,0.8732563893875446,0.8199531504851486,0.8628841011708767,0.8670917897847483,0.7755954681926759,0.7150710010739526,0.8678279129224725,0.9114851898236042,0.9015796036256467,0.9856060281001758,0.7225511548747144,0.8585638771506572,0.832533837861426,0.8243278626021121,0.6983632399273739,0.0,0.8744794378607357,0.8634775964416358,0.8032466684437288,0.8850970501958536,0.945228069245501,0.8262248964484762,0.8886876507676267,0.7782226363431479,0.8229533324339433,0.8886409660159904,0.8495954925400503,0.7793675162922999,0.7187703797503069,0.67521319491419,0.7309680692465482,0.0,0.0,0.8652030442252913,0.7605917458018532,0.7543892139186738,0.7691079936605247,0.6611368574367926,0.7339438217112914,0.7462148607859937,0.7143192696555665,0.7423806874181156,0.0,0.7535568476937012
0.74921406878351,0.06297589603689352,0.0,0.22079919226670935,0.7196882846014938,0.7328508059168157,0.78500103987746,0.8369661722534925,0.7445319972954971,0.15422422988902207,0.0,0.7917197969988176,0.6941922897471082,0.16549762752718333,0.0,0.0,0.0,0.20092671407165813,0.0,0.0,0.7758262006090619,0.0,0.840823053120578,0.7784301019237482,0.7166141805411145,0.6905526150123227,0.0,0.7334460578236294,0.05706799335506335,0.0,0.0,0.21611067461722827,0.8572276507152159,0.07533722737531134,0.71925170536791,0.7160565735252261,0.02570313954028791,0.6797109556172084,0.22626839849494307,0.8354660714886122,0.7421779514026735,0.8169521243055804,0.09753681762167787,0.737055782600015,0.7256463528516487,0.0,0.0,0.0,0.8028435530631097,0.6969549739783147,0.7134723556958507,0.7241752432430525,0.8779021056046729,0.18858571260476525,0.8233565533548444,0.09612187616224627,0.0,0.7938753761012343,0.19084557973433153,0.0,0.0,0.105351932136525,0.15218358482305194,0.0,0.0,0.7051916994410512,0.0,0.0,0.0391284787042096,0.12738084819491613,0.7486501641601715,0.0,0.7589270885234342,0.0,0.0,0.17748674662155312
0.8311666403378697,0.7285172329764203,0.0,0.8282566489078287,0.813739665002872,0.7890176741362571,0.8601777226110139,0.8916389441472348,0.8905853533637145,0.858048330790059,0.871460098750019,0.8974562906869004,0.8080546013448593,0.8668538771787453,0.8276929615977038,0.0,0.25151830520165425,0.833724218561464,0.0,0.0,0.7744332230803372,0.840823053120578,0.0,0.8669592342284647,0.8358709523712582,0.8118849478957265,0.0,0.8313930848242325,0.8096610183942934,0.0,0.883299033712453,0.8361124989497184,0.8875207248434089,0.7585408761687181,0.8813499260992822,0.8742833704389088,0.827507535497788,0.7405759803497125,0.8602851871128644,0.9342192014264018,0.866230905960566,0.9931228738052722,0.22507088789707874,0.8697938070516341,0.8413528735684714,0.8181809133573563,0.7875170690747062,0.0,0.9052444892617573,0.8085515878594186,0.8441693590951711,0.8519355794165854,0.932538959426767,0.8756994069746343,0.8804019307364565,0.8451370151462205,0.8542999878719559,0.8796476936937405,0.8351639534705801,0.851097511444484,0.8221345445146,0.16628533683980995,0.19658417856649885,0.0,0.0,0.7395858088451166,0.0,0.8043131756679116,0.815106306459431,0.8722272475772447,0.7800173677280189,0.0,0.8949263031520696,0.8564649098614651,0.0,0.7574873672811357
0.6891625905997901,0.709610124465971,0.8775369111101069,0.769648196016374,0.8615544654359043,0.6994842294467589,0.8967937146418706,0.8403727075242791,0.8838529857557167,0.741298967823408,0.7672682457186275,0.8569524190861003,0.8457553029330633,0.8556940555781731,0.7667382199904827,0.8578660454391274,0.043182311921041605,0.7654364253607051,0.8702997827870962,0.0,0.733487252762099,0.7784301019237482,0.8669592342284647,0.0,0.8287871100215702,0.7378179596827182,0.8373495367796642,0.7463716050746648,0.7911332781819231,0.0,0.8017826936812149,0.783577124763567,0.873996269176645,0.7810690816864827,0.8296574259862635,0.8169318594934036,0.724300079510003,0.7134893867655208,0.8169647543797758,0.8953722097724534,0.8473472924070601,0.8903082697831697,-0.03809579569543142,0.8297537996620402,0.7756556912224943,0.6555257768798838,0.7497134765397863,0.12976869566362698,0.8527294075728288,0.8123369038338281,0.861695363569587,0.8985477967262504,0.8733241741119082,0.7213141658269311,0.8192345939056669,0.8052930716178979,0.8209357015981678,0.8664847793578326,0.8417917468040825,0.7799009015564398,0.7508671008975636,0.6665275616271752,0.7945339724886803,0.0,0.0,0.743500530628192,0.6852138410725985,0.8002392637983139,0.7660296576155653,0.7158741005646467,0.7292350140980711,0.7921474564051488,0.7911103604433527,0.8067385133442793,0.0,0.819196674570754
0.8111625870736825,0.7816436943564488,0.0,0.9007988192788067,0.9180951396306692,0.8453373608330327,0.9547175589778049,0.9058369336998218,0.8963427794251662,0.8124867514851128,0.8934879487574242,0.9571734844519286,0.9385726812586224,0.8218370987720549,0.0,0.8734786593225267,0.09246631417960205,0.8744054959282752,0.8826070987506542,0.07440387118578912,0.7521828731658329,0.7166141805411145,0.8358709523712582,0.8287871100215702,0.0,0.8466456534713793,0.7919010946276743,0.8500326809001205,0.8430023623785317,0.0,0.8234795255731951,0.8715597212265149,0.36226361357223036,0.8161029339274182,0.8608525710686973,0.8781848765459876,0.815624751193037,0.8553612474154249,0.934131730085043,0.9392149058930027,0.9156518395119866,1.0054356267609559,0.7927507409779277,0.8793639922058636,0.8380551110627776,0.7772316945015583,0.7272680382945755,0.0,0.8965946995673266,0.8937842627145263,0.9133538565559923,0.9264434380963781,0.8313354459027134,0.88967740720047,0.8897724082820093,0.8931579862143626,0.8433536669513569,0.9422022752098942,0.9299470216585958,0.0,0.6629533411044957,0.7757662005411345,0.1605665778153983,0.0,0.6930348313826178,0.6987379291370879,0.6085801137299898,0.8183529272934995,0.919177133475128,0.8745910141501896,0.7550763432799449,0.7188015037858925,0.7826772823548759,0.7767674700469218,0.0,0.7328732925520102
0.8014150983550548,0.7265795769808463,0.0,0.8716312751501903,0.9025711425584044,0.7704128084391823,0.9509073148845292,0.8216478345488168,0.7934840146417161,0.8725113738261673,0.8004719813843475,0.7732469969238637,0.8752619002353782,0.8484954440329581,0.762464121183762,0.915787310040578,0.2451072498227071,0.9010202262128426,0.8516490231200164,0.07106285912899202,0.7566992949375932,0.6905526150123227,0.8118849478957265,0.7378179596827182,0.8466456534713793,0.0,0.8616518856159419,0.7063099907569412,0.8184558932308027,0.0,0.74725974139356,0.7677708386887834,0.30017088409764575,0.8158047290924078,0.845126943020744,0.7790642044147698,0.7956506102456271,0.7830051465399738,0.8521853677950303,0.9398739982426643,0.8791700988980916,0.9840019591484284,0.25440131181466297,0.886723413931214,0.8457722419479291,0.7295417376827636,0.7315200082079456,0.0,0.9203568053039134,0.8640596356064741,0.8717972337050824,0.9250831642443514,0.8751749328731958,0.8535372762116106,0.8778900068668662,0.8132580169129954,0.7781365250898306,0.8516314974396506,0.9020106347369454,0.7488035431168476,0.6766978276280845,0.047419165923472395,-0.01745930489569325,0.0,0.0,0.7171430984540462,0.6629139035757109,0.8445780227821222,0.7570050817705972,0.7467404698659652,0.7187414826320874,0.7602309556323237,0.817027757636184,0.7195693111005177,0.0,0.6165890003994705
0.7651953886566036,0.05643011022681238,0.0,0.2404541742886569,0.8132089935992444,0.8045669378748833,0.8570376259769458,0.8872808799673175,0.8616507873361618,0.7738739117152094,0.10679702373865763,0.0,0.8623139335945342,0.8491609972762277,0.0,0.0,0.08673929783362433,0.11922258150594106,0.0,0.0,0.7472450134733385,0.0,0.0,0.8373495367796642,0.7919010946276743,0.8616518856159419,0.0,0.7696423944712005,0.0,0.0,0.0,0.0,0.9031972565313914,0.752121555042428,0.7630221690351107,0.8592237409028591,0.19376465835070011,0.7486165767627599,0.2275537420352029,0.9362644815904373,0.877554265209072,0.903986214216434,0.11979285737935674,0.9000294282308916,0.8393184376662545,0.0,0.0,0.0,0.8849447595801142,0.7708512365637784,0.7986752695166668,0.8094376753598462,0.889460693646311,0.07363097191287604,0.8312108742615605,0.16018307052661607,0.0,0.8251049170261144,0.8619702042378687,0.0,0.8188923067998692,0.1934874818019166,0.10194455317115053,0.0,0.0,0.8335265881629328,0.0,0.0,0.10699992555167348,0.06957214868741496,0.8105685308361246,0.0,0.878461512571296,0.0,0.0,0.08419892687488328
0.7994867552910055,0.7007910692434042,0.9360029030087011,0.8251979656767526,0.9526268208992459,0.8462098173808986,0.9568389897057547,0.8619164755006519,0.8191976590326001,0.8040853582200087,0.7691979308213347,0.9119592768770335,0.9576698040904943,0.8852001539326473,0.7358321437906161,0.8517483141567033,0.25308130838039955,0.8387033191199487,0.8441289782446124,0.07973099675558204,0.7662377740027324,0.7334460578236294,0.8313930848242325,0.7463716050746648,0.8500326809001205,0.7063099907569412,0.7696423944712005,0.0,0.8092124844045744,0.0,0.8472920684502518,0.7729858141411882,0.9190790977737624,0.8091723972319307,0.9026595316768343,0.923297852835366,0.8409956749098779,0.817251412781705,0.8625026164911613,0.9542264541167607,0.8480164284766742,1.0091188919323797,0.8093238410170073,0.9062002211703406,0.8832629337830992,0.736471488275446,0.7003984474772984,0.0,0.9292177697888954,0.920667056295089,0.8623555086201445,0.9678579017388961,0.856389540993128,0.8159826977403443,0.9266630738101901,0.9143725076346432,0.8341548589166827,0.9649673249139222,0.9301019021918691,0.742602628267008,0.7869994974212892,0.7658820580235178,0.7053208909563786,0.0,0.7817666724592431,0.698665327170831,0.6347824200441654,0.8449987160516587,0.8562343631614698,0.8250311063551884,0.7419812144722924,0.724938822489799,0.8040777553068881,0.732771539424903,0.0,0.6558440557387656
0.7635255414828943,0.05594374998019069,0.0,0.274186260262584,0.7702591631172762,0.742458364474615,0.8221325614484836,0.813149059779013,0.804008817295276,0.7933023763607381,0.19822656138815792,0.802043544159359,0.7888682492847856,0.7968178606336067,0.0,0.8162665645264894,0.22006923799387873,0.16271523334911142,0.0,0.0,0.7532405141503333,0.05706799335506335,0.8096610183942934,0.7911332781819231,0.8430023623785317,0.8184558932308027,0.0,0.8092124844045744,0.0,0.0,0.0,0.2953259071908022,0.7511149695077011,0.6842803754545957,0.7256716519013164,0.8378771132500966,0.7241421532775402,0.7298400513107179,0.8616225064173363,0.878900819454379,0.7614291448877877,0.8704725943061873,0.12078142516123092,0.8023672301915155,0.7169306268835995,0.12210289676947922,0.03013306360475565,0.0,0.8345070210280117,0.7263979771070523,0.8468627620552707,0.7822755224728479,0.8792090541076111,0.84175783933863,0.827163990978295,0.18556736844788496,0.0,0.8478681931717716,0.8816909589320134,0.0,0.6863442509379785,0.16831900573878072,0.034929656723555746,0.0,0.0,0.6682008650672797,0.0,0.6997761460461757,0.09668213096931622,0.12447732909267956,0.7829095489806903,0.06622926539759916,0.7040063124389374,0.7059856115437007,0.0,-0.03277971355140885
0.0,0.0,0.0,0.17896106193455946,0.7674621860740821,0.0,0.7556557348341422,0.0,0.0,0.14514561148286997,0.0,0.0,0.7717020812550481,0.10396769034330033,0.0,0.0,0.16633505895050316,0.0,0.0,0.0,0.0,0.0,0.0,0.0,0.0,0.0,0.0,0.0,0.0,0.0,0.0,0.0,0.16022799897477535,0.15696875292391965,0.24045255367101848,0.18803928315542318,0.1862768076484207,0.1293434374831946,0.0,0.8180945020428431,0.0,0.7803678195283597,0.1847310367231278,0.8187909510278106,0.7794009257669887,0.0,0.0,0.0,0.1421482138045861,0.1125224750955281,0.0,0.7858572013750454,0.8158102934356671,0.0,0.14939776249947495,0.0,0.0,0.7247497421300283,0.12983233562238516,0.0,0.0,0.16037279690513095,0.0,0.0,0.0,0.0,0.0,0.0,0.0,0.0,0.0,0.0,0.0,0.0,0.0,0.0
0.8071948451801785,0.05761103591207806,0.0,0.8235839116177267,0.8774952340246688,0.8593425889506787,0.9636366070773402,0.8922507091145155,0.8441212881826202,0.8328482450781685,0.8317681726883848,0.916475713222716,0.9071536158255133,0.8785562724245612,0.0,0.0,0.1839985639748697,0.22891712858972474,0.0,0.0,0.7637250146751998,0.0,0.883299033712453,0.8017826936812149,0.8234795255731951,0.74725974139356,0.0,0.8472920684502518,0.0,0.0,0.0,0.3955724936860575,0.22552735861990497,0.7335375753533465,0.859642794384455,0.8944664338562468,0.268525863226307,0.8004559630933175,0.868042729042619,0.9145829005193736,0.8248523904633068,0.6961244322816698,0.33718471432497393,0.8039098445805763,0.8219089832848548,0.8631658113312535,0.7771578872251739,0.0,0.8797856912179397,0.8190045614147514,0.8565086384366577,0.902331206201924,0.9129041561687357,0.8336683982078028,0.8897414095142272,0.27191510587148016,0.8398949707463719,0.8192406933269226,0.9059729633808087,0.0,0.7843028907802645,0.12453000023268956,0.14512153049095133,0.0,0.0,0.7561147767073794,0.0,0.0,0.8275399444438559,0.18597618384483144,0.8082705700240251,0.0,0.7369801957187138,0.7544874315173284,0.0,0.7912625140745699
0.7721820291730416,0.17796099399253107,0.25839201756651825,0.32649383015193034,0.8572731496865365,0.8800252655816608,0.3293985717545923,0.8098988953798641,0.8765999372065976,0.5032453964811938,0.8800024695424282,0.889685042019837,0.8779679952245193,0.8727685040231025,0.6955861683507758,0.8056080541037947,0.2730441200126399,0.8524907832721421,0.14853223533763715,0.0,0.8095813191058255,0.21611067461722827,0.8361124989497184,0.783577124763567,0.8715597212265149,0.7677708386887834,0.0,0.7729858141411882,0.2953259071908022,0.0,0.3955724936860575,0.0,0.29482185069534217,0.7912049471624492,0.7684836836378459,0.8086710393870765,0.08989578653712793,0.7674148253737674,0.5326385207697155,0.5098488534796095,0.8398343263582781,0.428628663245475,0.46832876486204256,0.8573717662705311,0.8069079267266586,0.706757309851333,0.6759938750249714,0.0,0.8188119853868392,0.18937237230988097,0.8965741085332227,0.28287405907624763,0.8394089192736989,0.3914599102196116,0.8250272688337895,0.5141889206400747,0.8021182845948303,0.27151050562871476,0.8978818428222851,0.13007746543019283,0.7957666128454526,0.16798481210444127,0.14146663416477645,0.26614579404463473,0.7596394586475411,0.789412941111095,0.6663593456820339,0.8645818239949303,0.7553837102830723,0.8086002777611806,0.848928530327256,0.18892556835562396,0.7951598804626292,0.8315581448427588,0.0,0.7570502038974962
0.7731302132790019,0.8358399118436154,0.8559705397432182,0.8258432574530382,0.8950718404923875,0.8828417811216064,0.9110159119496153,0.8602805646598192,0.8864808150544161,0.8498012298155153,0.8652907659646192,0.8899412921718418,0.45021658208414994,0.8898340541805997,0.7185511322028831,0.9304892568542351,0.4905842910018496,0.8727642964150019,0.8949507883801273,0.7064891870461749,0.8732563893875446,0.8572276507152159,0.8875207248434089,0.873996269176645,0.36226361357223036,0.30017088409764575,0.9031972565313914,0.9190790977737624,0.7511149695077011,0.16022799897477535,0.22552735861990497,0.29482185069534217,0.0,0.05943094000457644,0.2211949967223954,0.2750172300996317,0.12676941087750582,0.27413555504803766,0.4303805364085067,0.28737449404396687,0.1601248510240298,0.49019745446278196,0.145172845222588,0.3510818988510973,0.8302981011564482,0.7943803950639077,0.8647643126703467,0.36708464755842823,0.36304265143900344,0.8653881393136125,0.9183195352719706,0.32526064613031713,0.9197160980562515,0.8755878806430966,0.16146264950787959,0.20366116589123298,0.842229381466516,0.45036516572601915,0.31781234749841536,0.8250525973208465,0.7718702265784301,0.7700013248079378,0.05693909747836179,0.36203772033910914,0.6736858798225166,0.7984421589228229,0.7435064809731504,0.921061130445174,0.8697524809142818,0.8508995511633722,0.9198101267191682,0.8216518690990755,0.4455496006827771,0.866793028396421,-0.025521740744195776,0.8777621765846317
0.761161758337416,0.72929785246336,0.8181639017415072,0.8113687612183832,0.8659748110534101,0.9075597594022214,0.32871288805295884,0.8500912192102882,0.8389744094505774,0.8693869311005837,0.819623001513275,0.8393890719209016,0.2913202498631175,0.83445182994454,0.8085108818812529,0.7789468458528854,0.4188318376332683,0.7696133857530547,0.851127086166922,0.10831118739660761,0.8199531504851486,0.07533722737531134,0.7585408761687181,0.7810690816864827,0.8161029339274182,0.8158047290924078,0.752121555042428,0.8091723972319307,0.6842803754545957,0.15696875292391965,0.7335375753533465,0.7912049471624492,0.05943094000457644,0.0,0.14262840962486045,0.24239116032697688,0.1129328089510071,0.819160075638509,0.18510735874851386,0.17261665231546708,0.12841079514082582,0.36583508300293144,0.46214085429673263,0.18145898391400211,0.7983005556902537,0.7377596392794423,0.6333818654695208,0.15769445280443128,0.2536671268994399,0.20416645592021698,0.879728201212649,0.24598723671463146,0.8435295098230792,0.8408941686660908,0.26085557432173595,0.7556499823050904,0.8581926436438618,0.35471189707262246,0.852582972054456,0.7542519608746401,0.7490281663167524,0.19513021511556838,0.20193478474492188,0.28051936136029687,0.5973081051331949,0.783712881892195,0.563917225001519,0.7522277009910412,0.8702125418084419,0.7582073410428496,0.8467553629835872,0.7587932662460717,0.7890071085358683,0.7477548131943224,0.0,0.7940356523694316
0.7447056562063823,0.8310507098688825,0.2983764868218343,0.8055764660681721,0.8790834740662506,0.8726996652463442,0.895001268958011,0.8111085784594854,0.8473781451154658,0.8416250423669019,0.8444771462012437,0.8715082781775124,0.9038105651889551,0.8296492560242488,0.7673747249798285,0.8793791087260475,0.33849403810343437,0.8053218943981217,0.8952926652496398,0.21147868956684945,0.8628841011708767,0.71925170536791,0.8813499260992822,0.8296574259862635,0.8608525710686973,0.845126943020744,0.7630221690351107,0.9026595316768343,0.7256716519013164,0.24045255367101848,0.859642794384455,0.7684836836378459,0.2211949967223954,0.14262840962486045,0.0,0.1636783716082701,0.0850480829007037,0.839407734242116,0.298400445074948,0.20875038480335079,0.13301508436447718,0.2777176685750564,0.16450961631684813,0.16633600824876477,0.8215891889453962,0.7223557173941385,0.7338328699183925,0.2988920491764748,0.27791471929434275,0.8681798794626605,0.8872970806934792,0.29849789845625285,0.861423769631728,0.8508834762057259,0.2996573042495327,0.8142569163456692,0.841939624693229,0.3884470469465733,0.30767776442499956,0.7445997386065238,0.7114770767937613,0.2967222925852874,0.35505264496770506,0.3711915565886517,0.6738696835483472,0.7705735796267098,0.6536709312751594,0.9050137588056453,0.8238525110549162,0.8329995519009772,0.8490485483016695,0.8112525390690096,0.8542192199710308,0.7452735552204114,0.025669197600510285,0.8009557696067877
0.8310231251203878,0.8492960419663049,0.8949619573730355,0.8531982935711758,0.9163627923087008,0.8547037371502583,0.4165884426788956,0.8310719053259218,0.8968919363310919,0.4149464701608669,0.8882955218584838,0.8987680057678026,0.947937906295515,0.9036197904662887,0.781598793191137,0.9110406522014777,0.8835633332592845,0.8658695908862812,0.9421747588445283,0.8363368511396057,0.8670917897847483,0.7160565735252261,0.8742833704389088,0.8169318594934036,0.8781848765459876,0.7790642044147698,0.8592237409028591,0.923297852835366,0.8378771132500966,0.18803928315542318,0.8944664338562468,0.8086710393870765,0.2750172300996317,0.24239116032697688,0.1636783716082701,0.0,0.14845671406305827,0.44306361624308943,0.23794967727278407,0.2959723010508106,0.28952106394877203,0.7177789568652253,0.17801741044029012,0.23839021262146337,0.9347748397711654,0.8227865950921176,0.7856140060740631,0.27540214547048764,0.3570946210532116,0.22673400203387897,0.941989876305357,0.2985414203404505,1.0048964746435793,0.15277121681623756,0.46947154763433474,0.8810141771712333,0.9029911170495036,0.4730977313276847,0.4326261775868442,0.7927570979974067,0.8455284529918363,0.869394684400554,0.8240050693200084,0.3661521954521935,0.6559067310997628,0.816977187293071,0.642585015614154,0.9069439415479761,0.8862730035620098,0.8671765001804841,0.8493480768472372,0.830916092026134,0.9153430275503218,0.7426125725494989,0.01535063519361457,0.8132865019135266
0.75305939382694,0.20927257333659666,0.19392444418130184,0.43227762180745744,0.8315764856424263,0.8462940626897445,0.8488427547335613,0.7449666821091269,0.8173894542779644,0.7860398508253119,0.8137936254335509,0.7639910769311611,0.8620592409898404,0.7805874260952548,0.12413863922061946,0.7574644120327958,0.5005927910293908,0.34654374074998484,0.12458230708056828,0.1756793082944209,0.7755954681926759,0.02570313954028791,0.827507535497788,0.724300079510003,0.815624751193037,0.7956506102456271,0.19376465835070011,0.8409956749098779,0.7241421532775402,0.1862768076484207,0.268525863226307,0.08989578653712793,0.12676941087750582,0.1129328089510071,0.0850480829007037,0.14845671406305827,0.0,0.7661539914734302,0.08714426549453919,0.1681774947925347,0.022059872899619304,0.1083478609473984,0.14608171781681484,0.1158843106032329,0.7753527291610843,0.6265632094700289,0.6976075508200832,0.26167415266187855,0.1725256442314661,0.7913397448232936,0.8336686447627079,0.8335438210364561,0.8270719197630382,0.8236460904976832,0.05382086737834313,0.462127009868545,0.2506219338277551,0.16637856772021847,0.10577690878507112,0.12006083990062588,0.6976020326056998,0.3322285442427739,0.5394062490172588,0.30626184062705714,0.6541658503646136,0.72284058826106,0.6162203380136547,0.23697064550706937,0.7298238009168063,0.4422110872997709,0.8122741830115044,0.21447969927940236,0.8465751577400981,0.7146064536656747,-0.3059930827582935,0.7164980182946867
0.6902973562732329,0.7069615603047599,0.7699592619200624,0.8072441271701294,0.7638020863784112,0.7180537224758897,0.8671598277535914,0.7744092080928631,0.7634836369253549,0.8360933771394812,0.7808385407062312,0.810738191625989,0.7761227188510396,0.803819869327842,0.7105807047507071,0.8035616510013557,0.21264623249834047,0.8216761698707861,0.817282982965196,0.07692206360059733,0.7150710010739526,0.6797109556172084,0.7405759803497125,0.7134893867655208,0.8553612474154249,0.7830051465399738,0.7486165767627599,0.817251412781705,0.7298400513107179,0.1293434374831946,0.8004559630933175,0.7674148253737674,0.27413555504803766,0.819160075638509,0.839407734242116,0.44306361624308943,0.7661539914734302,0.0,0.809895076516524,0.34984580710560653,0.8444967766672532,0.8818067672422691,0.772712269289112,0.28230497089347567,0.8253007414804594,0.696597651334859,0.6746860428053693,0.21000389243580697,0.8687642054963701,0.7648950182298039,0.8731792404654033,0.33748563498929196,0.8936845994684918,0.7654316457611369,0.8128633658245689,0.8076424631600733,0.8306797222608389,0.8038865780681159,0.8261066321379548,0.721922740408264,0.7110371214789489,0.8145234048831314,0.6807966327198918,0.19715743513769513,0.6264034012108157,0.6806866673809701,0.6821745408105578,0.7493374991193917,0.8035619148324511,0.7035775477254621,0.7645103226425533,0.7088192427692516,0.7750530961453761,0.7317552405243913,0.03674192430271017,0.7188497513529075
0.7823180786113687,0.7427544794307525,0.255323068477264,0.7840320953414845,0.8997085017837471,0.8280712444730414,0.5114622759241632,0.8537243445141786,0.8777751156238014,0.8115914595671655,0.8238997214659958,0.8314932665308825,0.938275079065609,0.9019304773191686,0.7182602432197494,0.8126798891201767,0.3136676055081588,0.7494069510786456,0.9264752303551361,0.0,0.8678279129224725,0.22626839849494307,0.8602851871128644,0.8169647543797758,0.934131730085043,0.8521853677950303,0.2275537420352029,0.8625026164911613,0.8616225064173363,0.0,0.868042729042619,0.5326385207697155,0.4303805364085067,0.18510735874851386,0.298400445074948,0.23794967727278407,0.08714426549453919,0.809895076516524,0.0,0.5757812408238896,0.3250920734939051,0.5553494922050454,0.8266818579846027,0.4762241339942799,0.8609638174668007,0.7419613313157786,0.6881829376023669,0.0,0.3900559122103918,0.26754500573821305,0.9264047442998722,0.4315236448834176,0.8912333834827157,0.8880182241441663,0.8735533947052037,0.8806156975739219,0.8004812331681335,0.5825721255873438,0.898903935043428,0.8461059884252766,0.7502270971105601,0.7813808006219729,0.7630271868045664,0.0,0.7297609942342195,0.8152162987267387,0.6167341278922192,0.8339936631998788,0.7708753655766114,0.8460013890865175,0.8847939982908624,0.7784835835070297,0.8382315981812704,0.7693675122639412,0.08061567557879801,0.7593349361623084
0.8533387430425802,0.8424518592019882,0.8618764364438463,0.8309166108435584,0.932558526640817,0.9557931569928263,0.9570332872982253,0.9207386505910298,0.9553557243103099,0.901287767096716,0.9191311783567486,0.9278083743773524,0.971057227943003,0.9003017197324211,0.864288785708172,0.9533111575453,0.8138500157951738,0.8828389514348264,0.9567931808454534,0.826848827837116,0.9114851898236042,0.8354660714886122,0.9342192014264018,0.8953722097724534,0.9392149058930027,0.9398739982426643,0.9362644815904373,0.9542264541167607,0.878900819454379,0.8180945020428431,0.9145829005193736,0.5098488534796095,0.28737449404396687,0.17261665231546708,0.20875038480335079,0.2959723010508106,0.1681774947925347,0.34984580710560653,0.5757812408238896,0.0,0.20715376599339622,0.7359957486355875,0.8429372787011362,0.5656869266261839,0.9237747114716693,0.7975518920504673,0.9336337597160819,0.2960319416626402,0.49910483530038435,0.8864641508400151,0.9840028695151755,0.9449310046710548,0.9542974399900125,0.9145860946165087,0.9235138002750605,0.8836716211933703,0.8803767732824673,0.6555475676663257,0.4300193159641063,0.8467703988965773,0.8452836658889067,0.8287930539460867,0.8602423054292808,0.3682339279256297,0.7526444900747428,0.8976401822798128,0.7461624709101258,0.943799751408399,0.8948079040315596,0.8802366113057873,0.9390138436376987,0.9018001179727124,0.9515899600309761,0.8835706737007208,-0.007383910130883353,0.8703541902708497
0.6819578903496044,0.7525901873201886,0.8026891947599313,0.8012019286564078,0.893511274771188,0.8604543109483058,0.44378203167617325,0.8527147525612938,0.8605024350896052,0.877553466628974,0.8447484899193626,0.8380883435853751,0.4300136410000745,0.8814965874930386,0.7483351017690772,0.8393208490203673,0.33553955826550674,0.8728499580723318,0.8022749880780825,0.7055824308646005,0.9015796036256467,0.7421779514026735,0.866230905960566,0.8473472924070601,0.9156518395119866,0.8791700988980916,0.877554265209072,0.8480164284766742,0.7614291448877877,0.0,0.8248523904633068,0.8398343263582781,0.1601248510240298,0.12841079514082582,0.13301508436447718,0.28952106394877203,0.022059872899619304,0.8444967766672532,0.3250920734939051,0.20715376599339622,0.0,0.5542379960398072,-0.03468545459557282,0.113802140618874,0.88043522875794,0.8029012883558888,0.7926340367544074,0.2546089682375384,0.33851682017034235,0.32839122518031627,0.936940337979538,0.3151556602374628,0.8879332752753614,0.8813396448035207,0.8808869201949904,0.8175729727226037,0.8563080233570528,0.4132821571541971,0.34155641321832897,0.7948101523398692,0.8002740169068193,0.8048294669440298,0.680585589077836,0.40964115604545986,0.6941487530236071,0.8929220939139081,0.6220806829548202,0.801541810612574,0.8664564376006242,0.8170212715200088,0.8832719438709737,0.7232056027811613,0.857526682858049,0.7222406614267308,0.0,0.7811306117141774
0.8151695162458515,0.8902057131048623,0.8680772204959932,0.8662382704971087,0.9814301788792464,0.9870238678169412,0.9919506492203348,0.9419057687986058,0.9638722982956094,0.9055135880900287,0.8983920367728015,0.9670885377929498,0.8110500674994887,0.9687396476669973,0.8534196828966203,0.9540855939363767,0.8761291502590496,0.9073137463853078,0.9518131406757386,0.8707874187761387,0.9856060281001758,0.8169521243055804,0.9931228738052722,0.8903082697831697,1.0054356267609559,0.9840019591484284,0.903986214216434,1.0091188919323797,0.8704725943061873,0.7803678195283597,0.6961244322816698,0.428628663245475,0.49019745446278196,0.36583508300293144,0.2777176685750564,0.7177789568652253,0.1083478609473984,0.8818067672422691,0.5553494922050454,0.7359957486355875,0.5542379960398072,0.0,0.2905904135108035,0.4449536249090066,0.9393461706040541,0.8535503584289381,0.81783989417671,0.41789195797222534,0.581478143903716,0.608653172329321,1.020038728915704,0.7010121947767435,0.9894299659036342,0.9539696312063611,0.6398839120498524,0.933687127138396,0.8758539090895423,0.6336432273655007,0.5923648887509023,0.8706400242014667,0.863601759115199,0.898787037002253,0.8387705642281521,0.9166954498022315,0.723974658478096,0.9450631978024691,0.7663728849242091,0.9765712757073353,0.8995952761465014,0.9327217969193076,0.9881215865272114,0.8937012478832066,0.965258125993287,0.9137500143160704,0.7737744485775033,0.9468604644412861
0.7386910396879467,0.19890424526574957,0.3216378771165852,0.8304881940750503,0.18935350242219873,0.7990984511123259,0.12856997508468831,0.025351904513716716,0.8342388852643304,0.1640536926375062,0.3490554792627356,0.3072293353360142,0.1656520558110224,0.8606437457059444,0.0024928314517538297,0.8904919241368625,0.4574179200328592,0.4453268591138866,0.2700002659363334,0.15019764140699932,0.7225511548747144,0.09753681762167787,0.22507088789707874,-0.03809579569543142,0.7927507409779277,0.25440131181466297,0.11979285737935674,0.8093238410170073,0.12078142516123092,0.1847310367231278,0.33718471432497393,0.46832876486204256,0.145172845222588,0.46214085429673263,0.16450961631684813,0.17801741044029012,0.14608171781681484,0.772712269289112,0.8266818579846027,0.8429372787011362,-0.03468545459557282,0.2905904135108035,0.0,0.15616185159770757,0.8423978334078837,0.04809593848011551,0.07835571247736794,0.17441306555680047,0.8386878344396604,0.18157858462404758,0.8433191445503756,0.14441034625808408,0.8223433840248624,0.8424720131751725,0.8251424138757628,0.5353178654204926,0.3402296500428148,0.3740631617716589,0.9165052329091709,0.09550459930440469,0.7180682794725108,0.3115831059188876,0.26151611332897595,0.33503115718884324,0.664606423262529,0.6511179687080281,0.6053524264431148,0.19831723044063793,0.16067071838014868,0.24271674666102883,0.7535240486275545,0.08259927806768319,0.8585220667269676,0.7861523065640454,0.006860930809382104,0.0527147290841633
0.8037534079402315,0.7867527403182029,0.8389133029404291,0.8015865168858402,0.8745746167341347,0.8929632904903716,0.42145514846355764,0.8053781175666314,0.8995154014752098,0.20243311078688714,0.8212749108501305,0.8664187830792728,0.5270726837589608,0.37966114397092987,0.8383203114580602,0.9061948649706797,0.8484718665693972,0.8576155428895597,0.8786327759824646,0.180787778800503,0.8585638771506572,0.737055782600015,0.8697938070516341,0.8297537996620402,0.8793639922058636,0.886723413931214,0.9000294282308916,0.9062002211703406,0.8023672301915155,0.8187909510278106,0.8039098445805763,0.8573717662705311,0.3510818988510973,0.18145898391400211,0.16633600824876477,0.23839021262146337,0.1158843106032329,0.28230497089347567,0.4762241339942799,0.5656869266261839,0.113802140618874,0.4449536249090066,0.15616185159770757,0.0,0.9001374041533895,0.813727427137145,0.8654133705541017,0.3177897143755828,0.8447192463589066,0.21747446962134054,0.9047130767954047,0.44505615386900943,0.6822615800406929,0.8666954967065192,0.3983765174244418,0.8422998816991675,0.8130825183099571,0.5899428895092018,0.3375194770848541,0.8353047820994586,0.822255068706179,0.8074390195085946,0.7780371346832834,0.36814021611901276,0.7453569911103624,0.8681776865554961,0.7394237639174254,0.9061222458097848,0.8485964718765177,0.8347031986001011,0.9110084634162721,0.8598428641043003,0.9138687363766277,0.8669401587187788,-0.10180710215512523,0.814753275370852
0.8702694381741953,0.8269857759610671,0.9341623378718972,0.8128520638169872,0.92529634170213,0.8643827334239291,0.947074693040124,0.77635338789253,0.8587283710516582,0.8588918807267042,0.8339066640282042,0.8650841907325393,0.9555116880089373,0.9429603176240751,0.8199012170913935,0.8020546313896524,0.8446212317578915,0.8032906308356106,0.8678683763600614,0.7732454025245634,0.832533837861426,0.7256463528516487,0.8413528735684714,0.7756556912224943,0.8380551110627776,0.8457722419479291,0.8393184376662545,0.8832629337830992,0.7169306268835995,0.7794009257669887,0.8219089832848548,0.8069079267266586,0.8302981011564482,0.7983005556902537,0.8215891889453962,0.9347748397711654,0.7753527291610843,0.8253007414804594,0.8609638174668007,0.9237747114716693,0.88043522875794,0.9393461706040541,0.8423978334078837,0.9001374041533895,0.0,0.8683832267293465,0.8096570321079941,0.22457144374406296,0.9194077751249554,0.9078728958486348,0.9401590195514922,0.9228456582675393,0.9621157732564557,0.8554726392368663,0.9308289375345565,0.8632297017190339,0.7990252057545401,0.8856200799490885,0.890037312636864,0.8081121763596069,0.7308755958512446,0.8089670728833053,0.7683560787684856,0.909067575846221,0.7901269144313285,0.8941103996069724,0.7030779839567046,0.8745406567142171,0.8483764800260982,0.7375854344689251,0.9044585474930039,0.785613061550045,0.9274865272776182,0.8319954888322004,0.746949379284438,0.8421117044277677
0.7877109980076532,0.7752628695389869,0.0,0.7714343010009773,0.820427510756894,0.7244592147492027,0.758056211470287,0.7066063846087182,0.784449684253593,0.685435139438113,0.8649210197332924,0.7146505063635052,0.815982244192328,0.8249305614424881,0.7334706152885394,0.8251227058069337,0.12359783330808083,0.7761982372562499,0.0,0.0,0.8243278626021121,0.0,0.8181809133573563,0.6555257768798838,0.7772316945015583,0.7295417376827636,0.0,0.736471488275446,0.12210289676947922,0.0,0.8631658113312535,0.706757309851333,0.7943803950639077,0.7377596392794423,0.7223557173941385,0.8227865950921176,0.6265632094700289,0.696597651334859,0.7419613313157786,0.7975518920504673,0.8029012883558888,0.8535503584289381,0.04809593848011551,0.813727427137145,0.8683832267293465,0.0,0.7642351285841148,0.0,0.7765744625984476,0.7181402413457386,0.9312330090504608,0.8044786603018943,0.7606048629361498,0.7767389822006953,0.7987981999138456,0.8121023328719987,0.6828173416950788,0.8277222542119794,0.8688856159917941,0.7966081343287785,0.7942808962602738,0.09048912418020805,-0.0009142864761835234,0.0,0.0,0.7598941688894595,0.0,0.7345880901075932,0.7192043599743765,0.8549962285669223,0.6580758869859707,0.8335170119856072,0.847588723844809,0.8762070069351784,0.0,0.8158096959223802
0.7076696547133958,0.7362321655020865,0.0,0.8563186528853708,0.7330779563297517,0.6380125532576557,0.8236526676613646,0.6677754704685973,0.7679970754529268,0.6346512802804151,0.7035437307577804,0.805567043299542,0.7229077383674033,0.7304958499506427,0.0,0.8349779539203734,0.13817694606164227,0.7753466194392273,0.0,0.0,0.6983632399273739,0.0,0.7875170690747062,0.7497134765397863,0.7272680382945755,0.7315200082079456,0.0,0.7003984474772984,0.03013306360475565,0.0,0.7771578872251739,0.6759938750249714,0.8647643126703467,0.6333818654695208,0.7338328699183925,0.7856140060740631,0.6976075508200832,0.6746860428053693,0.6881829376023669,0.9336337597160819,0.7926340367544074,0.81783989417671,0.07835571247736794,0.8654133705541017,0.8096570321079941,0.7642351285841148,0.0,0.0,0.8330540656475681,0.6395634786309597,0.6935729060531595,0.7895204349285513,0.7798352660248427,0.6775276094638812,0.7460550878593332,0.060142616048308284,0.8086047355539263,0.7474251906498156,0.7727442647989919,0.0,0.6652853030931161,0.6728154048103854,0.09320634690292612,0.0,0.0,0.6111291308143604,0.0,0.7024820014755739,0.7367741064169263,0.6993938787714703,0.5987250917311591,0.0,0.7148301390020882,0.6999078632641802,0.0,0.6537528830587762
0.0,0.0,0.0,0.21782547675733932,0.2679410745285593,0.09748800082773545,0.3003260394620097,0.0,0.0,0.19285859646446774,0.0,0.0,0.18637462865529614,0.0,0.0,0.0,0.0,0.0,0.0,0.0,0.0,0.0,0.0,0.12976869566362698,0.0,0.0,0.0,0.0,0.0,0.0,0.0,0.0,0.36708464755842823,0.15769445280443128,0.2988920491764748,0.27540214547048764,0.26167415266187855,0.21000389243580697,0.0,0.2960319416626402,0.2546089682375384,0.41789195797222534,0.17441306555680047,0.3177897143755828,0.22457144374406296,0.0,0.0,0.0,0.2344283208235592,0.26740377416014277,0.1844130303624626,0.35388754961334845,0.19823247824970047,0.0,0.254779279955096,0.0,0.0,0.18855604365890122,0.28582990492651633,0.0,0.0,0.0,0.09771160139435181,0.0,0.0,0.0,0.0,0.0,0.22008779145357044,0.0,0.10926974085443236,0.0,0.0,0.0,0.0,0.0
0.8089850910647394,0.7821459887870358,0.8497998605746864,0.8187085910591301,0.8868271837210708,0.8972678710235661,0.33205067623775175,0.8818826107189484,0.8657374816756355,0.8726914442306557,0.8475541390102173,0.86959040706574,0.3858633598696349,0.9211214463658641,0.7895775363048904,0.9155315585377316,0.8752146029512388,0.9085493184776242,0.8792462079957081,0.14092610709407694,0.8744794378607357,0.8028435530631097,0.9052444892617573,0.8527294075728288,0.8965946995673266,0.9203568053039134,0.8849447595801142,0.9292177697888954,0.8345070210280117,0.1421482138045861,0.8797856912179397,0.8188119853868392,0.36304265143900344,0.2536671268994399,0.27791471929434275,0.3570946210532116,0.1725256442314661,0.8687642054963701,0.3900559122103918,0.49910483530038435,0.33851682017034235,0.581478143903716,0.8386878344396604,0.8447192463589066,0.9194077751249554,0.7765744625984476,0.8330540656475681,0.2344283208235592,0.0,0.31881866113497753,0.9391438400210219,0.2834847474042732,0.9872874244999086,0.8483606843294274,0.8960163570987525,0.8712868487308365,0.8410771547012681,0.4246903036705754,0.448922992694727,0.848572498033922,0.8217474556257909,0.8052105538019787,0.819766067594105,0.23460299984903898,0.6254524555599675,0.8547255304939863,0.683626537876902,0.9071103812309987,0.8508663398257118,0.8353241903604136,0.916293457249447,0.8212562847501206,0.9077461354906313,0.8496091809544674,0.759219102287392,0.82814331103431
0.7439764180596502,0.8578533527937375,0.8805299822013218,0.8347934064297405,0.8881099380105776,0.7908845070094221,0.9041930691865484,0.8159801470586185,0.8481722538470635,0.8758652956114673,0.8594589691278162,0.8604742076806211,0.928959870590423,0.9065908215973315,0.6589834542660292,0.8475804274444044,0.4569654079078653,0.7949352417115706,0.907535498008228,0.13900822063458718,0.8634775964416358,0.6969549739783147,0.8085515878594186,0.8123369038338281,0.8937842627145263,0.8640596356064741,0.7708512365637784,0.920667056295089,0.7263979771070523,0.1125224750955281,0.8190045614147514,0.18937237230988097,0.8653881393136125,0.20416645592021698,0.8681798794626605,0.22673400203387897,0.7913397448232936,0.7648950182298039,0.26754500573821305,0.8864641508400151,0.32839122518031627,0.608653172329321,0.18157858462404758,0.21747446962134054,0.9078728958486348,0.7181402413457386,0.6395634786309597,0.26740377416014277,0.31881866113497753,0.0,0.9089313928137045,0.24192322778944114,0.9757372518865618,0.8810512277867414,0.8937018869768192,0.8532429165250013,0.8004209982648364,0.42674539927948596,0.338079460265592,0.7100726646927076,0.7783031190873707,0.8303148958729136,0.8159772942767296,0.3028467306409156,0.670565012248375,0.8324271894316012,0.5585142850686212,0.739279705946229,0.7561825017872198,0.8322388818914677,0.9110538675227279,0.663908293492627,0.8622797279398622,0.6987475268063965,0.04975353198975896,0.7721089440644494
0.8551981000817949,0.7841290196598004,0.9529360184439593,0.9105419676940113,0.8708674474132293,0.9147704999962464,0.9697342384292582,0.9351956371173562,0.8073524325860555,0.8931952128463692,0.9342587939827351,0.9754520625922541,0.9707665032556927,0.8490634437941024,0.7403435059964318,0.8017544105134813,0.21404206397204772,0.8848162129950414,0.8823482375878944,0.8549464860970108,0.8032466684437288,0.7134723556958507,0.8441693590951711,0.861695363569587,0.9133538565559923,0.8717972337050824,0.7986752695166668,0.8623555086201445,0.8468627620552707,0.0,0.8565086384366577,0.8965741085332227,0.9183195352719706,0.879728201212649,0.8872970806934792,0.941989876305357,0.8336686447627079,0.8731792404654033,0.9264047442998722,0.9840028695151755,0.936940337979538,1.020038728915704,0.8433191445503756,0.9047130767954047,0.9401590195514922,0.9312330090504608,0.6935729060531595,0.1844130303624626,0.9391438400210219,0.9089313928137045,0.0,0.9571677315290926,0.9542388203483316,0.8624070342145334,0.9376091580003418,0.9181732419707771,0.9179495833473887,0.9625539952858277,0.8709859536200901,0.8198072059841334,0.6903392239477598,0.8233358264341222,0.7816597265399198,0.15051889341252422,0.7645101011707336,0.7351166940329618,0.6370227279410096,0.8610272630116189,0.8925904079871149,0.8172356793203865,0.8226367540693826,0.7543780709760801,0.8323586975905855,0.8857227468673621,0.0,0.7635243049261421
0.7676746656860032,0.8069288421016606,0.8814885113493127,0.8492517038171594,0.9310314721848434,0.8782919492714424,0.9265837244249393,0.8683838414921196,0.951403412264461,0.8999251745632876,0.8821129614359882,0.908114098552175,0.9613062457875018,0.9251795075650814,0.7948254678265595,0.8970221241848811,0.8721376133091896,0.894904642746143,0.9487361853682501,0.1444029590609341,0.8850970501958536,0.7241752432430525,0.8519355794165854,0.8985477967262504,0.9264434380963781,0.9250831642443514,0.8094376753598462,0.9678579017388961,0.7822755224728479,0.7858572013750454,0.902331206201924,0.28287405907624763,0.32526064613031713,0.24598723671463146,0.29849789845625285,0.2985414203404505,0.8335438210364561,0.33748563498929196,0.4315236448834176,0.9449310046710548,0.3151556602374628,0.7010121947767435,0.14441034625808408,0.44505615386900943,0.9228456582675393,0.8044786603018943,0.7895204349285513,0.35388754961334845,0.2834847474042732,0.24192322778944114,0.9571677315290926,0.0,0.9640206134091718,0.8995004451821419,0.4642727228373984,0.24044767757874375,0.8912688283769864,0.554465818286553,0.4528592768372003,0.8635591224758902,0.8230450659829653,0.8654138750994248,0.09725470371799982,0.3939533011442411,0.6301600522923395,0.8691895750543818,0.6248989097555504,0.8899606598261762,0.8778331606612466,0.8997268964819264,0.9449626546570917,0.7976770741073733,0.960294785960233,0.7915915293117951,0.10944466212836113,0.8643501042274907
0.8637817335939216,0.8140292650371068,0.8566941558111487,0.8358153488884147,0.9091284103200934,0.9364692037865351,0.9825984432839153,0.8700100691511619,0.9129379193740598,0.8867521998382247,0.8090607053519248,0.8577030976876061,0.8940033368841829,0.8627223093737473,0.8125323293692728,0.9117296958264014,0.8239913362850199,0.8503489266356418,0.971619839815706,0.8097935715187715,0.945228069245501,0.8779021056046729,0.932538959426767,0.8733241741119082,0.8313354459027134,0.8751749328731958,0.889460693646311,0.856389540993128,0.8792090541076111,0.8158102934356671,0.9129041561687357,0.8394089192736989,0.9197160980562515,0.8435295098230792,0.861423769631728,1.0048964746435793,0.8270719197630382,0.8936845994684918,0.8912333834827157,0.9542974399900125,0.8879332752753614,0.9894299659036342,0.8223433840248624,0.6822615800406929,0.9621157732564557,0.7606048629361498,0.7798352660248427,0.19823247824970047,0.9872874244999086,0.9757372518865618,0.9542388203483316,0.9640206134091718,0.0,0.8734827201093824,0.9757638090963405,0.9112860123421334,0.8867281010972741,0.9274630138820106,0.9063385274097249,0.8654233605399163,0.8086338667274522,0.8352271705723306,0.757327864745325,0.0,0.849526915579218,0.8090456699363229,0.798609780056709,0.8812436296165121,0.8565617022234575,0.8308864713690675,0.8062657381087653,0.9553922085026167,0.8353744683557863,0.9347392911380565,0.0,0.8031123275020307
0.8480782937165516,0.10785752311844643,0.23293369164449668,0.8009513278694282,0.8970766207862926,0.8126840851411031,0.9055088697290794,0.8979317562126008,0.8920233346999769,0.8594808901545272,0.8495115839390914,0.8784171992555742,0.9301870595921036,0.9206160731935019,0.7499243687306221,0.9639162967286738,0.3305084726200897,0.8650788479880753,0.9319550783664146,0.0,0.8262248964484762,0.18858571260476525,0.8756994069746343,0.7213141658269311,0.88967740720047,0.8535372762116106,0.07363097191287604,0.8159826977403443,0.84175783933863,0.0,0.8336683982078028,0.3914599102196116,0.8755878806430966,0.8408941686660908,0.8508834762057259,0.15277121681623756,0.8236460904976832,0.7654316457611369,0.8880182241441663,0.9145860946165087,0.8813396448035207,0.9539696312063611,0.8424720131751725,0.8666954967065192,0.8554726392368663,0.7767389822006953,0.6775276094638812,0.0,0.8483606843294274,0.8810512277867414,0.8624070342145334,0.8995004451821419,0.8734827201093824,0.0,0.8864331431634038,0.07353933876390839,0.19982881885270654,0.9186863708831667,0.9281784480400463,0.09914709274582195,0.7084514433235793,0.002276593681194483,0.172942684727327,0.0,0.7715739564284139,0.8104117393032197,0.5829478669225211,0.8908661711643484,0.8793410837143583,0.8381728403405563,0.8234699743345065,0.13693438502488486,0.8268063673228783,0.81846888032847,0.0,0.6797204087771466
0.8414633409848715,0.724859032011566,0.23416574697901676,0.8578489331943602,0.911730735947143,0.8858862966957851,0.9211677709227508,0.8733447956956343,0.9308480790884048,0.88972330502305,0.8690261863563065,0.8655469071176403,0.9535717932579885,0.9227025713178495,0.7860813493912102,0.9123241059713034,0.8455261969690042,0.8002515229116921,0.8737402883459793,0.11700478623186883,0.8886876507676267,0.8233565533548444,0.8804019307364565,0.8192345939056669,0.8897724082820093,0.8778900068668662,0.8312108742615605,0.9266630738101901,0.827163990978295,0.14939776249947495,0.8897414095142272,0.8250272688337895,0.16146264950787959,0.26085557432173595,0.2996573042495327,0.46947154763433474,0.05382086737834313,0.8128633658245689,0.8735533947052037,0.9235138002750605,0.8808869201949904,0.6398839120498524,0.8251424138757628,0.3983765174244418,0.9308289375345565,0.7987981999138456,0.7460550878593332,0.254779279955096,0.8960163570987525,0.8937018869768192,0.9376091580003418,0.4642727228373984,0.9757638090963405,0.8864331431634038,0.0,0.8406321853163241,0.8099365925518769,0.9656228425343846,0.916811570317317,0.881585164415807,0.7289081240602815,0.8239443814073845,0.8027811083935005,0.25830293331180043,0.7064060432339654,0.8547497964354192,0.6113673268630904,0.8576795762218181,0.8519746056115018,0.7781830593353719,0.8373388436388789,0.8536420267687412,0.9211166640562856,0.7602205007593928,-0.030851395884235244,0.7498311838404128
0.8261400622318644,0.055265651322291776,0.18457440442217427,0.328749359121273,0.8663507480682295,0.8118491127563527,0.8887820918818967,0.8616919474164154,0.9139939679043926,0.8588238487654921,0.8277681212337941,0.9162472012519962,0.8922409706961498,0.9077993659180096,0.75851368171837,0.8338762774659045,0.30496953487728057,0.18674170211786278,0.15232031382187755,0.09249574209055211,0.7782226363431479,0.09612187616224627,0.8451370151462205,0.8052930716178979,0.8931579862143626,0.8132580169129954,0.16018307052661607,0.9143725076346432,0.18556736844788496,0.0,0.27191510587148016,0.5141889206400747,0.20366116589123298,0.7556499823050904,0.8142569163456692,0.8810141771712333,0.462127009868545,0.8076424631600733,0.8806156975739219,0.8836716211933703,0.8175729727226037,0.933687127138396,0.5353178654204926,0.8422998816991675,0.8632297017190339,0.8121023328719987,0.060142616048308284,0.0,0.8712868487308365,0.8532429165250013,0.9181732419707771,0.24044767757874375,0.9112860123421334,0.07353933876390839,0.8406321853163241,0.0,0.17881964712237874,0.9326797552928011,0.9077195439010133,0.0778154448195797,0.7858755470424215,0.25939750351381896,0.12248754907773851,0.0,0.7379965084389571,0.6592847538348738,0.6854668764126702,0.19094935468105512,0.9257664502514238,0.24545650156271603,0.8806601823468594,-0.012414890833402747,0.8067513693947238,0.849514979176714,0.0,0.17341505954483494
0.7919157522181737,0.08542503506617727,0.0,0.861831547390058,0.8446281484524893,0.8409025737932833,0.8777737597111701,0.850276868219552,0.8685924234378983,0.8818625312124087,0.8144421186228286,0.808748279219489,0.8771535279100527,0.8815791783393827,0.8204081764520135,0.9473374231297071,0.21816645570379078,0.2111216491324095,0.0,0.0,0.8229533324339433,0.0,0.8542999878719559,0.8209357015981678,0.8433536669513569,0.7781365250898306,0.0,0.8341548589166827,0.0,0.0,0.8398949707463719,0.8021182845948303,0.842229381466516,0.8581926436438618,0.841939624693229,0.9029911170495036,0.2506219338277551,0.8306797222608389,0.8004812331681335,0.8803767732824673,0.8563080233570528,0.8758539090895423,0.3402296500428148,0.8130825183099571,0.7990252057545401,0.6828173416950788,0.8086047355539263,0.0,0.8410771547012681,0.8004209982648364,0.9179495833473887,0.8912688283769864,0.8867281010972741,0.19982881885270654,0.8099365925518769,0.17881964712237874,0.0,0.8818943575784252,0.8488550562682791,0.13354435657555203,0.8931821888172118,0.1341259115925575,0.028267846364182114,0.0,0.0,0.805333922003949,0.0,0.868689749065355,0.7475782037741969,0.13624134342794736,0.827072495275115,0.0,0.8244669634994624,0.8814967932917981,0.0,0.7934597494363288
0.8795023085617015,0.9044441060707945,0.9029692364511177,0.8972556035368175,0.9472889809046485,0.9189461943803292,0.9629118290112306,0.899897232813538,0.8941827461322719,0.8866134678305898,0.8945109835076321,0.9386239806153577,0.6836122579298103,0.9233134638308592,0.6769787911144561,0.8920101295324644,0.8636465013072101,0.9176522626313057,0.9285051841019332,0.8575407852145288,0.8886409660159904,0.7938753761012343,0.8796476936937405,0.8664847793578326,0.9422022752098942,0.8516314974396506,0.8251049170261144,0.9649673249139222,0.8478681931717716,0.7247497421300283,0.8192406933269226,0.27151050562871476,0.45036516572601915,0.35471189707262246,0.3884470469465733,0.4730977313276847,0.16637856772021847,0.8038865780681159,0.5825721255873438,0.6555475676663257,0.4132821571541971,0.6336432273655007,0.3740631617716589,0.5899428895092018,0.8856200799490885,0.8277222542119794,0.7474251906498156,0.18855604365890122,0.4246903036705754,0.42674539927948596,0.9625539952858277,0.554465818286553,0.9274630138820106,0.9186863708831667,0.9656228425343846,0.9326797552928011,0.8818943575784252,0.0,0.9490988620536711,0.7460006441209046,0.8300635586292845,0.8402032550313342,0.8226476142416104,0.0,0.7679186112626859,0.8412801750534246,0.6457763975232638,0.8474838202102247,0.9162678041168629,0.880255710403458,0.9213391254330736,0.7219650197297282,0.9347758286734937,0.8198836987810701,0.06866219444247501,0.8751728660102955
0.8791281733568126,0.8317394849222994,0.8500511979864747,0.8175905156816661,0.9129936101033177,0.9518213011098156,0.3938135963973399,0.8668799508541493,0.9168692589633531,0.8935445896032328,0.9058051467422704,0.9036386058953763,0.5205916684031128,0.9342431848582571,0.8098424102790396,0.9256049154959581,0.4642134895185064,0.9055137103560815,0.9498271493298418,0.13506618701557216,0.8495954925400503,0.19084557973433153,0.8351639534705801,0.8417917468040825,0.9299470216585958,0.9020106347369454,0.8619702042378687,0.9301019021918691,0.8816909589320134,0.12983233562238516,0.9059729633808087,0.8978818428222851,0.31781234749841536,0.852582972054456,0.30767776442499956,0.4326261775868442,0.10577690878507112,0.8261066321379548,0.898903935043428,0.4300193159641063,0.34155641321832897,0.5923648887509023,0.9165052329091709,0.3375194770848541,0.890037312636864,0.8688856159917941,0.7727442647989919,0.28582990492651633,0.448922992694727,0.338079460265592,0.8709859536200901,0.4528592768372003,0.9063385274097249,0.9281784480400463,0.916811570317317,0.9077195439010133,0.8488550562682791,0.9490988620536711,0.0,0.08820497977014069,0.8840577347344654,0.8953971592625347,0.34852683875510704,0.2614963925526282,0.7536831475073343,0.8045577691966189,0.7139229971761497,0.8710707707058445,0.9221785580435381,0.9211492602118455,0.9477015172794081,0.8837119349196431,0.9166481920209323,0.8309183998744645,0.06773680114025787,0.8382637044148057
0.7711841912803771,0.0,0.0,0.13502142252004812,0.8081169436499762,0.7414376702389551,0.88727594373343,0.8154696320160988,0.7523841078378448,0.08245606269628031,0.04856718069645649,0.8687310045142769,0.7938808836895925,0.12375288213975844,0.790068947740163,0.0,0.11751817155877103,0.09474975908849814,0.0,0.0,0.7793675162922999,0.0,0.851097511444484,0.7799009015564398,0.0,0.7488035431168476,0.0,0.742602628267008,0.0,0.0,0.0,0.13007746543019283,0.8250525973208465,0.7542519608746401,0.7445997386065238,0.7927570979974067,0.12006083990062588,0.721922740408264,0.8461059884252766,0.8467703988965773,0.7948101523398692,0.8706400242014667,0.09550459930440469,0.8353047820994586,0.8081121763596069,0.7966081343287785,0.0,0.0,0.848572498033922,0.7100726646927076,0.8198072059841334,0.8635591224758902,0.8654233605399163,0.09914709274582195,0.881585164415807,0.0778154448195797,0.13354435657555203,0.7460006441209046,0.08820497977014069,0.0,0.0,0.08594612124829593,0.06271790792009285,0.0,0.0,0.7821139356361679,0.0,0.7937494665432814,0.7937928446166983,0.07859326935907168,0.8220127896518705,0.0,0.7382047865993234,0.0,0.0,0.694579725423653
0.7825893550400085,0.7205568781525736,0.0,0.6493184882864375,0.8097126450995276,0.7808169558771977,0.8424602606739313,0.8091927469681901,0.7881844366594848,0.7867307040368784,0.7351640219593147,0.8647439195230171,0.7842776623280808,0.7368915954098615,0.0,0.7726489721238298,0.7046188285123413,0.7860204454804085,0.0,0.0,0.7187703797503069,0.0,0.8221345445146,0.7508671008975636,0.6629533411044957,0.6766978276280845,0.8188923067998692,0.7869994974212892,0.6863442509379785,0.0,0.7843028907802645,0.7957666128454526,0.7718702265784301,0.7490281663167524,0.7114770767937613,0.8455284529918363,0.6976020326056998,0.7110371214789489,0.7502270971105601,0.8452836658889067,0.8002740169068193,0.863601759115199,0.7180682794725108,0.822255068706179,0.7308755958512446,0.7942808962602738,0.6652853030931161,0.0,0.8217474556257909,0.7783031190873707,0.6903392239477598,0.8230450659829653,0.8086338667274522,0.7084514433235793,0.7289081240602815,0.7858755470424215,0.8931821888172118,0.8300635586292845,0.8840577347344654,0.0,0.0,0.8066352616105728,0.8035179454942036,0.0,0.0,0.6932299836801838,0.6437153249553608,0.72179811683759,0.7722757838555191,0.770481368432846,0.6726143070350099,0.7270918160749955,0.7420752274030731,0.6257555723085445,0.0,0.745162458710954
0.005304351371126059,0.078315793287146,0.1954532469559348,0.3356609449527903,0.8455297866304984,0.861000549125277,0.8705672661185817,0.11629972485177043,0.8668621855713867,0.7971159246685366,0.18178559642845216,0.8738407913897512,0.8692634232229363,0.8602343593548079,0.7879862656321117,0.8551232466185589,0.14706616915248572,0.07737947288140568,0.09343594710896391,0.12506749381686955,0.67521319491419,0.105351932136525,0.16628533683980995,0.6665275616271752,0.7757662005411345,0.047419165923472395,0.1934874818019166,0.7658820580235178,0.16831900573878072,0.16037279690513095,0.12453000023268956,0.16798481210444127,0.7700013248079378,0.19513021511556838,0.2967222925852874,0.869394684400554,0.3322285442427739,0.8145234048831314,0.7813808006219729,0.8287930539460867,0.8048294669440298,0.898787037002253,0.3115831059188876,0.8074390195085946,0.8089670728833053,0.09048912418020805,0.6728154048103854,0.0,0.8052105538019787,0.8303148958729136,0.8233358264341222,0.8654138750994248,0.8352271705723306,0.002276593681194483,0.8239443814073845,0.25939750351381896,0.1341259115925575,0.8402032550313342,0.8953971592625347,0.08594612124829593,0.8066352616105728,0.0,-0.09812439694271469,0.20538610633272664,0.7630069671311452,0.6890186355223538,0.67263581578072,0.14213524122346816,-0.003700821045734992,0.06933625779878638,0.768640132704172,0.14508955164583348,0.737816313418401,0.08700369160827226,-0.024362369346483836,0.024364774040420145
0.7586806881184961,0.14527311331784765,0.0,0.1049300559955203,0.8336385766931377,0.7657578428833794,0.8547740122894513,-0.07059515773445857,0.03344205127177269,0.0459912779569247,-0.003011944858978155,0.8277851408568763,0.8316951275350893,0.7510979307953205,0.09548418524155977,0.8125195748885201,0.0829396673857099,0.16228708109433188,0.042870247969718445,0.060619624100713754,0.7309680692465482,0.15218358482305194,0.19658417856649885,0.7945339724886803,0.1605665778153983,-0.01745930489569325,0.10194455317115053,0.7053208909563786,0.034929656723555746,0.0,0.14512153049095133,0.14146663416477645,0.05693909747836179,0.20193478474492188,0.35505264496770506,0.8240050693200084,0.5394062490172588,0.6807966327198918,0.7630271868045664,0.8602423054292808,0.680585589077836,0.8387705642281521,0.26151611332897595,0.7780371346832834,0.7683560787684856,-0.0009142864761835234,0.09320634690292612,0.09771160139435181,0.819766067594105,0.8159772942767296,0.7816597265399198,0.09725470371799982,0.757327864745325,0.172942684727327,0.8027811083935005,0.12248754907773851,0.028267846364182114,0.8226476142416104,0.34852683875510704,0.06271790792009285,0.8035179454942036,-0.09812439694271469,0.0,0.14113277451300255,0.0370425570280824,0.7063272738922116,0.08427077636148556,0.14131951070014703,-0.0009184352655797756,0.07554546415056007,0.6758147077122156,0.02757014979937822,0.6920805267192403,0.037215775687229335,0.0,0.0711562600983614
0.0,0.0,0.0,0.31139498649976,0.2792996848078536,0.0,0.36865926781235653,0.0,0.0,0.2326753960432335,0.0,0.0,0.2966391427825201,0.21844195396423544,0.0,0.0,0.2192217022801649,0.0,0.0,0.0,0.0,0.0,0.0,0.0,0.0,0.0,0.0,0.0,0.0,0.0,0.0,0.26614579404463473,0.36203772033910914,0.28051936136029687,0.3711915565886517,0.3661521954521935,0.30626184062705714,0.19715743513769513,0.0,0.3682339279256297,0.40964115604545986,0.9166954498022315,0.33503115718884324,0.36814021611901276,0.909067575846221,0.0,0.0,0.0,0.23460299984903898,0.3028467306409156,0.15051889341252422,0.3939533011442411,0.0,0.0,0.25830293331180043,0.0,0.0,0.0,0.2614963925526282,0.0,0.0,0.20538610633272664,0.14113277451300255,0.0,0.0,0.0,0.0,0.0,0.0,0.0,0.0,0.0,0.0,0.0,0.0,0.0
0.0,0.0,0.0,0.7206132361331852,0.6404678579590729,0.6980450788982457,0.6919774001808249,0.7801039283497351,0.7173556367136981,0.7832717080884948,0.7088763389423487,0.844783139959631,0.7646934754367426,0.7239640442365651,0.0,0.0,0.13176994585537483,0.8362850949310114,0.0,0.0,0.0,0.0,0.0,0.0,0.6930348313826178,0.0,0.0,0.7817666724592431,0.0,0.0,0.0,0.7596394586475411,0.6736858798225166,0.5973081051331949,0.6738696835483472,0.6559067310997628,0.6541658503646136,0.6264034012108157,0.7297609942342195,0.7526444900747428,0.6941487530236071,0.723974658478096,0.664606423262529,0.7453569911103624,0.7901269144313285,0.0,0.0,0.0,0.6254524555599675,0.670565012248375,0.7645101011707336,0.6301600522923395,0.849526915579218,0.7715739564284139,0.7064060432339654,0.7379965084389571,0.0,0.7679186112626859,0.7536831475073343,0.0,0.0,0.7630069671311452,0.0370425570280824,0.0,0.0,0.0,0.0,0.0,0.0,0.0,0.7039831499727951,0.0,0.8002411973834849,0.0,0.0,0.7476229152795733
0.7875655381629326,0.6647441581327176,0.0,0.7460224606706902,0.8421450137266244,0.7012703928880151,0.8884203513899646,0.7917549084001728,0.7320340391154092,0.8162360366648784,0.7153921059903178,0.7543755421769748,0.7701410537248519,0.771556173684603,0.7412664455849074,0.7872305772376841,0.7375536740542318,0.6969955033702251,0.0,0.0,0.8652030442252913,0.7051916994410512,0.7395858088451166,0.743500530628192,0.6987379291370879,0.7171430984540462,0.8335265881629328,0.698665327170831,0.6682008650672797,0.0,0.7561147767073794,0.789412941111095,0.7984421589228229,0.783712881892195,0.7705735796267098,0.816977187293071,0.72284058826106,0.6806866673809701,0.8152162987267387,0.8976401822798128,0.8929220939139081,0.9450631978024691,0.6511179687080281,0.8681776865554961,0.8941103996069724,0.7598941688894595,0.6111291308143604,0.0,0.8547255304939863,0.8324271894316012,0.7351166940329618,0.8691895750543818,0.8090456699363229,0.8104117393032197,0.8547497964354192,0.6592847538348738,0.805333922003949,0.8412801750534246,0.8045577691966189,0.7821139356361679,0.6932299836801838,0.6890186355223538,0.7063272738922116,0.0,0.0,0.0,0.6724130648951459,0.6808941256562602,0.7545993959107972,0.6112883147968147,0.7072239432745657,0.7746646307429506,0.7261923849165673,0.752724324501997,0.0,0.7189200010153652
0.0,0.6049019555792018,0.0,0.711178543416415,0.576241587781463,0.6554872293788961,0.6591366650030458,0.6319297980610802,0.6438634340621626,0.6101820708691958,0.5785251932547376,0.7805354225543604,0.6315596674791284,0.596313980476811,0.0,0.7692179493027831,0.10683144733155325,0.6868581778955543,0.0,0.0,0.7605917458018532,0.0,0.0,0.6852138410725985,0.6085801137299898,0.6629139035757109,0.0,0.6347824200441654,0.0,0.0,0.0,0.6663593456820339,0.7435064809731504,0.563917225001519,0.6536709312751594,0.642585015614154,0.6162203380136547,0.6821745408105578,0.6167341278922192,0.7461624709101258,0.6220806829548202,0.7663728849242091,0.6053524264431148,0.7394237639174254,0.7030779839567046,0.0,0.0,0.0,0.683626537876902,0.5585142850686212,0.6370227279410096,0.6248989097555504,0.798609780056709,0.5829478669225211,0.6113673268630904,0.6854668764126702,0.0,0.6457763975232638,0.7139229971761497,0.0,0.6437153249553608,0.67263581578072,0.08427077636148556,0.0,0.0,0.6724130648951459,0.0,0.0,0.7665885873862881,0.6444762906613748,0.6140034565354154,0.0,0.5767287243026487,0.0,0.0,0.6859738115399261
0.7440227152747338,0.11109789926344338,0.0,0.15288868374057552,0.8639343122142334,0.785180030050337,0.8991635123997949,0.8565725654863732,0.7945073302117679,0.7590865933821674,0.800555538049849,0.8932244320522889,0.8282844811935448,0.8047885745284131,0.0,0.0,0.0,0.0,0.0,0.0,0.7543892139186738,0.0,0.8043131756679116,0.8002392637983139,0.8183529272934995,0.8445780227821222,0.0,0.8449987160516587,0.6997761460461757,0.0,0.0,0.8645818239949303,0.921061130445174,0.7522277009910412,0.9050137588056453,0.9069439415479761,0.23697064550706937,0.7493374991193917,0.8339936631998788,0.943799751408399,0.801541810612574,0.9765712757073353,0.19831723044063793,0.9061222458097848,0.8745406567142171,0.7345880901075932,0.7024820014755739,0.0,0.9071103812309987,0.739279705946229,0.8610272630116189,0.8899606598261762,0.8812436296165121,0.8908661711643484,0.8576795762218181,0.19094935468105512,0.868689749065355,0.8474838202102247,0.8710707707058445,0.7937494665432814,0.72179811683759,0.14213524122346816,0.14131951070014703,0.0,0.0,0.6808941256562602,0.0,0.0,0.8334410309010912,0.16048782964290997,0.7454331855084612,0.0,0.7856159909472362,0.7079493171096239,0.0,0.7173982318541828
0.6861433722693584,0.044498501582948546,0.0,0.8485277905307234,0.8618747754320971,0.8134708586130546,0.857658279458386,0.8801603273517555,0.8998092820972183,0.7835482873425617,0.7994621846942223,0.8788317297230959,0.8238029822000539,0.9161547787707462,0.7897061455299834,0.8676793819932842,0.12800062912219384,0.8242744789160175,0.0,0.0,0.7691079936605247,0.0391284787042096,0.815106306459431,0.7660296576155653,0.919177133475128,0.7570050817705972,0.10699992555167348,0.8562343631614698,0.09668213096931622,0.0,0.8275399444438559,0.7553837102830723,0.8697524809142818,0.8702125418084419,0.8238525110549162,0.8862730035620098,0.7298238009168063,0.8035619148324511,0.7708753655766114,0.8948079040315596,0.8664564376006242,0.8995952761465014,0.16067071838014868,0.8485964718765177,0.8483764800260982,0.7192043599743765,0.7367741064169263,0.22008779145357044,0.8508663398257118,0.7561825017872198,0.8925904079871149,0.8778331606612466,0.8565617022234575,0.8793410837143583,0.8519746056115018,0.9257664502514238,0.7475782037741969,0.9162678041168629,0.9221785580435381,0.7937928446166983,0.7722757838555191,-0.003700821045734992,-0.0009184352655797756,0.0,0.0,0.7545993959107972,0.7665885873862881,0.8334410309010912,0.0,0.7645121949542013,0.7245326495634197,0.0,0.8523795206814042,0.8223198580886095,0.0,0.7667855631345509
0.8026915270508483,0.10629980524895488,0.0,0.36738801235859586,0.8881563738799491,0.7479574626140597,0.8774298794462955,0.8324521950400946,0.7330157562382152,0.7808572722861971,0.8288732755935498,0.8901525359285981,0.8512613722023358,0.8461805512565649,0.0,0.8222289572664832,0.08221312056478203,0.19365828950865482,0.05873558952635788,0.008396471007373563,0.6611368574367926,0.12738084819491613,0.8722272475772447,0.7158741005646467,0.8745910141501896,0.7467404698659652,0.06957214868741496,0.8250311063551884,0.12447732909267956,0.0,0.18597618384483144,0.8086002777611806,0.8508995511633722,0.7582073410428496,0.8329995519009772,0.8671765001804841,0.4422110872997709,0.7035775477254621,0.8460013890865175,0.8802366113057873,0.8170212715200088,0.9327217969193076,0.24271674666102883,0.8347031986001011,0.7375854344689251,0.8549962285669223,0.6993938787714703,0.0,0.8353241903604136,0.8322388818914677,0.8172356793203865,0.8997268964819264,0.8308864713690675,0.8381728403405563,0.7781830593353719,0.24545650156271603,0.13624134342794736,0.880255710403458,0.9211492602118455,0.07859326935907168,0.770481368432846,0.06933625779878638,0.07554546415056007,0.0,0.0,0.6112883147968147,0.6444762906613748,0.16048782964290997,0.7645121949542013,0.0,0.7651186334028848,0.115995234671882,0.6989752176231393,0.6729333870716235,0.0,0.10067843840122637
0.7773457239163516,0.6777306309823198,0.0,0.779508191675389,0.9448787033210538,0.8075397131747303,0.9606007715350898,0.8760583451778114,0.8199581841161793,0.8336296243979339,0.8058291382810356,0.8825708954669386,0.902392123523767,0.9177464042140155,0.7464762182031214,0.9138934989778705,0.20683770311311356,0.8563839093776646,0.9436444500996091,0.0,0.7339438217112914,0.7486501641601715,0.7800173677280189,0.7292350140980711,0.7550763432799449,0.7187414826320874,0.8105685308361246,0.7419812144722924,0.7829095489806903,0.0,0.8082705700240251,0.848928530327256,0.9198101267191682,0.8467553629835872,0.8490485483016695,0.8493480768472372,0.8122741830115044,0.7645103226425533,0.8847939982908624,0.9390138436376987,0.8832719438709737,0.9881215865272114,0.7535240486275545,0.9110084634162721,0.9044585474930039,0.6580758869859707,0.5987250917311591,0.10926974085443236,0.916293457249447,0.9110538675227279,0.8226367540693826,0.9449626546570917,0.8062657381087653,0.8234699743345065,0.8373388436388789,0.8806601823468594,0.827072495275115,0.9213391254330736,0.9477015172794081,0.8220127896518705,0.6726143070350099,0.768640132704172,0.6758147077122156,0.0,0.7039831499727951,0.7072239432745657,0.6140034565354154,0.7454331855084612,0.7245326495634197,0.7651186334028848,0.0,0.6748497172026805,0.7256789631972992,0.7088416572454497,0.0,0.6561123337025988
0.9320408259890507,0.0,0.0,0.2070808840654439,0.7412259615301892,0.7375528557819139,0.8163099367424737,0.7933732557598221,0.7287169066370964,0.07806665654004297,0.11639035457562108,0.8569932336856713,0.7168751348855221,0.7741100710669175,0.0,0.0,0.048074247006986814,0.0,0.0,0.0,0.7462148607859937,0.0,0.0,0.7921474564051488,0.7188015037858925,0.7602309556323237,0.0,0.724938822489799,0.06622926539759916,0.0,0.0,0.18892556835562396,0.8216518690990755,0.7587932662460717,0.8112525390690096,0.830916092026134,0.21447969927940236,0.7088192427692516,0.7784835835070297,0.9018001179727124,0.7232056027811613,0.8937012478832066,0.08259927806768319,0.8598428641043003,0.785613061550045,0.8335170119856072,0.0,0.0,0.8212562847501206,0.663908293492627,0.7543780709760801,0.7976770741073733,0.9553922085026167,0.13693438502488486,0.8536420267687412,-0.012414890833402747,0.0,0.7219650197297282,0.8837119349196431,0.0,0.7270918160749955,0.14508955164583348,0.02757014979937822,0.0,0.0,0.7746646307429506,0.0,0.0,0.0,0.115995234671882,0.6748497172026805,0.0,0.8080965755461316,0.0,0.0,0.0
0.8569740036892313,0.7233349689992322,0.9250556710674782,0.8180385806731371,0.9270217473489459,0.7244470034047552,0.9727060211429944,0.8705078113683468,0.8050934955034323,0.8632215715701615,0.7677702535774338,0.9549177232893183,0.9246347327793633,0.8985739093851447,0.0,0.8787830555419782,0.15768242793626852,0.8101489544468943,0.9162727619036926,0.0,0.7143192696555665,0.7589270885234342,0.8949263031520696,0.7911103604433527,0.7826772823548759,0.817027757636184,0.878461512571296,0.8040777553068881,0.7040063124389374,0.0,0.7369801957187138,0.7951598804626292,0.4455496006827771,0.7890071085358683,0.8542192199710308,0.9153430275503218,0.8465751577400981,0.7750530961453761,0.8382315981812704,0.9515899600309761,0.857526682858049,0.965258125993287,0.8585220667269676,0.9138687363766277,0.9274865272776182,0.847588723844809,0.7148301390020882,0.0,0.9077461354906313,0.8622797279398622,0.8323586975905855,0.960294785960233,0.8353744683557863,0.8268063673228783,0.9211166640562856,0.8067513693947238,0.8244669634994624,0.9347758286734937,0.9166481920209323,0.7382047865993234,0.7420752274030731,0.737816313418401,0.6920805267192403,0.0,0.8002411973834849,0.7261923849165673,0.5767287243026487,0.7856159909472362,0.8523795206814042,0.6989752176231393,0.7256789631972992,0.8080965755461316,0.0,0.7004410448253079,0.0,0.6321263783927531
0.8427617814465271,0.6607361607358563,0.0,0.8504152931977832,0.7300650905591285,0.7819432576198081,0.7968151256376824,0.7861366812489567,0.7481281765638189,0.7899208082007412,0.714193030366398,0.8810875875529234,0.7059382301276389,0.7326680923642596,0.0,0.7965586464343969,0.14508569044805408,0.8001866966238452,0.0,0.0,0.7423806874181156,0.0,0.8564649098614651,0.8067385133442793,0.7767674700469218,0.7195693111005177,0.0,0.732771539424903,0.7059856115437007,0.0,0.7544874315173284,0.8315581448427588,0.866793028396421,0.7477548131943224,0.7452735552204114,0.7426125725494989,0.7146064536656747,0.7317552405243913,0.7693675122639412,0.8835706737007208,0.7222406614267308,0.9137500143160704,0.7861523065640454,0.8669401587187788,0.8319954888322004,0.8762070069351784,0.6999078632641802,0.0,0.8496091809544674,0.6987475268063965,0.8857227468673621,0.7915915293117951,0.9347392911380565,0.81846888032847,0.7602205007593928,0.849514979176714,0.8814967932917981,0.8198836987810701,0.8309183998744645,0.0,0.6257555723085445,0.08700369160827226,0.037215775687229335,0.0,0.0,0.752724324501997,0.0,0.7079493171096239,0.8223198580886095,0.6729333870716235,0.7088416572454497,0.0,0.7004410448253079,0.0,0.0,0.703751200067776
0.0,0.0,0.0,0.05495393943909421,0.06780163648575899,0.0,0.7373912451881057,0.0,0.0,0.045508717992335745,0.06737003705338968,0.0,-0.03963356379303079,0.0,0.0,0.0,0.06666627289989618,0.0,0.0,0.0,0.0,0.0,0.0,0.0,0.0,0.0,0.0,0.0,0.0,0.0,0.0,0.0,-0.025521740744195776,0.0,0.025669197600510285,0.01535063519361457,-0.3059930827582935,0.03674192430271017,0.08061567557879801,-0.007383910130883353,0.0,0.7737744485775033,0.006860930809382104,-0.10180710215512523,0.746949379284438,0.0,0.0,0.0,0.759219102287392,0.04975353198975896,0.0,0.10944466212836113,0.0,0.0,-0.030851395884235244,0.0,0.0,0.06866219444247501,0.06773680114025787,0.0,0.0,-0.024362369346483836,0.0,0.0,0.0,0.0,0.0,0.0,0.0,0.0,0.0,0.0,0.0,0.0,0.0,0.0
0.808735606537471,-0.005618167766522908,0.09861846994870127,0.7057060103685461,0.8316947350611718,0.5969577828227536,0.8911988231809477,0.7279572910584681,0.6666289837417974,0.7360736376472147,0.6676312492786367,0.8803993549172358,0.7800026455333645,0.7064173321876014,0.72292436579667,0.7258471091609876,0.03697002562572049,0.1912644693066527,0.05928393961342443,0.06632331554791521,0.7535568476937012,0.17748674662155312,0.7574873672811357,0.819196674570754,0.7328732925520102,0.6165890003994705,0.08419892687488328,0.6558440557387656,-0.03277971355140885,0.0,0.7912625140745699,0.7570502038974962,0.8777621765846317,0.7940356523694316,0.8009557696067877,0.8132865019135266,0.7164980182946867,0.7188497513529075,0.7593349361623084,0.8703541902708497,0.7811306117141774,0.9468604644412861,0.0527147290841633,0.814753275370852,0.8421117044277677,0.8158096959223802,0.6537528830587762,0.0,0.82814331103431,0.7721089440644494,0.7635243049261421,0.8643501042274907,0.8031123275020307,0.6797204087771466,0.7498311838404128,0.17341505954483494,0.7934597494363288,0.8751728660102955,0.8382637044148057,0.694579725423653,0.745162458710954,0.024364774040420145,0.0711562600983614,0.0,0.7476229152795733,0.7189200010153652,0.6859738115399261,0.7173982318541828,0.7667855631345509,0.10067843840122637,0.6561123337025988,0.0,0.6321263783927531,0.703751200067776,0.0,0.0
