0.0,0.7518974702237899,0.7716785053638167,0.8356243380656054,0.7483782287989772,0.7347772874842806,0.8173798254225603,0.710634531291279,0.7770592464780985,0.814255447645261,0.865476469110977,0.7419689881595253,0.7220185129643386,0.8060457308717619,-0.08544716467906321,0.7252594063257629,0.8599435422028509,0.7728060714438444,0.8938913177325905,0.0,0.7126579842237495,0.7193277053451961,0.7759660042363243,0.654873035735464,0.7519616138083443,0.7652611587170104,0.7079325544932826,0.7753446926610201,0.7170327319964223,0.0,0.7301847064903662,0.745253775083061,0.7985763128300223,0.7984978900944523,0.7690458942225836,0.8093470972268826,0.7533694873475902,0.7215047430758107,0.6720295288276703,0.8052984188905448,0.7043433507928225,0.7516853714989253,0.7665777226147281,0.8447359142542756,0.8547731932723543,0.7450516066018736,0.7272026947891732,0.0,0.8265959992099381,0.7326046515291981,0.7986145136371293,0.7991248824353987,0.7803923436664393,0.8463204106742228,0.7911704176175745,0.8459447097623022,0.7453657982170386,0.827628440957692,0.7859800364897217,0.7270079445946575,0.695143730822824,0.7593743781435355,0.7604252431933869,0.0,0.0,0.7393868793305727,0.0,0.727772400193549,0.6658654830249491,0.7510356118257593,0.7087258084157249,0.8203796498110776,0.778870282073415,0.7771512098675377,0.0,0.720627720951103
0.7518974702237899,0.0,-0.016253618846458928,0.7990775464041727,0.7807769221184492,0.6821586544322531,0.85779756399908,0.7497058814230114,0.7057969919714715,0.818019621610722,0.7870327661866192,0.772889215652087,0.7719962228178645,0.7366812041659938,0.0,0.6610117316325691,0.7967774916408787,0.753326677956438,0.6306719941631339,-0.040538940552284575,0.6583903084056913,-0.03453906715082333,0.670860991229251,-0.073088153351061,0.7238495946462005,0.695372679779044,-0.04991753386673997,0.669054115239234,0.6599828379632968,0.0,-0.03797676844708753,0.7774405091551928,0.8574428722499703,0.76957215259901,0.8196194352286835,0.8618976402468057,0.7474974130577258,0.731526012693089,0.7917368658479925,0.8744230958975576,0.793276482067457,0.9069720638676867,0.8339243439697709,0.8748783359257728,0.7783797014769205,0.7639123016158592,0.7377949460327253,0.0,0.8543305226119154,0.7598724205180706,0.7280133561934197,0.8073748209891183,0.7367727264369567,0.8199787204584597,0.754717232970329,0.8149900172680931,0.752019338233893,0.8675027304108627,0.7747231081857686,0.0,-0.013566850649747053,0.797873708372024,0.7460003196750327,0.0,0.0,0.6238844204270841,0.5977561247085624,0.6736173881618361,0.7314677644354513,0.6612581367998623,0.637607783266719,0.0,0.7047845372555225,0.60517682972676,0.0,-0.0491901963190835
0.7716785053638167,-0.016253618846458928,0.0,0.8220564780599096,0.7686995941694197,0.7799934454830015,0.7309532025485371,0.7663026996917714,0.8275657895711013,0.8468534888023458,0.0,0.8248306980362794,0.843830768834595,0.7823878368764668,0.0,0.0,0.8815316539430545,0.0,0.0,0.0,0.0,0.0,0.0,0.0031748662766463154,0.0,0.0,0.0,0.8241463679886742,0.0,0.0,0.0,0.7937991636406243,0.795792430600222,0.752384080785063,0.7787966862772538,0.8460408323332564,0.7474623067130042,0.6847791057207726,0.8361974105542991,0.7562594682833786,0.7866385653307973,0.7882481447792578,0.8571586709785358,0.8093136015288672,0.836843180364296,0.0,0.0,0.0,0.8107904373336801,0.7996403424408343,0.8645963982812319,0.8271750383645052,0.6895834480357638,0.8911707400566754,0.8315218747398606,0.8348564312665628,0.0,0.8308213996135966,0.7388402922039748,0.0,0.0,0.8583412414396602,0.0,0.0,0.0,0.0,0.0,0.0,0.0,0.0,0.0,0.0,0.8413282241226592,0.0,0.0,-0.11380083043113509
0.8356243380656054,0.7990775464041727,0.8220564780599096,0.0,1.053315215683837,0.9276922445871237,1.0554682896843357,0.9141295952907674,0.9511667811024064,0.9276426613925639,0.9752887162661834,0.9675381108327973,1.0434850171231145,1.018949737406376,0.6604420185361914,0.8738886641245316,0.9703897457182794,0.9421651113849313,0.8683612919757961,0.6795767435267259,0.8592102895185646,0.7099668171473695,0.8317275963138082,0.8068917614351193,0.9286569356426069,0.9431433019921659,0.8618209398173214,0.9500547581595815,0.848660370812801,0.7076255064617252,0.8190581456311121,1.0560130351801063,0.9964839703597791,0.9231369429947893,1.0838885275098835,1.058962448023703,0.995055392193835,0.8631250472080567,0.993100713400331,0.9706240962444079,0.9458597145489029,1.000107452537114,0.9964522165972625,1.0174518777433779,0.8504704311634773,0.8298540413095304,0.9428057971387875,0.874741480999317,1.0773800914721865,1.027591278870262,0.9932263143123038,1.0719669174335809,0.8802964058118746,1.0874819513717693,0.9781157656314197,0.9529199770333253,0.904701878099415,1.0753654797751877,0.9145969873974399,0.7606258612598672,0.6858916509518285,0.8923258463521108,0.8643731959111453,0.923246129366159,0.6673691966341271,0.8651630635927701,0.714848528973804,0.8730823524016842,0.887841800106529,0.9516968254883234,0.8628343183349119,0.8720162219242991,0.9261642330754569,0.8688002902458491,0.7768212532683526,0.7017121308550351
0.7483782287989772,0.7807769221184492,0.7686995941694197,1.053315215683837,0.0,0.92327567203187,1.0315863029556072,0.8237438657589272,0.9178958196766684,1.0141684173354435,1.0059311489393181,0.9331998480996733,1.0082219258669438,0.9797551376246932,-0.07061654754150859,0.8547074720356764,0.9539896878348159,0.9198814818500436,0.8725313995480941,0.6470940373527426,0.8431829111902891,0.6139374028588231,0.7270757301190103,0.8224011408248058,0.8880834971977278,0.8798779853210494,0.7266565543951546,0.9804310525312474,0.7290701894049135,0.6996296997612099,0.869357305423334,1.0605185612184735,0.9399508939795778,0.8441277308457155,0.9911040564631879,1.0620450863853144,0.999117202283384,0.798970157906372,1.0129802653911495,0.9314517382798702,0.9075894284555489,0.9902166867873438,0.6287497399077819,1.0102769218679435,0.9162991780082578,0.7627247808139714,0.8163404582375332,0.841650830728943,1.0597038862257084,0.9605171293410352,0.8434237329220501,1.067447319090178,0.8215976906908722,1.0353722473700269,0.9387556085323313,0.9182005367124411,0.8668303747343529,1.0563719827571292,0.9558297192088391,0.6862922959917175,0.7860095580672062,0.9600273955162657,0.9518285228512565,0.8534410700078991,0.5926299148056627,0.8203388000860456,0.5658386402559095,0.8100746531150168,0.742542528069383,0.9864149749633428,0.9411165196826057,0.6433152221611846,0.9190758241923132,0.6627959936429342,0.7179857456634124,0.7716536989760528
0.7347772874842806,0.6821586544322531,0.7799934454830015,0.9276922445871237,0.92327567203187,0.0,0.9276543613719728,0.8401765709664772,0.7587274371877949,0.8651117992162136,0.7918998933595145,0.8578713977383426,0.8045748218759711,0.8256860674183021,-0.033668011655028196,0.7303738448990074,0.832897330476243,0.7733803158713556,0.7722604737683887,-0.05243011081933796,0.5648504156285974,0.6444341742099745,0.728679352493416,0.6422589392043307,0.7831475639941857,0.6924684171535818,0.7103297490237799,0.7817990763989433,0.6712546260293194,0.0,0.7016924236205572,0.9499906662099489,0.9019154511397944,0.9119528407775555,0.9267694901368279,0.852460259446443,0.9203730400518719,0.7230594281755693,0.7439558635323414,0.9074680980281393,0.8702948278385935,0.9276532644774627,0.8333345014062915,0.920391016846023,0.8107631836395953,0.7653998835520054,0.6691538673861908,0.7850541250252481,0.9619438589717049,0.8030088453861519,0.8616339458199258,0.8795021979993434,0.8024195155576872,0.7851205545938169,0.8155809575763779,0.8040768993588393,0.7925174770868829,0.9216369363335709,0.9278877411391868,-0.049349777547220364,0.6901221749199973,0.8250033382767681,0.7809143830756838,0.0,0.6621223276023019,0.6613020171581094,0.6223090835647942,0.7316936482014906,0.7364057308595552,0.7033497717880683,0.7306115714009969,0.6645106398463281,0.7478432776444741,0.6843798165188392,0.0,0.6197464797611597
0.8173798254225603,0.85779756399908,0.7309532025485371,1.0554682896843357,1.0315863029556072,0.9276543613719728,0.0,0.9061688487265578,0.9908596975700285,1.0508511129000633,1.0622244940409549,0.9921399367378408,1.035172782969683,1.0337794704242869,-0.08750980954255272,0.8802912484267429,0.9765523714430393,0.9882003379624043,0.9611515925907828,0.6969650972782704,0.8944867037437928,0.683621371757028,0.8185878791546065,0.8627747386866549,0.9654583448668004,1.0148579110337355,0.7869027792103371,1.018182276177235,0.8964825659926019,0.7326034520125008,0.9793129770535385,0.9592351285822839,0.9804004212526761,0.4266772200993425,1.0350121578039386,0.9540934714723817,1.0430510892137266,0.9003136092804486,0.9115332041571729,0.9791598389431589,0.6292831110358736,1.0249290421991952,0.7124625262557988,0.9367503599115434,0.9242429006897597,0.7970026438952051,0.925032313602116,0.8635297850832228,1.0030887135781188,1.0168980420235152,0.9816218140288371,1.0953074935470843,0.8841053469595294,1.0716909282401628,0.9795946668896635,0.9962544773852562,0.9168424849927177,1.0849069094172759,0.7348809353213756,0.7978215134243408,0.7897248568413732,0.9404972155547359,0.9547321387119092,0.8723908259466231,0.6408859775111326,0.8817641001804026,0.6622462960461202,0.8864553936760023,0.8263170794260314,1.0126773867021688,0.9983752531518543,0.7622945171008265,1.0173065971224924,0.8333088900087724,0.6705117640279337,0.8299655203109767
0.710634531291279,0.7497058814230114,0.7663026996917714,0.9141295952907674,0.8237438657589272,0.8401765709664772,0.9061688487265578,0.0,0.8312308966343899,0.8877334914757826,0.8398792750186002,0.8392168499323768,0.872746970645116,0.8457433092834904,-0.088689804498983,0.753269559090233,0.8300377878287192,0.8122568302178165,0.8834884829664507,-0.08072090406534205,0.7953012071925036,0.7311206671823067,0.7951853662023695,0.7988434394689303,0.7985991261576714,0.8029893849865951,0.7594847724648623,0.8844223455952468,0.7663164068341224,0.0,0.7900734229109052,0.8940124314932083,0.8130974439972095,0.8495121732697197,0.8165753292267315,0.9157822016122966,0.8776005890159063,0.8181280230412514,0.8801709504253007,0.8631178090056457,0.8308690362398072,0.9023413933614765,0.8459190226722486,0.8810040067623593,0.7890534717682921,0.7369079045775447,0.7680248060880297,0.0,0.9586848304061646,0.8497288407215905,0.8723773955975356,0.9140020556123349,0.7805671556466721,0.9236835023889526,0.875117685991215,0.8721681501602578,0.8570668361226232,0.9222507404836062,0.8368773870258513,-0.09755870281252121,0.7164287912310404,0.8127518241132442,0.8286162095715756,0.0,0.6940145677738161,0.7814678818395866,0.6155038834611489,0.7776093442049106,0.817983338202307,0.799658689912301,0.7972256064610497,0.7224123898258825,0.8097511392072677,0.7039632803331762,0.0,0.7221578178030923
0.7770592464780985,0.7057969919714715,0.8275657895711013,0.9511667811024064,0.9178958196766684,0.7587274371877949,0.9908596975700285,0.8312308966343899,0.0,0.8554670543909784,0.8487181914088364,0.8618316127187813,0.9019531220091608,0.9654138987110248,-0.07262214589915944,0.8490992251981654,0.8168720552194174,0.8658245385963125,0.8282188817014942,0.7148268688279509,0.646989397272658,0.6487450161630955,0.858832970693638,0.8011528561101683,0.8520481906107483,0.6989873306107629,0.781115560933175,0.8140351906559754,0.7721073677772973,0.0,0.7873714547261049,0.9792129779260238,0.9259276392030825,0.8535251733308739,0.9542777644668579,0.9787324129390287,0.9073166067200789,0.7998515032899286,0.8087634856624054,0.9515486634043302,0.8906306231700379,0.9684073490662708,0.8825794098483999,0.9734809402422928,0.856269719994505,0.789927766167099,0.7647085782767338,0.0,1.0174171162936148,0.878934774185925,0.7837064521373633,1.0371723540258326,0.8072775031591772,0.9472967716430905,0.8987539709781889,0.9074919502867593,0.8365291447833656,0.9027445203091806,0.8848816656738114,-0.020620410261866007,0.7492981752117172,0.859975334087484,0.854721954504913,0.0,0.6778593796663416,0.6753347739365956,0.6350193146842226,0.7656922697316937,0.8585396701393541,0.7709549756330144,0.7374699767054914,0.7052778952173394,0.8225620193263422,0.6819180999008678,0.0,0.6803991916497218
0.814255447645261,0.818019621610722,0.8468534888023458,0.9276426613925639,1.0141684173354435,0.8651117992162136,1.0508511129000633,0.8877334914757826,0.8554670543909784,0.0,1.028506273934099,0.9252508851591603,0.9597556376063408,0.9850949797407476,-0.06504459124862616,0.8872394281867166,0.8782571097571207,0.8930257646135975,0.9127960860946012,0.7257960457374086,0.8579224915236888,0.7256753372005279,0.7969363297500547,0.7624437540831225,0.8573644281148063,0.8582776424819746,0.700165684681807,0.8608158560738102,0.8403319692679176,0.7467881211109654,0.7863241346600799,0.9899970498013497,0.9414718894706453,0.9115809268554839,0.9491786606329529,0.9646189849650084,0.9544099014231845,0.8310923902460765,0.8895204550329276,0.9511014628446506,0.9536273013059475,0.9239242752791381,0.6445832340288113,0.6291755439554285,0.8988988980267008,0.7782886581104195,0.7428360694506652,0.8742212294271001,1.056617601850751,0.9877092738308944,0.8588848238964234,1.0503191085535255,0.8493388258120377,0.9801202538226497,0.911047222043057,0.8842693959057539,0.8957775098371049,0.9574853503870124,0.9306750546869214,0.7937221159788673,0.7251921372912995,0.8900110137561292,0.8491707649574264,0.8596579839524763,0.6989750707597416,0.8227904273800266,0.6235376888576052,0.7938339596029493,0.798404048059882,0.8841224406156776,0.8708100024309193,0.8382827997733331,0.903326985803003,0.7240943363274088,0.7882944065381665,0.7521803739485159
0.865476469110977,0.7870327661866192,0.0,0.9752887162661834,1.0059311489393181,0.7918998933595145,1.0622244940409549,0.8398792750186002,0.8487181914088364,1.028506273934099,0.0,0.9587198128239455,1.02532172780647,1.0735182091725368,-0.06714988733251054,0.7476450223059761,0.9368058757404392,0.8559576176602702,0.8554354211802291,0.7277235760151155,0.7643621344587845,0.0,0.8422472567803359,0.804417384422762,0.8693928259553749,0.8033710314061163,0.7577500471234533,0.9012481050784849,0.8234417953052102,0.0,0.8074821253240454,0.9744772549803526,0.9766511739670631,0.8697331889294981,1.0326203759703592,1.080095490303444,1.006847062234423,0.7858641299327551,0.8922455885204701,0.9715826590121862,0.9602083345572061,0.9848010897092998,0.9776791739992223,0.9832657951622158,0.8639726174674578,0.8444296798067282,0.7458629077237977,0.0,1.093328036764094,0.9884594404062171,0.899370342213237,1.0440789748916788,0.7530089781045658,0.9475033378663734,0.972246633367703,0.8921902680982869,0.8026356290680636,1.004295907165839,1.0113810546220543,0.6777785050578425,0.6945035964993826,0.8633043239031772,0.8618917747033048,0.0,0.7001954078796729,0.7445153622550442,0.6133711145064473,0.7658493290148706,0.8236745269422838,0.8550304027007599,0.8967497316868255,0.7564022172838762,0.8391557995665339,0.6726899309261506,0.7379211163371107,0.7167155789690767
0.7419689881595253,0.772889215652087,0.8248306980362794,0.9675381108327973,0.9331998480996733,0.8578713977383426,0.9921399367378408,0.8392168499323768,0.8618316127187813,0.9252508851591603,0.9587198128239455,0.0,0.8906656833109622,0.9446156847604181,-0.13522996302984192,0.8265373210949984,0.9207475588133048,0.8455743756144082,0.8740624793754224,0.0,0.8559620925325393,0.6711398712563238,0.8308320136236961,0.8704434944973486,0.911027384941019,0.8145865856996074,0.0,0.8588745918012795,0.7788364226526301,0.0,0.8598630815031187,1.0075012003968897,0.930371320903037,0.8793734577449641,0.9512300461006941,0.9539438872906055,0.9056125860123136,0.8720675669843091,0.9004545350825144,0.9203067739541402,0.9082005870316169,0.9666828719922054,0.9231346292375561,0.9701333888114968,0.8406521039531034,0.8062414469126277,0.7425709707123892,0.0,0.9953641348286503,0.9185857903466728,0.9447784297201736,0.9958581080569008,0.7862429129023182,0.9059659155788329,0.8653924448970328,0.9612990871820537,0.8130551653908855,0.9701822330396026,0.929144632811542,0.7857102802714075,0.7476181378405993,0.8406744800887744,0.8034826914744758,0.0,0.7784748287165162,0.766817929317411,0.7325104915262701,0.8019327397952151,0.8557358674919883,0.8388612330272364,0.8760918137916347,0.7619009610348958,0.9197373033195064,0.8015135185790613,0.0,0.8487912952765571
0.7220185129643386,0.7719962228178645,0.843830768834595,1.0434850171231145,1.0082219258669438,0.8045748218759711,1.035172782969683,0.872746970645116,0.9019531220091608,0.9597556376063408,1.02532172780647,0.8906656833109622,0.0,0.9808505011956465,-0.07430321655104244,0.7691113303588861,0.9096978308233203,0.8240293631774303,0.881274382384628,0.6377090779650934,0.7969178225222155,0.5785261881009864,0.7362364404345652,0.7996433742198611,0.9000160552561086,0.8280304773242061,0.7601563097731278,0.9239463739507003,0.7368536792939118,0.6982615097487916,0.8737129408653225,1.0009484675409612,0.611951178630304,0.3758499240681868,1.0089254912880339,1.0673252159421223,1.0145947103362112,0.7956852110013485,0.9947046019861245,0.9539347455073643,0.5497415971878407,0.807466803766449,0.5565534369529772,0.8755777155897624,0.9169192586880304,0.7770312129999409,0.8008859127924901,0.7515531427368252,0.9975012615935537,1.005041547858805,0.9433101200099875,1.0694245669400888,0.774294245178535,1.0510590437486362,0.9608774199914161,0.9157124793423874,0.8577591409165812,0.9815941880337387,0.7362485372888726,0.6821873276171637,0.7260495809529068,0.9126406604885233,0.8980602761008288,0.8068527975113947,0.6585863179774795,0.7151016389672574,0.5768939841290446,0.7757333096803761,0.7767193948057369,0.8810386446180183,0.8470224488844891,0.6245947630501034,0.8987823972675494,0.7041315843004274,0.7431391587345366,0.7251554631984313
0.8060457308717619,0.7366812041659938,0.7823878368764668,1.018949737406376,0.9797551376246932,0.8256860674183021,1.0337794704242869,0.8457433092834904,0.9654138987110248,0.9850949797407476,1.0735182091725368,0.9446156847604181,0.9808505011956465,0.0,-0.07074953770023162,0.7676017153310969,0.9864010163152592,0.825872215387997,0.9014195293633651,0.0,0.8060352644497879,0.6074469654609971,0.7925281784275464,0.7787364800894797,0.78840828070321,0.8115335271209938,0.7083437523777575,0.8664279091480515,0.7829399739468708,0.7619331273469094,0.7982197819101582,1.026703513607341,0.915367634271109,0.8155700563001951,0.9048741564619958,0.9556854869585937,0.9428243903408436,0.7889360952942589,0.9727046260731929,0.8946284946303303,0.8621313648130579,0.9650657287110544,0.9297198399395926,0.6747561442227396,0.9097317593721593,0.8029828332623721,0.7371549687432265,0.0,1.0772654596853424,0.9684878942768049,0.8047734410055216,1.038088678705525,0.7415700940154265,1.0210792506989754,0.9339377242936336,0.9680326658859537,0.8570885104785965,1.0337733953706953,0.9980307610462597,-0.07414932732419066,0.739140812870048,0.9178164258710912,0.8764726616255207,0.827162253418425,0.6813014040101472,0.7233212225162853,0.5809480933765024,0.7585225281728201,0.845539471805159,0.931944995864858,0.8838931792036551,0.6424196757450391,0.8750783170973205,0.6822772012340768,0.0,0.7152398044722669
-0.08544716467906321,0.0,0.0,0.6604420185361914,-0.07061654754150859,-0.033668011655028196,-0.08750980954255272,-0.088689804498983,-0.07262214589915944,-0.06504459124862616,-0.06714988733251054,-0.13522996302984192,-0.07430321655104244,-0.07074953770023162,0.0,0.0,-0.06645834792670013,0.0,0.0,0.0,-0.05892035467129764,0.0,-0.07851421716663354,-0.11447261610443193,0.0,-0.06054120482629932,0.0,-0.03761623655291818,0.0,0.0,0.0,-0.06354306059769299,0.6391093816910973,0.7032942489534788,0.6950923180511789,0.6827537756001087,-0.04958237739898974,-0.07364841656685672,-0.09370372349645806,-0.1817075246370654,-0.16819970408675544,0.7140117295665923,-0.07363072203348964,-0.13053705891694534,-0.056088054584409686,0.00037189571000117994,0.0,0.0,0.6810838481649929,-0.022640905211504858,-0.05629706500922982,-0.049514708656434925,-0.07636082068911088,-0.04979794641401469,-0.09834843145584748,-0.07848531296024092,-0.12808418820879153,-0.05358500068356725,-0.04939120822874654,-0.08067419221278804,0.0,-0.06048261236826036,-0.04438968210397226,0.0,0.0,-0.08643095092862285,0.0,0.0,-0.08121844796818989,0.0,-0.07109553562464821,0.0,0.0,0.0,0.0,-0.06231205397671313
0.7252594063257629,0.6610117316325691,0.0,0.8738886641245316,0.8547074720356764,0.7303738448990074,0.8802912484267429,0.753269559090233,0.8490992251981654,0.8872394281867166,0.7476450223059761,0.8265373210949984,0.7691113303588861,0.7676017153310969,0.0,0.0,0.8032731358758732,0.7022148708862945,0.0,0.0,0.0,0.0,0.0,0.7082613952857052,0.6974104040791498,0.7506833965215278,0.0,0.7065467745225474,0.6777053771164316,0.0,0.0,0.7389865326699476,0.8908510871926834,0.7121661200457969,0.8400826809407679,0.9169489552033305,0.827047629491909,0.6660539970917078,0.6696213304486647,0.875267367233524,0.7257005017568845,0.8376812193408286,0.8435087525169432,0.8789208392220015,0.6729920255664048,0.7543703633481418,0.6961631416612148,0.0,0.9239017290352264,0.7708994172746346,0.665513361003564,0.8645784474459235,0.7131056153435862,0.8583268572735111,0.8289273963687964,0.7750396401136196,0.7792910385843106,0.8299074913555897,0.8222974972819971,0.0,0.6095215072169683,0.7787161983225321,0.7156110960620055,0.0,0.0,0.6476152765882474,0.6525985727553086,0.0,0.7105047320377734,0.7016170761947677,0.737419376955172,0.0,0.7262311034052414,0.6549365996049846,0.0,0.6210706495633351
0.8599435422028509,0.7967774916408787,0.8815316539430545,0.9703897457182794,0.9539896878348159,0.832897330476243,0.9765523714430393,0.8300377878287192,0.8168720552194174,0.8782571097571207,0.9368058757404392,0.9207475588133048,0.9096978308233203,0.9864010163152592,-0.06645834792670013,0.8032731358758732,0.0,0.8629447557599204,0.8979844503991323,0.0,0.7294218734654264,0.0,0.8003131993234713,0.8191253578357295,0.8588246766327305,0.8276162517335117,0.790908276786914,0.8214316495754235,0.8080489603543831,0.7055928091814858,0.7334336633575913,0.9623052302910426,0.9464839158608246,0.9058352941537807,0.9262772863450586,0.9779678259052434,1.021226163406891,0.8242250977024326,0.8794502673977238,0.9481499170117307,0.9508795428852708,0.9292257626951914,0.9326065283319713,1.034878969107512,0.8865555406299399,0.8187431361223381,0.7620732596610492,0.0,1.0195750651255082,0.9544400384221168,0.8513011124451237,0.96220615480231,0.8006264623999524,0.881990748543577,0.9071010728875771,0.8863237403467856,0.8408506167202436,0.9200283915153257,0.9390835712905331,0.7924972578886296,0.710705663098363,0.8668471709871399,0.8104480666511,0.8507273839181613,0.7740474873873392,0.7572912998639997,0.7241787413881302,0.0,0.7999376941656517,0.8010945472778157,0.7676969149724682,0.7711358009517433,0.8821374182495445,0.7196384212658229,0.7996248557806509,0.7033083977364926
0.7728060714438444,0.753326677956438,0.0,0.9421651113849313,0.9198814818500436,0.7733803158713556,0.9882003379624043,0.8122568302178165,0.8658245385963125,0.8930257646135975,0.8559576176602702,0.8455743756144082,0.8240293631774303,0.825872215387997,0.0,0.7022148708862945,0.8629447557599204,0.0,0.0,0.0,0.6597736019691448,0.6518357002071836,0.7546473796234918,0.741659361495454,0.7753164537100414,0.8297897096245552,0.7565465081873561,0.7971706390695409,0.7520737552287287,0.0,0.7496894967173783,0.8651825769020339,0.9314525832016939,0.8004402958263525,0.8702292318084641,0.9262594461076555,0.949298415850798,0.74870363426713,0.7470420192393075,0.8755761932541405,0.8913620388994947,0.9107725555085875,0.8407546669609929,0.9370472659244504,0.7332291549277752,0.7154980266803698,0.7190490930225362,0.0,1.1011166603658935,0.813308490802297,0.8626393620500838,0.9835410306674645,0.7364931399599792,0.8655961119477855,0.8481510634681786,0.8001793415987466,0.8319389528152437,0.9311519589981436,0.8813033832690375,-0.03453065807767819,0.71852998363609,0.7921824218574045,0.7767458204159052,0.0,0.7315916262595461,0.6009108083094928,0.6318207883479252,0.0,0.7544673732790833,0.7772591627272886,0.7873298613001298,0.0,0.7622661969046106,0.693730692866398,0.0,0.681039632752176
0.8938913177325905,0.6306719941631339,0.0,0.8683612919757961,0.8725313995480941,0.7722604737683887,0.9611515925907828,0.8834884829664507,0.8282188817014942,0.9127960860946012,0.8554354211802291,0.8740624793754224,0.881274382384628,0.9014195293633651,0.0,0.0,0.8979844503991323,0.0,0.0,0.0,0.6934370028786595,0.0,0.0,0.8363757110018945,0.826406897086438,0.7573161739814328,0.0,0.7764984542339957,0.0,0.0,0.0,0.9023083347345118,0.9229498037929125,0.83577299110818,0.9511882286373523,0.9672758706905875,0.9298366499095757,0.8016492799524907,0.860573197612565,0.9466640932745064,0.8879055021057507,0.9302883426693715,0.9060702092058809,0.8704958337225942,0.8289053124949215,0.0,0.0,0.0,0.9066547799367304,0.9031946167481012,0.8781136225500762,0.9384698455226821,0.838503933046165,0.9293709398813021,0.8457339811859753,0.86124010455765,0.0,0.9397627852353346,0.9044418409791317,0.0,0.0,0.8602676289981943,0.8555194014034359,0.0,0.0,0.0,0.0,0.0,0.0,0.847987046778427,0.8502805822496681,0.0,0.8206977344007946,0.0,0.0,-0.08021531403059756
0.0,-0.040538940552284575,0.0,0.6795767435267259,0.6470940373527426,-0.05243011081933796,0.6969650972782704,-0.08072090406534205,0.7148268688279509,0.7257960457374086,0.7277235760151155,0.0,0.6377090779650934,0.0,0.0,0.0,0.0,0.0,0.0,0.0,-0.052064405865658525,0.0,0.0,0.0,-0.0721593515270903,0.7125234325875741,0.0,0.7007839341297094,0.0,0.0,0.0,0.0,0.7496768126545649,0.662773621070586,0.7302307911754704,0.7596928250978136,0.7847960593649603,0.6821812405757944,0.0,0.7569918911779864,0.714845290188112,0.7955253184448066,0.6907134705482623,0.721636568278922,0.7112734106125035,0.0,0.0,0.0,0.7626649526594823,0.6878126304093893,0.7115031161908246,0.7134083732410668,-0.025247321096305342,0.0,0.670569096404154,0.7083081771211661,0.0,0.7155947980082719,0.716336091678646,0.0,0.0,-0.02845567598243004,0.7205276367851547,0.0,0.0,0.0,0.0,0.0,0.0,-0.06296821343386827,0.0,0.0,0.0,0.0,0.0,-0.08274710649348216
0.7126579842237495,0.6583903084056913,0.0,0.8592102895185646,0.8431829111902891,0.5648504156285974,0.8944867037437928,0.7953012071925036,0.646989397272658,0.8579224915236888,0.7643621344587845,0.8559620925325393,0.7969178225222155,0.8060352644497879,-0.05892035467129764,0.0,0.7294218734654264,0.6597736019691448,0.6934370028786595,-0.052064405865658525,0.0,0.6576315375983399,0.651922039765055,0.684286106595553,0.6530827177827349,0.697565521679945,0.6732471337478759,0.7100283074670023,0.6789123260092629,0.0,0.6707871578867426,0.824559010314717,0.8379692139780252,0.7725751189339851,0.847910220424438,0.8515951255581252,0.8316601364773839,0.6702143187036458,0.8216040410279971,0.8221132418028397,0.8507951829920849,0.8656775275155572,0.740765441559112,0.8528902722947499,0.7578486140346382,0.7810049257742512,0.6597930069043786,0.0,0.8697401299575072,0.8341432041691657,0.724989768260533,0.8660249192764311,0.7839687748837443,0.7576987328670244,0.8160197863269334,0.7516852598139938,0.8073927938527755,0.8305833819969974,0.7781043406812213,0.6749264577492573,0.6044429746039836,0.7106645304232815,0.6722856524261316,0.0,0.0,0.7923048393851143,0.6614230485638162,0.6493932118919734,0.7469164446490605,0.6034755815213355,0.6740197346323828,0.6273234954708565,0.6508523203690814,0.6137354348591901,0.0,0.6611595494024818
0.7193277053451961,-0.03453906715082333,0.0,0.7099668171473695,0.6139374028588231,0.6444341742099745,0.683621371757028,0.7311206671823067,0.6487450161630955,0.7256753372005279,0.0,0.6711398712563238,0.5785261881009864,0.6074469654609971,0.0,0.0,0.0,0.6518357002071836,0.0,0.0,0.6576315375983399,0.0,-0.06505168637348407,-0.04925868669131794,-0.07582539805350486,0.5862166060086204,0.0,0.6515740539386163,-0.039378690168070996,0.0,0.0,0.6505214302384854,0.8071730386334476,0.6088633697200391,0.6557751637132587,0.6303846356475278,0.7117178105591436,0.6182853873685984,0.6075437327816834,0.7300363593610805,0.7036656840419753,0.7264554923977005,0.6648146346991175,0.7198717567770728,0.6492752478463685,0.0,0.0,0.0,0.7828137418136694,0.6321177789768786,0.614029664339399,0.6622121381564853,0.7244788791769857,0.6617392817725882,0.7199988602936384,0.7248870891297944,0.0,0.7141423724467035,0.7430477252045753,0.0,0.0,0.6861462116064834,0.6466393148345709,0.0,0.0,-0.024369801189279172,0.0,0.0,-0.05657552482608896,0.6264224475569238,0.6474604097436287,0.0,0.7017239481707702,0.0,0.0,-0.036963874582074285
0.7759660042363243,0.670860991229251,0.0,0.8317275963138082,0.7270757301190103,0.728679352493416,0.8185878791546065,0.7951853662023695,0.858832970693638,0.7969363297500547,0.8422472567803359,0.8308320136236961,0.7362364404345652,0.7925281784275464,-0.07851421716663354,0.0,0.8003131993234713,0.7546473796234918,0.0,0.0,0.651922039765055,-0.06505168637348407,0.0,-0.1739095759488376,0.7423908573958434,0.7136110093994554,0.0,0.7474962769043243,0.7224987422318241,0.0,0.761146301768358,0.7891657396098812,0.8239821006761373,0.7745508014898814,0.8746062888971816,0.8797497433277468,0.8249678140508371,0.656990674701471,0.794499339878623,0.8815876983953363,0.7871045376553594,0.8894714805223849,0.8443072521075243,0.8649736704156947,0.7810591028096572,0.7371946778238685,0.7657638649099594,0.0,0.8984925750312885,0.7569600640192206,0.7704041603249858,0.8436183972609741,0.8029644304912309,0.8248806635253632,0.7947376520372397,0.80733766614733,0.7776057903492097,0.855130641248353,0.7807293822444422,-0.08598651581451738,-0.02730821129095856,0.8014156676155464,0.7952872366313126,0.0,0.0,0.6164143989916209,0.0,0.774961457168413,0.7308485593251919,0.7463888343907806,0.6724055013249323,0.0,0.8007407070725933,0.7805375875018181,0.0,-0.12094308694008793
0.654873035735464,-0.073088153351061,0.0031748662766463154,0.8068917614351193,0.8224011408248058,0.6422589392043307,0.8627747386866549,0.7988434394689303,0.8011528561101683,0.7624437540831225,0.804417384422762,0.8704434944973486,0.7996433742198611,0.7787364800894797,-0.11447261610443193,0.7082613952857052,0.8191253578357295,0.741659361495454,0.8363757110018945,0.0,0.684286106595553,-0.04925868669131794,-0.1739095759488376,0.0,0.7642461267360064,0.7572632024093379,-0.09918600234287794,0.7653700082757302,-0.02062357482901117,0.0,0.7221598263590107,0.7649690577613527,0.8271672036069573,0.7989310162934327,0.8162949459229438,0.8053454286071289,0.7830187478719304,0.7284515513982291,0.7014100664791777,0.8190557173208395,0.7896099384943062,0.7977506067391913,0.8031437672586832,0.8526449965199988,0.6942607819120932,0.6960630308582249,0.755629993143489,-0.1027081542590611,0.860092335854269,0.7586770175046593,0.8214640592033213,0.848269817809139,0.7589120133176289,0.7646919949140754,0.8111265628675406,0.7836255971141054,0.8218623773095449,0.8521376480823776,0.8684245940357381,-0.0896078701027947,0.0024767970868201372,0.7296978984246121,0.7986953675404745,0.0,0.0,0.685368347174304,0.6651967415668838,0.7906529936499502,0.7208159771735341,0.7472465651085718,0.7144456012626497,-0.03651844669026716,0.7722507327951857,0.7256939126254074,0.0,0.745164403794467
0.7519616138083443,0.7238495946462005,0.0,0.9286569356426069,0.8880834971977278,0.7831475639941857,0.9654583448668004,0.7985991261576714,0.8520481906107483,0.8573644281148063,0.8693928259553749,0.911027384941019,0.9000160552561086,0.78840828070321,0.0,0.6974104040791498,0.8588246766327305,0.7753164537100414,0.826406897086438,-0.0721593515270903,0.6530827177827349,-0.07582539805350486,0.7423908573958434,0.7642461267360064,0.0,0.8015176935517844,-0.030280464381306493,0.7808602922696495,0.7596539459334554,0.0,0.7218734417836923,0.841446714420282,0.369876753995814,0.8178128839159582,0.8980300889597629,0.92335428582924,0.9038156672325927,0.797614613623702,0.8807148563957408,0.8703112804045177,0.906012554844298,0.9374263262845562,0.8573653296797205,0.9124253987427141,0.7788553116320631,0.7506913298495166,0.6696756398217454,0.0,0.9489587650209534,0.8987979718769181,0.8177339623494164,0.9633440063607838,0.7112643217990788,0.9456683078253616,0.8694737677639159,0.870118944267638,0.7953436026211316,0.937031677575199,0.8907146357834941,0.0,0.5968023507161289,0.860106062100928,0.8120474954042214,0.0,-0.07274901914997361,0.6772786839407283,0.5755118742859043,0.7143506646849278,0.8087166558240786,0.8226296435099845,0.7286132576131987,0.614202354121187,0.7533517631534434,0.6628637208290741,0.0,0.6650154427733822
0.7652611587170104,0.695372679779044,0.0,0.9431433019921659,0.8798779853210494,0.6924684171535818,1.0148579110337355,0.8029893849865951,0.6989873306107629,0.8582776424819746,0.8033710314061163,0.8145865856996074,0.8280304773242061,0.8115335271209938,-0.06054120482629932,0.7506833965215278,0.8276162517335117,0.8297897096245552,0.7573161739814328,0.7125234325875741,0.697565521679945,0.5862166060086204,0.7136110093994554,0.7572632024093379,0.8015176935517844,0.0,0.748977671654045,0.64467875978493,0.7297644592936697,0.0,0.6409159114624792,0.7986013995411985,0.5143158034317867,0.8297497063337089,0.9354208797050726,0.8533854527063987,0.8681044689031658,0.7652812975250495,0.7467881968154646,0.9447099649664823,0.9035706084286071,0.9999818809115142,0.7274881725576439,0.9355710061897007,0.796828389592157,0.7256757801080925,0.7017273582667889,0.0,1.0541984536063205,0.8532394132087245,0.7860101890486724,0.9582242853627355,0.7513838768392107,0.8704089989453563,0.870235211589654,0.7985545508735189,0.7248546627817422,0.8117948280284667,0.8376717976398378,-0.07878877891714653,0.5942019928616088,0.8098732439772466,0.7144043442635234,0.0,0.0,0.646218365794291,0.6589577477947318,0.7322744647347708,0.6948830570415397,0.6831672407014089,0.7025589069399757,0.6762777809723091,0.7716939454008299,0.6256102880903003,0.0,0.5979052366713038
0.7079325544932826,-0.04991753386673997,0.0,0.8618209398173214,0.7266565543951546,0.7103297490237799,0.7869027792103371,0.7594847724648623,0.781115560933175,0.700165684681807,0.7577500471234533,0.0,0.7601563097731278,0.7083437523777575,0.0,0.0,0.790908276786914,0.7565465081873561,0.0,0.0,0.6732471337478759,0.0,0.0,-0.09918600234287794,-0.030280464381306493,0.748977671654045,0.0,0.7499047236221665,0.0,0.0,0.0,0.0,0.8493381971502975,0.7071437255771927,0.8156656494418153,0.821931522650341,0.8101863956813027,0.6928143817751121,0.7483565435949131,0.843765856908273,0.8053340317851984,0.8244683728983689,0.7784563315235886,0.8731084468280113,0.8202680200517996,0.0,0.0,0.0,0.893073754983485,0.6979450837542265,0.7222344935496544,0.7413026950559882,0.7810258167113331,0.8153969454348383,0.7418366726262888,0.7928394724735657,0.0,0.725185526308624,0.7644668063231738,0.0,0.004471786476511419,0.07336435924922147,0.775858402029505,0.0,0.0,0.7063873002506245,0.0,0.0,-0.026835407379861898,0.7563727506440976,0.7632084987056345,0.0,0.7930320553939563,0.0,0.0,-0.1282381690817978
0.7753446926610201,0.669054115239234,0.8241463679886742,0.9500547581595815,0.9804310525312474,0.7817990763989433,1.018182276177235,0.8844223455952468,0.8140351906559754,0.8608158560738102,0.9012481050784849,0.8588745918012795,0.9239463739507003,0.8664279091480515,-0.03761623655291818,0.7065467745225474,0.8214316495754235,0.7971706390695409,0.7764984542339957,0.7007839341297094,0.7100283074670023,0.6515740539386163,0.7474962769043243,0.7653700082757302,0.7808602922696495,0.64467875978493,0.7499047236221665,0.0,0.7684732292689417,0.0,0.7434766790712372,0.8343808125234735,0.9596756672778379,0.8392018165222874,1.0013248892073088,0.931206961607031,0.952619373764203,0.7836928244444126,0.8769354472468353,0.9422903434219989,0.8648657067809017,1.020179396169561,0.9049535104658225,0.9768217998294273,0.8464964199280319,0.7046108778271168,0.7116037971267164,0.0,1.0416679007950442,0.9828186025443496,0.7934603274613611,1.046391085460867,0.781676306380907,0.8852676183954707,0.9243878919419829,0.8944339216127623,0.7841171843103265,1.0239298505833174,0.9921527353199239,-0.033301176504047236,0.7405657829039546,0.8486397816622101,0.825512795564063,0.0,0.7486536493855336,0.6985767620350215,0.6204443065531584,0.7779355753545794,0.8117110274888213,0.8000931698215482,0.7189265657636125,0.6996844270478787,0.8282148568821992,0.6833726034093237,0.0,0.6551707074645471
0.7170327319964223,0.6599828379632968,0.0,0.848660370812801,0.7290701894049135,0.6712546260293194,0.8964825659926019,0.7663164068341224,0.7721073677772973,0.8403319692679176,0.8234417953052102,0.7788364226526301,0.7368536792939118,0.7829399739468708,0.0,0.6777053771164316,0.8080489603543831,0.7520737552287287,0.0,0.0,0.6789123260092629,-0.039378690168070996,0.7224987422318241,-0.02062357482901117,0.7596539459334554,0.7297644592936697,0.0,0.7684732292689417,0.0,0.0,0.0,0.7621618690179016,0.8059559773649687,0.7500389727534892,0.785798410812038,0.9068587222867451,0.8429130982553402,0.6990729551024538,0.8272354748926433,0.8329039686929424,0.7329193305154917,0.8353219594949824,0.827760584447754,0.8849773062469735,0.6576685351071767,0.811989796203052,0.7048379094192969,0.0,0.8685996859892374,0.7568423618413829,0.7694702565185697,0.7822004784632037,0.809555496569484,0.8334839440038205,0.7855154872021143,0.8133403983683466,0.0,0.8484348523951923,0.8202100619527806,0.0,0.6300203382677486,0.7441353649480709,0.7306925502010637,0.0,0.0,0.6494564714565765,0.0,0.6538183779076688,0.7840882872982156,0.6610487890499532,0.7451466705088114,0.7234580939900773,0.6488606463769717,0.6613985848820977,0.0,-0.08544970579838318
0.0,0.0,0.0,0.7076255064617252,0.6996296997612099,0.0,0.7326034520125008,0.0,0.0,0.7467881211109654,0.0,0.0,0.6982615097487916,0.7619331273469094,0.0,0.0,0.7055928091814858,0.0,0.0,0.0,0.0,0.0,0.0,0.0,0.0,0.0,0.0,0.0,0.0,0.0,0.0,0.0,0.7209646250192763,0.7014275380927018,0.6851532049447463,0.7804586561829412,0.7339387130082394,0.6686715668416925,0.0,0.7442636027963168,0.0,0.686554633287003,0.7162286413631404,0.7809467445407122,0.7100780486686054,0.0,0.0,0.0,0.7674216364374804,0.7245979385371788,0.0,0.7394997900661036,0.687407497487105,0.0,0.7293643580646924,0.0,0.0,0.6769836469568375,0.7595959885425558,0.0,0.0,0.6927977054763698,0.0,0.0,0.0,0.0,0.0,0.0,0.0,0.0,0.0,0.0,0.0,0.0,0.0,0.0
0.7301847064903662,-0.03797676844708753,0.0,0.8190581456311121,0.869357305423334,0.7016924236205572,0.9793129770535385,0.7900734229109052,0.7873714547261049,0.7863241346600799,0.8074821253240454,0.8598630815031187,0.8737129408653225,0.7982197819101582,0.0,0.0,0.7334336633575913,0.7496894967173783,0.0,0.0,0.6707871578867426,0.0,0.761146301768358,0.7221598263590107,0.7218734417836923,0.6409159114624792,0.0,0.7434766790712372,0.0,0.0,0.0,0.8160818044736394,0.4002766067058675,0.7367822841844176,0.9368758014991629,0.885304513292511,0.8510925141684466,0.7348067414788843,0.7991714074954733,0.8674570799830008,0.8246981002395443,0.5770255899880075,0.8473070983892379,0.873137339536963,0.750426491796447,0.7890846807776263,0.7043649953692899,0.0,0.9106864614680592,0.8202561227519628,0.8101732906799688,0.8942608379930514,0.7889216218669005,0.7921382740887649,0.8529903916665471,0.7548688502087625,0.737295065676221,0.7850957682974294,0.821293336304514,0.0,-0.04393445642822125,0.7954228757705902,0.6882126711846042,0.0,0.0,0.6623806717200256,0.0,0.0,0.7481506639257745,0.7048933455200956,0.7083498217462034,0.0,0.6437601100714014,0.6693621681309107,0.0,-0.20463675028821204
0.745253775083061,0.7774405091551928,0.7937991636406243,1.0560130351801063,1.0605185612184735,0.9499906662099489,0.9592351285822839,0.8940124314932083,0.9792129779260238,0.9899970498013497,0.9744772549803526,1.0075012003968897,1.0009484675409612,1.026703513607341,-0.06354306059769299,0.7389865326699476,0.9623052302910426,0.8651825769020339,0.9023083347345118,0.0,0.824559010314717,0.6505214302384854,0.7891657396098812,0.7649690577613527,0.841446714420282,0.7986013995411985,0.0,0.8343808125234735,0.7621618690179016,0.0,0.8160818044736394,0.0,0.6289250729848932,0.845453062063839,0.9167767613151931,1.0236180623501696,0.7143229592032694,0.7992473951591931,0.8335361667171489,0.6753988408765231,0.917731794795155,0.6677567452036215,0.9455708001470978,1.0290401124337252,0.8111556406464409,0.7616252499400903,0.7815843167711198,0.0,1.1017652362008306,0.7595680232979716,0.911814486198463,0.9541218834575024,0.8371034331676627,1.0514582497775222,0.9038986499951426,0.9579579087926405,0.9064232562414772,0.7402996906675492,0.9919551155709369,0.7323124079889984,0.7400557087734616,0.8802467704049804,0.8165591608404456,0.8712786623107514,0.6811993510992279,0.8179409597542027,0.6281398709902318,0.8421720661656791,0.78438430964806,0.9127580358470838,0.8676450447549898,0.6945784033563454,0.8580685712573473,0.80143721330543,0.0,0.7691469863173627
0.7985763128300223,0.8574428722499703,0.795792430600222,0.9964839703597791,0.9399508939795778,0.9019154511397944,0.9804004212526761,0.8130974439972095,0.9259276392030825,0.9414718894706453,0.9766511739670631,0.930371320903037,0.611951178630304,0.915367634271109,0.6391093816910973,0.8908510871926834,0.9464839158608246,0.9314525832016939,0.9229498037929125,0.7496768126545649,0.8379692139780252,0.8071730386334476,0.8239821006761373,0.8271672036069573,0.369876753995814,0.5143158034317867,0.8493381971502975,0.9596756672778379,0.8059559773649687,0.7209646250192763,0.4002766067058675,0.6289250729848932,0.0,0.2567848296056803,0.6197734811162483,0.7089015823835647,0.4759196808232515,0.33870347529392714,0.46235835684764726,0.247417740994495,0.46909244027130304,0.6323275185426714,0.4210269244193832,0.655174286871146,0.8276753875152152,0.8370053558697972,0.9186814681857507,0.8161923127632843,0.8605078523487217,0.9139610592641245,0.9200147460147612,0.6530928607631685,0.8460874415963624,0.9983101475644438,0.4219150238179002,0.5106573630146554,0.9057704490925168,0.7285622696292487,0.47280797584738027,0.7425474953290612,0.7011375243974498,0.8826709558359025,0.5905869154668645,0.8369651346025616,0.6293259669031415,0.8017370467043584,0.7779119189838514,0.9188861498889567,0.914570498383829,0.9057469351150512,0.9337786784261348,0.7773901026663235,0.6139968585428142,0.8712111520555605,-0.16278777700791747,0.879625978387716
0.7984978900944523,0.76957215259901,0.752384080785063,0.9231369429947893,0.8441277308457155,0.9119528407775555,0.4266772200993425,0.8495121732697197,0.8535251733308739,0.9115809268554839,0.8697331889294981,0.8793734577449641,0.3758499240681868,0.8155700563001951,0.7032942489534788,0.7121661200457969,0.9058352941537807,0.8004402958263525,0.83577299110818,0.662773621070586,0.7725751189339851,0.6088633697200391,0.7745508014898814,0.7989310162934327,0.8178128839159582,0.8297497063337089,0.7071437255771927,0.8392018165222874,0.7500389727534892,0.7014275380927018,0.7367822841844176,0.845453062063839,0.2567848296056803,0.0,0.544505711622687,0.4345806906394136,0.4247468562249519,0.8055799424663785,0.31282573632483685,0.2214063439772326,0.4078509668086962,0.4509094906772077,0.812176590631839,0.4042263534038422,0.7795388428473171,0.8091998518325656,0.6868044043818804,0.7596199427046811,0.5370350363237144,0.2960076825614869,0.8911079743277767,0.5145972023326445,0.762216086756254,0.9028951642046988,0.28803893854996776,0.8241283557051813,0.8976976953572116,0.5104556706921862,0.8142866137489169,0.7625193892043534,0.693602788512831,0.858199155529953,0.8451694444011812,0.8977902359834093,0.5830741467140714,0.7921854967569656,0.5773397054953227,0.817993394441342,0.9059031169940897,0.8326674865477908,0.8596656225681983,0.7112292564234992,0.8110043971802164,0.7012037568698304,0.0,0.7749314725493466
0.7690458942225836,0.8196194352286835,0.7787966862772538,1.0838885275098835,0.9911040564631879,0.9267694901368279,1.0350121578039386,0.8165753292267315,0.9542777644668579,0.9491786606329529,1.0326203759703592,0.9512300461006941,1.0089254912880339,0.9048741564619958,0.6950923180511789,0.8400826809407679,0.9262772863450586,0.8702292318084641,0.9511882286373523,0.7302307911754704,0.847910220424438,0.6557751637132587,0.8746062888971816,0.8162949459229438,0.8980300889597629,0.9354208797050726,0.8156656494418153,1.0013248892073088,0.785798410812038,0.6851532049447463,0.9368758014991629,0.9167767613151931,0.6197734811162483,0.544505711622687,0.0,0.9359857811932715,0.7357290012552143,0.9068747699286835,0.7780145525004731,0.5165106165101111,0.6222825725209158,0.6616734723529916,0.6189666033672712,0.8043307605126883,0.8502193138349814,0.7802080053391477,0.8576298042739324,0.8444151320642199,0.9850006691613084,0.9810808292206037,0.9343735812706643,0.9550864776800809,0.8383365037190248,1.0421469973997075,0.6482751789303034,0.9521049053621342,0.8960639952098668,0.9379667857685372,0.6478379262360271,0.7854634657007641,0.6976435398443253,0.924422454231912,0.9844523450925023,0.8766743713911443,0.607273420319034,0.8082857310271968,0.6779322085208764,0.959166679603951,0.9278419040836817,0.9473388705128615,0.9208714273092635,0.8002397829268818,0.8802912659058139,0.755091362600165,0.7421591418467397,0.7973645068263878
0.8093470972268826,0.8618976402468057,0.8460408323332564,1.058962448023703,1.0620450863853144,0.852460259446443,0.9540934714723817,0.9157822016122966,0.9787324129390287,0.9646189849650084,1.080095490303444,0.9539438872906055,1.0673252159421223,0.9556854869585937,0.6827537756001087,0.9169489552033305,0.9779678259052434,0.9262594461076555,0.9672758706905875,0.7596928250978136,0.8515951255581252,0.6303846356475278,0.8797497433277468,0.8053454286071289,0.92335428582924,0.8533854527063987,0.821931522650341,0.931206961607031,0.9068587222867451,0.7804586561829412,0.885304513292511,1.0236180623501696,0.7089015823835647,0.4345806906394136,0.9359857811932715,0.0,0.8944902608509501,0.6115366640956943,0.7943580202162738,0.6619848713037386,0.6464933715249493,0.8987020292494081,0.7411660578398321,0.8697057941766193,0.9032436477074011,0.8411314255592491,0.9147712129403667,0.7621296135525174,0.9908505171362045,0.7832388379149262,1.0626949293560886,0.9188772493924793,0.9432809711051879,0.9122160571393458,0.8479714724830056,1.0674060269223864,0.9398502983424382,0.9391372598688034,0.7905807445063813,0.6960532703437852,0.8295387167653188,0.9442059418511359,0.9489991078909604,0.915588526920876,0.5930623498261212,0.8264258196632854,0.669458939806015,0.911816815366563,0.8845165941645338,0.9788660001851752,0.8945363053165211,0.8375559431683421,0.9763292144858666,0.7799213716014749,0.7293728682832396,0.820615016079814
0.7533694873475902,0.7474974130577258,0.7474623067130042,0.995055392193835,0.999117202283384,0.9203730400518719,1.0430510892137266,0.8776005890159063,0.9073166067200789,0.9544099014231845,1.006847062234423,0.9056125860123136,1.0145947103362112,0.9428243903408436,-0.04958237739898974,0.827047629491909,1.021226163406891,0.949298415850798,0.9298366499095757,0.7847960593649603,0.8316601364773839,0.7117178105591436,0.8249678140508371,0.7830187478719304,0.9038156672325927,0.8681044689031658,0.8101863956813027,0.952619373764203,0.8429130982553402,0.7339387130082394,0.8510925141684466,0.7143229592032694,0.4759196808232515,0.4247468562249519,0.7357290012552143,0.8944902608509501,0.0,0.8248241463826395,0.5939032405131794,0.46653439719136325,0.4972457127600772,0.5243800817954661,0.5700315313536073,0.5019588808593938,0.8406770335997423,0.774400266273174,0.8714742697606465,0.802729083051378,0.7590414288252761,0.9287837999040891,0.9734842791441185,1.0234048668345206,0.8873202003540157,1.0153301494406335,0.5438638887058537,0.9696302950453248,0.85814745006173,0.7941186196241903,0.47589022964783195,0.7172325336493122,0.7541862257321483,0.8428015054905521,0.9698333345147435,0.8682735283607368,0.6334640677053783,0.8094321764473213,0.7047122003941402,0.8085673430183462,0.8121107885604546,0.9412791641602477,0.8725731463808579,0.8762363054051738,0.9664850607324458,0.8184205233163072,0.7984950528261971,0.8032547864698141
0.7215047430758107,0.731526012693089,0.6847791057207726,0.8631250472080567,0.798970157906372,0.7230594281755693,0.9003136092804486,0.8181280230412514,0.7998515032899286,0.8310923902460765,0.7858641299327551,0.8720675669843091,0.7956852110013485,0.7889360952942589,-0.07364841656685672,0.6660539970917078,0.8242250977024326,0.74870363426713,0.8016492799524907,0.6821812405757944,0.6702143187036458,0.6182853873685984,0.656990674701471,0.7284515513982291,0.797614613623702,0.7652812975250495,0.6928143817751121,0.7836928244444126,0.6990729551024538,0.6686715668416925,0.7348067414788843,0.7992473951591931,0.33870347529392714,0.8055799424663785,0.9068747699286835,0.6115366640956943,0.8248241463826395,0.0,0.7937148223944579,0.31224411937697644,0.868381680129589,0.9209154161141074,0.7766191443876511,0.5350609421472885,0.7728811861889634,0.7564001400893634,0.7010913723123198,0.7283950889673152,0.9375746397547235,0.7770561360684607,0.8173111954597733,0.5919745378954014,0.8040838505850427,0.8237068596271885,0.8330934247589686,0.7851036455878244,0.8040514386898112,0.8385204707456152,0.8025978945086584,0.5952785827740882,0.6138154696799003,0.8307885007100103,0.8274331599093953,0.7609945019457435,0.6216993086172623,0.6681113557400356,0.6541003157747728,0.7183326085732094,0.7552271370561022,0.7632530630503034,0.7937321926118266,0.6773548092420315,0.7901426055381408,0.6855122743498333,-0.031433452027633535,0.6885757738725042
0.6720295288276703,0.7917368658479925,0.8361974105542991,0.993100713400331,1.0129802653911495,0.7439558635323414,0.9115332041571729,0.8801709504253007,0.8087634856624054,0.8895204550329276,0.8922455885204701,0.9004545350825144,0.9947046019861245,0.9727046260731929,-0.09370372349645806,0.6696213304486647,0.8794502673977238,0.7470420192393075,0.860573197612565,0.0,0.8216040410279971,0.6075437327816834,0.794499339878623,0.7014100664791777,0.8807148563957408,0.7467881968154646,0.7483565435949131,0.8769354472468353,0.8272354748926433,0.0,0.7991714074954733,0.8335361667171489,0.46235835684764726,0.31282573632483685,0.7780145525004731,0.7943580202162738,0.5939032405131794,0.7937148223944579,0.0,0.43054411285811667,0.3956530705202938,0.4854687297636061,0.9347115368469778,0.7470614480903186,0.8690121697309768,0.7463042388625639,0.753995738824848,0.0,0.9700974671743918,0.6446214483772801,0.864900144905881,0.884609252351511,0.8021884464735126,1.0253794342432063,0.889849086071023,0.9484366367452621,0.7792216316568493,0.8646422644466242,0.9933658777646364,-0.09469920658141551,0.6751765647095284,0.8489464941407622,0.8263065572341626,0.0,0.6493891106179744,0.7839761782803871,0.63815398272765,0.7545806800604176,0.6969011342538729,0.8694247782929669,0.7951374203335001,0.6879125240916133,0.7823327208792058,0.6813102031560778,0.7128863714679468,0.6911772209144385
0.8052984188905448,0.8744230958975576,0.7562594682833786,0.9706240962444079,0.9314517382798702,0.9074680980281393,0.9791598389431589,0.8631178090056457,0.9515486634043302,0.9511014628446506,0.9715826590121862,0.9203067739541402,0.9539347455073643,0.8946284946303303,-0.1817075246370654,0.875267367233524,0.9481499170117307,0.8755761932541405,0.9466640932745064,0.7569918911779864,0.8221132418028397,0.7300363593610805,0.8815876983953363,0.8190557173208395,0.8703112804045177,0.9447099649664823,0.843765856908273,0.9422903434219989,0.8329039686929424,0.7442636027963168,0.8674570799830008,0.6753988408765231,0.247417740994495,0.2214063439772326,0.5165106165101111,0.6619848713037386,0.46653439719136325,0.31224411937697644,0.43054411285811667,0.0,0.2964479903521018,0.5998551751780254,0.870672519866155,0.6268387083536372,0.8656044454270737,0.7644834331712578,0.9966427884342886,0.7928195961731701,0.8251088052643148,0.9011789161966193,0.9198326607208873,0.9861049970362916,0.7995034025453918,0.9771545191102059,0.9092400806270091,0.9199444346074535,0.8624248184792913,0.7563303953882254,0.42190072129946377,0.7838978524097808,0.774783178392546,0.8756474855122931,0.9718439982220078,0.9163188450900567,0.6721615446460385,0.8092560781463036,0.6997696954554484,0.879597893537938,0.8726991988362012,0.8956760519042213,0.9008970607822271,0.7994102963677086,0.9392450728670109,0.8659031274601334,-0.10460613405198338,0.8079866615876459
0.7043433507928225,0.793276482067457,0.7866385653307973,0.9458597145489029,0.9075894284555489,0.8702948278385935,0.6292831110358736,0.8308690362398072,0.8906306231700379,0.9536273013059475,0.9602083345572061,0.9082005870316169,0.5497415971878407,0.8621313648130579,-0.16819970408675544,0.7257005017568845,0.9508795428852708,0.8913620388994947,0.8879055021057507,0.714845290188112,0.8507951829920849,0.7036656840419753,0.7871045376553594,0.7896099384943062,0.906012554844298,0.9035706084286071,0.8053340317851984,0.8648657067809017,0.7329193305154917,0.0,0.8246981002395443,0.917731794795155,0.46909244027130304,0.4078509668086962,0.6222825725209158,0.6464933715249493,0.4972457127600772,0.868381680129589,0.3956530705202938,0.2964479903521018,0.0,0.6292309372017767,0.4648351126624943,0.5115177474299122,0.8585050531329197,0.787867110224675,0.7787396684122717,0.857267472496801,0.7144889747165674,0.5675430510703224,0.9003896338608058,0.657520916557336,0.7916352485653586,0.9742228414924679,0.8955146369277844,0.9025342127145694,0.8864171007434988,0.6526606142626137,0.4885857396393521,0.7705269090123106,0.7179063600297849,0.9012897561663145,0.8135279694674099,0.9297484623360155,0.6728185645984239,0.8764559931035416,0.6335234167439168,0.8236020560485083,0.8469567791817887,0.8746191256926846,0.8901069613385418,0.7403149172251373,0.8188225600280599,0.7638187588943692,0.0,0.7431788850911207
0.7516853714989253,0.9069720638676867,0.7882481447792578,1.000107452537114,0.9902166867873438,0.9276532644774627,1.0249290421991952,0.9023413933614765,0.9684073490662708,0.9239242752791381,0.9848010897092998,0.9666828719922054,0.807466803766449,0.9650657287110544,0.7140117295665923,0.8376812193408286,0.9292257626951914,0.9107725555085875,0.9302883426693715,0.7955253184448066,0.8656775275155572,0.7264554923977005,0.8894714805223849,0.7977506067391913,0.9374263262845562,0.9999818809115142,0.8244683728983689,1.020179396169561,0.8353219594949824,0.686554633287003,0.5770255899880075,0.6677567452036215,0.6323275185426714,0.4509094906772077,0.6616734723529916,0.8987020292494081,0.5243800817954661,0.9209154161141074,0.4854687297636061,0.5998551751780254,0.6292309372017767,0.0,0.6535958730058392,0.6448124882372475,0.8850144168327889,0.8207060225953628,0.8420352211783781,0.8574185810217126,0.9050100156700076,0.6726810128011512,0.984560250483716,0.8743806936234368,0.515888015098184,1.054635590813072,0.5373352909065128,0.9723893449766319,0.8129683408240638,0.7928047183199403,0.637343221019927,0.8221231926442951,0.7348669199005256,0.9244222867372074,0.9223790153352057,0.9292220452337456,0.642760226444965,0.8810095254452307,0.7167661932913343,0.9774521872662666,0.8728255213673789,0.983362395091356,0.9724505969239741,0.840682107287597,0.9131122545683299,0.8989857941627534,0.7395734226163189,0.8975937587141795
0.7665777226147281,0.8339243439697709,0.8571586709785358,0.9964522165972625,0.6287497399077819,0.8333345014062915,0.7124625262557988,0.8459190226722486,0.8825794098483999,0.6445832340288113,0.9776791739992223,0.9231346292375561,0.5565534369529772,0.9297198399395926,-0.07363072203348964,0.8435087525169432,0.9326065283319713,0.8407546669609929,0.9060702092058809,0.6907134705482623,0.740765441559112,0.6648146346991175,0.8443072521075243,0.8031437672586832,0.8573653296797205,0.7274881725576439,0.7784563315235886,0.9049535104658225,0.827760584447754,0.7162286413631404,0.8473070983892379,0.9455708001470978,0.4210269244193832,0.812176590631839,0.6189666033672712,0.7411660578398321,0.5700315313536073,0.7766191443876511,0.9347115368469778,0.870672519866155,0.4648351126624943,0.6535958730058392,0.0,0.5236054699176855,0.8754264072473512,0.819835176832675,0.813398198426066,0.8393429418989771,0.959027636585045,0.6005492142797444,0.8851663274064073,0.6702222882365715,0.8245162232124901,0.9511006373590151,0.9003724232092675,0.9499955343633726,0.8221277397632774,0.7186807720460768,0.9350104856517987,-0.08372464900973586,0.7532503428288578,0.906885828614298,0.8744162341269348,0.8925759080744802,0.6381327141392853,0.7251061248335989,0.6718579064329807,0.7849590658664216,0.8215585713232801,0.9715096511120975,0.8367471584118568,0.8072905937291387,0.8965487699071218,0.7735434911864851,0.741478950425185,0.7296796729738594
0.8447359142542756,0.8748783359257728,0.8093136015288672,1.0174518777433779,1.0102769218679435,0.920391016846023,0.9367503599115434,0.8810040067623593,0.9734809402422928,0.6291755439554285,0.9832657951622158,0.9701333888114968,0.8755777155897624,0.6747561442227396,-0.13053705891694534,0.8789208392220015,1.034878969107512,0.9370472659244504,0.8704958337225942,0.721636568278922,0.8528902722947499,0.7198717567770728,0.8649736704156947,0.8526449965199988,0.9124253987427141,0.9355710061897007,0.8731084468280113,0.9768217998294273,0.8849773062469735,0.7809467445407122,0.873137339536963,1.0290401124337252,0.655174286871146,0.4042263534038422,0.8043307605126883,0.8697057941766193,0.5019588808593938,0.5350609421472885,0.7470614480903186,0.6268387083536372,0.5115177474299122,0.6448124882372475,0.5236054699176855,0.0,0.9047915848492207,0.877430479333112,0.9576574483910065,0.8508535145399693,1.0584814641092761,0.6457766870616914,0.9474081648190251,0.8662872948063697,0.4038045804607322,1.0393921004397315,0.6756537574405912,0.9604551343052646,0.9197777347200013,0.9438996175729155,0.5520216936701939,0.7503349160162176,0.7979968467335291,0.9093149021240032,0.9549001645308423,0.9005711355708386,0.7564826117724675,0.8881801022216155,0.7591219684309655,0.9342706184203637,0.9156005922530924,0.9799976413810112,0.929385334095072,0.8497196166049814,0.9968949332720766,0.9234042558467256,0.7375583475345509,0.8467909629775715
0.8547731932723543,0.7783797014769205,0.836843180364296,0.8504704311634773,0.9162991780082578,0.8107631836395953,0.9242429006897597,0.7890534717682921,0.856269719994505,0.8988988980267008,0.8639726174674578,0.8406521039531034,0.9169192586880304,0.9097317593721593,-0.056088054584409686,0.6729920255664048,0.8865555406299399,0.7332291549277752,0.8289053124949215,0.7112734106125035,0.7578486140346382,0.6492752478463685,0.7810591028096572,0.6942607819120932,0.7788553116320631,0.796828389592157,0.8202680200517996,0.8464964199280319,0.6576685351071767,0.7100780486686054,0.750426491796447,0.8111556406464409,0.8276753875152152,0.7795388428473171,0.8502193138349814,0.9032436477074011,0.8406770335997423,0.7728811861889634,0.8690121697309768,0.8656044454270737,0.8585050531329197,0.8850144168327889,0.8754264072473512,0.9047915848492207,0.0,0.8568797801279701,0.8008933976443093,0.7273157086156186,0.9501930553610706,0.9247077212607059,0.8969808464169056,0.9271971669034951,0.8710303786683512,0.8812232354658348,0.9024491465205755,0.8882717686236475,0.749322808077,0.8467443086126782,0.8228753186203974,0.6997552366635408,0.6856050002714925,0.8761834312525275,0.770890496692404,0.7918003422794246,0.6772722746194714,0.8493131626007411,0.6666373893943989,0.8317256069800557,0.8086982195901011,0.7710120366618802,0.8696653759248953,0.7414876215943396,0.8785414604364596,0.7654688394560354,0.6669360333017947,0.7836419253577855
0.7450516066018736,0.7639123016158592,0.0,0.8298540413095304,0.7627247808139714,0.7653998835520054,0.7970026438952051,0.7369079045775447,0.789927766167099,0.7782886581104195,0.8444296798067282,0.8062414469126277,0.7770312129999409,0.8029828332623721,0.00037189571000117994,0.7543703633481418,0.8187431361223381,0.7154980266803698,0.0,0.0,0.7810049257742512,0.0,0.7371946778238685,0.6960630308582249,0.7506913298495166,0.7256757801080925,0.0,0.7046108778271168,0.811989796203052,0.0,0.7890846807776263,0.7616252499400903,0.8370053558697972,0.8091998518325656,0.7802080053391477,0.8411314255592491,0.774400266273174,0.7564001400893634,0.7463042388625639,0.7644834331712578,0.787867110224675,0.8207060225953628,0.819835176832675,0.877430479333112,0.8568797801279701,0.0,0.8038858432716816,0.0,0.8534301798002044,0.7694426534752078,0.8761866333451168,0.8645196343215338,0.7474350874951273,0.7805819430785449,0.7818557489644906,0.808307367345584,0.7357639216169519,0.8033171481189303,0.8156647052648036,0.7756793276670919,0.7230747887392248,0.8373416842837209,0.8122760898981376,0.0,0.0,0.7232446294854988,0.0,0.7892413377419487,0.7743773832411713,0.8079286559632919,0.6961259406395613,0.7917160895995896,0.7576427938204644,0.7832495792499021,0.0,0.7347694385522892
0.7272026947891732,0.7377949460327253,0.0,0.9428057971387875,0.8163404582375332,0.6691538673861908,0.925032313602116,0.7680248060880297,0.7647085782767338,0.7428360694506652,0.7458629077237977,0.7425709707123892,0.8008859127924901,0.7371549687432265,0.0,0.6961631416612148,0.7620732596610492,0.7190490930225362,0.0,0.0,0.6597930069043786,0.0,0.7657638649099594,0.755629993143489,0.6696756398217454,0.7017273582667889,0.0,0.7116037971267164,0.7048379094192969,0.0,0.7043649953692899,0.7815843167711198,0.9186814681857507,0.6868044043818804,0.8576298042739324,0.9147712129403667,0.8714742697606465,0.7010913723123198,0.753995738824848,0.9966427884342886,0.7787396684122717,0.8420352211783781,0.813398198426066,0.9576574483910065,0.8008933976443093,0.8038858432716816,0.0,0.0,0.9694028846592064,0.7232700424365989,0.6916623114587248,0.8516568298366329,0.749465075400015,0.8174633201180549,0.7811697150744364,0.8216315858628762,0.789132669080608,0.8215713675457468,0.7981758709264108,0.0,0.6535444923440304,0.7533981540922268,0.7416701688052362,0.0,0.0,0.6487891975540032,0.0,0.6841722168021867,0.7519671507982875,0.6551801201171377,0.7143659692426719,0.0,0.727248251181697,0.6961435481014902,0.0,0.6243135853664391
0.0,0.0,0.0,0.874741480999317,0.841650830728943,0.7850541250252481,0.8635297850832228,0.0,0.0,0.8742212294271001,0.0,0.0,0.7515531427368252,0.0,0.0,0.0,0.0,0.0,0.0,0.0,0.0,0.0,0.0,-0.1027081542590611,0.0,0.0,0.0,0.0,0.0,0.0,0.0,0.0,0.8161923127632843,0.7596199427046811,0.8444151320642199,0.7621296135525174,0.802729083051378,0.7283950889673152,0.0,0.7928195961731701,0.857267472496801,0.8574185810217126,0.8393429418989771,0.8508535145399693,0.7273157086156186,0.0,0.0,0.0,0.8025304052997215,0.7516171252617183,0.7641172754545412,0.7899675528845054,0.7914428648100144,0.0,0.8611829501687448,0.0,0.0,0.8970306016962966,0.8744956010102997,0.0,0.0,0.0,0.8347513888643265,0.0,0.0,0.0,0.0,0.0,0.835193945793232,0.0,0.8748259424989251,0.0,0.0,0.0,0.0,0.0
0.8265959992099381,0.8543305226119154,0.8107904373336801,1.0773800914721865,1.0597038862257084,0.9619438589717049,1.0030887135781188,0.9586848304061646,1.0174171162936148,1.056617601850751,1.093328036764094,0.9953641348286503,0.9975012615935537,1.0772654596853424,0.6810838481649929,0.9239017290352264,1.0195750651255082,1.1011166603658935,0.9066547799367304,0.7626649526594823,0.8697401299575072,0.7828137418136694,0.8984925750312885,0.860092335854269,0.9489587650209534,1.0541984536063205,0.893073754983485,1.0416679007950442,0.8685996859892374,0.7674216364374804,0.9106864614680592,1.1017652362008306,0.8605078523487217,0.5370350363237144,0.9850006691613084,0.9908505171362045,0.7590414288252761,0.9375746397547235,0.9700974671743918,0.8251088052643148,0.7144889747165674,0.9050100156700076,0.959027636585045,1.0584814641092761,0.9501930553610706,0.8534301798002044,0.9694028846592064,0.8025304052997215,0.0,0.9294426488451444,1.0746087120978276,0.9663187306336346,0.9088258083349482,1.118832710627188,1.0295070720005846,1.054165945775866,0.9970216806600374,0.9758773846123177,0.9058851716013137,0.7868746454656548,0.8217531313324705,0.9134525344731678,0.9808842992914156,0.8858262168066999,0.6534787733900291,0.8957594284855717,0.6622853143951158,0.9247409299244524,0.9578888372075978,1.051557086885189,1.0447454737739665,0.8419280759519308,1.0230346378365707,0.8765638108204616,0.7032797061458876,0.8253747182696176
0.7326046515291981,0.7598724205180706,0.7996403424408343,1.027591278870262,0.9605171293410352,0.8030088453861519,1.0168980420235152,0.8497288407215905,0.878934774185925,0.9877092738308944,0.9884594404062171,0.9185857903466728,1.005041547858805,0.9684878942768049,-0.022640905211504858,0.7708994172746346,0.9544400384221168,0.813308490802297,0.9031946167481012,0.6878126304093893,0.8341432041691657,0.6321177789768786,0.7569600640192206,0.7586770175046593,0.8987979718769181,0.8532394132087245,0.6979450837542265,0.9828186025443496,0.7568423618413829,0.7245979385371788,0.8202561227519628,0.7595680232979716,0.9139610592641245,0.2960076825614869,0.9810808292206037,0.7832388379149262,0.9287837999040891,0.7770561360684607,0.6446214483772801,0.9011789161966193,0.5675430510703224,0.6726810128011512,0.6005492142797444,0.6457766870616914,0.9247077212607059,0.7694426534752078,0.7232700424365989,0.7516171252617183,0.9294426488451444,0.0,0.9203594905642795,0.7245395302672759,0.8982666511477856,1.0301579706384114,0.9330523213028339,0.9383419315915044,0.8183177693529661,0.7712771714020186,0.5463691593059513,0.6918097321501592,0.7379796774136389,0.9038513479050392,0.971688812015155,0.8644806693263539,0.6245448674336911,0.8336394307937622,0.5814719157909526,0.7334064417584665,0.7223285390025449,0.9068419122532758,0.9409238508922686,0.61933927532538,0.8453501390758319,0.7178338126366751,0.6791342326917837,0.7360897521999601
0.7986145136371293,0.7280133561934197,0.8645963982812319,0.9932263143123038,0.8434237329220501,0.8616339458199258,0.9816218140288371,0.8723773955975356,0.7837064521373633,0.8588848238964234,0.899370342213237,0.9447784297201736,0.9433101200099875,0.8047734410055216,-0.05629706500922982,0.665513361003564,0.8513011124451237,0.8626393620500838,0.8781136225500762,0.7115031161908246,0.724989768260533,0.614029664339399,0.7704041603249858,0.8214640592033213,0.8177339623494164,0.7860101890486724,0.7222344935496544,0.7934603274613611,0.7694702565185697,0.0,0.8101732906799688,0.911814486198463,0.9200147460147612,0.8911079743277767,0.9343735812706643,1.0626949293560886,0.9734842791441185,0.8173111954597733,0.864900144905881,0.9198326607208873,0.9003896338608058,0.984560250483716,0.8851663274064073,0.9474081648190251,0.8969808464169056,0.8761866333451168,0.6916623114587248,0.7641172754545412,1.0746087120978276,0.9203594905642795,0.0,1.0255942187646534,0.8357287294755026,0.8691191143393232,0.9243172297983168,0.8681028780538198,0.9051805990679593,0.9756941345054647,0.8252055750285429,-0.07315280034302518,0.6473376071121301,0.8870535298825746,0.8561524260031926,0.8436508154860453,0.6833919480861764,0.7455805766631511,0.6025918535564638,0.7887062179171069,0.8027429235332029,0.8456971377724467,0.7982528245205078,0.6834233657831337,0.808885689540619,0.8027072476576926,0.0,0.7334351561137933
0.7991248824353987,0.8073748209891183,0.8271750383645052,1.0719669174335809,1.067447319090178,0.8795021979993434,1.0953074935470843,0.9140020556123349,1.0371723540258326,1.0503191085535255,1.0440789748916788,0.9958581080569008,1.0694245669400888,1.038088678705525,-0.049514708656434925,0.8645784474459235,0.96220615480231,0.9835410306674645,0.9384698455226821,0.7134083732410668,0.8660249192764311,0.6622121381564853,0.8436183972609741,0.848269817809139,0.9633440063607838,0.9582242853627355,0.7413026950559882,1.046391085460867,0.7822004784632037,0.7394997900661036,0.8942608379930514,0.9541218834575024,0.6530928607631685,0.5145972023326445,0.9550864776800809,0.9188772493924793,1.0234048668345206,0.5919745378954014,0.884609252351511,0.9861049970362916,0.657520916557336,0.8743806936234368,0.6702222882365715,0.8662872948063697,0.9271971669034951,0.8645196343215338,0.8516568298366329,0.7899675528845054,0.9663187306336346,0.7245395302672759,1.0255942187646534,0.0,0.9128311605815149,1.083249064838936,0.7537345516273957,0.8072861582764383,0.960730159257787,0.9625466704463612,0.8223912350968074,0.8035787310576115,0.7890121429924896,0.9604510079345824,0.8179603230072124,0.9199663575129934,0.6295137835360364,0.9202286346689889,0.6199329585284423,0.8762024508468024,0.8471294565371699,1.0034728216539077,0.9907571619537116,0.7591847256391736,1.0241387982770522,0.7930005883540715,0.7422083434890752,0.8269667901379605
0.7803923436664393,0.7367727264369567,0.6895834480357638,0.8802964058118746,0.8215976906908722,0.8024195155576872,0.8841053469595294,0.7805671556466721,0.8072775031591772,0.8493388258120377,0.7530089781045658,0.7862429129023182,0.774294245178535,0.7415700940154265,-0.07636082068911088,0.7131056153435862,0.8006264623999524,0.7364931399599792,0.838503933046165,-0.025247321096305342,0.7839687748837443,0.7244788791769857,0.8029644304912309,0.7589120133176289,0.7112643217990788,0.7513838768392107,0.7810258167113331,0.781676306380907,0.809555496569484,0.687407497487105,0.7889216218669005,0.8371034331676627,0.8460874415963624,0.762216086756254,0.8383365037190248,0.9432809711051879,0.8873202003540157,0.8040838505850427,0.8021884464735126,0.7995034025453918,0.7916352485653586,0.515888015098184,0.8245162232124901,0.4038045804607322,0.8710303786683512,0.7474350874951273,0.749465075400015,0.7914428648100144,0.9088258083349482,0.8982666511477856,0.8357287294755026,0.9128311605815149,0.0,0.8500551912034725,0.8891453274036355,0.8364579726877751,0.7935671404703979,0.8393855734739281,0.7929760828464119,-0.09771455186889921,0.6724881647163503,0.8203731141884082,0.7918095100296759,0.0,0.7307216588882988,0.7015764300963127,0.6935675714090396,0.7843823134968504,0.7686912701055905,0.7611612643956879,0.6899592896169201,0.8280363618603807,0.741906978994881,0.8382081807449708,0.0,0.6832027551342972
0.8463204106742228,0.8199787204584597,0.8911707400566754,1.0874819513717693,1.0353722473700269,0.7851205545938169,1.0716909282401628,0.9236835023889526,0.9472967716430905,0.9801202538226497,0.9475033378663734,0.9059659155788329,1.0510590437486362,1.0210792506989754,-0.04979794641401469,0.8583268572735111,0.881990748543577,0.8655961119477855,0.9293709398813021,0.0,0.7576987328670244,0.6617392817725882,0.8248806635253632,0.7646919949140754,0.9456683078253616,0.8704089989453563,0.8153969454348383,0.8852676183954707,0.8334839440038205,0.0,0.7921382740887649,1.0514582497775222,0.9983101475644438,0.9028951642046988,1.0421469973997075,0.9122160571393458,1.0153301494406335,0.8237068596271885,1.0253794342432063,0.9771545191102059,0.9742228414924679,1.054635590813072,0.9511006373590151,1.0393921004397315,0.8812232354658348,0.7805819430785449,0.8174633201180549,0.0,1.118832710627188,1.0301579706384114,0.8691191143393232,1.083249064838936,0.8500551912034725,0.0,0.973278542623707,0.9018283933634372,0.8236459185737984,1.1044161466100482,1.0653788209700255,0.6944037088356012,0.7310862842142177,0.9108798877229147,0.8593555917809865,0.0,0.6887797597049727,0.7719847089869093,0.6479730018305918,0.8598392562021291,0.8420127290545439,0.9065824810031458,0.8461776357064561,0.7613625458108062,0.8032775709953234,0.7697595708655566,0.0,0.7062673847913857
0.7911704176175745,0.754717232970329,0.8315218747398606,0.9781157656314197,0.9387556085323313,0.8155809575763779,0.9795946668896635,0.875117685991215,0.8987539709781889,0.911047222043057,0.972246633367703,0.8653924448970328,0.9608774199914161,0.9339377242936336,-0.09834843145584748,0.8289273963687964,0.9071010728875771,0.8481510634681786,0.8457339811859753,0.670569096404154,0.8160197863269334,0.7199988602936384,0.7947376520372397,0.8111265628675406,0.8694737677639159,0.870235211589654,0.7418366726262888,0.9243878919419829,0.7855154872021143,0.7293643580646924,0.8529903916665471,0.9038986499951426,0.4219150238179002,0.28803893854996776,0.6482751789303034,0.8479714724830056,0.5438638887058537,0.8330934247589686,0.889849086071023,0.9092400806270091,0.8955146369277844,0.5373352909065128,0.9003724232092675,0.6756537574405912,0.9024491465205755,0.7818557489644906,0.7811697150744364,0.8611829501687448,1.0295070720005846,0.9330523213028339,0.9243172297983168,0.7537345516273957,0.8891453274036355,0.973278542623707,0.0,0.9221577465569454,0.7990034866267948,0.9800933662091692,0.9333493617546444,0.7646118065246446,0.6706546559510671,0.8801368898322953,0.8905254366914093,0.9005713425282922,0.6358906656887545,0.8086073676181884,0.6217524152213605,0.8172336927672166,0.7682243541351157,0.8591799642171691,0.802704698185983,0.8261663296080851,0.8749789952366941,0.7660789071554935,-0.14489652345268034,0.6749688988996654
0.8459447097623022,0.8149900172680931,0.8348564312665628,0.9529199770333253,0.9182005367124411,0.8040768993588393,0.9962544773852562,0.8721681501602578,0.9074919502867593,0.8842693959057539,0.8921902680982869,0.9612990871820537,0.9157124793423874,0.9680326658859537,-0.07848531296024092,0.7750396401136196,0.8863237403467856,0.8001793415987466,0.86124010455765,0.7083081771211661,0.7516852598139938,0.7248870891297944,0.80733766614733,0.7836255971141054,0.870118944267638,0.7985545508735189,0.7928394724735657,0.8944339216127623,0.8133403983683466,0.0,0.7548688502087625,0.9579579087926405,0.5106573630146554,0.8241283557051813,0.9521049053621342,1.0674060269223864,0.9696302950453248,0.7851036455878244,0.9484366367452621,0.9199444346074535,0.9025342127145694,0.9723893449766319,0.9499955343633726,0.9604551343052646,0.8882717686236475,0.808307367345584,0.8216315858628762,0.0,1.054165945775866,0.9383419315915044,0.8681028780538198,0.8072861582764383,0.8364579726877751,0.9018283933634372,0.9221577465569454,0.0,0.8531580834140582,0.9651778982550447,0.9341446319667144,0.7088885081664318,0.7367992321588889,0.8382269067602591,0.8424267450790726,0.0,0.727288220817174,0.675115131413053,0.692971551422453,0.7536649732653573,0.9002679268024157,0.8722549569350554,0.873271262602041,0.8191670089661682,0.7938670830136498,0.804918518127732,0.0,0.7598864373432267
0.7453657982170386,0.752019338233893,0.0,0.904701878099415,0.8668303747343529,0.7925174770868829,0.9168424849927177,0.8570668361226232,0.8365291447833656,0.8957775098371049,0.8026356290680636,0.8130551653908855,0.8577591409165812,0.8570885104785965,-0.12808418820879153,0.7792910385843106,0.8408506167202436,0.8319389528152437,0.0,0.0,0.8073927938527755,0.0,0.7776057903492097,0.8218623773095449,0.7953436026211316,0.7248546627817422,0.0,0.7841171843103265,0.0,0.0,0.737295065676221,0.9064232562414772,0.9057704490925168,0.8976976953572116,0.8960639952098668,0.9398502983424382,0.85814745006173,0.8040514386898112,0.7792216316568493,0.8624248184792913,0.8864171007434988,0.8129683408240638,0.8221277397632774,0.9197777347200013,0.749322808077,0.7357639216169519,0.789132669080608,0.0,0.9970216806600374,0.8183177693529661,0.9051805990679593,0.960730159257787,0.7935671404703979,0.8236459185737984,0.7990034866267948,0.8531580834140582,0.0,0.897004711175252,0.8466270379198844,0.7338115465074425,0.7334789080254973,0.8373552250811092,0.7481630460338584,0.0,0.0,0.7672266059166895,0.0,0.7760835733069738,0.7428832319588109,0.7843002648917251,0.7541226674349443,0.0,0.818146207262041,0.7973006268066974,0.0,0.7436324247063931
0.827628440957692,0.8675027304108627,0.8308213996135966,1.0753654797751877,1.0563719827571292,0.9216369363335709,1.0849069094172759,0.9222507404836062,0.9027445203091806,0.9574853503870124,1.004295907165839,0.9701822330396026,0.9815941880337387,1.0337733953706953,-0.05358500068356725,0.8299074913555897,0.9200283915153257,0.9311519589981436,0.9397627852353346,0.7155947980082719,0.8305833819969974,0.7141423724467035,0.855130641248353,0.8521376480823776,0.937031677575199,0.8117948280284667,0.725185526308624,1.0239298505833174,0.8484348523951923,0.6769836469568375,0.7850957682974294,0.7402996906675492,0.7285622696292487,0.5104556706921862,0.9379667857685372,0.9391372598688034,0.7941186196241903,0.8385204707456152,0.8646422644466242,0.7563303953882254,0.6526606142626137,0.7928047183199403,0.7186807720460768,0.9438996175729155,0.8467443086126782,0.8033171481189303,0.8215713675457468,0.8970306016962966,0.9758773846123177,0.7712771714020186,0.9756941345054647,0.9625466704463612,0.8393855734739281,1.1044161466100482,0.9800933662091692,0.9651778982550447,0.897004711175252,0.0,1.0490496935317193,0.6506833343611728,0.780897797116574,0.9238422166837448,0.9400452452828848,0.0,0.7048662242851947,0.7704849827787379,0.6397323032170664,0.8173134973319379,0.8705630802770892,0.9385682956096553,0.9247145142703886,0.6549089934765789,0.9395521412865057,0.7837945642343488,0.6784206545393284,0.8180902591406216
0.7859800364897217,0.7747231081857686,0.7388402922039748,0.9145969873974399,0.9558297192088391,0.9278877411391868,0.7348809353213756,0.8368773870258513,0.8848816656738114,0.9306750546869214,1.0113810546220543,0.929144632811542,0.7362485372888726,0.9980307610462597,-0.04939120822874654,0.8222974972819971,0.9390835712905331,0.8813033832690375,0.9044418409791317,0.716336091678646,0.7781043406812213,0.7430477252045753,0.7807293822444422,0.8684245940357381,0.8907146357834941,0.8376717976398378,0.7644668063231738,0.9921527353199239,0.8202100619527806,0.7595959885425558,0.821293336304514,0.9919551155709369,0.47280797584738027,0.8142866137489169,0.6478379262360271,0.7905807445063813,0.47589022964783195,0.8025978945086584,0.9933658777646364,0.42190072129946377,0.4885857396393521,0.637343221019927,0.9350104856517987,0.5520216936701939,0.8228753186203974,0.8156647052648036,0.7981758709264108,0.8744956010102997,0.9058851716013137,0.5463691593059513,0.8252055750285429,0.8223912350968074,0.7929760828464119,1.0653788209700255,0.9333493617546444,0.9341446319667144,0.8466270379198844,1.0490496935317193,0.0,-0.09946833222208168,0.8085195799657316,0.9573927597907788,0.9548610550671398,0.914811465173953,0.725393167176224,0.7303491149601117,0.6691221384368511,0.7600965050615337,0.853103514174124,1.0096498803799445,0.9426802993676626,0.8365736125176209,0.9253451213163938,0.7498084963693038,0.734945653005421,0.7450464624384325
0.7270079445946575,0.0,0.0,0.7606258612598672,0.6862922959917175,-0.049349777547220364,0.7978215134243408,-0.09755870281252121,-0.020620410261866007,0.7937221159788673,0.6777785050578425,0.7857102802714075,0.6821873276171637,-0.07414932732419066,-0.08067419221278804,0.0,0.7924972578886296,-0.03453065807767819,0.0,0.0,0.6749264577492573,0.0,-0.08598651581451738,-0.0896078701027947,0.0,-0.07878877891714653,0.0,-0.033301176504047236,0.0,0.0,0.0,0.7323124079889984,0.7425474953290612,0.7625193892043534,0.7854634657007641,0.6960532703437852,0.7172325336493122,0.5952785827740882,-0.09469920658141551,0.7838978524097808,0.7705269090123106,0.8221231926442951,-0.08372464900973586,0.7503349160162176,0.6997552366635408,0.7756793276670919,0.0,0.0,0.7868746454656548,0.6918097321501592,-0.07315280034302518,0.8035787310576115,-0.09771455186889921,0.6944037088356012,0.7646118065246446,0.7088885081664318,0.7338115465074425,0.6506833343611728,-0.09946833222208168,0.0,0.0,-0.06581736187881038,0.693606026329134,0.0,0.0,0.690798221456627,0.0,-0.05556732131437847,-0.09827656073889735,-0.023216791260940284,-0.09308850164723503,0.0,-0.04036669141804827,0.0,0.0,-0.07089241469562946
0.695143730822824,-0.013566850649747053,0.0,0.6858916509518285,0.7860095580672062,0.6901221749199973,0.7897248568413732,0.7164287912310404,0.7492981752117172,0.7251921372912995,0.6945035964993826,0.7476181378405993,0.7260495809529068,0.739140812870048,0.0,0.6095215072169683,0.710705663098363,0.71852998363609,0.0,0.0,0.6044429746039836,0.0,-0.02730821129095856,0.0024767970868201372,0.5968023507161289,0.5942019928616088,0.004471786476511419,0.7405657829039546,0.6300203382677486,0.0,-0.04393445642822125,0.7400557087734616,0.7011375243974498,0.693602788512831,0.6976435398443253,0.8295387167653188,0.7541862257321483,0.6138154696799003,0.6751765647095284,0.774783178392546,0.7179063600297849,0.7348669199005256,0.7532503428288578,0.7979968467335291,0.6856050002714925,0.7230747887392248,0.6535444923440304,0.0,0.8217531313324705,0.7379796774136389,0.6473376071121301,0.7890121429924896,0.6724881647163503,0.7310862842142177,0.6706546559510671,0.7367992321588889,0.7334789080254973,0.780897797116574,0.8085195799657316,0.0,0.0,0.7548859694345745,0.7612153049450481,0.0,0.0,0.6126622209774979,0.649820592230205,0.6196379230705042,0.6738287803763752,0.712553250756025,0.648959640181868,0.6155045051961066,0.6695312154521641,0.5861905480021379,0.0,-0.020224224032261207
0.7593743781435355,0.797873708372024,0.8583412414396602,0.8923258463521108,0.9600273955162657,0.8250033382767681,0.9404972155547359,0.8127518241132442,0.859975334087484,0.8900110137561292,0.8633043239031772,0.8406744800887744,0.9126406604885233,0.9178164258710912,-0.06048261236826036,0.7787161983225321,0.8668471709871399,0.7921824218574045,0.8602676289981943,-0.02845567598243004,0.7106645304232815,0.6861462116064834,0.8014156676155464,0.7296978984246121,0.860106062100928,0.8098732439772466,0.07336435924922147,0.8486397816622101,0.7441353649480709,0.6927977054763698,0.7954228757705902,0.8802467704049804,0.8826709558359025,0.858199155529953,0.924422454231912,0.9442059418511359,0.8428015054905521,0.8307885007100103,0.8489464941407622,0.8756474855122931,0.9012897561663145,0.9244222867372074,0.906885828614298,0.9093149021240032,0.8761834312525275,0.8373416842837209,0.7533981540922268,0.0,0.9134525344731678,0.9038513479050392,0.8870535298825746,0.9604510079345824,0.8203731141884082,0.9108798877229147,0.8801368898322953,0.8382269067602591,0.8373552250811092,0.9238422166837448,0.9573927597907788,-0.06581736187881038,0.7548859694345745,0.0,0.8314280278635942,0.8762487653890356,0.726339553148702,0.7617651212771854,0.6945332521041936,0.7948637929803862,0.7892161647242386,0.8129855322284578,0.835387306920228,0.7881854404007581,0.8309505551489335,0.7997770061568977,-0.03817878251558404,0.7648014505767716
0.7604252431933869,0.7460003196750327,0.0,0.8643731959111453,0.9518285228512565,0.7809143830756838,0.9547321387119092,0.8286162095715756,0.854721954504913,0.8491707649574264,0.8618917747033048,0.8034826914744758,0.8980602761008288,0.8764726616255207,-0.04438968210397226,0.7156110960620055,0.8104480666511,0.7767458204159052,0.8555194014034359,0.7205276367851547,0.6722856524261316,0.6466393148345709,0.7952872366313126,0.7986953675404745,0.8120474954042214,0.7144043442635234,0.775858402029505,0.825512795564063,0.7306925502010637,0.0,0.6882126711846042,0.8165591608404456,0.5905869154668645,0.8451694444011812,0.9844523450925023,0.9489991078909604,0.9698333345147435,0.8274331599093953,0.8263065572341626,0.9718439982220078,0.8135279694674099,0.9223790153352057,0.8744162341269348,0.9549001645308423,0.770890496692404,0.8122760898981376,0.7416701688052362,0.8347513888643265,0.9808842992914156,0.971688812015155,0.8561524260031926,0.8179603230072124,0.7918095100296759,0.8593555917809865,0.8905254366914093,0.8424267450790726,0.7481630460338584,0.9400452452828848,0.9548610550671398,0.693606026329134,0.7612153049450481,0.8314280278635942,0.0,0.8151221362205896,0.7349670433027462,0.6959064700014652,0.6790523282765406,0.8055919529710672,0.7970385432126347,0.8239254694083082,0.7325891344888673,0.770573300721048,0.7730540789358198,0.7020546384316196,0.0,0.6930508094404387
0.0,0.0,0.0,0.923246129366159,0.8534410700078991,0.0,0.8723908259466231,0.0,0.0,0.8596579839524763,0.0,0.0,0.8068527975113947,0.827162253418425,0.0,0.0,0.8507273839181613,0.0,0.0,0.0,0.0,0.0,0.0,0.0,0.0,0.0,0.0,0.0,0.0,0.0,0.0,0.8712786623107514,0.8369651346025616,0.8977902359834093,0.8766743713911443,0.915588526920876,0.8682735283607368,0.7609945019457435,0.0,0.9163188450900567,0.9297484623360155,0.9292220452337456,0.8925759080744802,0.9005711355708386,0.7918003422794246,0.0,0.0,0.0,0.8858262168066999,0.8644806693263539,0.8436508154860453,0.9199663575129934,0.0,0.0,0.9005713425282922,0.0,0.0,0.0,0.914811465173953,0.0,0.0,0.8762487653890356,0.8151221362205896,0.0,0.0,0.0,0.0,0.0,0.0,0.0,0.0,0.0,0.0,0.0,0.0,0.0
0.0,0.0,0.0,0.6673691966341271,0.5926299148056627,0.6621223276023019,0.6408859775111326,0.6940145677738161,0.6778593796663416,0.6989750707597416,0.7001954078796729,0.7784748287165162,0.6585863179774795,0.6813014040101472,0.0,0.0,0.7740474873873392,0.7315916262595461,0.0,0.0,0.0,0.0,0.0,0.0,-0.07274901914997361,0.0,0.0,0.7486536493855336,0.0,0.0,0.0,0.6811993510992279,0.6293259669031415,0.5830741467140714,0.607273420319034,0.5930623498261212,0.6334640677053783,0.6216993086172623,0.6493891106179744,0.6721615446460385,0.6728185645984239,0.642760226444965,0.6381327141392853,0.7564826117724675,0.6772722746194714,0.0,0.0,0.0,0.6534787733900291,0.6245448674336911,0.6833919480861764,0.6295137835360364,0.7307216588882988,0.6887797597049727,0.6358906656887545,0.727288220817174,0.0,0.7048662242851947,0.725393167176224,0.0,0.0,0.726339553148702,0.7349670433027462,0.0,0.0,0.0,0.0,0.0,0.0,0.0,0.6424331761421924,0.0,0.7536549158795006,0.0,0.0,-0.03577563840229259
0.7393868793305727,0.6238844204270841,0.0,0.8651630635927701,0.8203388000860456,0.6613020171581094,0.8817641001804026,0.7814678818395866,0.6753347739365956,0.8227904273800266,0.7445153622550442,0.766817929317411,0.7151016389672574,0.7233212225162853,-0.08643095092862285,0.6476152765882474,0.7572912998639997,0.6009108083094928,0.0,0.0,0.7923048393851143,-0.024369801189279172,0.6164143989916209,0.685368347174304,0.6772786839407283,0.646218365794291,0.7063873002506245,0.6985767620350215,0.6494564714565765,0.0,0.6623806717200256,0.8179409597542027,0.8017370467043584,0.7921854967569656,0.8082857310271968,0.8264258196632854,0.8094321764473213,0.6681113557400356,0.7839761782803871,0.8092560781463036,0.8764559931035416,0.8810095254452307,0.7251061248335989,0.8881801022216155,0.8493131626007411,0.7232446294854988,0.6487891975540032,0.0,0.8957594284855717,0.8336394307937622,0.7455805766631511,0.9202286346689889,0.7015764300963127,0.7719847089869093,0.8086073676181884,0.675115131413053,0.7672266059166895,0.7704849827787379,0.7303491149601117,0.690798221456627,0.6126622209774979,0.7617651212771854,0.6959064700014652,0.0,0.0,0.0,0.6943855520758799,0.6182837634648375,0.7315988523090177,0.6028548749555324,0.6461659397777229,0.6959596769023022,0.6500212740767819,0.6909759700757134,0.0,0.6013702145239703
0.0,0.5977561247085624,0.0,0.714848528973804,0.5658386402559095,0.6223090835647942,0.6622462960461202,0.6155038834611489,0.6350193146842226,0.6235376888576052,0.6133711145064473,0.7325104915262701,0.5768939841290446,0.5809480933765024,0.0,0.6525985727553086,0.7241787413881302,0.6318207883479252,0.0,0.0,0.6614230485638162,0.0,0.0,0.6651967415668838,0.5755118742859043,0.6589577477947318,0.0,0.6204443065531584,0.0,0.0,0.0,0.6281398709902318,0.7779119189838514,0.5773397054953227,0.6779322085208764,0.669458939806015,0.7047122003941402,0.6541003157747728,0.63815398272765,0.6997696954554484,0.6335234167439168,0.7167661932913343,0.6718579064329807,0.7591219684309655,0.6666373893943989,0.0,0.0,0.0,0.6622853143951158,0.5814719157909526,0.6025918535564638,0.6199329585284423,0.6935675714090396,0.6479730018305918,0.6217524152213605,0.692971551422453,0.0,0.6397323032170664,0.6691221384368511,0.0,0.649820592230205,0.6945332521041936,0.6790523282765406,0.0,0.0,0.6943855520758799,0.0,0.0,0.7352621942775648,0.6295231921197216,0.5845862387112116,0.0,0.661620515867634,0.0,0.0,0.6426413850691428
0.727772400193549,0.6736173881618361,0.0,0.8730823524016842,0.8100746531150168,0.7316936482014906,0.8864553936760023,0.7776093442049106,0.7656922697316937,0.7938339596029493,0.7658493290148706,0.8019327397952151,0.7757333096803761,0.7585225281728201,0.0,0.0,0.0,0.0,0.0,0.0,0.6493932118919734,0.0,0.774961457168413,0.7906529936499502,0.7143506646849278,0.7322744647347708,0.0,0.7779355753545794,0.6538183779076688,0.0,0.0,0.8421720661656791,0.9188861498889567,0.817993394441342,0.959166679603951,0.911816815366563,0.8085673430183462,0.7183326085732094,0.7545806800604176,0.879597893537938,0.8236020560485083,0.9774521872662666,0.7849590658664216,0.9342706184203637,0.8317256069800557,0.7892413377419487,0.6841722168021867,0.0,0.9247409299244524,0.7334064417584665,0.7887062179171069,0.8762024508468024,0.7843823134968504,0.8598392562021291,0.8172336927672166,0.7536649732653573,0.7760835733069738,0.8173134973319379,0.7600965050615337,-0.05556732131437847,0.6196379230705042,0.7948637929803862,0.8055919529710672,0.0,0.0,0.6182837634648375,0.0,0.0,0.7834612479869505,0.6768384288601808,0.684926795188995,0.0,0.6968559693226375,0.6577887519639283,0.0,0.6532264991129858
0.6658654830249491,0.7314677644354513,0.0,0.887841800106529,0.742542528069383,0.7364057308595552,0.8263170794260314,0.817983338202307,0.8585396701393541,0.798404048059882,0.8236745269422838,0.8557358674919883,0.7767193948057369,0.845539471805159,-0.08121844796818989,0.7105047320377734,0.7999376941656517,0.7544673732790833,0.0,0.0,0.7469164446490605,-0.05657552482608896,0.7308485593251919,0.7208159771735341,0.8087166558240786,0.6948830570415397,-0.026835407379861898,0.8117110274888213,0.7840882872982156,0.0,0.7481506639257745,0.78438430964806,0.914570498383829,0.9059031169940897,0.9278419040836817,0.8845165941645338,0.8121107885604546,0.7552271370561022,0.6969011342538729,0.8726991988362012,0.8469567791817887,0.8728255213673789,0.8215585713232801,0.9156005922530924,0.8086982195901011,0.7743773832411713,0.7519671507982875,0.835193945793232,0.9578888372075978,0.7223285390025449,0.8027429235332029,0.8471294565371699,0.7686912701055905,0.8420127290545439,0.7682243541351157,0.9002679268024157,0.7428832319588109,0.8705630802770892,0.853103514174124,-0.09827656073889735,0.6738287803763752,0.7892161647242386,0.7970385432126347,0.0,0.0,0.7315988523090177,0.7352621942775648,0.7834612479869505,0.0,0.7063116445835276,0.6723453026256477,0.0,0.8375612636997575,0.7472045566081598,0.0,0.7114012189693713
0.7510356118257593,0.6612581367998623,0.0,0.9516968254883234,0.9864149749633428,0.7033497717880683,1.0126773867021688,0.799658689912301,0.7709549756330144,0.8841224406156776,0.8550304027007599,0.8388612330272364,0.8810386446180183,0.931944995864858,0.0,0.7016170761947677,0.8010945472778157,0.7772591627272886,0.847987046778427,-0.06296821343386827,0.6034755815213355,0.6264224475569238,0.7463888343907806,0.7472465651085718,0.8226296435099845,0.6831672407014089,0.7563727506440976,0.8000931698215482,0.6610487890499532,0.0,0.7048933455200956,0.9127580358470838,0.9057469351150512,0.8326674865477908,0.9473388705128615,0.9788660001851752,0.9412791641602477,0.7632530630503034,0.8694247782929669,0.8956760519042213,0.8746191256926846,0.983362395091356,0.9715096511120975,0.9799976413810112,0.7710120366618802,0.8079286559632919,0.6551801201171377,0.0,1.051557086885189,0.9068419122532758,0.8456971377724467,1.0034728216539077,0.7611612643956879,0.9065824810031458,0.8591799642171691,0.8722549569350554,0.7843002648917251,0.9385682956096553,1.0096498803799445,-0.023216791260940284,0.712553250756025,0.8129855322284578,0.8239254694083082,0.0,0.0,0.6028548749555324,0.6295231921197216,0.6768384288601808,0.7063116445835276,0.0,0.7089892008440434,0.6666134858228223,0.7309828160436065,0.6170591451690663,0.0,0.6604537825345491
0.7087258084157249,0.637607783266719,0.0,0.8628343183349119,0.9411165196826057,0.7306115714009969,0.9983752531518543,0.7972256064610497,0.7374699767054914,0.8708100024309193,0.8967497316868255,0.8760918137916347,0.8470224488844891,0.8838931792036551,-0.07109553562464821,0.737419376955172,0.7676969149724682,0.7873298613001298,0.8502805822496681,0.0,0.6740197346323828,0.6474604097436287,0.6724055013249323,0.7144456012626497,0.7286132576131987,0.7025589069399757,0.7632084987056345,0.7189265657636125,0.7451466705088114,0.0,0.7083498217462034,0.8676450447549898,0.9337786784261348,0.8596656225681983,0.9208714273092635,0.8945363053165211,0.8725731463808579,0.7937321926118266,0.7951374203335001,0.9008970607822271,0.8901069613385418,0.9724505969239741,0.8367471584118568,0.929385334095072,0.8696653759248953,0.6961259406395613,0.7143659692426719,0.8748259424989251,1.0447454737739665,0.9409238508922686,0.7982528245205078,0.9907571619537116,0.6899592896169201,0.8461776357064561,0.802704698185983,0.873271262602041,0.7541226674349443,0.9247145142703886,0.9426802993676626,-0.09308850164723503,0.648959640181868,0.835387306920228,0.7325891344888673,0.0,0.6424331761421924,0.6461659397777229,0.5845862387112116,0.684926795188995,0.6723453026256477,0.7089892008440434,0.0,0.5948390583830482,0.7283344276668913,0.6151733824214576,0.0,0.6296569565916861
0.8203796498110776,0.0,0.0,0.8720162219242991,0.6433152221611846,0.6645106398463281,0.7622945171008265,0.7224123898258825,0.7052778952173394,0.8382827997733331,0.7564022172838762,0.7619009610348958,0.6245947630501034,0.6424196757450391,0.0,0.0,0.7711358009517433,0.0,0.0,0.0,0.6273234954708565,0.0,0.0,-0.03651844669026716,0.614202354121187,0.6762777809723091,0.0,0.6996844270478787,0.7234580939900773,0.0,0.0,0.6945784033563454,0.7773901026663235,0.7112292564234992,0.8002397829268818,0.8375559431683421,0.8762363054051738,0.6773548092420315,0.6879125240916133,0.7994102963677086,0.7403149172251373,0.840682107287597,0.8072905937291387,0.8497196166049814,0.7414876215943396,0.7917160895995896,0.0,0.0,0.8419280759519308,0.61933927532538,0.6834233657831337,0.7591847256391736,0.8280363618603807,0.7613625458108062,0.8261663296080851,0.8191670089661682,0.0,0.6549089934765789,0.8365736125176209,0.0,0.6155045051961066,0.7881854404007581,0.770573300721048,0.0,0.0,0.6959596769023022,0.0,0.0,0.0,0.6666134858228223,0.5948390583830482,0.0,0.722806975702986,0.0,0.0,0.0
0.778870282073415,0.7047845372555225,0.8413282241226592,0.9261642330754569,0.9190758241923132,0.7478432776444741,1.0173065971224924,0.8097511392072677,0.8225620193263422,0.903326985803003,0.8391557995665339,0.9197373033195064,0.8987823972675494,0.8750783170973205,0.0,0.7262311034052414,0.8821374182495445,0.7622661969046106,0.8206977344007946,0.0,0.6508523203690814,0.7017239481707702,0.8007407070725933,0.7722507327951857,0.7533517631534434,0.7716939454008299,0.7930320553939563,0.8282148568821992,0.6488606463769717,0.0,0.6437601100714014,0.8580685712573473,0.6139968585428142,0.8110043971802164,0.8802912659058139,0.9763292144858666,0.9664850607324458,0.7901426055381408,0.7823327208792058,0.9392450728670109,0.8188225600280599,0.9131122545683299,0.8965487699071218,0.9968949332720766,0.8785414604364596,0.7576427938204644,0.727248251181697,0.0,1.0230346378365707,0.8453501390758319,0.808885689540619,1.0241387982770522,0.741906978994881,0.8032775709953234,0.8749789952366941,0.7938670830136498,0.818146207262041,0.9395521412865057,0.9253451213163938,-0.04036669141804827,0.6695312154521641,0.8309505551489335,0.7730540789358198,0.0,0.7536549158795006,0.6500212740767819,0.661620515867634,0.6968559693226375,0.8375612636997575,0.7309828160436065,0.7283344276668913,0.722806975702986,0.0,0.6135911996315521,0.0,0.622263054106542
0.7771512098675377,0.60517682972676,0.0,0.8688002902458491,0.6627959936429342,0.6843798165188392,0.8333088900087724,0.7039632803331762,0.6819180999008678,0.7240943363274088,0.6726899309261506,0.8015135185790613,0.7041315843004274,0.6822772012340768,0.0,0.6549365996049846,0.7196384212658229,0.693730692866398,0.0,0.0,0.6137354348591901,0.0,0.7805375875018181,0.7256939126254074,0.6628637208290741,0.6256102880903003,0.0,0.6833726034093237,0.6613985848820977,0.0,0.6693621681309107,0.80143721330543,0.8712111520555605,0.7012037568698304,0.755091362600165,0.7799213716014749,0.8184205233163072,0.6855122743498333,0.6813102031560778,0.8659031274601334,0.7638187588943692,0.8989857941627534,0.7735434911864851,0.9234042558467256,0.7654688394560354,0.7832495792499021,0.6961435481014902,0.0,0.8765638108204616,0.7178338126366751,0.8027072476576926,0.7930005883540715,0.8382081807449708,0.7697595708655566,0.7660789071554935,0.804918518127732,0.7973006268066974,0.7837945642343488,0.7498084963693038,0.0,0.5861905480021379,0.7997770061568977,0.7020546384316196,0.0,0.0,0.6909759700757134,0.0,0.6577887519639283,0.7472045566081598,0.6170591451690663,0.6151733824214576,0.0,0.6135911996315521,0.0,0.0,-0.07382398775558219
0.0,0.0,0.0,0.7768212532683526,0.7179857456634124,0.0,0.6705117640279337,0.0,0.0,0.7882944065381665,0.7379211163371107,0.0,0.7431391587345366,0.0,0.0,0.0,0.7996248557806509,0.0,0.0,0.0,0.0,0.0,0.0,0.0,0.0,0.0,0.0,0.0,0.0,0.0,0.0,0.0,-0.16278777700791747,0.0,0.7421591418467397,0.7293728682832396,0.7984950528261971,-0.031433452027633535,0.7128863714679468,-0.10460613405198338,0.0,0.7395734226163189,0.741478950425185,0.7375583475345509,0.6669360333017947,0.0,0.0,0.0,0.7032797061458876,0.6791342326917837,0.0,0.7422083434890752,0.0,0.0,-0.14489652345268034,0.0,0.0,0.6784206545393284,0.734945653005421,0.0,0.0,-0.03817878251558404,0.0,0.0,0.0,0.0,0.0,0.0,0.0,0.0,0.0,0.0,0.0,0.0,0.0,0.0
0.720627720951103,-0.0491901963190835,-0.11380083043113509,0.7017121308550351,0.7716536989760528,0.6197464797611597,0.8299655203109767,0.7221578178030923,0.6803991916497218,0.7521803739485159,0.7167155789690767,0.8487912952765571,0.7251554631984313,0.7152398044722669,-0.06231205397671313,0.6210706495633351,0.7033083977364926,0.681039632752176,-0.08021531403059756,-0.08274710649348216,0.6611595494024818,-0.036963874582074285,-0.12094308694008793,0.745164403794467,0.6650154427733822,0.5979052366713038,-0.1282381690817978,0.6551707074645471,-0.08544970579838318,0.0,-0.20463675028821204,0.7691469863173627,0.879625978387716,0.7749314725493466,0.7973645068263878,0.820615016079814,0.8032547864698141,0.6885757738725042,0.6911772209144385,0.8079866615876459,0.7431788850911207,0.8975937587141795,0.7296796729738594,0.8467909629775715,0.7836419253577855,0.7347694385522892,0.6243135853664391,0.0,0.8253747182696176,0.7360897521999601,0.7334351561137933,0.8269667901379605,0.6832027551342972,0.7062673847913857,0.6749688988996654,0.7598864373432267,0.7436324247063931,0.8180902591406216,0.7450464624384325,-0.07089241469562946,-0.020224224032261207,0.7648014505767716,0.6930508094404387,0.0,-0.03577563840229259,0.6013702145239703,0.6426413850691428,0.6532264991129858,0.7114012189693713,0.6604537825345491,0.6296569565916861,0.0,0.622263054106542,-0.07382398775558219,0.0,0.0
