0.0,0.2106417902492246,0.10863641948215286,0.0,0.18082445811612735,0.23634682631442824,0.43284158585149807,0.22656855346254326,0.2852170962013304,0.24934235562834772,0.4476416187873495,0.2760271662242654,0.34976157074875797,0.39145712931480564,0.30433916349739254,0.36946336540199776,0.0,0.2912830899009759,0.0,0.2962820325743347,0.16528531486854556,0.28893762227905484,0.1810051322814198,0.32856131914856457,0.14329220960800604,0.6398818589302397,0.22728984988503337,0.3309387534567442,0.3120001769911796,0.7284718010728908,0.18224159446525817,0.4028174601351531,0.22370186831705574,0.028175495810830342,0.19043310365784188,0.5171469085030043,0.5212797031693309,0.2797179970984719,0.32489433379658716,0.19619494976248475,0.23840311012306722,0.2861418617510958,0.38637625594503605,0.0,0.49005987590313804,0.49515717445498414,0.11595770219584405,0.0,0.0,0.0,0.21291436618417298,0.0,0.4883773715117712,0.0,0.37056511961699745,0.0,0.3560326767880678,0.2594236750323005,0.0,0.31512147406001517,0.15675179357858562,0.2724419495662002,0.23278158088445744,0.0,0.11898695438200835,0.5567059586112196,0.3113229587798315,0.3248654430562429,0.354834970968203,0.4143149765264527,0.4604425455907044,0.25477586769853705,0.49332263100253615,0.3035617029875463,0.0,0.19353076221723453
0.2106417902492246,0.0,0.18599158347735334,0.60245820900282,0.06494243231388187,0.2514759371985065,0.14621925342711523,0.364700059706463,0.09543132276028068,0.32299573058848063,0.19864884966977991,0.206241323972282,0.25521043217550654,0.31676395809282487,0.41088841921623065,0.3944867173671864,0.39155807830234257,0.5132139204598316,0.538734993262295,0.44009507166939155,0.31705129015688627,0.46645679992087324,0.2484340806468906,0.32702178182120567,0.4269687721236744,0.4684176270157853,0.27017323353796047,0.3150861810920189,0.2888892189795105,0.43813436546346446,0.34395060413538153,0.39112693321887443,0.21739238047112552,0.28795678508310585,0.40459348474965434,0.4654117770350442,0.0,0.0,0.06569258572110008,0.10990304246715135,0.0,0.16689337729055573,0.4236631988774842,0.0,0.0,0.18607176341726844,0.0968305889203773,0.0,0.0,0.0,0.26214520676725306,0.26726337967236014,0.2534273166052245,0.19521677048602104,0.0,0.0,0.28574443083356416,0.253325657718975,0.0,0.04598623950382065,0.11070315720416077,0.31636735363713303,0.24652844760486173,0.0,0.06161496164771707,0.35388819860954274,0.2935367308766451,0.0,0.3405098089411011,0.09545477833570347,0.06779229558434365,0.08195502055514296,0.2865909228027248,0.25453020290028616,0.0,0.031226442803527252
0.10863641948215286,0.18599158347735334,0.0,0.33437977603240726,0.31011926074193413,0.5176327417880312,0.18493922837954427,0.27345206429470365,0.39928421275409093,0.07634720541805995,0.5482573724400388,0.07329936581992921,0.1425530541566231,0.5863896889821483,0.18508895091149558,0.2703689538281119,0.3315084484533412,0.2866975710492023,0.36924482803808956,0.328373758418123,0.3060698657519854,0.3062687926914557,0.5327247063460688,0.3007840497637933,0.26034260176934865,0.11926478204527105,0.3146161675818072,0.20960674791393372,0.202594225182006,0.18844760472364605,0.21538275266609452,0.17038648926101224,0.2033246671099211,0.19438186059843543,0.05289446252044936,0.34028379486567933,0.1343877997950036,0.11030831996873593,0.2032444061350781,0.6179496242799652,0.26145101935474213,0.539716090013519,0.4141733516298297,0.0,0.0,0.0,0.6251001814643022,0.6083482669436637,0.5334086223220272,0.3202186556618301,0.16151690349433118,0.2044317292921455,0.3893220842106033,0.45394629454838525,0.387035471254747,0.6088163770784359,0.3933481111055131,0.14026665567066293,0.276141445443099,0.5837707612618606,0.0,0.0,0.0,0.515263663194262,0.40771476729556466,0.3982161417149337,0.5292787607748686,0.33242975474376474,0.0,0.6447139560131274,0.21764615072035828,0.3443890179178267,0.27399471098889683,0.2558518796889425,0.3937064938198234,0.09430513825822948
0.0,0.60245820900282,0.33437977603240726,0.0,0.3324155303843495,0.16558697352475035,0.4139612422131093,0.671991963088582,0.1973056469552254,0.0,0.14511897817820815,0.35372554733132117,0.3889004755394355,0.32846743828542,0.39543242213255275,0.41892022060721423,0.33555803264389145,0.3859747093238327,0.1853907435777574,0.42736163748544104,0.3930559362734235,0.37256368156098707,0.44927600174046717,0.25492861253311844,0.7302664632216358,0.4501527082379706,0.3777123508728344,0.18787414744148237,0.09533494103533997,0.506084802408443,0.3512328900328092,0.2573246532239055,0.19185749230166677,0.26718196216475365,0.18633594150139884,0.3048375615519846,0.3028108249618173,0.3348117137126245,0.10237895828072817,0.3724206766230336,0.2564694004363945,0.010497302497586923,0.5799237869731366,0.0065376615325994335,0.0,0.0,0.0,0.461176770325531,0.0,0.0,0.41406275938784437,0.0,0.3661473777625281,0.5339202970648012,0.0,0.30874094606253016,0.41868656796697057,0.3800418385838959,0.0,0.0,0.0,0.0,0.0,0.0,0.0,0.0,0.3859625007076689,0.2945457007023897,0.0,0.0,0.0,0.1728219256582232,0.5971248435022831,0.17922176106857818,0.0,0.0
0.18082445811612735,0.06494243231388187,0.31011926074193413,0.3324155303843495,0.0,0.3361425009342937,0.29848959258784896,0.2831962139271703,0.46230157538086863,0.3133141206524699,0.32599811284715274,0.14006781665078621,0.32799763579231594,0.31921929912291847,0.3794859925051743,0.3599321966027439,0.17830051035805566,0.22069706512130952,0.20374555464733998,0.0,0.275995392419797,0.16640719515437352,0.053742826634497,0.14457301843763715,0.1256313475135204,0.03780951505039701,0.43359096503244654,0.4068681377327711,0.14932277957986384,0.35375769890589986,0.19672728461513048,0.21430734744627017,0.18886964478706328,0.17642690601005184,0.02887779625735852,0.24542909585114264,0.09989487336904906,0.05384100055417018,0.0026780958248701775,0.736844833733802,0.4127215551878196,0.5961328537767857,0.34965977857089886,0.8590962913457083,0.41669541617971195,0.0,0.36982565691980107,0.263569440304127,0.0,0.3747662069202267,0.020258167174718775,0.0,0.20256732795997764,0.0511835175990972,0.0,0.3154012080881984,0.31775832397918213,0.0,0.2682167609335929,0.3627450159019149,0.4668563853937999,0.0,0.0,0.19952216538149475,0.20229904945686222,0.5173083662887115,0.19176555518196142,0.058868849261171294,0.0,0.6178177504004729,0.12114125179367974,0.06791411076049686,0.1661291463695438,0.24297260043185975,0.0,0.3070341773192645
0.23634682631442824,0.2514759371985065,0.5176327417880312,0.16558697352475035,0.3361425009342937,0.0,0.11846814894467675,0.28043800932035934,0.2948768872281682,0.3077419883038274,0.5273644657519435,0.2774127303351664,0.041033893001539534,0.27641139603373893,0.5516332176945955,0.47451049378300947,0.05930672794589279,0.3107561853265519,0.27658266566553147,0.22181643997540135,0.4006918266187903,0.3337528689896231,0.43440507341794427,0.1776431463047846,0.2751657227817015,0.4237922013405169,0.420623086083851,0.20712270879464767,0.2967188571653283,0.1884505371735899,0.21146923138559293,0.19180251822886246,0.4251182382652824,0.21001592374252603,0.3173845375014359,0.42623097970148127,0.2001023146929068,0.12666016945403513,0.03603120560257913,0.25147224760898446,0.03387065682026846,0.01736726973795501,0.08479561871133531,0.33667391408126845,0.1439391925906572,0.3841949275788193,0.19282477711795393,0.09019546419657692,0.3281882172643907,0.03345998765119522,0.010898635846014651,0.011488865020903002,0.18317156459503725,0.07051717425317564,0.5627249409272099,0.11298357749124492,0.198693642882677,0.01552289878616736,0.3952554750872002,0.0,0.11699730705638137,0.0,0.31887932194042723,0.14331544115615863,0.0,0.0,0.14852717634840917,0.0,0.39140389411830473,0.08803896458313806,0.17543068573376133,0.01151654541450757,0.0,0.0,0.11683592831758254,0.0
0.43284158585149807,0.14621925342711523,0.18493922837954427,0.4139612422131093,0.29848959258784896,0.11846814894467675,0.0,0.0,0.2670805253327123,0.43642136950045374,0.24221522545898116,0.3429754868184353,0.33033942344971284,0.2754461985573021,0.020813316654542197,0.3694039075063568,0.21216567600457964,0.3098882932676692,0.1772476890202218,0.1133402104904981,0.041780982811033915,0.31953563567041565,0.03805818484819397,0.10224616895029567,0.21650282663433137,0.3928219561103562,0.11605752718425374,0.4196884422952525,0.26214086520052615,0.23933540007885248,0.1894706057500844,0.34691304027137676,0.1689311367615709,0.21754629687623742,0.12613877431724774,0.6732813514738385,0.6451523862785709,0.3085050036528895,0.19419177113228486,0.5328015737598868,0.4714840245096199,0.3910820253298184,0.12418431037628316,0.7568297515291403,0.5640695586286987,0.0,0.1721465027119785,0.092807258937598,0.0,0.13567855353567548,0.0,0.0,0.04054529977288585,0.2777589091472246,0.3009420425113387,0.08615642415610031,0.41800556642763154,0.0,0.27194104533240065,0.19165472568118175,0.3202412743942193,0.0,0.5284148168242564,0.5268010846903765,0.0,0.23178892209670465,0.0,0.008871629848377402,0.38437014057552,0.1726965060256097,0.3244980950177722,0.0,0.0,0.01558251681571897,0.4767280532191849,0.2177055070359003
0.22656855346254326,0.364700059706463,0.27345206429470365,0.671991963088582,0.2831962139271703,0.28043800932035934,0.0,0.0,0.20125364191780726,0.36331519686033986,0.45043956427835347,0.2202732160447321,0.03216021440426897,0.5066694421364057,0.17661393814548915,0.39850168304581535,0.32983641966782773,0.34344893809342236,0.18941838301241473,0.11991673703703501,0.12766103959721134,0.21850096639831326,0.24951303609774325,0.057087975599141076,0.3475030330738152,0.3906198593293319,0.22356565144601706,0.06021289207577568,0.11534347194320085,0.06210481389799411,0.13566869045613145,0.36860768175437997,0.3846892474646555,0.1911851407316551,0.19254898766628561,0.8903566783027705,0.42009473717262985,0.27257848109232197,0.03574511236793812,0.21498115170608514,0.08441081943614517,0.16278349956401028,0.30548765820968643,0.44037888065469144,0.0,0.4036533824669551,0.2326907984869991,0.3950362389055894,0.0,0.4518750164327092,0.05082567983090289,0.31385561609159374,0.2619501730689223,0.09212124926273714,0.46373347661092157,0.30081860178425623,0.9687909380284594,0.0,0.1859883586037036,0.0,0.26133696993746214,0.0,0.6198915040767659,0.43997859964200864,0.0,0.0,0.32013992573345723,0.15979052380500056,0.0,0.2678215179403837,0.14474602423427801,0.0,0.0,0.0,0.32739397395747494,0.1508531259708389
0.2852170962013304,0.09543132276028068,0.39928421275409093,0.1973056469552254,0.46230157538086863,0.2948768872281682,0.2670805253327123,0.20125364191780726,0.0,0.2836680101923036,0.42527311220947783,0.1872952824728555,0.17090883030287826,0.3281742728325484,0.42880465815732705,0.3637864605483682,0.1820034462241354,0.0,0.3546294918369131,0.0,0.2253299751372906,0.12424466588466757,0.34348088933400805,0.2118223139629712,0.20898978777555516,0.3134191178786596,0.4594817159595105,0.2319807652881269,0.06407648298865236,0.2947117170214612,0.2540367914600764,0.24904609519341026,0.19356152963841478,0.24894112370755977,0.1709587143242101,0.2829551936010368,0.19546081216679287,0.15877216292717083,0.0,0.4765600630839396,0.3807420447398283,0.2166897760624788,0.2542932687322833,0.0,0.19935044403502122,0.0,0.14111814920128646,0.35467453112743347,0.4876009491559925,0.2963287407199105,0.1269731537331975,0.0,0.2909455002084308,0.2580425599067015,0.2109508081108932,0.23513689290534212,0.14716964157056714,0.22333411960420202,0.3286047586265951,0.19196181341109744,0.5955040957193205,0.0,0.0,0.2597020138000411,0.37773440967327215,0.6645439106077531,0.2836106430448122,0.24066375697052295,0.531916259629417,0.5794786504288386,0.22265014352564685,0.22389867036078615,0.04178510892796315,0.2215559256679541,0.3805371757710985,0.04034620769558124
0.24934235562834772,0.32299573058848063,0.07634720541805995,0.0,0.3133141206524699,0.3077419883038274,0.43642136950045374,0.36331519686033986,0.2836680101923036,0.0,0.2690070198599147,0.3816815463639073,0.3788398402243564,0.40581633631950437,0.2753240072043879,0.2475363132989679,0.503482190975701,0.2697386297658739,0.17806814394656426,0.20515232871096684,0.5207452242146279,0.4202272697990143,0.08699024508781714,0.3304525172667132,0.6413021688528998,0.5754068632902956,0.10798210131578048,0.5274233761453289,0.5622268293206025,0.25083899445936897,0.49450503197393014,0.8798978628419352,0.7430668859393826,0.7827531992698148,0.7147381189705427,0.6634392367192089,0.23729581948273482,0.6155412479445388,0.656819477862013,0.4004213898213756,0.6473778558202543,0.4109684745274329,0.2479380341827102,0.2340996731007483,0.5986363073592557,0.309492950751391,0.33763503461077127,0.4522742920735233,0.3966466299024961,0.5431493598942941,0.27984697748786114,0.24943711492758644,0.32447714869430533,0.3295395209868141,0.5164698467290515,0.20769910178790818,0.5415570954369711,0.32164022020189376,0.0,0.4384137066597155,0.28504118537238793,0.3980023413881958,0.3028346574326834,0.49975903807923133,0.6400975651676257,0.28075811484512,0.34802320541592113,0.29598023630105025,0.48469899622029666,0.4461651807241933,0.5228169459814092,0.39121305437371334,0.35366077970659954,0.1772560539826754,0.0,0.5597300767982892
0.4476416187873495,0.19864884966977991,0.5482573724400388,0.14511897817820815,0.32599811284715274,0.5273644657519435,0.24221522545898116,0.45043956427835347,0.42527311220947783,0.2690070198599147,0.0,0.10670936217441768,0.162689498466423,0.4747273675973569,0.0,0.5183018670704134,0.2388790240626742,0.19026125527246265,0.3864210162017709,0.46732411821043907,0.0,0.2772252339026331,0.180904791430373,0.15616482241263324,0.17493355057324628,0.17038475345616524,0.47744230876003846,0.10849147827566766,0.10113573403195997,0.39741573112698625,0.12401457710995159,0.303117224034519,0.28629699648406176,0.19266955187793522,0.06621102860537435,0.4683724696987917,0.22910406161533423,0.12521318415414834,0.2101403345088251,0.40355062660556884,0.25138919287036954,0.24510014119758114,0.3862401606782585,0.2912056747156755,0.2257977243058455,0.0,0.0,0.5835500966440846,0.4790506540916127,0.22430870508789474,0.22074394763320404,0.09684626523037305,0.3213698249996575,0.41340344365993775,0.26085662495786593,0.3458723894736417,0.2366118613872881,0.23403762461363847,0.3295935024911794,0.0,0.0,0.0,0.0,0.31633882242349554,0.296188082242795,0.0,0.496343385973262,0.21513547625241466,0.0,0.0,0.9445180950109379,0.20081597955849884,0.2947940420763526,0.33432212984184234,0.0,0.2831680589324801
0.2760271662242654,0.206241323972282,0.07329936581992921,0.35372554733132117,0.14006781665078621,0.2774127303351664,0.3429754868184353,0.2202732160447321,0.1872952824728555,0.3816815463639073,0.10670936217441768,0.0,0.3122981658572445,0.5292232535373291,0.23770049276448202,0.24861324675481455,0.578615106755402,0.5344275799837768,0.12625732012101376,0.6114110967746063,0.43429591460511374,0.4361029309768172,0.34968753842513134,0.38167122487171384,0.5066236202350034,0.505132361631266,0.22253652044638852,0.39973609846663155,0.31319543010985257,0.14366460806135256,0.6885012162790382,0.49488480632640935,0.8266964253342532,1.0,0.7710061726682624,0.4490523952908123,0.5087409126175051,0.7382378986066878,0.618955474802298,0.34524394926393354,0.5092441509402408,0.5193819737321588,0.2029677345718967,0.4345555263622434,0.4938171175749558,0.27971897082320185,0.3695907407075063,0.3181510433023935,0.4690372357916767,0.3825292400898748,0.3574694632176755,0.38639687538605766,0.5385676095612677,0.2168873274469311,0.4828477013493871,0.23347033148068025,0.5926524368948467,0.4189203288426607,0.5237250013341379,0.39590831254560127,0.34547768381977717,0.4750653091391401,0.47707086301389534,0.2517194645752331,0.38475442643414154,0.48294234428935934,0.4392661481931604,0.3356224125818536,0.5411290612010942,0.5278952722824483,0.6000215723840789,0.20605015449279496,0.5672276592761026,0.48444179356303174,0.0,0.4502139747656553
0.34976157074875797,0.25521043217550654,0.1425530541566231,0.3889004755394355,0.32799763579231594,0.041033893001539534,0.33033942344971284,0.03216021440426897,0.17090883030287826,0.3788398402243564,0.162689498466423,0.3122981658572445,0.0,0.20476844851631562,0.19223955768807133,0.4303329510947942,0.22761411928538516,0.3903183862924229,0.17619386228746078,0.26448549034850355,0.15043798131859554,0.3811201443610101,0.047346433143903494,0.3411790248765844,0.32476406246890266,0.4627201232980843,0.09171352112217337,0.0935606717454616,0.3855359336762542,0.22984719398293757,0.2085026295355921,0.33440887995529806,0.28600615060223655,0.2801403670632817,0.2056075500828002,0.3484366486669328,0.399255914353614,0.26540380424758314,0.18155370561422432,0.4458521004055982,0.3606020798351596,0.5750772757762916,0.2073267540754316,0.07384049987284072,0.45224228589584253,0.3790660242614652,0.33436085311383185,0.07914779606686667,0.0,0.43576503237508285,0.0,0.0,0.0,0.041844349012443716,0.5728402890727233,0.2066613907377508,0.3065979086053056,0.0,0.30152983917287574,0.0,0.19709988071449716,0.26400850769162215,0.16628397564286773,0.4513798068344582,0.0,0.36720887174728983,0.08443556719627549,0.0,0.4256043051744138,0.23304288662307795,0.1273699194996038,0.07253269361283628,0.0,0.0,0.3061533926127544,0.0
0.39145712931480564,0.31676395809282487,0.5863896889821483,0.32846743828542,0.31921929912291847,0.27641139603373893,0.2754461985573021,0.5066694421364057,0.3281742728325484,0.40581633631950437,0.4747273675973569,0.5292232535373291,0.20476844851631562,0.0,0.3977015362185943,0.3844695121174447,0.5062009025818105,0.5066056288809682,0.3980360212399246,0.4182066914000177,0.38797322677453006,0.2773555493624416,0.6088705534067206,0.5245515833222778,0.46814250856507444,0.0797901829875638,0.3034623105487328,0.5469407262533981,0.17021347805444018,0.5524390120706698,0.1644405650380259,0.14991442493658225,0.32178705432798493,0.4430655460301667,0.3056508589354791,0.3160351971321282,0.14186119204277806,0.3746548116290296,0.3174718260532308,0.0,0.6059307250845833,0.6880877481601134,0.38062438463986736,0.533428832495255,0.0,0.0,0.0,0.16605215136716556,0.0,0.10823725399237438,0.19373341813669348,0.3139676521396962,0.33823130358676634,0.07530578532229122,0.0,0.32807741512990946,0.5599672186280517,0.4438336361146657,0.15860290378390457,0.0,0.0,0.0,0.0,0.18335328594325317,0.0,0.0,0.0,0.2514958095633072,0.0,0.0,0.0,0.18938919222166847,0.4816726128571085,0.0,0.0,0.0
0.30433916349739254,0.41088841921623065,0.18508895091149558,0.39543242213255275,0.3794859925051743,0.5516332176945955,0.020813316654542197,0.17661393814548915,0.42880465815732705,0.2753240072043879,0.0,0.23770049276448202,0.19223955768807133,0.3977015362185943,0.0,0.4691688303944892,0.24988254168262158,0.359656140877996,0.0,0.6748513337110729,0.27137341111407964,0.5233136203820142,0.6475558149196968,0.04869370539621759,0.3564488951519365,0.3415128105395293,0.6427345032532987,0.16960709128867069,0.1466554818145271,0.2929050775241127,0.35014101835088024,0.2923092452376343,0.36047024321146226,0.29040824325886055,0.37168969285906184,0.5333099850498869,0.5629449236381735,0.4011239905873629,0.1468230160730463,0.22579797834237758,0.12193974503288937,0.10995390328009727,0.38216028598247775,0.5589842123710533,0.0,0.4521217549330016,0.44331621806164956,0.18899066272980145,0.0,0.0,0.06378951336254673,0.0,0.05755368909782793,0.5296534998016272,0.0,0.0,0.6159006332084462,0.0,0.53252616114269,0.43423238364720007,0.312570368310291,0.46501379946298754,0.47427647245224214,0.0,0.3152215799361086,0.38917397494786493,0.45023624910238197,0.4238271222891583,0.3877994093296044,0.20411217845001817,0.36094588863847654,0.24540091730318916,0.0,0.055865051406631255,0.11334577116805722,0.0
0.36946336540199776,0.3944867173671864,0.2703689538281119,0.41892022060721423,0.3599321966027439,0.47451049378300947,0.3694039075063568,0.39850168304581535,0.3637864605483682,0.2475363132989679,0.5183018670704134,0.24861324675481455,0.4303329510947942,0.3844695121174447,0.4691688303944892,0.0,0.4312535927200027,0.4970247622199155,0.46218647618977937,0.38147066967283183,0.36209955233673774,0.3936465241337096,0.3117389003014527,0.4018873878913595,0.4442556539877309,0.523477702675018,0.41857037533018365,0.3793711314465697,0.4571671386874915,0.325600817130169,0.4856137749371295,0.5720293324675895,0.3312865757215488,0.26548316709578484,0.38955377674145003,0.6098544074015606,0.22387586770243184,0.45259068732725616,0.3001920927100394,0.22102615699542455,0.14880342863203314,0.2860939114931481,0.38544697136023776,0.0,0.0,0.2969169039142429,0.302587823095988,0.0,0.0,0.0,0.31851610711606904,0.15951680131136298,0.5335330902643696,0.0,0.42654909120863777,0.0,0.22462435894157046,0.22469447056376168,0.0,0.23788994970170418,0.2910141710376118,0.28375097067851157,0.34723771262117803,0.0,0.2555750758781922,0.30715783201093705,0.3396387823669323,0.17994160389842573,0.10467402593938917,0.39794161258383765,0.38113372947378715,0.2956441052713425,0.29274443216188206,0.26670414942669884,0.0,0.21232587621422158
0.0,0.39155807830234257,0.3315084484533412,0.33555803264389145,0.17830051035805566,0.05930672794589279,0.21216567600457964,0.32983641966782773,0.1820034462241354,0.503482190975701,0.2388790240626742,0.578615106755402,0.22761411928538516,0.5062009025818105,0.24988254168262158,0.4312535927200027,0.0,0.5575423429771326,0.30582940740210257,0.24703152179917937,0.37098991257192027,0.4685016582953814,0.1732404408845478,0.23998357510168275,0.5269551127868316,0.39343288315728336,0.3309918655900709,0.6532020847778593,0.3081001925951946,0.5614076775623176,0.3334165022313787,0.4394464078989626,0.41613925470524804,0.4097144836171905,0.41994871842197995,0.42420822600273245,0.3730841203198638,0.4615714253531741,0.47490238913126426,0.0,0.2872850913016812,0.3114429688132246,0.0,0.0,0.5568797194113609,0.47264655254780275,0.3820631801599109,0.0,0.0,0.0,0.0,0.0,0.0,0.0,0.3096792638718419,0.0,0.2855365509451879,0.5104238910236701,0.0,0.6668846690594955,0.27233080623241457,0.3020253600325748,0.298915478960643,0.0,0.0,0.0,0.4171667413636414,0.0,0.2286856753488046,0.3508291663212416,0.3817198594384333,0.0,0.3545033750526137,0.49872405976434064,0.0,0.39484908080374137
0.2912830899009759,0.5132139204598316,0.2866975710492023,0.3859747093238327,0.22069706512130952,0.3107561853265519,0.3098882932676692,0.34344893809342236,0.0,0.2697386297658739,0.19026125527246265,0.5344275799837768,0.3903183862924229,0.5066056288809682,0.359656140877996,0.4970247622199155,0.5575423429771326,0.0,0.3027437864460923,0.36761350034677376,0.29205920162838084,0.4409077338692055,0.2792392758259236,0.17326151747329255,0.4061065812140312,0.4623566337624885,0.3070611456487743,0.30344473376692993,0.31351019163367166,0.40160979288189724,0.25823040164299293,0.41605940170970745,0.13567132690686154,0.3124232873302149,0.2728500653519762,0.5523787143284543,0.4226305718948172,0.38816393806249605,0.33490839409013023,0.27067074462834506,0.27191528287915917,0.28295777293093594,0.0,0.0,0.5344952220465832,0.3501419683235779,0.3138604446406468,0.0,0.0,0.0,0.1636943593742845,0.513540702022512,0.5307592905322158,0.0,0.4093513880589506,0.0,0.2746772097604166,0.23924193898419188,0.0,0.3425119746340422,0.3053041083637434,0.2805908387904915,0.29532433265846797,0.0,0.17201349795520662,0.26944149719837296,0.32464009549731465,0.4202854435408999,0.19873508093740158,0.35336374769118756,0.4033676839086708,0.25803903340887074,0.3322908863406362,0.17901006173280692,0.0,0.3044061048067076
0.0,0.538734993262295,0.36924482803808956,0.1853907435777574,0.20374555464733998,0.27658266566553147,0.1772476890202218,0.18941838301241473,0.3546294918369131,0.17806814394656426,0.3864210162017709,0.12625732012101376,0.17619386228746078,0.3980360212399246,0.0,0.46218647618977937,0.30582940740210257,0.3027437864460923,0.0,0.6256886241547708,0.27686551472571896,0.5013174768212288,0.47601159746307414,0.24544685107253608,0.24416708701550566,0.2005268942964708,0.3581760204097163,0.17884276787919304,0.3067093231865612,0.44784923895169026,0.16696358974857967,0.19371142832426952,0.2794227409658655,0.16978119761428795,0.0,0.3679210634274632,0.04493921982697458,0.1446277554853651,0.27181048066548696,0.6146654279218524,0.5027875625953123,0.11648856050213471,0.3882323403108912,0.46621394899155716,0.0,0.0,0.0,0.7065605806886243,0.0,0.21802173898916086,0.19681215278289904,0.3307666849649311,0.2784957283642191,0.2905434625781409,0.6103945106586877,0.6209117654307285,0.38204620348533175,0.29604889372758897,0.09246716915687232,0.0,0.0,0.0,0.0,0.5008180741275149,0.47813425425943684,0.0,0.4957208524707601,0.23773404834169382,0.0,0.0,0.0,0.2164119695074368,0.3306938291099355,0.16135203064829437,0.3654499542164586,0.19179287836581202
0.2962820325743347,0.44009507166939155,0.328373758418123,0.42736163748544104,0.0,0.22181643997540135,0.1133402104904981,0.11991673703703501,0.0,0.20515232871096684,0.46732411821043907,0.6114110967746063,0.26448549034850355,0.4182066914000177,0.6748513337110729,0.38147066967283183,0.24703152179917937,0.36761350034677376,0.6256886241547708,0.0,0.25356314565420685,0.6402928246713737,0.2057100840749071,0.40043983347987017,0.45565031857823185,0.4493054703513136,0.47058349844904596,0.2140910381242187,0.3221505832641696,0.07800355663450505,0.4856108276856362,0.423753813944838,0.21040817013170238,0.45124809606544103,0.45629780723253277,0.5724244064556061,0.36539504206705764,0.6770635935918917,0.13947749978326607,0.08725348060535223,0.1330531305574095,0.0706547684479508,0.3934487435204285,0.07426498422290007,0.633832664571194,0.4692599800264951,0.1551889749064962,0.0,0.0,0.0,0.0828191102278249,0.3496080763854897,0.0,0.1944223172789482,0.5870269034286795,0.0,0.5245681674130962,0.0,0.0,0.16342384020832224,0.14652734013304697,0.3858538350902589,0.2900488887975961,0.0,0.07420700155244654,0.03487573563653064,0.1609475061681221,0.0,0.0,0.12331648220435093,0.10676077092936799,0.0,0.0016727440252041412,0.06694726216825114,0.200918990165855,0.0879871103053087
0.16528531486854556,0.31705129015688627,0.3060698657519854,0.3930559362734235,0.275995392419797,0.4006918266187903,0.041780982811033915,0.12766103959721134,0.2253299751372906,0.5207452242146279,0.0,0.43429591460511374,0.15043798131859554,0.38797322677453006,0.27137341111407964,0.36209955233673774,0.37098991257192027,0.29205920162838084,0.27686551472571896,0.25356314565420685,0.0,0.14876675964103547,0.281821446276084,0.0,0.2792740469546877,0.4276473179245104,0.3087318888498034,0.07669559798457175,0.08336252335308654,0.0,0.19947204735679028,0.20221202111892075,0.07881124692236548,0.19347050822692244,0.26104869016210175,0.5135117810890268,0.2060771851942679,0.5113921630503865,0.277288304993572,0.22686879138932778,0.1268900274611708,0.17062192812720048,0.44504579813291,0.0,0.0,0.4395225507241263,0.0320986374029488,0.18389558156692143,0.0,0.0,0.02005563300065137,0.1667844307337435,0.0,0.42351778602644313,0.47382701818689,0.0,0.4033445823077286,0.15252157384453022,0.0,0.262989134708963,0.0,0.0,0.4424840827283438,0.0,0.0,0.0,0.3097657029497164,0.0003566885531618158,0.577538650962004,0.0,0.4153943804144118,0.0,0.17109623648597405,0.0,0.1455582046729846,0.004035832037531953
0.28893762227905484,0.46645679992087324,0.3062687926914557,0.37256368156098707,0.16640719515437352,0.3337528689896231,0.31953563567041565,0.21850096639831326,0.12424466588466757,0.4202272697990143,0.2772252339026331,0.4361029309768172,0.3811201443610101,0.2773555493624416,0.5233136203820142,0.3936465241337096,0.4685016582953814,0.4409077338692055,0.5013174768212288,0.6402928246713737,0.14876675964103547,0.0,0.5954336726196008,0.213636597021652,0.5053860100348421,0.5530343105604896,0.510920257088025,0.36281717738298047,0.4447381187939873,0.2640701624018949,0.511817707753275,0.48259821866373825,0.38550322374497753,0.4282863110330421,0.4837332234328561,0.47154361616144147,0.6014958899442985,0.45292035979038336,0.19137096009582688,0.14200012724176275,0.1842397701386664,0.06143577297448488,0.37808703221700446,0.004013715883472907,0.5936352421933279,0.37663835876408447,0.26828394503207126,0.28701531111393624,0.49083370843264473,0.4730849497287313,0.33326385964790023,0.31418297440321596,0.0,0.18531809625246853,0.35574138382012765,0.0,0.31914134145112344,0.21077754726363815,0.0,0.29914933496479346,0.2415510776278324,0.3260934323451038,0.1753811413551344,0.0,0.06429874766558859,0.2692976534085241,0.24489244318880862,0.06969487093127637,0.5122727155859288,0.10257622459884676,0.2816174486954674,0.0734205455622632,0.20465486562721777,0.1775364569395293,0.567916614699214,0.15716532832983515
0.1810051322814198,0.2484340806468906,0.5327247063460688,0.44927600174046717,0.053742826634497,0.43440507341794427,0.03805818484819397,0.24951303609774325,0.34348088933400805,0.08699024508781714,0.180904791430373,0.34968753842513134,0.047346433143903494,0.6088705534067206,0.6475558149196968,0.3117389003014527,0.1732404408845478,0.2792392758259236,0.47601159746307414,0.2057100840749071,0.281821446276084,0.5954336726196008,0.0,0.1270817156870534,0.2300659421309885,0.24290668086093756,0.36132007917375564,0.11994626861437685,0.1556763205602264,0.1426260905725392,0.22032185758206618,0.1664857819748345,0.3179735964000878,0.21722838461787078,0.23483773267554497,0.5893553880429153,0.20236076723937302,0.43756795988845953,0.018712111818499966,0.0,0.0,0.054772310012070696,0.3682807988785476,0.0,0.5911239933018626,0.2843406824601021,0.07897323825073388,0.49526273527268716,0.26871228725397517,0.2330492650592555,0.06688180594295393,0.06069930921089486,0.3316949647963714,0.32230753245275295,0.3203890540726148,0.5219235487398801,0.24434811920672814,0.04307271501173016,0.3074859172030134,0.11704468366810561,0.09627996262270962,0.6400975651676266,0.1672947188020173,0.5539507418734332,0.0,0.0007894680830873926,0.09966265434924694,0.41875579388537826,0.4904076413351679,0.05759508672642777,0.006678126738947632,0.040832159006841465,0.0,0.03248647380376454,0.21705072465106937,0.05240859549249735
0.32856131914856457,0.32702178182120567,0.3007840497637933,0.25492861253311844,0.14457301843763715,0.1776431463047846,0.10224616895029567,0.057087975599141076,0.2118223139629712,0.3304525172667132,0.15616482241263324,0.38167122487171384,0.3411790248765844,0.5245515833222778,0.04869370539621759,0.4018873878913595,0.23998357510168275,0.17326151747329255,0.24544685107253608,0.40043983347987017,0.0,0.213636597021652,0.1270817156870534,0.0,0.37439806378543034,0.5522661861174227,0.12049269715963741,0.214655949492253,0.4105205132622775,0.5513633161116692,0.39630700832056326,0.7341746178520981,0.518387442160399,0.7080854970409648,0.5473870536531928,0.17087044835638066,0.15860326950985681,0.6678254602945464,0.7519560926190882,0.5569414957893776,0.6691577129362517,0.5089460815835312,0.4789596982521167,0.40907573463928787,0.5959746410383427,0.3317450116993141,0.3176967727108419,0.0,0.0,0.38766327683419777,0.3474886917366519,0.36975133659036663,0.0,0.38034784970044533,0.48231041380008877,0.38796858147471747,0.6622282645269466,0.33994340669692114,0.0,0.6077789350705232,0.2534385193148153,0.24536508482200184,0.31064248513386333,0.3837361999112339,0.498711838856674,0.5292879862343574,0.23106481210469834,0.6573405044170578,0.5128658901865207,0.4439169964020794,0.5729178447391376,0.6244318920270927,0.49731961553010057,0.27804430413192516,0.0,0.3259401494124041
0.14329220960800604,0.4269687721236744,0.26034260176934865,0.7302664632216358,0.1256313475135204,0.2751657227817015,0.21650282663433137,0.3475030330738152,0.20898978777555516,0.6413021688528998,0.17493355057324628,0.5066236202350034,0.32476406246890266,0.46814250856507444,0.3564488951519365,0.4442556539877309,0.5269551127868316,0.4061065812140312,0.24416708701550566,0.45565031857823185,0.2792740469546877,0.5053860100348421,0.2300659421309885,0.37439806378543034,0.0,0.3487038816991854,0.2899817292052743,0.3078053237962088,0.2799624071023367,0.15784919462192745,0.2904779376760966,0.33776447607027654,0.28276180092597536,0.3034261573266764,0.12824997626726609,0.34867969204534777,0.44641470660261745,0.7085564404543616,0.2955418566903643,0.23767946028344833,0.215352056681578,0.2507093804405592,0.4044430523547763,0.0,0.22426032731438006,0.42796411326611467,0.2477483910718884,0.0,0.0,0.0,0.2818081538901879,0.15366172162141667,0.44920822808659167,0.3606347623220049,0.33153912697087323,0.49347853936545594,0.35461525161775,0.14577206107132534,0.0,0.364361891022854,0.26926192728313336,0.2571732298395768,0.3016219203772947,0.0,0.36226875753742865,0.1808660126143698,0.2748482105764403,0.07157890551524651,0.2506130670040299,0.3453391575645484,0.3614954944903554,0.06196475493586752,0.19908920175171285,0.23582746778153,0.0,0.08208018680557407
0.6398818589302397,0.4684176270157853,0.11926478204527105,0.4501527082379706,0.03780951505039701,0.4237922013405169,0.3928219561103562,0.3906198593293319,0.3134191178786596,0.5754068632902956,0.17038475345616524,0.505132361631266,0.4627201232980843,0.0797901829875638,0.3415128105395293,0.523477702675018,0.39343288315728336,0.4623566337624885,0.2005268942964708,0.4493054703513136,0.4276473179245104,0.5530343105604896,0.24290668086093756,0.5522661861174227,0.3487038816991854,0.0,0.45487258153386073,0.4972682830456277,0.4935609134751915,0.16762745881720778,0.35575922014640515,0.5186703780178094,0.3689938088708886,0.3605881956809965,0.40848908244553234,0.21447099314055237,0.37151270943154985,0.626927354509914,0.31360574264553465,0.2106399423869782,0.22445850062467781,0.12432498449755774,0.17143286745848477,0.534130029695497,0.47251914556254837,0.42290375196034924,0.3264493219559688,0.33255465499779,0.0,0.0,0.3336056971294606,0.18423285686478869,0.1710454474840829,0.14532126337100976,0.4814531381229004,0.0,0.5552612148979477,0.35489054154489386,0.0,0.3966363891579181,0.3057427594302197,0.3598640840986006,0.30683361620100713,0.0,0.20253047234052426,0.44784956154747424,0.4796902439819137,0.0679506177415517,0.45736980876347333,0.33807372619098125,0.2654069296664034,0.16249319791637293,0.21562435348406017,0.36009926143668547,0.5009847961555188,0.15613071933909137
0.22728984988503337,0.27017323353796047,0.3146161675818072,0.3777123508728344,0.43359096503244654,0.420623086083851,0.11605752718425374,0.22356565144601706,0.4594817159595105,0.10798210131578048,0.47744230876003846,0.22253652044638852,0.09171352112217337,0.3034623105487328,0.6427345032532987,0.41857037533018365,0.3309918655900709,0.3070611456487743,0.3581760204097163,0.47058349844904596,0.3087318888498034,0.510920257088025,0.36132007917375564,0.12049269715963741,0.2899817292052743,0.45487258153386073,0.0,0.2109135953560492,0.19552920778083746,0.2381790290137522,0.27019659278506075,0.22234401194083092,0.2715941799524896,0.2673558081139223,0.3224349283566217,0.29283601383035684,0.2202554166175193,0.1393888513341975,0.054733495494229345,0.09606952799295876,0.0,0.0,0.28495505116006653,0.0,0.3280499988190494,0.3496712757145435,0.08452343963222238,0.18124709347368692,0.2239157068445357,0.15011813703433302,0.026539530700379184,0.0,0.2474444627730849,0.09531241666542928,0.3987038898123024,0.25657885051452445,0.2079201914078862,0.06376860516272453,0.43879380467635304,0.0,0.08410592368092296,0.0,0.12636160699685706,0.4359970576391557,0.0,0.0,0.042593537230565706,0.0,0.0,0.055395488542365874,0.11589883185907601,0.011379171246340233,0.0,0.0,0.037503359617054616,0.0
0.3309387534567442,0.3150861810920189,0.20960674791393372,0.18787414744148237,0.4068681377327711,0.20712270879464767,0.4196884422952525,0.06021289207577568,0.2319807652881269,0.5274233761453289,0.10849147827566766,0.39973609846663155,0.0935606717454616,0.5469407262533981,0.16960709128867069,0.3793711314465697,0.6532020847778593,0.30344473376692993,0.17884276787919304,0.2140910381242187,0.07669559798457175,0.36281717738298047,0.11994626861437685,0.214655949492253,0.3078053237962088,0.4972682830456277,0.2109135953560492,0.0,0.35380198416700365,0.455754053745932,0.4324548456120364,0.5349733363856167,0.5105897531900668,0.32455174136627096,0.39382697017680696,0.5306876437588219,0.26894468634052177,0.3611924058058819,0.35006942999801716,0.29187088620154006,0.44581539712746276,0.01513382278679002,0.0,0.2552662652588812,0.3709916495923322,0.4801238647217704,0.26052998824184326,0.07751863448810646,0.0,0.31436473859911274,0.006758284862726831,0.0,0.0,0.07350458480121333,0.4856182952767715,0.22316827143099566,0.3720451543126108,0.0,0.4315549024216524,0.0,0.19642998136237927,0.4307669854228304,0.17677660012549223,0.4730567551390358,0.0,0.21074994926949892,0.17433767878184414,0.0,0.6260958063298102,0.13967732095340252,0.08473582238620571,0.027402791742581672,0.0,0.0,0.14707028765143468,0.0
0.3120001769911796,0.2888892189795105,0.202594225182006,0.09533494103533997,0.14932277957986384,0.2967188571653283,0.26214086520052615,0.11534347194320085,0.06407648298865236,0.5622268293206025,0.10113573403195997,0.31319543010985257,0.3855359336762542,0.17021347805444018,0.1466554818145271,0.4571671386874915,0.3081001925951946,0.31351019163367166,0.3067093231865612,0.3221505832641696,0.08336252335308654,0.4447381187939873,0.1556763205602264,0.4105205132622775,0.2799624071023367,0.4935609134751915,0.19552920778083746,0.35380198416700365,0.0,0.20206094175162664,0.4035494689269004,0.4261819185442695,0.0,0.36017616069947783,0.3392017968799442,0.5393340886179497,0.3665309106970094,0.2893389746715281,0.052583354115793304,0.08543622110751388,0.0,0.0,0.27914066577618574,0.09448066874809741,0.44098471665781397,0.33838324942431625,0.21252461405193795,0.0,0.39233669267203075,0.24900422209355233,0.00386893715128369,0.0,0.0,0.1241402787782958,0.5026526091763532,0.33497024534589565,0.44315484301013625,0.0,0.6640040799766516,0.0,0.13707255494798015,0.5001470242971082,0.169161163154679,0.39574743311206567,0.0,0.0,0.02844152982451989,0.0,0.5197501730870603,0.2087353315776052,0.2030206530577332,0.0,0.0,0.0,0.10154281085375229,0.0
0.7284718010728908,0.43813436546346446,0.18844760472364605,0.506084802408443,0.35375769890589986,0.1884505371735899,0.23933540007885248,0.06210481389799411,0.2947117170214612,0.25083899445936897,0.39741573112698625,0.14366460806135256,0.22984719398293757,0.5524390120706698,0.2929050775241127,0.325600817130169,0.5614076775623176,0.40160979288189724,0.44784923895169026,0.07800355663450505,0.0,0.2640701624018949,0.1426260905725392,0.5513633161116692,0.15784919462192745,0.16762745881720778,0.2381790290137522,0.455754053745932,0.20206094175162664,0.0,0.34622732593622124,0.589135900331711,0.0,0.5395040946186539,0.30697989990375124,0.4913342105463432,0.27130886537469073,0.4908126810460412,0.35679984903554285,0.48716555108855364,0.2659099416688132,0.49174401114174643,0.49261998106964733,0.5961982534595622,0.0,0.0,0.0,0.21509919751193113,0.0,0.0,0.17339927722942342,0.4738856499552675,0.10119709032883753,0.0,0.5078741059828018,0.0,0.0,0.09771787268848545,0.0,0.34254689503276287,0.0,0.0,0.9761291628136892,0.9480652139882408,0.0,0.38373249370706175,0.37186352365578146,0.0,0.0,0.6373951413420872,0.48918616896487666,0.05429994164047766,0.0,0.0,0.29936415962671126,0.08578049606807667
0.18224159446525817,0.34395060413538153,0.21538275266609452,0.3512328900328092,0.19672728461513048,0.21146923138559293,0.1894706057500844,0.13566869045613145,0.2540367914600764,0.49450503197393014,0.12401457710995159,0.6885012162790382,0.2085026295355921,0.1644405650380259,0.35014101835088024,0.4856137749371295,0.3334165022313787,0.25823040164299293,0.16696358974857967,0.4856108276856362,0.19947204735679028,0.511817707753275,0.22032185758206618,0.39630700832056326,0.2904779376760966,0.35575922014640515,0.27019659278506075,0.4324548456120364,0.4035494689269004,0.34622732593622124,0.0,0.37457031433561194,0.40095825290015996,0.5362992731115274,0.6466786244106056,0.35433284177131497,0.5220862403370179,0.3685902527054444,0.36760582168402417,0.38885959738507736,0.43102765358154493,0.5532522783142678,0.505529979697558,0.2647334263577326,0.45171345958364645,0.2050519043740964,0.1720720392914211,0.1901845640648349,0.0,0.38536090820543334,0.028109718674702258,0.0,0.0,0.08585561413072625,0.39886394258422875,0.2029009489332131,0.4330609243233573,0.2294263301270607,0.0,0.1711853458853688,0.24357017991237775,0.3285197183392328,0.19391231027684724,0.32717114832105737,0.05192048380681404,0.2901484531891963,0.22823747886193121,0.0,0.4301774782247695,0.2692814616154333,0.331698626960377,0.0,0.019615979119164045,0.12648886796429465,0.13258540175967842,0.295762308679543
0.4028174601351531,0.39112693321887443,0.17038648926101224,0.2573246532239055,0.21430734744627017,0.19180251822886246,0.34691304027137676,0.36860768175437997,0.24904609519341026,0.8798978628419352,0.303117224034519,0.49488480632640935,0.33440887995529806,0.14991442493658225,0.2923092452376343,0.5720293324675895,0.4394464078989626,0.41605940170970745,0.19371142832426952,0.423753813944838,0.20221202111892075,0.48259821866373825,0.1664857819748345,0.7341746178520981,0.33776447607027654,0.5186703780178094,0.22234401194083092,0.5349733363856167,0.4261819185442695,0.589135900331711,0.37457031433561194,0.0,0.3358587643243907,0.4454101084222638,0.27450801930991464,0.6936762437017387,0.6470766061160699,0.2083807711164653,0.37418541088324697,0.153002608899328,0.3963780482335648,0.20544252917059327,0.2186620167489319,0.23552667915608405,0.44975125166599006,0.3030889494321833,0.2058961260432226,0.0905735777656638,0.2198071580777661,0.33874691794912837,0.0,0.22057859753434067,0.07991932046211385,0.03783110085896793,0.6856165118840416,0.30217460981230343,0.1458108680413176,0.14659400663948946,0.2533773747270533,0.12620079225592468,0.23077499047898467,0.4891913026838142,0.26203479117617123,0.2591262434697363,0.023489139018249283,0.16729600454626453,0.19099295218445383,0.0,0.5875780855203226,0.33961498656482064,0.33740148927629376,0.0,0.424931925213716,0.06017897640011513,0.04884949182330263,0.42866436359265825
0.22370186831705574,0.21739238047112552,0.2033246671099211,0.19185749230166677,0.18886964478706328,0.4251182382652824,0.1689311367615709,0.3846892474646555,0.19356152963841478,0.7430668859393826,0.28629699648406176,0.8266964253342532,0.28600615060223655,0.32178705432798493,0.36047024321146226,0.3312865757215488,0.41613925470524804,0.13567132690686154,0.2794227409658655,0.21040817013170238,0.07881124692236548,0.38550322374497753,0.3179735964000878,0.518387442160399,0.28276180092597536,0.3689938088708886,0.2715941799524896,0.5105897531900668,0.0,0.0,0.40095825290015996,0.3358587643243907,0.0,0.312251866636657,0.34570022872468054,0.18614773790757977,0.3545280764250529,0.7364883010460072,0.20291966632833328,0.2788729183356447,0.46191237484143904,0.5218406004544601,0.5092868563004009,0.36605503112549015,0.6136896791485057,0.20044075235415992,0.12681731832337884,0.5354317662753333,0.0,0.384370140575521,0.25155692891124554,0.509130938174669,0.2137885617764127,0.13679243147020814,0.3559744302101035,0.4867154699315952,0.4246649968030859,0.5365217178465246,0.0,0.1690981372501405,0.17851510790743683,0.38277903375586136,0.2699432423291953,0.8218948835601501,0.0,0.20451677408611774,0.15276247725290665,0.0,0.6272620643539524,0.42780333537076826,0.4060990198529033,0.09062146123403453,0.657788866250693,0.2206628320972557,0.0,0.33711058124860205
0.028175495810830342,0.28795678508310585,0.19438186059843543,0.26718196216475365,0.17642690601005184,0.21001592374252603,0.21754629687623742,0.1911851407316551,0.24894112370755977,0.7827531992698148,0.19266955187793522,1.0,0.2801403670632817,0.4430655460301667,0.29040824325886055,0.26548316709578484,0.4097144836171905,0.3124232873302149,0.16978119761428795,0.45124809606544103,0.19347050822692244,0.4282863110330421,0.21722838461787078,0.7080854970409648,0.3034261573266764,0.3605881956809965,0.2673558081139223,0.32455174136627096,0.36017616069947783,0.5395040946186539,0.5362992731115274,0.4454101084222638,0.312251866636657,0.0,0.2736940479972819,0.2655361472199277,0.4309757120689455,0.5151924191395371,0.39509717602103533,0.5772131135227718,0.6814305395111231,0.2764835981753585,0.12482155864078265,0.374269634784243,0.6360634000265382,0.27409829738539604,0.16075777962468746,0.16333645866432756,0.34723219369108754,0.5215094548317526,0.06632641637935335,0.3002980815356965,0.02921525803332759,0.062445872886822906,0.6236465286935075,0.4206666754840784,0.5682986403422521,0.23579090094861452,0.5886925878460304,0.2089770241232352,0.16748010276020597,0.2686846925569668,0.23614332654752623,0.2380845960072373,0.09819002119436407,0.1880601295376556,0.19722684073859814,0.0294015268418909,0.5671663448425234,0.2964220059483417,0.29933498624111815,0.0038058153932630026,0.36565239910592723,0.1302753338810065,0.25243212014412364,0.47015226038651636
0.19043310365784188,0.40459348474965434,0.05289446252044936,0.18633594150139884,0.02887779625735852,0.3173845375014359,0.12613877431724774,0.19254898766628561,0.1709587143242101,0.7147381189705427,0.06621102860537435,0.7710061726682624,0.2056075500828002,0.3056508589354791,0.37168969285906184,0.38955377674145003,0.41994871842197995,0.2728500653519762,0.0,0.45629780723253277,0.26104869016210175,0.4837332234328561,0.23483773267554497,0.5473870536531928,0.12824997626726609,0.40848908244553234,0.3224349283566217,0.39382697017680696,0.3392017968799442,0.30697989990375124,0.6466786244106056,0.27450801930991464,0.34570022872468054,0.2736940479972819,0.0,0.33461734578994456,0.28487028879622384,0.8005704757503378,0.17380929348845017,0.5703459721557188,0.40121807211332733,0.23444588073324502,0.22492936889435208,0.2610772597534696,0.34776436109221964,0.4182534516359877,0.2143243910021581,0.2928343402925558,0.5299223527316265,0.2115112713752234,0.26953872699368847,0.41649822112218904,0.2288518977904764,0.19277101186608772,0.7500471029887568,0.3617249102460566,0.7546416806618196,0.5991797184287204,0.6288870429532929,0.24082403244292644,0.21312222710148662,0.19751028370446053,0.18980728698811686,0.2924072775756649,0.20905626910899616,0.23052653362950287,0.27575080876988595,0.05282093000456183,0.6860793519484294,0.38392893459495914,0.3345690982712814,0.14079347885105387,0.5237294498482361,0.14597779696977545,0.33631780832332275,0.7250780961155505
0.5171469085030043,0.4654117770350442,0.34028379486567933,0.3048375615519846,0.24542909585114264,0.42623097970148127,0.6732813514738385,0.8903566783027705,0.2829551936010368,0.6634392367192089,0.4683724696987917,0.4490523952908123,0.3484366486669328,0.3160351971321282,0.5333099850498869,0.6098544074015606,0.42420822600273245,0.5523787143284543,0.3679210634274632,0.5724244064556061,0.5135117810890268,0.47154361616144147,0.5893553880429153,0.17087044835638066,0.34867969204534777,0.21447099314055237,0.29283601383035684,0.5306876437588219,0.5393340886179497,0.4913342105463432,0.35433284177131497,0.6936762437017387,0.18614773790757977,0.2655361472199277,0.33461734578994456,0.0,0.5725880662601761,0.373388997547717,0.11265847973496433,0.34365781815501434,0.10910174852343249,0.040867816128317094,0.36376917115930885,0.1782516150259122,0.5600063204460654,0.0,0.41176447489442475,0.40866294425253746,0.46177699409904027,0.3147092156097616,0.0,0.0,0.35744168894929357,0.0,0.5474456242184359,0.2858960684343892,0.07067130876998026,0.0,0.18168292945597384,0.3874697587184385,0.3706182917504416,0.0,0.979984816789361,0.1777499880352821,0.26442686868587145,0.3886044931057608,0.4769047593257388,0.19822439359944097,0.4886887801751515,0.521142756457462,0.5219741618697091,0.0,0.03335053563864219,0.3773933880640217,0.4400049259345144,0.5580034208594989
0.5212797031693309,0.0,0.1343877997950036,0.3028108249618173,0.09989487336904906,0.2001023146929068,0.6451523862785709,0.42009473717262985,0.19546081216679287,0.23729581948273482,0.22910406161533423,0.5087409126175051,0.399255914353614,0.14186119204277806,0.5629449236381735,0.22387586770243184,0.3730841203198638,0.4226305718948172,0.04493921982697458,0.36539504206705764,0.2060771851942679,0.6014958899442985,0.20236076723937302,0.15860326950985681,0.44641470660261745,0.37151270943154985,0.2202554166175193,0.26894468634052177,0.3665309106970094,0.27130886537469073,0.5220862403370179,0.6470766061160699,0.3545280764250529,0.4309757120689455,0.28487028879622384,0.5725880662601761,0.0,0.5797306820157123,0.1496765161699159,0.18043013077062942,0.17774035484487352,0.1805583374049274,0.26353759592458675,0.4921631617895733,0.36390534515675954,0.0,0.0,0.43152658137998523,0.40790898932836456,0.0,0.07827335251759165,0.466490715885257,0.49243271593604127,0.4055510612882244,0.28616921817181046,0.4934337208913837,0.28046417509010724,0.05160655003576581,0.0,0.4747540089696187,0.0,0.0,0.0,0.4211794093113665,0.4839453253256893,0.0,0.0,0.047139749872634376,0.48624781877556705,0.0,0.28344023946641816,0.07056939594613965,0.2344906042671681,0.5224253680291955,0.0,0.33557938546456484
0.2797179970984719,0.0,0.11030831996873593,0.3348117137126245,0.05384100055417018,0.12666016945403513,0.3085050036528895,0.27257848109232197,0.15877216292717083,0.6155412479445388,0.12521318415414834,0.7382378986066878,0.26540380424758314,0.3746548116290296,0.4011239905873629,0.45259068732725616,0.4615714253531741,0.38816393806249605,0.1446277554853651,0.6770635935918917,0.5113921630503865,0.45292035979038336,0.43756795988845953,0.6678254602945464,0.7085564404543616,0.626927354509914,0.1393888513341975,0.3611924058058819,0.2893389746715281,0.4908126810460412,0.3685902527054444,0.2083807711164653,0.7364883010460072,0.5151924191395371,0.8005704757503378,0.373388997547717,0.5797306820157123,0.0,0.25507782651049205,0.5521027651335091,0.3747231311346987,0.4316305858012966,0.23293988636856713,0.23869095667658702,0.5850744971125285,0.542680037994816,0.0,0.6253159440105427,0.0,0.504888276563684,0.38283636341145666,0.2105852380438766,0.0,0.4244759551350878,0.5119969959621258,0.31897205664942097,0.6802958903357647,0.34637767662992874,0.0,0.5418514101125799,0.6167686207305745,0.34648845311267484,0.41830411471265544,0.45260145520476225,0.4605235696406008,0.0,0.4662657360219379,0.46517655756440063,0.5091362043527121,0.39114847859358653,0.5977869002642632,0.27600881899177887,0.5393212010623673,0.6488150065791639,0.0,0.41031321962658884
0.32489433379658716,0.06569258572110008,0.2032444061350781,0.10237895828072817,0.0026780958248701775,0.03603120560257913,0.19419177113228486,0.03574511236793812,0.0,0.656819477862013,0.2101403345088251,0.618955474802298,0.18155370561422432,0.3174718260532308,0.1468230160730463,0.3001920927100394,0.47490238913126426,0.33490839409013023,0.27181048066548696,0.13947749978326607,0.277288304993572,0.19137096009582688,0.018712111818499966,0.7519560926190882,0.2955418566903643,0.31360574264553465,0.054733495494229345,0.35006942999801716,0.052583354115793304,0.35679984903554285,0.36760582168402417,0.37418541088324697,0.20291966632833328,0.39509717602103533,0.17380929348845017,0.11265847973496433,0.1496765161699159,0.25507782651049205,0.0,0.3189133525364756,0.5120395921955723,0.15234402127278407,0.48200531346929437,0.4401322705374932,0.28424889325281866,0.2685519632393525,0.38574174987737714,0.04180910569555714,0.4797514591743156,0.6185588521700596,0.17900054804145316,0.2636145213458837,0.3437384167833867,0.11175821554129937,0.23603779941279635,0.39517944144321593,0.3027754378079348,0.4071372621412901,0.1434935094292972,0.261301256558153,0.44870561875239523,0.48067436113875056,0.49789188287309244,0.08037266510383545,0.4023479434742073,0.17949928674324397,0.3770619677391075,0.027649908044077076,0.656168241866454,0.3334139519830295,0.4520409762553187,0.24363005635913856,0.5084580202205241,0.44354521888321896,0.206027670876396,0.4816688177792098
0.19619494976248475,0.10990304246715135,0.6179496242799652,0.3724206766230336,0.736844833733802,0.25147224760898446,0.5328015737598868,0.21498115170608514,0.4765600630839396,0.4004213898213756,0.40355062660556884,0.34524394926393354,0.4458521004055982,0.0,0.22579797834237758,0.22102615699542455,0.0,0.27067074462834506,0.6146654279218524,0.08725348060535223,0.22686879138932778,0.14200012724176275,0.0,0.5569414957893776,0.23767946028344833,0.2106399423869782,0.09606952799295876,0.29187088620154006,0.08543622110751388,0.48716555108855364,0.38885959738507736,0.153002608899328,0.2788729183356447,0.5772131135227718,0.5703459721557188,0.34365781815501434,0.18043013077062942,0.5521027651335091,0.3189133525364756,0.0,0.28313462919590887,0.1560440773150095,0.3642167800894413,0.3042212439323714,0.1814966020892401,0.043916619361246315,0.20485401408329165,0.2730611332122336,0.4554454927858867,0.041949138430518534,0.3446976466583059,0.43846911992320237,0.1701730490916568,0.16577012183603804,0.5990354340558735,0.18342521115079588,0.31189636272372506,0.2561238103718363,0.3386981566233007,0.2963783910588508,0.26005425812293986,0.4059119433458011,0.3652205055003923,0.2328433077919469,0.33362069356441415,0.08032336560354636,0.2517640498486759,0.14601760650634,0.2704889396090215,0.1541494696099568,0.3668298910590161,0.22433453521836996,0.28503124918786266,0.5638266741333122,0.34284172814052205,0.3086207747427364
0.23840311012306722,0.0,0.26145101935474213,0.2564694004363945,0.4127215551878196,0.03387065682026846,0.4714840245096199,0.08441081943614517,0.3807420447398283,0.6473778558202543,0.25138919287036954,0.5092441509402408,0.3606020798351596,0.6059307250845833,0.12193974503288937,0.14880342863203314,0.2872850913016812,0.27191528287915917,0.5027875625953123,0.1330531305574095,0.1268900274611708,0.1842397701386664,0.0,0.6691577129362517,0.215352056681578,0.22445850062467781,0.0,0.44581539712746276,0.0,0.2659099416688132,0.43102765358154493,0.3963780482335648,0.46191237484143904,0.6814305395111231,0.40121807211332733,0.10910174852343249,0.17774035484487352,0.3747231311346987,0.5120395921955723,0.28313462919590887,0.0,0.39134673158146716,0.43914754635863806,0.6264593385379325,0.35108318180104897,0.2508658154333503,0.325637941444832,0.06089110287504619,0.5014430240757765,0.36661492127291817,0.23417809176800514,0.39568095684831417,0.13483428469381473,0.14392139550410335,0.719665186742682,0.24280316354898462,0.6143831919970071,0.44792939824753863,0.4017050174923968,0.28570700260646403,0.28786961682913376,0.5996754724284116,0.483467707556457,0.17120489760968902,0.2820769151178744,0.14939705009443335,0.3230587390824308,0.003460265614454165,0.3316150725884952,0.2883121249933974,0.34998853644686073,0.1178409452398131,0.5163985034654172,0.3179484211033063,0.08370522928223564,0.4548207764489883
0.2861418617510958,0.16689337729055573,0.539716090013519,0.010497302497586923,0.5961328537767857,0.01736726973795501,0.3910820253298184,0.16278349956401028,0.2166897760624788,0.4109684745274329,0.24510014119758114,0.5193819737321588,0.5750772757762916,0.6880877481601134,0.10995390328009727,0.2860939114931481,0.3114429688132246,0.28295777293093594,0.11648856050213471,0.0706547684479508,0.17062192812720048,0.06143577297448488,0.054772310012070696,0.5089460815835312,0.2507093804405592,0.12432498449755774,0.0,0.01513382278679002,0.0,0.49174401114174643,0.5532522783142678,0.20544252917059327,0.5218406004544601,0.2764835981753585,0.23444588073324502,0.040867816128317094,0.1805583374049274,0.4316305858012966,0.15234402127278407,0.1560440773150095,0.39134673158146716,0.0,0.3077841872499862,0.38547542417175534,0.41022416101032066,0.3343698856069233,0.44176921900792687,0.0,0.2623644335971761,0.3001141063520432,0.1468856191305805,0.3853797637553237,0.2707377652544739,0.06879402945539537,0.5169983962789879,0.17062091690841502,0.2877798481672151,0.39338852806509994,0.5467723840235131,0.29124334445555683,0.4138151699174838,0.3623635298571096,0.5566425532416449,0.1378889541646963,0.2101223233455483,0.23231740495463982,0.2975625644303514,0.0,0.3404299332515705,0.3324106831538574,0.30911015482029636,0.17932488550864442,0.402236835259544,0.2581320918106116,0.23286905869525604,0.6127625668111221
0.38637625594503605,0.4236631988774842,0.4141733516298297,0.5799237869731366,0.34965977857089886,0.08479561871133531,0.12418431037628316,0.30548765820968643,0.2542932687322833,0.2479380341827102,0.3862401606782585,0.2029677345718967,0.2073267540754316,0.38062438463986736,0.38216028598247775,0.38544697136023776,0.0,0.0,0.3882323403108912,0.3934487435204285,0.44504579813291,0.37808703221700446,0.3682807988785476,0.4789596982521167,0.4044430523547763,0.17143286745848477,0.28495505116006653,0.0,0.27914066577618574,0.49261998106964733,0.505529979697558,0.2186620167489319,0.5092868563004009,0.12482155864078265,0.22492936889435208,0.36376917115930885,0.26353759592458675,0.23293988636856713,0.48200531346929437,0.3642167800894413,0.43914754635863806,0.3077841872499862,0.0,0.3778629904226532,0.2099051625164984,0.39878539411701747,0.5651798034828341,0.24102897498311399,0.33509783767870704,0.4752073152306472,0.31822902918256546,0.3200176580881883,0.5352454788853852,0.2813341466431838,0.6573500101776182,0.4478643220383074,0.3312469279332205,0.3927280873833343,0.26399207805920255,0.5951662822483316,0.20154686277541073,0.2340773517616469,0.3671775447581992,0.34598145525665913,0.45225876064945336,0.4536036466450808,0.2926759248698358,0.2650489598100382,0.3491713916989507,0.3184888697970023,0.7042107199916617,0.423669858902927,0.4846757611552391,0.6637100731775664,0.19819404376437222,0.4731803293729458
0.0,0.0,0.0,0.0065376615325994335,0.8590962913457083,0.33667391408126845,0.7568297515291403,0.44037888065469144,0.0,0.2340996731007483,0.2912056747156755,0.4345555263622434,0.07384049987284072,0.533428832495255,0.5589842123710533,0.0,0.0,0.0,0.46621394899155716,0.07426498422290007,0.0,0.004013715883472907,0.0,0.40907573463928787,0.0,0.534130029695497,0.0,0.2552662652588812,0.09448066874809741,0.5961982534595622,0.2647334263577326,0.23552667915608405,0.36605503112549015,0.374269634784243,0.2610772597534696,0.1782516150259122,0.4921631617895733,0.23869095667658702,0.4401322705374932,0.3042212439323714,0.6264593385379325,0.38547542417175534,0.3778629904226532,0.0,0.2816638722579994,0.0,0.26823766087760725,0.0393406506623513,0.5431297201730519,0.2720717112192564,0.13871917342799434,0.40050180386266443,0.21987334149043194,0.17921443822152971,0.5779258399939871,0.39392583566959105,0.3163970790343719,0.5234566255384638,0.24137618629327626,0.2054217800561579,0.0,0.4191131406905808,0.44221283376360576,0.22536059469506622,0.2656047410953815,0.2157789853908786,0.41054160355356156,0.19401011859007133,0.2911056282565934,0.25117963485104444,0.740440838378589,0.27965026335151916,0.5826161640265743,0.5529264215576809,0.3971579481943718,0.45280948459393905
0.49005987590313804,0.0,0.0,0.0,0.41669541617971195,0.1439391925906572,0.5640695586286987,0.0,0.19935044403502122,0.5986363073592557,0.2257977243058455,0.4938171175749558,0.45224228589584253,0.0,0.0,0.0,0.5568797194113609,0.5344952220465832,0.0,0.633832664571194,0.0,0.5936352421933279,0.5911239933018626,0.5959746410383427,0.22426032731438006,0.47251914556254837,0.3280499988190494,0.3709916495923322,0.44098471665781397,0.0,0.45171345958364645,0.44975125166599006,0.6136896791485057,0.6360634000265382,0.34776436109221964,0.5600063204460654,0.36390534515675954,0.5850744971125285,0.28424889325281866,0.1814966020892401,0.35108318180104897,0.41022416101032066,0.2099051625164984,0.2816638722579994,0.0,0.2773224355043725,0.5886133211011709,0.019212415963331342,0.2704712769740011,0.45742138522687836,0.09123291305896272,0.3394402523150712,0.292168011000558,0.05602330647133767,0.6674945127618404,0.18304426753781838,0.6724880581494435,0.3278985474118747,0.49171045646993045,0.4738435215351711,0.41554678614297025,0.4419284579222096,0.21595582891265222,0.10940249943313356,0.5792034608633101,0.09485154961379735,0.7172199717623464,0.4410394417425022,0.33640571923182194,0.21257394539092067,0.6123095539804184,0.3798529195814349,0.48037956721059566,0.4881493918840095,0.45297355339465695,0.35699432345076115
0.49515717445498414,0.18607176341726844,0.0,0.0,0.0,0.3841949275788193,0.0,0.4036533824669551,0.0,0.309492950751391,0.0,0.27971897082320185,0.3790660242614652,0.0,0.4521217549330016,0.2969169039142429,0.47264655254780275,0.3501419683235779,0.0,0.4692599800264951,0.4395225507241263,0.37663835876408447,0.2843406824601021,0.3317450116993141,0.42796411326611467,0.42290375196034924,0.3496712757145435,0.4801238647217704,0.33838324942431625,0.0,0.2050519043740964,0.3030889494321833,0.20044075235415992,0.27409829738539604,0.4182534516359877,0.0,0.0,0.542680037994816,0.2685519632393525,0.043916619361246315,0.2508658154333503,0.3343698856069233,0.39878539411701747,0.0,0.2773224355043725,0.0,0.25937625602101694,0.2558916082955413,0.0,0.4623085078735968,0.20540998320354317,0.211524380134875,0.201918597203893,0.1381855966651756,0.29795577946840657,0.13889813326184974,0.5121050812898148,0.18528777287721737,0.21268490530496928,0.2348606014827025,0.28358524328853696,0.203671700147899,0.33672201066365864,0.0,0.1406210171534985,0.14060579508686752,0.3331302897587998,0.19952139460827997,0.17026615646887702,0.3121791546554253,0.558132019514397,0.24782764612767602,0.214707019075203,0.37381540087262677,0.515946225192474,0.13003374944611382
0.11595770219584405,0.0968305889203773,0.6251001814643022,0.0,0.36982565691980107,0.19282477711795393,0.1721465027119785,0.2326907984869991,0.14111814920128646,0.33763503461077127,0.0,0.3695907407075063,0.33436085311383185,0.0,0.44331621806164956,0.302587823095988,0.3820631801599109,0.3138604446406468,0.0,0.1551889749064962,0.0320986374029488,0.26828394503207126,0.07897323825073388,0.3176967727108419,0.2477483910718884,0.3264493219559688,0.08452343963222238,0.26052998824184326,0.21252461405193795,0.0,0.1720720392914211,0.2058961260432226,0.12681731832337884,0.16075777962468746,0.2143243910021581,0.41176447489442475,0.0,0.0,0.38574174987737714,0.20485401408329165,0.325637941444832,0.44176921900792687,0.5651798034828341,0.26823766087760725,0.5886133211011709,0.25937625602101694,0.0,0.20212690770803662,0.0,0.0940954601187642,0.4199349674483982,0.043926691528908476,0.3710675089074742,0.10874774649260807,0.4430867876731671,0.2970997954681829,0.5833194678412286,0.1070042306950604,0.6203974458690075,0.5488587564799607,0.5046718909453302,0.4943204579336403,0.42551056816454635,0.42397965526528425,0.5617792690851434,0.412191900504428,0.5905900777158622,0.3056069211982415,0.28316735967942097,0.6178011920571818,0.7009953855322889,0.4223277756049401,0.1859540852988512,0.6246580145304831,0.4888203294756725,0.4318152902058332
0.0,0.0,0.6083482669436637,0.461176770325531,0.263569440304127,0.09019546419657692,0.092807258937598,0.3950362389055894,0.35467453112743347,0.4522742920735233,0.5835500966440846,0.3181510433023935,0.07914779606686667,0.16605215136716556,0.18899066272980145,0.0,0.0,0.0,0.7065605806886243,0.0,0.18389558156692143,0.28701531111393624,0.49526273527268716,0.0,0.0,0.33255465499779,0.18124709347368692,0.07751863448810646,0.0,0.21509919751193113,0.1901845640648349,0.0905735777656638,0.5354317662753333,0.16333645866432756,0.2928343402925558,0.40866294425253746,0.43152658137998523,0.6253159440105427,0.04180910569555714,0.2730611332122336,0.06089110287504619,0.0,0.24102897498311399,0.0393406506623513,0.019212415963331342,0.2558916082955413,0.20212690770803662,0.0,0.0,0.3425399126235112,0.44510531733848885,0.21592678429084364,0.1444118533016652,0.5229052015150254,0.0,0.4247687592367042,0.0,0.14854856545487327,0.3970902035055618,0.2775847865454446,0.008145698527384143,0.21265967874666658,0.16459225137302125,0.35054794856769567,0.05630111462620768,0.16532490767921224,0.1640586524372112,0.460383837338325,0.2767866521703385,0.0950310684881607,0.23005947499738877,0.5595744045712094,0.0879525918869078,0.2138261867766979,0.2042060884031351,0.0865890905083972
0.0,0.0,0.5334086223220272,0.0,0.0,0.3281882172643907,0.0,0.0,0.4876009491559925,0.3966466299024961,0.4790506540916127,0.4690372357916767,0.0,0.0,0.0,0.0,0.0,0.0,0.0,0.0,0.0,0.49083370843264473,0.26871228725397517,0.0,0.0,0.0,0.2239157068445357,0.0,0.39233669267203075,0.0,0.0,0.2198071580777661,0.0,0.34723219369108754,0.5299223527316265,0.46177699409904027,0.40790898932836456,0.0,0.4797514591743156,0.4554454927858867,0.5014430240757765,0.2623644335971761,0.33509783767870704,0.5431297201730519,0.2704712769740011,0.0,0.0,0.0,0.0,0.3638169808971654,0.01733809365743301,0.20302098787197387,0.43872970674814793,0.28323090843473386,0.6924172516262801,0.33097680895681425,0.0,0.5274882626780313,0.32713884381319946,0.5122092169568551,0.0,0.0,0.38737326430895835,0.026451212677760946,0.26053397295572567,0.3652771910693122,0.34494379158909905,0.0,0.4026782890642812,0.0,0.2511766060035178,0.1479335898508916,0.6597074296560009,0.0,0.3956552143285231,0.3530453513430958
0.0,0.0,0.3202186556618301,0.0,0.3747662069202267,0.03345998765119522,0.13567855353567548,0.4518750164327092,0.2963287407199105,0.5431493598942941,0.22430870508789474,0.3825292400898748,0.43576503237508285,0.10823725399237438,0.0,0.0,0.0,0.0,0.21802173898916086,0.0,0.0,0.4730849497287313,0.2330492650592555,0.38766327683419777,0.0,0.0,0.15011813703433302,0.31436473859911274,0.24900422209355233,0.0,0.38536090820543334,0.33874691794912837,0.384370140575521,0.5215094548317526,0.2115112713752234,0.3147092156097616,0.0,0.504888276563684,0.6185588521700596,0.041949138430518534,0.36661492127291817,0.3001141063520432,0.4752073152306472,0.2720717112192564,0.45742138522687836,0.4623085078735968,0.0940954601187642,0.3425399126235112,0.3638169808971654,0.0,0.5499630664996102,0.38420869515798994,0.34902664664200994,0.5608096712382619,0.4132129481228057,0.3801820018102307,0.25609106471664683,0.2195152254421944,0.3649510339800279,0.34422500252740973,0.14395616777140569,0.290922286885472,0.2560986042400668,0.2530983240382039,0.24447279018987292,0.17273663052924165,0.1584410444864869,0.34603785241539214,0.41083422231033806,0.21127058978409086,0.1382671837447304,0.5785217909087998,0.4462506090408269,0.34890097321898805,0.38938147283313185,0.2688733520862134
0.21291436618417298,0.26214520676725306,0.16151690349433118,0.41406275938784437,0.020258167174718775,0.010898635846014651,0.0,0.05082567983090289,0.1269731537331975,0.27984697748786114,0.22074394763320404,0.3574694632176755,0.0,0.19373341813669348,0.06378951336254673,0.31851610711606904,0.0,0.1636943593742845,0.19681215278289904,0.0828191102278249,0.02005563300065137,0.33326385964790023,0.06688180594295393,0.3474886917366519,0.2818081538901879,0.3336056971294606,0.026539530700379184,0.006758284862726831,0.00386893715128369,0.17339927722942342,0.028109718674702258,0.0,0.25155692891124554,0.06632641637935335,0.26953872699368847,0.0,0.07827335251759165,0.38283636341145666,0.17900054804145316,0.3446976466583059,0.23417809176800514,0.1468856191305805,0.31822902918256546,0.13871917342799434,0.09123291305896272,0.20540998320354317,0.4199349674483982,0.44510531733848885,0.01733809365743301,0.5499630664996102,0.0,0.2836861253443693,0.20904139758043616,0.4647153876595766,0.17070211999760965,0.3193244998567418,0.346237087915801,0.2084236163771658,0.22230732547525098,0.27657135568004054,0.6837702894336982,0.519652277906037,0.6559257696429807,0.18600873526046396,0.7276483524593288,0.18943657338797634,0.6139548199441929,0.3239339050613081,0.4831325352942905,0.39593264428533476,0.38322396420926447,0.40014011979351716,0.1407397871237851,0.3395895168518089,0.16812409528348057,0.20188897681115306
0.0,0.26726337967236014,0.2044317292921455,0.0,0.0,0.011488865020903002,0.0,0.31385561609159374,0.0,0.24943711492758644,0.09684626523037305,0.38639687538605766,0.0,0.3139676521396962,0.0,0.15951680131136298,0.0,0.513540702022512,0.3307666849649311,0.3496080763854897,0.1667844307337435,0.31418297440321596,0.06069930921089486,0.36975133659036663,0.15366172162141667,0.18423285686478869,0.0,0.0,0.0,0.4738856499552675,0.0,0.22057859753434067,0.509130938174669,0.3002980815356965,0.41649822112218904,0.0,0.466490715885257,0.2105852380438766,0.2636145213458837,0.43846911992320237,0.39568095684831417,0.3853797637553237,0.3200176580881883,0.40050180386266443,0.3394402523150712,0.211524380134875,0.043926691528908476,0.21592678429084364,0.20302098787197387,0.38420869515798994,0.2836861253443693,0.0,0.12490151666930939,0.42731798501005785,0.4249873879506841,0.30196057318858527,0.3844992427603392,0.3427701952053265,0.10559481304551438,0.1001305273196849,0.21313673059175586,0.35057213732473347,0.3358141350224501,0.2584102714068926,0.10666799892051618,0.0,0.2323071327753021,0.19682805946809867,0.41831542101428776,0.15457928107404495,0.15862717902709939,0.3101129435759059,0.5332940114207291,0.29489972855731245,0.3021528685828094,0.37996648927392246
0.4883773715117712,0.2534273166052245,0.3893220842106033,0.3661473777625281,0.20256732795997764,0.18317156459503725,0.04054529977288585,0.2619501730689223,0.2909455002084308,0.32447714869430533,0.3213698249996575,0.5385676095612677,0.0,0.33823130358676634,0.05755368909782793,0.5335330902643696,0.0,0.5307592905322158,0.2784957283642191,0.0,0.0,0.0,0.3316949647963714,0.0,0.44920822808659167,0.1710454474840829,0.2474444627730849,0.0,0.0,0.10119709032883753,0.0,0.07991932046211385,0.2137885617764127,0.02921525803332759,0.2288518977904764,0.35744168894929357,0.49243271593604127,0.0,0.3437384167833867,0.1701730490916568,0.13483428469381473,0.2707377652544739,0.5352454788853852,0.21987334149043194,0.292168011000558,0.201918597203893,0.3710675089074742,0.1444118533016652,0.43872970674814793,0.34902664664200994,0.20904139758043616,0.12490151666930939,0.0,0.13020501438742949,0.20037289695137073,0.3244898751108442,0.27764729684905554,0.10626291475246452,0.22778022382983618,0.0,0.2586067589612927,0.3418833959957667,0.11024228022716412,0.2581314897805065,0.0,0.0,0.08755985563158725,0.2533094514707602,0.2828453082070618,0.25300635093536655,0.3391996933021167,0.17039726479839346,0.0,0.22284038611011506,0.16495353439673083,0.0
0.0,0.19521677048602104,0.45394629454838525,0.5339202970648012,0.0511835175990972,0.07051717425317564,0.2777589091472246,0.09212124926273714,0.2580425599067015,0.3295395209868141,0.41340344365993775,0.2168873274469311,0.041844349012443716,0.07530578532229122,0.5296534998016272,0.0,0.0,0.0,0.2905434625781409,0.1944223172789482,0.42351778602644313,0.18531809625246853,0.32230753245275295,0.38034784970044533,0.3606347623220049,0.14532126337100976,0.09531241666542928,0.07350458480121333,0.1241402787782958,0.0,0.08585561413072625,0.03783110085896793,0.13679243147020814,0.062445872886822906,0.19277101186608772,0.0,0.4055510612882244,0.4244759551350878,0.11175821554129937,0.16577012183603804,0.14392139550410335,0.06879402945539537,0.2813341466431838,0.17921443822152971,0.05602330647133767,0.1381855966651756,0.10874774649260807,0.5229052015150254,0.28323090843473386,0.5608096712382619,0.4647153876595766,0.42731798501005785,0.13020501438742949,0.0,0.19709614030355097,0.397962445243514,0.0,0.3003346183762794,0.4321245453392486,0.33398015940155334,0.21083665036126573,0.0381671645614422,0.16757716744408396,0.4742190814286371,0.09436813008938393,0.1659255925256657,0.1837701750135854,0.3220034976609638,0.2212482164341973,0.32080844925225266,0.14275375678801897,0.38806690069140354,0.18693203152982246,0.35268787477205454,0.3572797472815372,0.13566364138966658
0.37056511961699745,0.0,0.387035471254747,0.0,0.0,0.5627249409272099,0.3009420425113387,0.46373347661092157,0.2109508081108932,0.5164698467290515,0.26085662495786593,0.4828477013493871,0.5728402890727233,0.0,0.0,0.42654909120863777,0.3096792638718419,0.4093513880589506,0.6103945106586877,0.5870269034286795,0.47382701818689,0.35574138382012765,0.3203890540726148,0.48231041380008877,0.33153912697087323,0.4814531381229004,0.3987038898123024,0.4856182952767715,0.5026526091763532,0.5078741059828018,0.39886394258422875,0.6856165118840416,0.3559744302101035,0.6236465286935075,0.7500471029887568,0.5474456242184359,0.28616921817181046,0.5119969959621258,0.23603779941279635,0.5990354340558735,0.719665186742682,0.5169983962789879,0.6573500101776182,0.5779258399939871,0.6674945127618404,0.29795577946840657,0.4430867876731671,0.0,0.6924172516262801,0.4132129481228057,0.17070211999760965,0.4249873879506841,0.20037289695137073,0.19709614030355097,0.0,0.22221805323488106,0.7506251480486786,0.48197163229747697,0.5748836776223573,0.2059520466828314,0.4133470066819678,0.4081057244961756,0.44034255318293897,0.1281491582715992,0.4010642157060896,0.46560440645032997,0.30637602600814506,0.0469417045729674,0.43312962821240325,0.6533599434358784,0.62363984246946,0.3536329731351745,0.5233170074864556,0.48404926725242114,0.5544424418689586,0.4635002338816687
0.0,0.0,0.6088163770784359,0.30874094606253016,0.3154012080881984,0.11298357749124492,0.08615642415610031,0.30081860178425623,0.23513689290534212,0.20769910178790818,0.3458723894736417,0.23347033148068025,0.2066613907377508,0.32807741512990946,0.0,0.0,0.0,0.0,0.6209117654307285,0.0,0.0,0.0,0.5219235487398801,0.38796858147471747,0.49347853936545594,0.0,0.25657885051452445,0.22316827143099566,0.33497024534589565,0.0,0.2029009489332131,0.30217460981230343,0.4867154699315952,0.4206666754840784,0.3617249102460566,0.2858960684343892,0.4934337208913837,0.31897205664942097,0.39517944144321593,0.18342521115079588,0.24280316354898462,0.17062091690841502,0.4478643220383074,0.39392583566959105,0.18304426753781838,0.13889813326184974,0.2970997954681829,0.4247687592367042,0.33097680895681425,0.3801820018102307,0.3193244998567418,0.30196057318858527,0.3244898751108442,0.397962445243514,0.22221805323488106,0.0,0.309629838809087,0.2935925696675288,0.44587702630857784,0.0,0.610374814879298,0.08667457549316483,0.2925894625670884,0.3225874445008233,0.6166031242637362,0.20928345388270703,0.0,0.30881150200696067,0.4158985804879384,0.14350460338662563,0.1681982964840692,0.36221085906783845,0.2743484069647902,0.22783205172220877,0.36388623094450706,0.20781550195793108
0.3560326767880678,0.28574443083356416,0.3933481111055131,0.41868656796697057,0.31775832397918213,0.198693642882677,0.41800556642763154,0.9687909380284594,0.14716964157056714,0.5415570954369711,0.2366118613872881,0.5926524368948467,0.3065979086053056,0.5599672186280517,0.6159006332084462,0.22462435894157046,0.2855365509451879,0.2746772097604166,0.38204620348533175,0.5245681674130962,0.4033445823077286,0.31914134145112344,0.24434811920672814,0.6622282645269466,0.35461525161775,0.5552612148979477,0.2079201914078862,0.3720451543126108,0.44315484301013625,0.0,0.4330609243233573,0.1458108680413176,0.4246649968030859,0.5682986403422521,0.7546416806618196,0.07067130876998026,0.28046417509010724,0.6802958903357647,0.3027754378079348,0.31189636272372506,0.6143831919970071,0.2877798481672151,0.3312469279332205,0.3163970790343719,0.6724880581494435,0.5121050812898148,0.5833194678412286,0.0,0.0,0.25609106471664683,0.346237087915801,0.3844992427603392,0.27764729684905554,0.0,0.7506251480486786,0.309629838809087,0.0,0.38338344373121375,0.27500446914081317,0.5244596150935793,0.3823321567645174,0.4559428574807353,0.42473123746020186,0.14894397503502702,0.6635902255585824,0.43712703446714035,0.5619660981915428,0.15436358297101688,0.42449272769748825,0.6657476202610476,0.5546314348362678,0.09326094917058217,0.6247308048258345,0.4496180077178183,0.4645608576508543,0.6707714175196705
0.2594236750323005,0.253325657718975,0.14026665567066293,0.3800418385838959,0.0,0.01552289878616736,0.0,0.0,0.22333411960420202,0.32164022020189376,0.23403762461363847,0.4189203288426607,0.0,0.4438336361146657,0.0,0.22469447056376168,0.5104238910236701,0.23924193898419188,0.29604889372758897,0.0,0.15252157384453022,0.21077754726363815,0.04307271501173016,0.33994340669692114,0.14577206107132534,0.35489054154489386,0.06376860516272453,0.0,0.0,0.09771787268848545,0.2294263301270607,0.14659400663948946,0.5365217178465246,0.23579090094861452,0.5991797184287204,0.0,0.05160655003576581,0.34637767662992874,0.4071372621412901,0.2561238103718363,0.44792939824753863,0.39338852806509994,0.3927280873833343,0.5234566255384638,0.3278985474118747,0.18528777287721737,0.1070042306950604,0.14854856545487327,0.5274882626780313,0.2195152254421944,0.2084236163771658,0.3427701952053265,0.10626291475246452,0.3003346183762794,0.48197163229747697,0.2935925696675288,0.38338344373121375,0.0,0.0635600613535975,0.0,0.2826699899322242,0.47819543688801625,0.3705819364845183,0.2412809180119581,0.3771067148605125,0.0,0.3777367875468087,0.12818430988084845,0.5180184300227144,0.31059036104776,0.3245566189751572,0.1736272478694285,0.3246575879105756,0.40677087528090744,0.4007706555286327,0.4191850807217036
0.0,0.0,0.276141445443099,0.0,0.2682167609335929,0.3952554750872002,0.27194104533240065,0.1859883586037036,0.3286047586265951,0.0,0.3295935024911794,0.5237250013341379,0.30152983917287574,0.15860290378390457,0.53252616114269,0.0,0.0,0.0,0.09246716915687232,0.0,0.0,0.0,0.3074859172030134,0.0,0.0,0.0,0.43879380467635304,0.4315549024216524,0.6640040799766516,0.0,0.0,0.2533773747270533,0.0,0.5886925878460304,0.6288870429532929,0.18168292945597384,0.0,0.0,0.1434935094292972,0.3386981566233007,0.4017050174923968,0.5467723840235131,0.26399207805920255,0.24137618629327626,0.49171045646993045,0.21268490530496928,0.6203974458690075,0.3970902035055618,0.32713884381319946,0.3649510339800279,0.22230732547525098,0.10559481304551438,0.22778022382983618,0.4321245453392486,0.5748836776223573,0.44587702630857784,0.27500446914081317,0.0635600613535975,0.0,0.0,0.5031646252506097,0.5064967733634145,0.5569291170034999,0.36819287087648217,0.5047427189937379,0.3339219960855652,0.365968266033317,0.35515591077723585,0.2668987977184385,0.4485029328431071,0.47093929065045315,0.2227905205538225,0.349708620322052,0.4457791690127729,0.47608441560871784,0.32211280766181005
0.31512147406001517,0.04598623950382065,0.5837707612618606,0.0,0.3627450159019149,0.0,0.19165472568118175,0.0,0.19196181341109744,0.4384137066597155,0.0,0.39590831254560127,0.0,0.0,0.43423238364720007,0.23788994970170418,0.6668846690594955,0.3425119746340422,0.0,0.16342384020832224,0.262989134708963,0.29914933496479346,0.11704468366810561,0.6077789350705232,0.364361891022854,0.3966363891579181,0.0,0.0,0.0,0.34254689503276287,0.1711853458853688,0.12620079225592468,0.1690981372501405,0.2089770241232352,0.24082403244292644,0.3874697587184385,0.4747540089696187,0.5418514101125799,0.261301256558153,0.2963783910588508,0.28570700260646403,0.29124334445555683,0.5951662822483316,0.2054217800561579,0.4738435215351711,0.2348606014827025,0.5488587564799607,0.2775847865454446,0.5122092169568551,0.34422500252740973,0.27657135568004054,0.1001305273196849,0.0,0.33398015940155334,0.2059520466828314,0.0,0.5244596150935793,0.0,0.0,0.0,0.5863112536336486,0.2878929295508417,0.4205422116819237,0.0,0.5065773198114619,0.2510158563962289,0.6194258948624755,0.38902449349655255,0.4153528886054234,0.421858527681763,0.5526195471508996,0.542201665524761,0.08844655060803744,0.21426943957023378,0.3098840011307669,0.23843777295323912
0.15675179357858562,0.11070315720416077,0.0,0.0,0.4668563853937999,0.11699730705638137,0.3202412743942193,0.26133696993746214,0.5955040957193205,0.28504118537238793,0.0,0.34547768381977717,0.19709988071449716,0.0,0.312570368310291,0.2910141710376118,0.27233080623241457,0.3053041083637434,0.0,0.14652734013304697,0.0,0.2415510776278324,0.09627996262270962,0.2534385193148153,0.26926192728313336,0.3057427594302197,0.08410592368092296,0.19642998136237927,0.13707255494798015,0.0,0.24357017991237775,0.23077499047898467,0.17851510790743683,0.16748010276020597,0.21312222710148662,0.3706182917504416,0.0,0.6167686207305745,0.44870561875239523,0.26005425812293986,0.28786961682913376,0.4138151699174838,0.20154686277541073,0.0,0.41554678614297025,0.28358524328853696,0.5046718909453302,0.008145698527384143,0.0,0.14395616777140569,0.6837702894336982,0.21313673059175586,0.2586067589612927,0.21083665036126573,0.4133470066819678,0.610374814879298,0.3823321567645174,0.2826699899322242,0.5031646252506097,0.5863112536336486,0.0,0.43412761871054495,0.4024052387068519,0.9858355995837351,0.28922540084776227,0.35254139268594864,0.23803228269486937,0.2173284038186451,0.31172457507306073,0.36082269992366106,0.5081162864176735,0.5415150075113377,0.23464633186724806,0.5429868371548181,0.4737499564256055,0.3490918359670868
0.2724419495662002,0.31636735363713303,0.0,0.0,0.0,0.0,0.0,0.0,0.0,0.3980023413881958,0.0,0.4750653091391401,0.26400850769162215,0.0,0.46501379946298754,0.28375097067851157,0.3020253600325748,0.2805908387904915,0.0,0.3858538350902589,0.0,0.3260934323451038,0.6400975651676266,0.24536508482200184,0.2571732298395768,0.3598640840986006,0.0,0.4307669854228304,0.5001470242971082,0.0,0.3285197183392328,0.4891913026838142,0.38277903375586136,0.2686846925569668,0.19751028370446053,0.0,0.0,0.34648845311267484,0.48067436113875056,0.4059119433458011,0.5996754724284116,0.3623635298571096,0.2340773517616469,0.4191131406905808,0.4419284579222096,0.203671700147899,0.4943204579336403,0.21265967874666658,0.0,0.290922286885472,0.519652277906037,0.35057213732473347,0.3418833959957667,0.0381671645614422,0.4081057244961756,0.08667457549316483,0.4559428574807353,0.47819543688801625,0.5064967733634145,0.2878929295508417,0.43412761871054495,0.0,0.4200177199314287,0.15794598354520809,0.4022522757775212,0.2735887170674042,0.3987997592224085,0.10594430163039885,0.4177978163808719,0.6290176983943871,0.6007546388493966,0.45400923561735623,0.45253996205441765,0.5639622759513941,0.4884276551575713,0.35399158370521827
0.23278158088445744,0.24652844760486173,0.0,0.0,0.0,0.31887932194042723,0.5284148168242564,0.6198915040767659,0.0,0.3028346574326834,0.0,0.47707086301389534,0.16628397564286773,0.0,0.47427647245224214,0.34723771262117803,0.298915478960643,0.29532433265846797,0.0,0.2900488887975961,0.4424840827283438,0.1753811413551344,0.1672947188020173,0.31064248513386333,0.3016219203772947,0.30683361620100713,0.12636160699685706,0.17677660012549223,0.169161163154679,0.9761291628136892,0.19391231027684724,0.26203479117617123,0.2699432423291953,0.23614332654752623,0.18980728698811686,0.979984816789361,0.0,0.41830411471265544,0.49789188287309244,0.3652205055003923,0.483467707556457,0.5566425532416449,0.3671775447581992,0.44221283376360576,0.21595582891265222,0.33672201066365864,0.42551056816454635,0.16459225137302125,0.38737326430895835,0.2560986042400668,0.6559257696429807,0.3358141350224501,0.11024228022716412,0.16757716744408396,0.44034255318293897,0.2925894625670884,0.42473123746020186,0.3705819364845183,0.5569291170034999,0.4205422116819237,0.4024052387068519,0.4200177199314287,0.0,0.21097575384655193,0.38633937825809544,0.24420722055507052,0.31748525478976114,0.28735355493944126,0.40938132775243163,0.4317654549240299,0.4096427329413819,0.5013660770398678,0.38847106246817237,0.5113978777609633,0.31336583656668504,0.4176084989139065
0.0,0.0,0.515263663194262,0.0,0.19952216538149475,0.14331544115615863,0.5268010846903765,0.43997859964200864,0.2597020138000411,0.49975903807923133,0.31633882242349554,0.2517194645752331,0.4513798068344582,0.18335328594325317,0.0,0.0,0.0,0.0,0.5008180741275149,0.0,0.0,0.0,0.5539507418734332,0.3837361999112339,0.0,0.0,0.4359970576391557,0.4730567551390358,0.39574743311206567,0.9480652139882408,0.32717114832105737,0.2591262434697363,0.8218948835601501,0.2380845960072373,0.2924072775756649,0.1777499880352821,0.4211794093113665,0.45260145520476225,0.08037266510383545,0.2328433077919469,0.17120489760968902,0.1378889541646963,0.34598145525665913,0.22536059469506622,0.10940249943313356,0.0,0.42397965526528425,0.35054794856769567,0.026451212677760946,0.2530983240382039,0.18600873526046396,0.2584102714068926,0.2581314897805065,0.4742190814286371,0.1281491582715992,0.3225874445008233,0.14894397503502702,0.2412809180119581,0.36819287087648217,0.0,0.9858355995837351,0.15794598354520809,0.21097575384655193,0.0,0.0,0.37621584016993326,0.7516185531501431,0.4554605939576912,0.34644463313286283,0.21538047949824002,0.18186465953000666,0.4779024316470628,0.1631486775582245,0.5592187653819838,0.414635912203089,0.1269902854567325
0.11898695438200835,0.06161496164771707,0.40771476729556466,0.0,0.20229904945686222,0.0,0.0,0.0,0.37773440967327215,0.6400975651676257,0.296188082242795,0.38475442643414154,0.0,0.0,0.3152215799361086,0.2555750758781922,0.0,0.17201349795520662,0.47813425425943684,0.07420700155244654,0.0,0.06429874766558859,0.0,0.498711838856674,0.36226875753742865,0.20253047234052426,0.0,0.0,0.0,0.0,0.05192048380681404,0.023489139018249283,0.0,0.09819002119436407,0.20905626910899616,0.26442686868587145,0.4839453253256893,0.4605235696406008,0.4023479434742073,0.33362069356441415,0.2820769151178744,0.2101223233455483,0.45225876064945336,0.2656047410953815,0.5792034608633101,0.1406210171534985,0.5617792690851434,0.05630111462620768,0.26053397295572567,0.24447279018987292,0.7276483524593288,0.10666799892051618,0.0,0.09436813008938393,0.4010642157060896,0.6166031242637362,0.6635902255585824,0.3771067148605125,0.5047427189937379,0.5065773198114619,0.28922540084776227,0.4022522757775212,0.38633937825809544,0.0,0.0,0.1328181785138142,0.39405029980591466,0.4296135366924492,0.34272166884815486,0.4213416677988889,0.4714262094433384,0.3591128608524886,0.31375172319128064,0.4130864638752636,0.5448828855067254,0.43747092365428353
0.5567059586112196,0.35388819860954274,0.3982161417149337,0.0,0.5173083662887115,0.0,0.23178892209670465,0.0,0.6645439106077531,0.28075811484512,0.0,0.48294234428935934,0.36720887174728983,0.0,0.38917397494786493,0.30715783201093705,0.0,0.26944149719837296,0.0,0.03487573563653064,0.0,0.2692976534085241,0.0007894680830873926,0.5292879862343574,0.1808660126143698,0.44784956154747424,0.0,0.21074994926949892,0.0,0.38373249370706175,0.2901484531891963,0.16729600454626453,0.20451677408611774,0.1880601295376556,0.23052653362950287,0.3886044931057608,0.0,0.0,0.17949928674324397,0.08032336560354636,0.14939705009443335,0.23231740495463982,0.4536036466450808,0.2157789853908786,0.09485154961379735,0.14060579508686752,0.412191900504428,0.16532490767921224,0.3652771910693122,0.17273663052924165,0.18943657338797634,0.0,0.0,0.1659255925256657,0.46560440645032997,0.20928345388270703,0.43712703446714035,0.0,0.3339219960855652,0.2510158563962289,0.35254139268594864,0.2735887170674042,0.24420722055507052,0.37621584016993326,0.1328181785138142,0.0,0.3391453067090654,0.2090746256831698,0.3647918323979659,0.28202066113530644,0.44479740990240224,0.218858237278828,0.06001201054287184,0.11852459017587977,0.11114175094596881,0.23427489345936653
0.3113229587798315,0.2935367308766451,0.5292787607748686,0.3859625007076689,0.19176555518196142,0.14852717634840917,0.0,0.32013992573345723,0.2836106430448122,0.34802320541592113,0.496343385973262,0.4392661481931604,0.08443556719627549,0.0,0.45023624910238197,0.3396387823669323,0.4171667413636414,0.32464009549731465,0.4957208524707601,0.1609475061681221,0.3097657029497164,0.24489244318880862,0.09966265434924694,0.23106481210469834,0.2748482105764403,0.4796902439819137,0.042593537230565706,0.17433767878184414,0.02844152982451989,0.37186352365578146,0.22823747886193121,0.19099295218445383,0.15276247725290665,0.19722684073859814,0.27575080876988595,0.4769047593257388,0.0,0.4662657360219379,0.3770619677391075,0.2517640498486759,0.3230587390824308,0.2975625644303514,0.2926759248698358,0.41054160355356156,0.7172199717623464,0.3331302897587998,0.5905900777158622,0.1640586524372112,0.34494379158909905,0.1584410444864869,0.6139548199441929,0.2323071327753021,0.08755985563158725,0.1837701750135854,0.30637602600814506,0.0,0.5619660981915428,0.3777367875468087,0.365968266033317,0.6194258948624755,0.23803228269486937,0.3987997592224085,0.31748525478976114,0.7516185531501431,0.39405029980591466,0.3391453067090654,0.0,0.40768913047887184,0.3202306894341178,0.5273210467137475,0.534149066696519,0.45336960682265665,0.2521291561751857,0.5303283084764656,0.720381992292859,0.38648784516222
0.3248654430562429,0.0,0.33242975474376474,0.2945457007023897,0.058868849261171294,0.0,0.008871629848377402,0.15979052380500056,0.24066375697052295,0.29598023630105025,0.21513547625241466,0.3356224125818536,0.0,0.2514958095633072,0.4238271222891583,0.17994160389842573,0.0,0.4202854435408999,0.23773404834169382,0.0,0.0003566885531618158,0.06969487093127637,0.41875579388537826,0.6573405044170578,0.07157890551524651,0.0679506177415517,0.0,0.0,0.0,0.0,0.0,0.0,0.0,0.0294015268418909,0.05282093000456183,0.19822439359944097,0.047139749872634376,0.46517655756440063,0.027649908044077076,0.14601760650634,0.003460265614454165,0.0,0.2650489598100382,0.19401011859007133,0.4410394417425022,0.19952139460827997,0.3056069211982415,0.460383837338325,0.0,0.34603785241539214,0.3239339050613081,0.19682805946809867,0.2533094514707602,0.3220034976609638,0.0469417045729674,0.30881150200696067,0.15436358297101688,0.12818430988084845,0.35515591077723585,0.38902449349655255,0.2173284038186451,0.10594430163039885,0.28735355493944126,0.4554605939576912,0.4296135366924492,0.2090746256831698,0.40768913047887184,0.0,0.30507598586136336,0.27901988564061114,0.3800194547758239,0.5787637924778469,0.12134173333242237,0.1306196794461841,0.11811465086636291,0.06356776099925251
0.354834970968203,0.3405098089411011,0.0,0.0,0.0,0.39140389411830473,0.38437014057552,0.0,0.531916259629417,0.48469899622029666,0.0,0.5411290612010942,0.4256043051744138,0.0,0.3877994093296044,0.10467402593938917,0.2286856753488046,0.19873508093740158,0.0,0.0,0.577538650962004,0.5122727155859288,0.4904076413351679,0.5128658901865207,0.2506130670040299,0.45736980876347333,0.0,0.6260958063298102,0.5197501730870603,0.0,0.4301774782247695,0.5875780855203226,0.6272620643539524,0.5671663448425234,0.6860793519484294,0.4886887801751515,0.48624781877556705,0.5091362043527121,0.656168241866454,0.2704889396090215,0.3316150725884952,0.3404299332515705,0.3491713916989507,0.2911056282565934,0.33640571923182194,0.17026615646887702,0.28316735967942097,0.2767866521703385,0.4026782890642812,0.41083422231033806,0.4831325352942905,0.41831542101428776,0.2828453082070618,0.2212482164341973,0.43312962821240325,0.4158985804879384,0.42449272769748825,0.5180184300227144,0.2668987977184385,0.4153528886054234,0.31172457507306073,0.4177978163808719,0.40938132775243163,0.34644463313286283,0.34272166884815486,0.3647918323979659,0.3202306894341178,0.30507598586136336,0.0,0.6441676387938632,0.6099640418871852,0.23685603628894544,0.28288439304477375,0.29078516026651224,0.4371898825382857,0.3721663012957147
0.4143149765264527,0.09545477833570347,0.6447139560131274,0.0,0.6178177504004729,0.08803896458313806,0.1726965060256097,0.2678215179403837,0.5794786504288386,0.4461651807241933,0.0,0.5278952722824483,0.23304288662307795,0.0,0.20411217845001817,0.39794161258383765,0.3508291663212416,0.35336374769118756,0.0,0.12331648220435093,0.0,0.10257622459884676,0.05759508672642777,0.4439169964020794,0.3453391575645484,0.33807372619098125,0.055395488542365874,0.13967732095340252,0.2087353315776052,0.6373951413420872,0.2692814616154333,0.33961498656482064,0.42780333537076826,0.2964220059483417,0.38392893459495914,0.521142756457462,0.0,0.39114847859358653,0.3334139519830295,0.1541494696099568,0.2883121249933974,0.3324106831538574,0.3184888697970023,0.25117963485104444,0.21257394539092067,0.3121791546554253,0.6178011920571818,0.0950310684881607,0.0,0.21127058978409086,0.39593264428533476,0.15457928107404495,0.25300635093536655,0.32080844925225266,0.6533599434358784,0.14350460338662563,0.6657476202610476,0.31059036104776,0.4485029328431071,0.421858527681763,0.36082269992366106,0.6290176983943871,0.4317654549240299,0.21538047949824002,0.4213416677988889,0.28202066113530644,0.5273210467137475,0.27901988564061114,0.6441676387938632,0.0,0.5263474147962968,0.35658915183357964,0.3680672775004184,0.5037011915656276,0.2781361523565788,0.40365457763725565
0.4604425455907044,0.06779229558434365,0.21764615072035828,0.0,0.12114125179367974,0.17543068573376133,0.3244980950177722,0.14474602423427801,0.22265014352564685,0.5228169459814092,0.9445180950109379,0.6000215723840789,0.1273699194996038,0.0,0.36094588863847654,0.38113372947378715,0.3817198594384333,0.4033676839086708,0.0,0.10676077092936799,0.4153943804144118,0.2816174486954674,0.006678126738947632,0.5729178447391376,0.3614954944903554,0.2654069296664034,0.11589883185907601,0.08473582238620571,0.2030206530577332,0.48918616896487666,0.331698626960377,0.33740148927629376,0.4060990198529033,0.29933498624111815,0.3345690982712814,0.5219741618697091,0.28344023946641816,0.5977869002642632,0.4520409762553187,0.3668298910590161,0.34998853644686073,0.30911015482029636,0.7042107199916617,0.740440838378589,0.6123095539804184,0.558132019514397,0.7009953855322889,0.23005947499738877,0.2511766060035178,0.1382671837447304,0.38322396420926447,0.15862717902709939,0.3391996933021167,0.14275375678801897,0.62363984246946,0.1681982964840692,0.5546314348362678,0.3245566189751572,0.47093929065045315,0.5526195471508996,0.5081162864176735,0.6007546388493966,0.4096427329413819,0.18186465953000666,0.4714262094433384,0.44479740990240224,0.534149066696519,0.3800194547758239,0.6099640418871852,0.5263474147962968,0.0,0.4919935408118261,0.36838883714310855,0.5512204110751491,0.3986825962223612,0.35065500337073613
0.25477586769853705,0.08195502055514296,0.3443890179178267,0.1728219256582232,0.06791411076049686,0.01151654541450757,0.0,0.0,0.22389867036078615,0.39121305437371334,0.20081597955849884,0.20605015449279496,0.07253269361283628,0.18938919222166847,0.24540091730318916,0.2956441052713425,0.0,0.25803903340887074,0.2164119695074368,0.0,0.0,0.0734205455622632,0.040832159006841465,0.6244318920270927,0.06196475493586752,0.16249319791637293,0.011379171246340233,0.027402791742581672,0.0,0.05429994164047766,0.0,0.0,0.09062146123403453,0.0038058153932630026,0.14079347885105387,0.0,0.07056939594613965,0.27600881899177887,0.24363005635913856,0.22433453521836996,0.1178409452398131,0.17932488550864442,0.423669858902927,0.27965026335151916,0.3798529195814349,0.24782764612767602,0.4223277756049401,0.5595744045712094,0.1479335898508916,0.5785217909087998,0.40014011979351716,0.3101129435759059,0.17039726479839346,0.38806690069140354,0.3536329731351745,0.36221085906783845,0.09326094917058217,0.1736272478694285,0.2227905205538225,0.542201665524761,0.5415150075113377,0.45400923561735623,0.5013660770398678,0.4779024316470628,0.3591128608524886,0.218858237278828,0.45336960682265665,0.5787637924778469,0.23685603628894544,0.35658915183357964,0.4919935408118261,0.0,0.10077925064398202,0.3037375931975393,0.12106131238795159,0.1692595676641847
0.49332263100253615,0.2865909228027248,0.27399471098889683,0.5971248435022831,0.1661291463695438,0.0,0.0,0.0,0.04178510892796315,0.35366077970659954,0.2947940420763526,0.5672276592761026,0.0,0.4816726128571085,0.0,0.29274443216188206,0.3545033750526137,0.3322908863406362,0.3306938291099355,0.0016727440252041412,0.17109623648597405,0.20465486562721777,0.0,0.49731961553010057,0.19908920175171285,0.21562435348406017,0.0,0.0,0.0,0.0,0.019615979119164045,0.424931925213716,0.657788866250693,0.36565239910592723,0.5237294498482361,0.03335053563864219,0.2344906042671681,0.5393212010623673,0.5084580202205241,0.28503124918786266,0.5163985034654172,0.402236835259544,0.4846757611552391,0.5826161640265743,0.48037956721059566,0.214707019075203,0.1859540852988512,0.0879525918869078,0.6597074296560009,0.4462506090408269,0.1407397871237851,0.5332940114207291,0.0,0.18693203152982246,0.5233170074864556,0.2743484069647902,0.6247308048258345,0.3246575879105756,0.349708620322052,0.08844655060803744,0.23464633186724806,0.45253996205441765,0.38847106246817237,0.1631486775582245,0.31375172319128064,0.06001201054287184,0.2521291561751857,0.12134173333242237,0.28288439304477375,0.3680672775004184,0.36838883714310855,0.10077925064398202,0.0,0.2387764484165503,0.2233926400590956,0.4190020764235082
0.3035617029875463,0.25453020290028616,0.2558518796889425,0.17922176106857818,0.24297260043185975,0.0,0.01558251681571897,0.0,0.2215559256679541,0.1772560539826754,0.33432212984184234,0.48444179356303174,0.0,0.0,0.055865051406631255,0.26670414942669884,0.49872405976434064,0.17901006173280692,0.16135203064829437,0.06694726216825114,0.0,0.1775364569395293,0.03248647380376454,0.27804430413192516,0.23582746778153,0.36009926143668547,0.0,0.0,0.0,0.0,0.12648886796429465,0.06017897640011513,0.2206628320972557,0.1302753338810065,0.14597779696977545,0.3773933880640217,0.5224253680291955,0.6488150065791639,0.44354521888321896,0.5638266741333122,0.3179484211033063,0.2581320918106116,0.6637100731775664,0.5529264215576809,0.4881493918840095,0.37381540087262677,0.6246580145304831,0.2138261867766979,0.0,0.34890097321898805,0.3395895168518089,0.29489972855731245,0.22284038611011506,0.35268787477205454,0.48404926725242114,0.22783205172220877,0.4496180077178183,0.40677087528090744,0.4457791690127729,0.21426943957023378,0.5429868371548181,0.5639622759513941,0.5113978777609633,0.5592187653819838,0.4130864638752636,0.11852459017587977,0.5303283084764656,0.1306196794461841,0.29078516026651224,0.5037011915656276,0.5512204110751491,0.3037375931975393,0.2387764484165503,0.0,0.14969920429241185,0.4101322920894251
0.0,0.0,0.3937064938198234,0.0,0.0,0.11683592831758254,0.4767280532191849,0.32739397395747494,0.3805371757710985,0.0,0.0,0.0,0.3061533926127544,0.0,0.11334577116805722,0.0,0.0,0.0,0.3654499542164586,0.200918990165855,0.1455582046729846,0.567916614699214,0.21705072465106937,0.0,0.0,0.5009847961555188,0.037503359617054616,0.14707028765143468,0.10154281085375229,0.29936415962671126,0.13258540175967842,0.04884949182330263,0.0,0.25243212014412364,0.33631780832332275,0.4400049259345144,0.0,0.0,0.206027670876396,0.34284172814052205,0.08370522928223564,0.23286905869525604,0.19819404376437222,0.3971579481943718,0.45297355339465695,0.515946225192474,0.4888203294756725,0.2042060884031351,0.3956552143285231,0.38938147283313185,0.16812409528348057,0.3021528685828094,0.16495353439673083,0.3572797472815372,0.5544424418689586,0.36388623094450706,0.4645608576508543,0.4007706555286327,0.47608441560871784,0.3098840011307669,0.4737499564256055,0.4884276551575713,0.31336583656668504,0.414635912203089,0.5448828855067254,0.11114175094596881,0.720381992292859,0.11811465086636291,0.4371898825382857,0.2781361523565788,0.3986825962223612,0.12106131238795159,0.2233926400590956,0.14969920429241185,0.0,0.08335101364246386
0.19353076221723453,0.031226442803527252,0.09430513825822948,0.0,0.3070341773192645,0.0,0.2177055070359003,0.1508531259708389,0.04034620769558124,0.5597300767982892,0.2831680589324801,0.4502139747656553,0.0,0.0,0.0,0.21232587621422158,0.39484908080374137,0.3044061048067076,0.19179287836581202,0.0879871103053087,0.004035832037531953,0.15716532832983515,0.05240859549249735,0.3259401494124041,0.08208018680557407,0.15613071933909137,0.0,0.0,0.0,0.08578049606807667,0.295762308679543,0.42866436359265825,0.33711058124860205,0.47015226038651636,0.7250780961155505,0.5580034208594989,0.33557938546456484,0.41031321962658884,0.4816688177792098,0.3086207747427364,0.4548207764489883,0.6127625668111221,0.4731803293729458,0.45280948459393905,0.35699432345076115,0.13003374944611382,0.4318152902058332,0.0865890905083972,0.3530453513430958,0.2688733520862134,0.20188897681115306,0.37996648927392246,0.0,0.13566364138966658,0.4635002338816687,0.20781550195793108,0.6707714175196705,0.4191850807217036,0.32211280766181005,0.23843777295323912,0.3490918359670868,0.35399158370521827,0.4176084989139065,0.1269902854567325,0.43747092365428353,0.23427489345936653,0.38648784516222,0.06356776099925251,0.3721663012957147,0.40365457763725565,0.35065500337073613,0.1692595676641847,0.4190020764235082,0.4101322920894251,0.08335101364246386,0.0
