0.0,0.0,0.0,0.0,0.0,0.0,0.14125570358046588,0.0,0.16003485432584597,0.10182838022274722,0.3907816958129502,0.10105695893326833,0.08706412954272862,0.3159335625465268,0.0,0.0,0.11374881237345325,0.05814726641625807,0.0,0.0,0.12234363917843037,0.0,0.0035821598982065245,0.39655726207106645,0.020693602654098225,0.19065075501763473,0.0,0.06756404849578423,0.0610184419333607,0.5939402880400219,0.051453398756944636,0.24825046224415165,0.19476572655975688,0.0,0.024682470385722466,0.3858847706112552,0.4129452800159906,0.23008435489314957,0.04768969920845858,0.0,0.08166709156734431,0.21703707110811016,0.3775278800242989,0.0,0.38620047522652684,0.912900274152871,0.0,0.0,0.0,0.0,0.15843149369645837,0.0,0.34560318811037083,0.0,0.15137671249543014,0.0,0.24573773001577834,0.09592204131863613,0.0,0.38144472133390694,0.0,0.0,0.06433522757511667,0.0,0.15304325493305831,0.418697148693583,0.0,0.26250598857696783,0.28012104339350563,0.04671189185874239,0.0,0.11919586450144105,0.5182569558895515,0.17509541987536062,0.0,0.18237955275046525
0.0,0.0,0.0985066448863728,0.5954480828537644,0.030400368944034223,0.0528099916585977,0.1633415223920195,0.18988103980259716,0.015400352968662628,0.05933836771993201,0.026355727159839207,0.19334722763172496,0.17733260394642758,0.2794042960314966,0.0,0.0,0.24559169024705038,0.0,0.405078236328551,0.0,0.0,0.0,0.0,0.1987980750073373,0.0,0.0,0.0,0.1779665956475111,0.0,0.22193757682825735,0.0,0.012443385473782813,0.05100900540351804,0.0,0.0,0.4454213250075312,0.0,0.0,0.0,0.11021297665767074,0.031266567547996976,0.24371348683967992,0.35514198292995974,0.0,0.0,0.21388428426795447,0.07075541854510137,0.0,0.0,0.0,0.16326686031587836,0.10174975505622103,0.255528111486753,0.0,0.044475959032649726,0.0,0.15009204954035985,0.06841697260142514,0.0,0.040501596343968285,0.0,0.1322822497530565,0.268379601803232,0.0,0.1265176951043047,0.26112580414582154,0.0,0.12411641789485464,0.28678544320779065,0.19081057856987232,0.15338242350233683,0.06582450338542496,0.0,0.2743220800786104,0.0,0.16202654029974045
0.0,0.0985066448863728,0.0,0.2710038918752638,0.13683998141946196,0.22089103403015514,0.07101909880881027,0.014689239362649896,0.0,0.11327321519115918,0.31342479261466355,0.08883975191060925,0.061124855209729684,0.0833236249064668,0.0,0.15867615339109933,0.23492530798894046,0.19247297483665993,0.25103341528869666,0.3113205295349147,0.0,0.11815283169915017,0.19445249053746258,0.12436776447870042,0.0,0.0,0.0,0.011778125261037123,0.0,0.0,0.0017441767540623682,0.0697120187299413,0.03443589901752367,0.0,0.0767877257166629,0.042293016934902894,0.10958234816129989,0.009326522631659548,0.1807770710699973,0.603810409121228,0.21037599100138657,0.5033625700181168,0.210781535730337,0.22457200053087392,0.0,0.0,0.6207718791785679,0.5792824394648147,0.5248961756755487,0.28232465055833245,0.17013736134140406,0.21135122115581537,0.24078093403650058,0.171826490489075,0.38270315907215147,0.40866167298576894,0.24408202937619977,0.19751809239230705,0.17517225708373885,0.6274999099378443,0.0,0.0,0.0,0.2912465524940846,0.24720404575083033,0.3536714424892734,0.5986991449854584,0.22067939106439205,0.0,0.6127421208193693,0.0,0.18307660427432054,0.1911815966211581,0.2057549140353279,0.33851235641283933,0.09488855791190894
0.0,0.5954480828537644,0.2710038918752638,0.0,0.47426091572194673,0.14735105486502142,0.44652105317193974,0.5705227457657194,0.11718601603399487,0.35300319540981284,0.2553693708899769,0.27110035026008994,0.3725670484781727,0.0,0.27848763161701395,0.35879596515008605,0.455884988802207,0.381636820159726,0.09863102875956889,0.3411041353948327,0.3090751818047158,0.19764713722771723,0.2061874280498111,0.1878816863051887,0.7111299496336212,0.3303183341325528,0.25865529222954375,0.0,0.0,0.5822101077567683,0.10923825263858274,0.3334955135463149,0.2628743628903241,0.3023155236253354,0.15107529333593017,0.0,0.07639412928959688,0.2685026088985257,0.1412177836015845,0.37679475785565697,0.2939454635793159,0.47869097892005347,0.502224280798399,0.2879149864334984,0.0,0.0,0.0,0.5451146396905597,0.0,0.0,0.24179679037020507,0.0,0.3726362832189511,0.4881252403272437,0.0,0.2569939292310055,0.4071426113665212,0.42414895342503617,0.0,0.0,0.0,0.0,0.0,0.0,0.0,0.0,0.38411333143090265,0.25972737993911144,0.0,0.0,0.0,0.04836795243946693,0.48281125744704545,0.1856849347042397,0.0,0.0
0.0,0.030400368944034223,0.13683998141946196,0.47426091572194673,0.0,0.12881893234344793,0.19831111583934816,0.24749328617622382,0.0,0.3353475980751779,0.12480624395795104,0.20031924908005155,0.3341062836587454,0.2630543471773128,0.23966150685551002,0.2187473177847214,0.1544256521894562,0.07619568463702305,0.06844111651402525,0.1120577744149974,0.0,0.16478370729892805,0.05605234541334613,0.06053695415434526,0.08468666079810747,0.020202675676645285,0.09435893612592297,0.20682414777412877,0.0,0.2902791585720079,0.0,0.17318940697531196,0.18735433258018683,0.12374343798567482,0.20169087701254013,0.3102607767580933,0.5316233871862712,0.2470181893510995,0.2217811987344116,0.7888271733653895,0.39688784348051104,0.5383178761618745,0.29594739255493874,0.9378277919203535,0.40550358832404065,0.0,0.22712150224669306,0.2394220671815571,0.0,0.4849683715444942,0.16277893226457446,0.20574877087176596,0.25979323490312145,0.25287261575648007,0.0,0.0,0.28721297003751917,0.20743876761293367,0.28624040537182105,0.2691152407387566,0.5270774171129873,0.0,0.0,0.3614421785736228,0.05963009644159893,0.42746628376575235,0.02620680366194229,0.0746322684110796,0.0,0.6059677122633945,0.0,0.20353624616075472,0.002010776207433382,0.20756584437604864,0.0,0.254965551974788
0.0,0.0528099916585977,0.22089103403015514,0.14735105486502142,0.12881893234344793,0.0,0.06334246191692738,0.032212058628415904,0.11941736619008723,0.16605745697032723,0.1372615386574565,0.0688640346541819,0.0,0.031836011496758354,0.0,0.09958194584496224,0.17326955354217607,0.10757116613785214,0.01710190792872979,0.0,0.0,0.053287981288510235,0.08023205184707166,0.012610802934448953,0.10647189721176481,0.0,0.010917982342533092,0.0,0.0,0.0,0.0,0.03068073208413355,0.0,0.014279217902999575,0.08940698710859857,0.17641031554986897,0.10060984608641531,0.0621132736548847,0.10057050100500267,0.13354684776064837,0.0,0.1767476038147516,0.03277576284701347,0.28008081924036377,0.10284813769077869,0.24484135999580325,0.10079084798303238,0.08435285354287775,0.21636476715056935,0.18809149296274796,0.0,0.0,0.22563814469428956,0.07299410384620662,0.38590345266591153,0.09766042874990119,0.0962209931272085,0.038022092969112686,0.0,0.09588846299239506,0.0,0.0,0.14884539434047203,0.2250442486935261,0.07868467262710496,0.15950926517426856,0.11177773969331274,0.0026614658303632105,0.41021793868829876,0.0,0.07282134697305151,0.002625660687983783,0.06959440587707441,0.10050342384422786,0.16836818614705973,0.06248811004155101
0.14125570358046588,0.1633415223920195,0.07101909880881027,0.44652105317193974,0.19831111583934816,0.06334246191692738,0.0,0.022871997112000837,0.0,0.3824877152358205,0.16399008719141867,0.15598802946648574,0.01948915064999962,0.17324929379171455,0.11669170131989512,0.17961910480285664,0.03705999201525359,0.13993468071174064,0.10900876634254618,0.16458171004900923,0.00042327512803710943,0.1787473995198857,0.009611154221375914,0.056885153184207365,0.08028736662928537,0.21441046331600871,0.0022633793998348825,0.26054417846838207,0.06674591133932914,0.07682984758226592,0.12798825820590287,0.17462149130219032,0.11299683546616922,0.146805892961763,0.22405619617922237,0.39868914105488173,0.5680609796628865,0.43524420304697237,0.23387537843188416,0.48287457212435325,0.4819705642360965,0.44209777432018493,0.23368991054731128,0.6725240926471272,0.4402151634668284,0.0,0.06974082768188807,0.17911497223537762,0.0,0.24825348594204372,0.1962026405557893,0.060954447696075664,0.21768736248125425,0.317411636256375,0.2706082471578728,0.2191899768492507,0.4417424701574888,0.0464511532755401,0.2680129147509897,0.10738488283793335,0.19492534945145767,0.0,0.5394593885311727,0.45375017367085496,0.20990231444215396,0.16520398335777942,0.10291105807327618,0.0,0.40026886661077765,0.03512466586973462,0.10615833375001979,0.08953889484775496,0.04136738889978217,0.0903584068413734,0.3367329377415221,0.13532936745480006
0.0,0.18988103980259716,0.014689239362649896,0.5705227457657194,0.24749328617622382,0.032212058628415904,0.022871997112000837,0.0,0.115475174798275,0.3724368675751597,0.01678467094147761,0.3918093453417315,0.03268597483267778,0.27122777280378507,0.0,0.0842071536216055,0.09978039326676086,0.20287427213289894,0.10254984326531114,0.0,0.0,0.16345855862713973,0.0,0.0,0.0736932979546891,0.17940248544916262,0.0,0.0,0.009605992015868876,0.0,0.000620840632200241,0.3219841002686801,0.2799910012869789,0.03117921201730175,0.19893736242728874,0.2872627111652628,0.38345001122762923,0.18491536672480366,0.25563629210962346,0.2154520220622915,0.1929416289342252,0.2452614750067469,0.13867339546473342,0.46636717643627756,0.0,0.39287244304894303,0.09674188264880487,0.20936269933586998,0.0,0.4734897564464494,0.045991523341616825,0.36548977905194924,0.12343847805405662,0.0,0.457481968868803,0.10668909343101227,0.8883660343476609,0.20149137810575735,0.25004757959098795,0.3427431889167534,0.0435214668492688,0.0,0.6232541651250851,0.3381394383650221,0.3334878997858017,0.18374953578378728,0.22511835371689193,0.120173459615011,0.0,0.04754359208574911,0.0,0.05373532610011032,0.18636756034590515,0.1854299625885268,0.2927278099304923,0.1974695838822575
0.16003485432584597,0.015400352968662628,0.0,0.11718601603399487,0.0,0.11941736619008723,0.0,0.115475174798275,0.0,0.13110132399585234,0.019004771169563013,0.0565695458199619,0.16298145237973063,0.07411988976422766,0.0,0.1482279900579097,0.1362516269716605,0.09379984316371108,0.12789596949076243,0.032196680902701204,0.0,0.11046987502677305,0.27483165816030375,0.09207231575796532,0.018820376151498966,0.09434283018108328,0.1626521830062013,0.0815947913687869,0.0,0.10708862367562952,0.14083549906476822,0.20234573935388317,0.04676750489711784,0.14587496960298788,0.14231028078132849,0.05852226276181727,0.10622826691118556,0.11747349841344265,0.08933757200684284,0.5296603431711452,0.32457971314017653,0.21307612284376182,0.16723454371743413,0.18869452972447126,0.1574397463301095,0.0,0.0,0.27312815424429815,0.5014453967632584,0.23352935313846235,0.08111941538942041,0.2019690167972327,0.181340620043058,0.21747856902416585,0.25935711178701115,0.1286924522526724,0.0971446749686045,0.13484989132360944,0.250067453051811,0.04967779192091626,0.42169018014664317,0.0,0.0,0.2200517868931007,0.236539897946336,0.7295231963827655,0.03737363474116252,0.16140606029907098,0.5323979207823583,0.42716808076203217,0.07574943649170623,0.06627080845605231,0.04665734290118109,0.14327076903438488,0.2714938544626774,0.09134590740196974
0.10182838022274722,0.05933836771993201,0.11327321519115918,0.35300319540981284,0.3353475980751779,0.16605745697032723,0.3824877152358205,0.3724368675751597,0.13110132399585234,0.0,0.14031679532618258,0.17290561418797573,0.18663818683397576,0.6888100042265647,0.07472520072193359,0.008722482631819479,0.3723097721413761,0.0,0.018012922934608558,0.3353016070841445,0.22616445197842264,0.16931397908901785,0.04647124579296201,0.09460219156497922,0.4819705818492034,0.2892908618892033,0.029805892419671826,0.2487154674926729,0.10381902193873019,0.09546920331484494,0.3192567924559117,0.08668178025949932,0.36948653208886495,0.3403702430272777,0.2536170521478063,0.3282521372571129,0.4226191039901496,0.35485652658039457,0.5618763068271201,0.01939541206991236,0.008006010298868355,0.33499047721662484,0.18160877335988374,0.2058685006215134,0.1646916237389137,0.20418065943874975,0.35437199732657465,0.49334603748664485,0.3905089351476815,0.5008161400874248,0.12166400480835102,0.1596248431197972,0.20795092806862303,0.2330548901824318,0.0,0.10780581694840817,0.0,0.1682602032717423,0.0,0.42607893613836983,0.2634124945673917,0.03419395021702129,0.0,0.48373303976281795,0.6442004501867378,0.3490506584278033,0.4147708110236455,0.22852149825821505,0.17453460093148856,0.09131299120674047,0.08071649621617044,0.29803788032739725,0.24796093961031407,0.0,0.0,0.2234079424094355
0.3907816958129502,0.026355727159839207,0.31342479261466355,0.2553693708899769,0.12480624395795104,0.1372615386574565,0.16399008719141867,0.01678467094147761,0.019004771169563013,0.14031679532618258,0.0,0.11045813679054145,0.11398998825297342,0.2752207820587534,0.0,0.4974001329696373,0.12312084041516197,0.1571474263372072,0.06704196328068078,0.5241247033430787,0.11999383905454213,0.1735221482771746,0.34418203324197766,0.10410443718133083,0.03076272604770955,0.09096220939479024,0.05898755558291186,0.0066391291700765714,0.0,0.3606890692072547,0.09679706160792187,0.29415208327686676,0.19608177243732158,0.16848586770940144,0.2321606319193829,0.2934085075689895,0.2883251361608451,0.17066381450240684,0.22257506447339456,0.2037672437097875,0.2703250254127453,0.19596582491126044,0.1609420074869302,0.16291378991270586,0.1882919888395505,0.0,0.0,0.24675783579653113,0.47461199773962387,0.18755503837625637,0.0,0.1678407338272691,0.0,0.0,0.13585830793776077,0.10094406243354283,0.22464176226816476,0.1804134330036431,0.06882417288967754,0.0,0.0,0.0,0.0,0.22106524873277114,0.20939567687358873,0.0,0.5313586093270348,0.13730093867472418,0.0,0.0,0.9997945907617637,0.0,0.22053338258061134,0.2905669442065227,0.0,0.22128627624724384
0.10105695893326833,0.19334722763172496,0.08883975191060925,0.27110035026008994,0.20031924908005155,0.0688640346541819,0.15598802946648574,0.3918093453417315,0.0565695458199619,0.17290561418797573,0.11045813679054145,0.0,0.09982479285532035,0.4247510996660653,0.09805099850545398,0.11688440976886083,0.43048125109564306,0.4504700752867661,0.023572223178987967,0.43831728402255066,0.19472513774601471,0.2788982326052548,0.0,0.005995343662206536,0.20540224614139507,0.1416564688026909,0.1827202712926625,0.3814827355676272,0.24405657899841332,0.07503841668660899,0.14933551833061198,0.09985895860846596,0.3008646804087707,0.5011477206875565,0.2019442581799442,0.3754273189906117,0.3430091790956028,0.191200102474161,0.6999132982274486,0.011578112471627183,0.19438724956829412,0.49775547694860495,0.19269483412260113,0.2711285359928511,0.2936707343991677,0.0,0.29763629733016256,0.0,0.4116861407398334,0.33611490706201,0.33111704187343943,0.45712403310222616,0.4867943338412701,0.039323109828896,0.0,0.38596502214946293,0.1656749874564599,0.39286530647165524,0.5025443925138916,0.3749396674744136,0.27421592200186634,0.24831209441152083,0.31764036864031747,0.14695499770268705,0.22453840535893593,0.3569182047295838,0.3506414424433861,0.1753075457778912,0.13708991600766335,0.24896099146455894,0.16919148175914508,0.06747254142533501,0.5379212594345056,0.4392405767462889,0.0,0.1815937281680623
0.08706412954272862,0.17733260394642758,0.061124855209729684,0.3725670484781727,0.3341062836587454,0.0,0.01948915064999962,0.03268597483267778,0.16298145237973063,0.18663818683397576,0.11398998825297342,0.09982479285532035,0.0,0.33306735287528,0.17399344278685402,0.23009388778060882,0.14277023721276577,0.19535040616167573,0.14089150176255114,0.09454560672419147,0.05728422419695535,0.22650315920818997,0.0,0.0,0.2836077311798423,0.31488898115173974,0.021382276702069554,0.0,0.0,0.0216052122040071,0.0,0.07920809349784569,0.13413906047672672,0.14640373777233756,0.1539544395289445,0.3851010902973483,0.35448644179780325,0.16975346106138303,0.2705687984479739,0.43247804207022933,0.46947759342707673,0.665826651854434,0.2129825633628552,0.5004852510759887,0.41308142653531615,0.23347551790668783,0.11022835778180584,0.11352528571544299,0.0,0.30281381194108226,0.08168966941370558,0.0488765581206342,0.06588677164202836,0.0910915432977609,0.46804743067073373,0.11480459421558785,0.18968954661361198,0.06322374207181712,0.6152029431099627,0.1211369226721816,0.043176866561581234,0.19716203003922428,0.0,0.38412707696228665,0.06401212290695393,0.15964962126527582,0.06832283458211127,0.024972498575972585,0.5008375007923533,0.15353423996242727,0.0,0.05724832621091008,0.07371415169414036,0.10692583141195819,0.2812754014342904,0.03756943671210053
0.3159335625465268,0.2794042960314966,0.0833236249064668,0.0,0.2630543471773128,0.031836011496758354,0.17324929379171455,0.27122777280378507,0.07411988976422766,0.6888100042265647,0.2752207820587534,0.4247510996660653,0.33306735287528,0.0,0.3195163600064343,0.440728555117553,0.48133237627250003,0.4992128332899446,0.15534543778171478,0.4210546283157884,0.0,0.23589967926165675,0.10116275105504387,0.3931145675004641,0.4697633342601468,0.015041231972865096,0.04417791259315551,0.5505238280078982,0.0,0.4763046811999083,0.318734325384452,0.21309201805504785,0.35654140062842066,0.44394317236521175,0.43025674005085496,0.101242738402286,0.0,0.41381547616690906,0.37982261947481183,0.0,0.536928431053604,0.6470310982312157,0.08860126191594757,0.5247867149576788,0.0,0.0,0.0,0.0345602053529596,0.0,0.079966497378549,0.17438522153430466,0.2577228921286312,0.27729746983621484,0.0,0.0,0.0,0.5316040163684642,0.44157975449255643,0.20243244071120955,0.0,0.0,0.0,0.0,0.20500639723886638,0.0,0.0,0.0,0.0,0.0,0.0,0.0,0.13307043750201436,0.4028163891465373,0.0,0.0,0.0
0.0,0.0,0.0,0.27848763161701395,0.23966150685551002,0.0,0.11669170131989512,0.0,0.0,0.07472520072193359,0.0,0.09805099850545398,0.17399344278685402,0.3195163600064343,0.0,0.0,0.07368739179233191,0.0,0.0,0.0,0.0106621985340088,0.0,0.0,0.038805719014158635,0.0,0.039206729447283595,0.0,0.0,0.0,0.0,0.0,0.07314294365411035,0.0,0.00019908998718669302,0.0575183402456587,0.34072059009652705,0.3428142107575548,0.37487233388106034,0.005416855981065756,0.0,0.0612298160745849,0.14732743280684768,0.49181440461178516,0.4939883578197166,0.0,0.3635339725137587,0.18573000387522554,0.08364879497462119,0.0,0.0,0.1013433879608553,0.18396089040426733,0.0,0.4003579677807638,0.0,0.0,0.6075988420783311,0.14869696350194456,0.5131101175086207,0.15654609269906475,0.11371068037931754,0.49767062700368364,0.32359467293129224,0.0,0.2682330311917365,0.006088963812464737,0.24955930759440104,0.35089935164368447,0.37357446780543996,0.13836441272766326,0.15121609185512638,0.1444484764005982,0.08546653861842485,0.006757173402841682,0.019558969080005414,0.12107543604480968
0.0,0.0,0.15867615339109933,0.35879596515008605,0.2187473177847214,0.09958194584496224,0.17961910480285664,0.0842071536216055,0.1482279900579097,0.008722482631819479,0.4974001329696373,0.11688440976886083,0.23009388778060882,0.440728555117553,0.0,0.0,0.04623869438711475,0.010248723326857667,0.5148105025723737,0.013091165296493248,0.0,0.0,0.02147866603875155,0.2756476157655399,0.01699623036466527,0.0,0.0,0.059227724512439336,0.03195948882592472,0.16464726294887827,0.0,0.03723485341555928,0.09998504342802997,0.0089989687447198,0.03607167219265785,0.6889790389433514,0.10871482896213423,0.32230854706124423,0.0,0.0,0.0,0.0,0.3876499816323763,0.0,0.0,0.0,0.0,0.0,0.0,0.0,0.09457006524368827,0.0,0.5011464936970751,0.0,0.43351040650353456,0.0,0.00833172096115009,0.009320706842862458,0.0,0.15645259841118425,0.0,0.27220306807107714,0.0,0.0,0.0,0.0047258506277060575,0.0,0.095042004521548,0.0,0.0,0.0,0.14338207641852224,0.0,0.13053496219504726,0.0,0.09916198777304461
0.11374881237345325,0.24559169024705038,0.23492530798894046,0.455884988802207,0.1544256521894562,0.17326955354217607,0.03705999201525359,0.09978039326676086,0.1362516269716605,0.3723097721413761,0.12312084041516197,0.43048125109564306,0.14277023721276577,0.48133237627250003,0.07368739179233191,0.04623869438711475,0.0,0.3416989812634048,0.22678663917112235,0.14750713940871774,0.2927903110854143,0.23787377753340766,0.033132693648950495,0.3220347640657256,0.42733364999494244,0.13971114223370415,0.27988688852034993,0.5103909597527505,0.11141667001864476,0.49188702911335286,0.16043698924727723,0.2569551013020944,0.45876482391177337,0.46178259422371154,0.22717491658886446,0.34649615813612145,0.36262035215316113,0.21738154179658606,0.48819148207992413,0.2559560056116139,0.15900532463106035,0.26458871031781317,0.0,0.0,0.4189942263932235,0.400660475368112,0.528478540066944,0.0,0.0,0.0,0.0,0.0,0.0,0.0,0.05797781355329862,0.0,0.15137234225389468,0.3905447858211515,0.0,0.6214232270931164,0.2831533793845685,0.275620068297096,0.2713405091136344,0.0,0.0,0.0,0.5413097330179027,0.0,0.3116230880911688,0.12075705597810807,0.16720391647037008,0.0,0.32814723899922527,0.499961264174861,0.0,0.36258786191266834
0.05814726641625807,0.0,0.19247297483665993,0.381636820159726,0.07619568463702305,0.10757116613785214,0.13993468071174064,0.20287427213289894,0.09379984316371108,0.0,0.1571474263372072,0.4504700752867661,0.19535040616167573,0.4992128332899446,0.0,0.010248723326857667,0.3416989812634048,0.0,0.21708624997026899,0.0,0.0,0.0,0.0,0.18966909832296952,0.1568773644733028,0.10469303553291025,0.01639656925909816,0.07063622211547152,0.0,0.22216471102704055,0.0,0.03376642341565464,0.28160897484396974,0.35014348038116244,0.0,0.4213545238022815,0.42128231790384046,0.33052868247748285,0.0,0.0797117656592859,0.0,0.0108945860128285,0.0,0.0,0.23745997461139193,0.2929851611661849,0.0,0.0,0.0,0.0,0.0,0.5628247436206697,0.547416633865306,0.0,0.2480206422575314,0.0,0.23595400968167946,0.12243413493169743,0.0,0.29996646377217107,0.0,0.23239945336144022,0.054589836725161794,0.0,0.05842577030172113,0.03169973237690743,0.0,0.256038285081583,0.2494438714108129,0.032041657378221636,0.07517709653553138,0.09875395745075298,0.1808401055905585,0.0,0.0,0.0
0.0,0.405078236328551,0.25103341528869666,0.09863102875956889,0.06844111651402525,0.01710190792872979,0.10900876634254618,0.10254984326531114,0.12789596949076243,0.018012922934608558,0.06704196328068078,0.023572223178987967,0.14089150176255114,0.15534543778171478,0.0,0.5148105025723737,0.22678663917112235,0.21708624997026899,0.0,0.5737524453118328,0.09911128000055155,0.4090229285668926,0.3479956491149493,0.2330534668456077,0.09458707397632293,0.15550177229005213,0.19771342443225237,0.16590047540004002,0.24664525500005352,0.32156433466882184,0.12271647632271916,0.05511682667224345,0.2394661403106958,0.1431583628195543,0.05093251579786478,0.05910927340396721,0.032939182467737395,0.04826220629600757,0.13723470736728258,0.5860509713160931,0.4367551523367716,0.08261789354312638,0.07701169643007331,0.4842570916333349,0.0,0.0,0.0,0.6269087187883325,0.0,0.06982043486171602,0.24207053867435752,0.14418638272876205,0.26661912844852104,0.18504869640219807,0.643018233708043,0.28922852860376963,0.2494676920622459,0.25352871077319383,0.0797761811838036,0.0,0.0,0.0,0.0,0.4974364799772537,0.4821599470938553,0.0,0.4416285381099944,0.15673500945950247,0.0,0.0,0.0,0.18836577785150715,0.23499251466635535,0.08073244994613457,0.40052570413069816,0.07218553432680538
0.0,0.0,0.3113205295349147,0.3411041353948327,0.1120577744149974,0.0,0.16458171004900923,0.0,0.032196680902701204,0.3353016070841445,0.5241247033430787,0.43831728402255066,0.09454560672419147,0.4210546283157884,0.0,0.013091165296493248,0.14750713940871774,0.0,0.5737524453118328,0.0,0.0,0.0,0.1320907940953912,0.365159914988854,0.0,0.0,0.0,0.0,0.04395595378436532,0.0,0.0,0.09245270970813903,0.06928256957214361,0.0,0.05715519350245929,0.1511984547085965,0.0,0.5943771243518675,0.0,0.12230404902228649,0.2005242915389636,0.18711575210126427,0.5316217028418876,0.5785034347134067,0.6453880533989454,0.32692430780126447,0.2326896410786876,0.10014381992481566,0.0,0.0,0.03919628416644233,0.13788622923311394,0.16986034226580887,0.13106722117269165,0.5891761714967334,0.0,0.4552170850923225,0.0744257869733214,0.0,0.0,0.13625009835734517,0.3829461547377398,0.0,0.0,0.0,0.11011132017232783,0.0,0.03343212446984645,0.0,0.0,0.09644042471561447,0.06897987568122634,0.0660951854951504,0.09488977605678428,0.05897078954900961,0.1396840287690436
0.12234363917843037,0.0,0.0,0.3090751818047158,0.0,0.0,0.00042327512803710943,0.0,0.0,0.22616445197842264,0.11999383905454213,0.19472513774601471,0.05728422419695535,0.0,0.0106621985340088,0.0,0.2927903110854143,0.0,0.09911128000055155,0.0,0.0,0.0,0.0,0.04543428433094437,0.0,0.0,0.0,0.0,0.006352345174276387,0.0916789801120335,0.011638437518402545,0.0864552482191282,0.0,0.0,0.0,0.42322942541344144,0.09412287137490183,0.432634683788533,0.17944511467199883,0.10400337306278301,0.0,0.17988098379078862,0.3562439248979,0.0,0.0,0.35249824822490033,0.0,0.10025450596488841,0.0,0.0,0.0,0.17015375058818705,0.35629736214104923,0.3661866556003525,0.4067145768231222,0.0,0.336362177483992,0.023005834830667315,0.0,0.0,0.07911817429025166,0.0,0.28054706887966824,0.0,0.18984763845487795,0.3749884058534815,0.0,0.0,0.5527355332033104,0.12591154537955274,0.0,0.10733408453517522,0.0,0.17856541811519142,0.07406861650871882,0.2642076487979197
0.0,0.0,0.11815283169915017,0.19764713722771723,0.16478370729892805,0.053287981288510235,0.1787473995198857,0.16345855862713973,0.11046987502677305,0.16931397908901785,0.1735221482771746,0.2788982326052548,0.22650315920818997,0.23589967926165675,0.0,0.0,0.23787377753340766,0.0,0.4090229285668926,0.0,0.0,0.0,0.16984890939216302,0.171149628659312,0.0,0.0,0.0,0.07498411872535521,0.06824699860997502,0.23386369120355938,0.0,0.3801627951724424,0.26956998795597586,0.10683770209449993,0.1709622978735056,0.26153940600877945,0.4461791669997188,0.3509773406435973,0.0,0.0,0.07049777296020464,0.007679432390738913,0.3797628333831585,0.32264801236701574,0.5900328558777657,0.2608242297003823,0.09139999814249873,0.15104441790945142,0.4858424001803906,0.4722023356882268,0.19949215699242107,0.16703897647626523,0.17689147651252413,0.009479933815368657,0.3176633738331672,0.0,0.1432648167896859,0.09773874128670104,0.0,0.03933649009908416,0.006341827156233,0.12096703598892286,0.20739823320041784,0.0,0.0,0.0,0.0,0.0,0.43689034729181103,0.10313298399781498,0.0,0.0,0.1774313631334738,0.1915848641240943,0.5825626550483132,0.26152421761453454
0.0035821598982065245,0.0,0.19445249053746258,0.2061874280498111,0.05605234541334613,0.08023205184707166,0.009611154221375914,0.0,0.27483165816030375,0.04647124579296201,0.34418203324197766,0.0,0.0,0.10116275105504387,0.0,0.02147866603875155,0.033132693648950495,0.0,0.3479956491149493,0.1320907940953912,0.0,0.16984890939216302,0.0,0.0,0.10129317480684538,0.17649936860018536,0.0,0.0,0.0,0.0,0.0,0.0,0.01702996052031628,0.0,0.0,0.0,0.1869927750873779,0.10932486278981082,0.04800106856234505,0.15249300745866667,0.03822849258943582,0.1224990061480263,0.09645896634838233,0.20159237248330125,0.5376875956980155,0.2301366650941526,0.07515630556034317,0.45583935565400324,0.0913343868819899,0.25257552183504745,0.0,0.0,0.2571999397470095,0.14659809428480192,0.2368047547164609,0.3240267451945622,0.12009443517999127,0.0,0.2062567121404828,0.0,0.07064902037072375,0.6442004501867395,0.027322549639636096,0.5362055897848758,0.010105286356449625,0.14570084299283864,0.0,0.3756483915846829,0.48044741362767834,0.0,0.0,0.017207141263475913,0.013280116351136628,0.03959086143289926,0.2401345030423718,0.12063218684494904
0.39655726207106645,0.1987980750073373,0.12436776447870042,0.1878816863051887,0.06053695415434526,0.012610802934448953,0.056885153184207365,0.0,0.09207231575796532,0.09460219156497922,0.10410443718133083,0.005995343662206536,0.0,0.3931145675004641,0.038805719014158635,0.2756476157655399,0.3220347640657256,0.18966909832296952,0.2330534668456077,0.365159914988854,0.04543428433094437,0.171149628659312,0.0,0.0,0.3622615201987586,0.04523065398808776,0.009629821729466914,0.07694122976058354,0.4005541333733658,0.4558317853258721,0.11363450008738146,0.0,0.2469596282165712,0.16561293957081732,0.17674601365234127,0.33121834407958833,0.3754079009830871,0.0,0.4578110187196064,0.4869768450620221,0.33302528174520646,0.2800454096988156,0.3880639888256807,0.3853794492526043,0.18634117128574246,0.6223680728603707,0.300411913025511,0.0,0.0,0.3662282977698652,0.273709500698271,0.3425025221839829,0.0,0.4305772051587967,0.1369206732608713,0.41981771766277254,0.2078112563841947,0.24653527723339255,0.0,0.5559278884614575,0.33166711240824226,0.13472522728227057,0.19321317981718486,0.4182278587743274,0.4031491934853853,0.49796566660228786,0.1091825012964641,0.6496411717774401,0.40877441848179363,0.28126658222743667,0.37734196785154195,0.5312390420183232,0.37502540766639075,0.04421830982098318,0.0,0.13107581041097005
0.020693602654098225,0.0,0.0,0.7111299496336212,0.08468666079810747,0.10647189721176481,0.08028736662928537,0.0736932979546891,0.018820376151498966,0.4819705818492034,0.03076272604770955,0.20540224614139507,0.2836077311798423,0.4697633342601468,0.0,0.01699623036466527,0.42733364999494244,0.1568773644733028,0.09458707397632293,0.0,0.0,0.0,0.10129317480684538,0.3622615201987586,0.0,0.0,0.0015229735311895337,0.12062311601395276,0.039982106578060374,0.12733605692577013,0.2535296344719228,0.16067364893700678,0.4680881481375919,0.4384844901764453,0.12254772900307,0.1662038519889332,0.3706834366393537,0.4514759433507435,0.0,0.16154525442036188,0.04638864574768982,0.09103820291940794,0.41819690166016454,0.0,0.2646589865906264,0.3899226560717174,0.0,0.0,0.0,0.0,0.04270765239386912,0.0,0.30305424205684384,0.33291101584459276,0.10167699650115908,0.49627415933165453,0.0,0.0,0.0,0.2738517032744727,0.0,0.13023634674389412,0.13612074593875095,0.0,0.4167682654201752,0.16770123033587675,0.0,0.05068644413965709,0.12249532794126719,0.13529647570268394,0.13468724077221791,0.1041740933440166,0.19124350503621995,0.14484294601568118,0.0,0.05710676797317808
0.19065075501763473,0.0,0.0,0.3303183341325528,0.020202675676645285,0.0,0.21441046331600871,0.17940248544916262,0.09434283018108328,0.2892908618892033,0.09096220939479024,0.1416564688026909,0.31488898115173974,0.015041231972865096,0.039206729447283595,0.0,0.13971114223370415,0.10469303553291025,0.15550177229005213,0.0,0.0,0.0,0.17649936860018536,0.04523065398808776,0.0,0.0,0.0,0.2798161283969572,0.033432561161946046,0.03532358052094424,0.13154199349337248,0.17985192895335012,0.16034479115928293,0.1630490757461708,0.04057022785991749,0.08588882405513099,0.20224049079212358,0.1983079547643758,0.0,0.0,0.0,0.0,0.0,0.5083020894979016,0.13893409621156075,0.4457664873022009,0.0,0.14274520657726278,0.0,0.0,0.1371836839027084,0.0,0.18971310536420147,0.0,0.040857854847218975,0.0,0.0,0.04705051105120105,0.0,0.1257519640253832,0.0,0.036450092697067754,0.05558252702367856,0.0,0.06647730519263573,0.2372980373752253,0.0,0.026565508578891315,0.0961815603472464,0.0,0.0,0.044200059316555074,0.16997542896085888,0.12088756697489081,0.4913551722150511,0.09322788420830111
0.0,0.0,0.0,0.25865529222954375,0.09435893612592297,0.010917982342533092,0.0022633793998348825,0.0,0.1626521830062013,0.029805892419671826,0.05898755558291186,0.1827202712926625,0.021382276702069554,0.04417791259315551,0.0,0.0,0.27988688852034993,0.01639656925909816,0.19771342443225237,0.0,0.0,0.0,0.0,0.009629821729466914,0.0015229735311895337,0.0,0.0,0.0,0.01290167146087236,0.0,0.0,0.0,0.0,0.0,0.0,0.0368714368541675,0.1291124317733282,0.13436423570366576,0.0,0.0,0.1355972384963459,0.16038917599034141,0.20050997996759365,0.2211445674931311,0.22234549430194295,0.24392497471129115,0.08101585384131703,0.17626341960994005,0.06885437931664529,0.2571404102265907,0.0,0.13911455386652616,0.2856814627261866,0.0,0.239176934746547,0.054890029634964595,0.057200587324953714,0.0,0.33227495089943726,0.18227693901991399,0.01594536343394487,0.0,0.07104975020142572,0.29130552364945883,0.11144714617875265,0.2356597020478533,0.0868650547508597,0.004634858227942809,0.0,0.0,0.07013678370858811,0.0,0.12300724954587547,0.12844095456816954,0.022806878886848965,0.14439752982876788
0.06756404849578423,0.1779665956475111,0.011778125261037123,0.0,0.20682414777412877,0.0,0.26054417846838207,0.0,0.0815947913687869,0.2487154674926729,0.0066391291700765714,0.3814827355676272,0.0,0.5505238280078982,0.0,0.059227724512439336,0.5103909597527505,0.07063622211547152,0.16590047540004002,0.0,0.0,0.07498411872535521,0.0,0.07694122976058354,0.12062311601395276,0.2798161283969572,0.0,0.0,0.0,0.09993210382165366,0.16155091753599743,0.1497204927570821,0.356588752587799,0.11226482073829722,0.28612380908468876,0.337766646440905,0.17296514106847116,0.5909621905122036,0.5356800561150308,0.39390656774344424,0.48963848150704076,0.3801023368547557,0.3487555634733124,0.5669594871920757,0.3552843274293441,0.35007709733712755,0.061250035885638765,0.18927580606092842,0.0,0.3400996545491893,0.08295389154934724,0.09379888168192535,0.08537105901925776,0.08159280937221908,0.30132063947480414,0.18401365393788532,0.3086758717182815,0.13235086574750005,0.41484982943046755,0.13088801804436453,0.05980982924297516,0.40483417100710106,0.0,0.45717304178868845,0.061447705149490744,0.2632760286825588,0.13232678555236965,0.062245261606952214,0.48932999244841713,0.0056311234940489285,0.0,0.13343310417291693,0.10197925791259349,0.054957547332902,0.0,0.09365861497284311
0.0610184419333607,0.0,0.0,0.0,0.0,0.0,0.06674591133932914,0.009605992015868876,0.0,0.10381902193873019,0.0,0.24405657899841332,0.0,0.0,0.0,0.03195948882592472,0.11141667001864476,0.0,0.24664525500005352,0.04395595378436532,0.006352345174276387,0.06824699860997502,0.0,0.4005541333733658,0.039982106578060374,0.033432561161946046,0.01290167146087236,0.0,0.0,0.0,0.0,0.12336413356591973,0.4162726958596832,0.0,0.0,0.19692232418103936,0.35913814234936714,0.3018481656938335,0.15093786431538156,0.0,0.17331700278693896,0.157691638747122,0.3602109359321625,0.17771307906712355,0.300910463906448,0.19866188097053142,0.1928474936321315,0.12550328249203382,0.3437770243933558,0.16504960832728005,0.08886759409609471,0.14079214007106639,0.23244291443811738,0.0,0.4133088244801904,0.0,0.31168249655039615,0.1335115572497646,0.6465540466302759,0.05829909417041587,0.017658007656094904,0.490656854383995,0.0,0.4825951078657024,0.07072228186178223,0.13592476360243697,0.08130208131545665,0.18680630121117298,0.5760113865474518,0.02550447815425047,0.18675055314574374,0.1474755186821743,0.14478915895926125,0.09396601241282437,0.10937581172681865,0.15953154395137004
0.5939402880400219,0.22193757682825735,0.0,0.5822101077567683,0.2902791585720079,0.0,0.07682984758226592,0.0,0.10708862367562952,0.09546920331484494,0.3606890692072547,0.07503841668660899,0.0216052122040071,0.4763046811999083,0.0,0.16464726294887827,0.49188702911335286,0.22216471102704055,0.32156433466882184,0.0,0.0916789801120335,0.23386369120355938,0.0,0.4558317853258721,0.12733605692577013,0.03532358052094424,0.0,0.09993210382165366,0.0,0.0,0.0,0.0,0.3702427377924805,0.0,0.0,0.023850198350897772,0.0957977828137829,0.44493758152335405,0.32118991187765605,0.5055128175767407,0.22517496538961854,0.33715234540727723,0.34385399726943633,0.6157594318191328,0.0,0.0,0.0,0.22563387114499672,0.0,0.0,0.11861901795917196,0.3414165636146941,0.04143137359484109,0.4014835835382474,0.5920979821018073,0.0,0.0,0.0053446947674483415,0.0,0.3168457352359176,0.0,0.0,0.9661485994910777,0.9675728208883239,0.2866973740410178,0.34158077962602246,0.3982322058614096,0.19021532902758645,0.0,0.6118985826057586,0.49830070257834325,0.16129584590274992,0.08782371974435024,0.1191782106571206,0.2206027347915199,0.03577931458280469
0.051453398756944636,0.0,0.0017441767540623682,0.10923825263858274,0.0,0.0,0.12798825820590287,0.000620840632200241,0.14083549906476822,0.3192567924559117,0.09679706160792187,0.14933551833061198,0.0,0.318734325384452,0.0,0.0,0.16043698924727723,0.0,0.12271647632271916,0.0,0.011638437518402545,0.0,0.0,0.11363450008738146,0.2535296344719228,0.13154199349337248,0.0,0.16155091753599743,0.0,0.0,0.0,0.15789326094139022,0.3908581202466718,0.28584865124334485,0.3929085789148133,0.20867654027797125,0.18839835311448888,0.15770577122087454,0.2861354692056047,0.3313060348576665,0.23842561267317391,0.49432117047202495,0.5062084620477867,0.47735880041925527,0.3113620842179884,0.13035671272300475,0.06684878101697989,0.24385715040241154,0.0,0.27927277840633336,0.031811399407941476,0.07866077172729832,0.23864349066544352,0.15343585722669245,0.15548621615268549,0.08887940993801746,0.24735581327083403,0.26772109228915925,0.0,0.0,0.0,0.3758195716183493,0.0,0.13901522261788835,0.01053679186693341,0.0,0.0,0.05647819268130091,0.0,0.0,0.0,0.05547269659941447,0.07835402216152333,0.12772459652645513,0.0,0.2839459102658965
0.24825046224415165,0.012443385473782813,0.0697120187299413,0.3334955135463149,0.17318940697531196,0.03068073208413355,0.17462149130219032,0.3219841002686801,0.20234573935388317,0.08668178025949932,0.29415208327686676,0.09985895860846596,0.07920809349784569,0.21309201805504785,0.07314294365411035,0.03723485341555928,0.2569551013020944,0.03376642341565464,0.05511682667224345,0.09245270970813903,0.0864552482191282,0.3801627951724424,0.0,0.0,0.16067364893700678,0.17985192895335012,0.0,0.1497204927570821,0.12336413356591973,0.0,0.15789326094139022,0.0,0.03746185595103857,0.0,0.034014859576789874,0.4786939579195768,0.4251523774254202,0.15772617476640372,0.3938150182103187,0.5735797633593027,0.36408667043014303,0.10199147932471396,0.3795325996778048,0.5573316440376723,0.06630739339019898,0.22827595563298575,0.0,0.14506734567387822,0.33633282469391423,0.4471920413910721,0.027829988376335164,0.4487622432382449,0.17337719794943465,0.0,0.6117036306604559,0.33048632670905437,0.05227256850480777,0.31328169593726585,0.3986707643361848,0.0,0.0,0.42728698841486373,0.0,0.21750798621702755,0.02156753427067267,0.07382040300041859,0.0,0.05411560816084754,0.1339017715845225,0.0,0.0,0.12454526557050047,0.5126668784862822,0.07399121759335289,0.1750273780772971,0.27393812583935495
0.19476572655975688,0.05100900540351804,0.03443589901752367,0.2628743628903241,0.18735433258018683,0.0,0.11299683546616922,0.2799910012869789,0.04676750489711784,0.36948653208886495,0.19608177243732158,0.3008646804087707,0.13413906047672672,0.35654140062842066,0.0,0.09998504342802997,0.45876482391177337,0.28160897484396974,0.2394661403106958,0.06928256957214361,0.0,0.26956998795597586,0.01702996052031628,0.2469596282165712,0.4680881481375919,0.16034479115928293,0.0,0.356588752587799,0.4162726958596832,0.3702427377924805,0.3908581202466718,0.03746185595103857,0.0,0.3762833517596175,0.09736571236918637,0.2927816724806407,0.16093722169321725,0.25345380028650627,0.40986265489338886,0.49674224534983713,0.41102676328775317,0.27456881590049653,0.4182288680417754,0.46159437193519454,0.6226862111790749,0.20363741909037428,0.0,0.5194377422777049,0.0,0.4002688666107769,0.26089831692006166,0.4049805397725148,0.2046132565241735,0.055512236298998985,0.11075420777065048,0.3940483987136886,0.08479706890545899,0.38500314497655364,0.0,0.0,0.0,0.1941667533844011,0.0,0.9801109178947647,0.10064585704968641,0.14443085513509077,0.0,0.04744519222087121,0.39267710880110757,0.25462115107352556,0.05612174788801495,0.10517787740862306,0.6053930473500669,0.19001229534400566,0.0,0.22094995770714682
0.0,0.0,0.0,0.3023155236253354,0.12374343798567482,0.014279217902999575,0.146805892961763,0.03117921201730175,0.14587496960298788,0.3403702430272777,0.16848586770940144,0.5011477206875565,0.14640373777233756,0.44394317236521175,0.00019908998718669302,0.0089989687447198,0.46178259422371154,0.35014348038116244,0.1431583628195543,0.0,0.0,0.10683770209449993,0.0,0.16561293957081732,0.4384844901764453,0.1630490757461708,0.0,0.11226482073829722,0.0,0.0,0.28584865124334485,0.0,0.3762833517596175,0.0,0.44455907212924584,0.5928289557920404,0.5965982268994354,0.4531681092807585,0.5423948107312748,0.5330166107969032,0.4749527180549368,0.2900001089679948,0.47313600030574204,0.37012298702024193,0.29658941317070997,0.31166386211135094,0.06456666664571013,0.0,0.33480301940268037,0.4652806947315388,0.0,0.4600757921389513,0.2221426718080359,0.05639649372337205,0.37502933687569207,0.23087786366336155,0.4174978898448385,0.24686951750697225,0.5661027115042256,0.0,0.0,0.27178595223021806,0.0,0.20859282381368516,0.048804855997531316,0.0,0.0,0.001158690738752327,0.5588020715623535,0.0,0.0,0.0,0.3649053531820295,0.14055151485288614,0.296973883947227,0.32212879311180653
0.024682470385722466,0.0,0.0767877257166629,0.15107529333593017,0.20169087701254013,0.08940698710859857,0.22405619617922237,0.19893736242728874,0.14231028078132849,0.2536170521478063,0.2321606319193829,0.2019442581799442,0.1539544395289445,0.43025674005085496,0.0575183402456587,0.03607167219265785,0.22717491658886446,0.0,0.05093251579786478,0.05715519350245929,0.0,0.1709622978735056,0.0,0.17674601365234127,0.12254772900307,0.04057022785991749,0.0,0.28612380908468876,0.0,0.0,0.3929085789148133,0.034014859576789874,0.09736571236918637,0.44455907212924584,0.0,0.2977685119814559,0.21468171467254868,0.5528339701671006,0.36911399179991117,0.47233080194620036,0.3922505135652527,0.39202557355218176,0.5418383333263634,0.39951488934832124,0.29283451203825445,0.12167471565851232,0.07760114561972792,0.19703368665197873,0.49281036638130626,0.16891483508916633,0.15736161002205945,0.3984139759922831,0.35970120092223423,0.09417847438166413,0.6971004579062126,0.27280064247382674,0.5421555852623245,0.3628866805253491,0.6159139022751856,0.0,0.0,0.10241754111173823,0.20358226450850772,0.17487057729100286,0.05958717969089289,0.11437037409360429,0.003093608605284362,0.10625007185052301,0.6769714476276412,0.0,0.022421039541047294,0.07358757200168288,0.5445254069242373,0.22001320494041743,0.30185936281426473,0.6125383088380876
0.3858847706112552,0.4454213250075312,0.042293016934902894,0.0,0.3102607767580933,0.17641031554986897,0.39868914105488173,0.2872627111652628,0.05852226276181727,0.3282521372571129,0.2934085075689895,0.3754273189906117,0.3851010902973483,0.101242738402286,0.34072059009652705,0.6889790389433514,0.34649615813612145,0.4213545238022815,0.05910927340396721,0.1511984547085965,0.42322942541344144,0.26153940600877945,0.0,0.33121834407958833,0.1662038519889332,0.08588882405513099,0.0368714368541675,0.337766646440905,0.19692232418103936,0.023850198350897772,0.20867654027797125,0.4786939579195768,0.2927816724806407,0.5928289557920404,0.2977685119814559,0.0,0.14143194645261714,0.43828992035617226,0.17762170530772553,0.19868867911625537,0.3745865838901785,0.3017319850509546,0.1460390561488059,0.2242851399588556,0.3869644785546616,0.0,0.4343116309164488,0.30530509905160474,0.4568101716630145,0.4152751774276306,0.1365187624763431,0.147255213164924,0.2753511705362363,0.0703447253453938,0.6116007736163703,0.04991879784203196,0.2340938280860311,0.3151317828494148,0.2011263437307753,0.3706344163160059,0.3782880910694929,0.0,0.9499277864997362,0.177054990717671,0.41532395390015553,0.3848780676077938,0.5586797465115602,0.0,0.5462875188098015,0.5182532128925745,0.46056968012730987,0.2654997897320044,0.43880362233536524,0.43448570944048603,0.45847927429969093,0.5536156434246203
0.4129452800159906,0.0,0.10958234816129989,0.07639412928959688,0.5316233871862712,0.10060984608641531,0.5680609796628865,0.38345001122762923,0.10622826691118556,0.4226191039901496,0.2883251361608451,0.3430091790956028,0.35448644179780325,0.0,0.3428142107575548,0.10871482896213423,0.36262035215316113,0.42128231790384046,0.032939182467737395,0.0,0.09412287137490183,0.4461791669997188,0.1869927750873779,0.3754079009830871,0.3706834366393537,0.20224049079212358,0.1291124317733282,0.17296514106847116,0.35913814234936714,0.0957977828137829,0.18839835311448888,0.4251523774254202,0.16093722169321725,0.5965982268994354,0.21468171467254868,0.14143194645261714,0.0,0.4454348503900609,0.21094444605835672,0.23759635179869112,0.23951426238065887,0.4819244809214771,0.3459530906223569,0.4608274174523536,0.31199386687677494,0.0,0.0,0.29036912747999666,0.2694683304423175,0.0,0.14359820082288172,0.49894032519806014,0.483401371487071,0.35538269033539915,0.2634623969209558,0.37261555516317035,0.28616293867519615,0.5175816452275128,0.0,0.48976552519192573,0.0,0.0,0.0,0.3034008421621752,0.41025590910546933,0.0,0.5954216231541296,0.17077788948386127,0.4333673085954649,0.0,0.2355175715481156,0.09951292861186778,0.4800610742956657,0.43460090377713656,0.0,0.3290279141904901
0.23008435489314957,0.0,0.009326522631659548,0.2685026088985257,0.2470181893510995,0.0621132736548847,0.43524420304697237,0.18491536672480366,0.11747349841344265,0.35485652658039457,0.17066381450240684,0.191200102474161,0.16975346106138303,0.41381547616690906,0.37487233388106034,0.32230854706124423,0.21738154179658606,0.33052868247748285,0.04826220629600757,0.5943771243518675,0.432634683788533,0.3509773406435973,0.10932486278981082,0.0,0.4514759433507435,0.1983079547643758,0.13436423570366576,0.5909621905122036,0.3018481656938335,0.44493758152335405,0.15770577122087454,0.15772617476640372,0.25345380028650627,0.4531681092807585,0.5528339701671006,0.43828992035617226,0.4454348503900609,0.0,0.22440329583551472,0.45232961997710613,0.321744071787514,0.4981207447561683,0.21833072942328427,0.13412328177921665,0.49721879769099725,0.46147790277863443,0.0,0.6065775968974583,0.0,0.38803039427895986,0.3558742976029563,0.2520866034201169,0.0,0.23384880508243505,0.4247191605636564,0.463454725307029,0.5311403447589859,0.20738837721594677,0.0,0.4845934470592539,0.610368392412632,0.3705651559617599,0.39213671119955007,0.3483688761021387,0.4985093465567315,0.0,0.53561959341441,0.5250668033683782,0.4489344702507058,0.43791240107185153,0.5087229523456297,0.3521774349053585,0.5335517849781815,0.6441557401652712,0.0,0.30163786566409867
0.04768969920845858,0.0,0.1807770710699973,0.1412177836015845,0.2217811987344116,0.10057050100500267,0.23387537843188416,0.25563629210962346,0.08933757200684284,0.5618763068271201,0.22257506447339456,0.6999132982274486,0.2705687984479739,0.37982261947481183,0.005416855981065756,0.0,0.48819148207992413,0.0,0.13723470736728258,0.0,0.17944511467199883,0.0,0.04800106856234505,0.4578110187196064,0.0,0.0,0.0,0.5356800561150308,0.15093786431538156,0.32118991187765605,0.2861354692056047,0.3938150182103187,0.40986265489338886,0.5423948107312748,0.36911399179991117,0.17762170530772553,0.21094444605835672,0.22440329583551472,0.0,0.0,0.03159946182975544,0.17443872699778137,0.0,0.19972575371958032,0.14733807731994766,0.0,0.0,0.0,0.049172565046323176,0.46031404295989936,0.11516260780719527,0.0,0.524480252083678,0.0,0.12714994334954166,0.3770254049846179,0.003001689594644162,0.026611540509384954,0.26254096656988124,0.0,0.0,0.0,0.16958534459801947,0.0,0.2109865559257539,0.0,0.1642877164549928,0.1336528260051887,0.0,0.0,0.0,0.32867126295626015,0.13080776563922944,0.1796315093250178,0.2968151219059891,0.09040223364676633
0.0,0.11021297665767074,0.603810409121228,0.37679475785565697,0.7888271733653895,0.13354684776064837,0.48287457212435325,0.2154520220622915,0.5296603431711452,0.01939541206991236,0.2037672437097875,0.011578112471627183,0.43247804207022933,0.0,0.0,0.0,0.2559560056116139,0.0797117656592859,0.5860509713160931,0.12230404902228649,0.10400337306278301,0.0,0.15249300745866667,0.4869768450620221,0.16154525442036188,0.0,0.0,0.39390656774344424,0.0,0.5055128175767407,0.3313060348576665,0.5735797633593027,0.49674224534983713,0.5330166107969032,0.47233080194620036,0.19868867911625537,0.23759635179869112,0.45232961997710613,0.0,0.0,0.28760555639356683,0.26501998368260077,0.277568840380734,0.18753689882418934,0.4389640792710158,0.08361705263930215,0.0,0.2821041999837649,0.3346291672769235,0.1566671140032372,0.12244195945244037,0.27618077855133916,0.18860889828286384,0.1174537101671845,0.2519377557838737,0.2725623272797322,0.29444759950783816,0.0,0.43511526522990307,0.0,0.056145582952339415,0.14384524457943434,0.30069586977868634,0.10866207038414762,0.19570730531886335,0.0,0.06790525623573705,0.07472114236837069,0.3224260475547017,0.06855675442724093,0.0,0.22901027198327903,0.13917700752450324,0.2468646548242318,0.23235783117712017,0.0629043726276795
0.08166709156734431,0.031266567547996976,0.21037599100138657,0.2939454635793159,0.39688784348051104,0.0,0.4819705642360965,0.1929416289342252,0.32457971314017653,0.008006010298868355,0.2703250254127453,0.19438724956829412,0.46947759342707673,0.536928431053604,0.0612298160745849,0.0,0.15900532463106035,0.0,0.4367551523367716,0.2005242915389636,0.0,0.07049777296020464,0.03822849258943582,0.33302528174520646,0.04638864574768982,0.0,0.1355972384963459,0.48963848150704076,0.17331700278693896,0.22517496538961854,0.23842561267317391,0.36408667043014303,0.41102676328775317,0.4749527180549368,0.3922505135652527,0.3745865838901785,0.23951426238065887,0.321744071787514,0.03159946182975544,0.28760555639356683,0.0,0.4496743838485753,0.3936042271441864,0.2814508409191728,0.6907940513678287,0.07451416570531273,0.0,0.0,0.21872585017658547,0.08034096559582171,0.0,0.06705399844234132,0.1477135640241954,0.0,0.35169500818929905,0.0,0.3302283911811786,0.11623743874959631,0.3993619723852245,0.0,0.014363176591473004,0.11531589317475646,0.22842947569807415,0.0,0.02539846407175262,0.0,0.0,0.0,0.3210855912119479,0.06632605225546509,0.0,0.0634102286999177,0.3632115040721777,0.0,0.18148088944282165,0.21224956953832314
0.21703707110811016,0.24371348683967992,0.5033625700181168,0.47869097892005347,0.5383178761618745,0.1767476038147516,0.44209777432018493,0.2452614750067469,0.21307612284376182,0.33499047721662484,0.19596582491126044,0.49775547694860495,0.665826651854434,0.6470310982312157,0.14732743280684768,0.0,0.26458871031781317,0.0108945860128285,0.08261789354312638,0.18711575210126427,0.17988098379078862,0.007679432390738913,0.1224990061480263,0.2800454096988156,0.09103820291940794,0.0,0.16038917599034141,0.3801023368547557,0.157691638747122,0.33715234540727723,0.49432117047202495,0.10199147932471396,0.27456881590049653,0.2900001089679948,0.39202557355218176,0.3017319850509546,0.4819244809214771,0.4981207447561683,0.17443872699778137,0.26501998368260077,0.4496743838485753,0.0,0.6776948697686603,0.526139690886658,0.6092843408293359,0.1579322174950742,0.13140717643655353,0.15307868565951535,0.6674526720209562,0.23343184866936256,0.0,0.34201206155133995,0.3849135229717239,0.0,0.28782034934010553,0.12254886931322646,0.0,0.315854274593599,0.46374374015698683,0.0,0.21256859621849317,0.0913512538166205,0.44053976612462775,0.15954269480796898,0.03084147009146898,0.0,0.07673146572438191,0.11688534090662159,0.19912069110152114,0.3019014030658535,0.0,0.2808994609242599,0.5596438986273041,0.09331046951714969,0.36352802605866724,0.4311845371974589
0.3775278800242989,0.35514198292995974,0.210781535730337,0.502224280798399,0.29594739255493874,0.03277576284701347,0.23368991054731128,0.13867339546473342,0.16723454371743413,0.18160877335988374,0.1609420074869302,0.19269483412260113,0.2129825633628552,0.08860126191594757,0.49181440461178516,0.3876499816323763,0.0,0.0,0.07701169643007331,0.5316217028418876,0.3562439248979,0.3797628333831585,0.09645896634838233,0.3880639888256807,0.41819690166016454,0.0,0.20050997996759365,0.3487555634733124,0.3602109359321625,0.34385399726943633,0.5062084620477867,0.3795325996778048,0.4182288680417754,0.47313600030574204,0.5418383333263634,0.1460390561488059,0.3459530906223569,0.21833072942328427,0.0,0.277568840380734,0.3936042271441864,0.6776948697686603,0.0,0.0,0.4598554498133303,0.35003053151656754,0.4217440410457174,0.06267552526772519,0.0,0.20179865862847468,0.14597641191292465,0.028043835115025992,0.49960238785231514,0.0,0.5378884700251141,0.15437246248601966,0.34515843469450785,0.0,0.0,0.4388177230806145,0.05397962554948038,0.2855000259260132,0.30399714032769515,0.025062696777426625,0.3995296099179584,0.0,0.20752856903523048,0.0,0.2529198967048631,0.2684960125457012,0.4971021784014797,0.31948137697769013,0.15832603710116638,0.2904864378992622,0.3457426198700435,0.06513621019390421
0.0,0.0,0.22457200053087392,0.2879149864334984,0.9378277919203535,0.28008081924036377,0.6725240926471272,0.46636717643627756,0.18869452972447126,0.2058685006215134,0.16291378991270586,0.2711285359928511,0.5004852510759887,0.5247867149576788,0.4939883578197166,0.0,0.0,0.0,0.4842570916333349,0.5785034347134067,0.0,0.32264801236701574,0.20159237248330125,0.3853794492526043,0.0,0.5083020894979016,0.2211445674931311,0.5669594871920757,0.17771307906712355,0.6157594318191328,0.47735880041925527,0.5573316440376723,0.46159437193519454,0.37012298702024193,0.39951488934832124,0.2242851399588556,0.4608274174523536,0.13412328177921665,0.19972575371958032,0.18753689882418934,0.2814508409191728,0.526139690886658,0.0,0.0,0.3671372277050714,0.0,0.2559437988507096,0.15303637694453315,0.06713356267110929,0.08890548660755616,0.0,0.0,0.46185313371735515,0.0,0.4923722316296654,0.14547352471603398,0.3039487071505969,0.0,0.0,0.03945592072191574,0.0,0.32544973239305436,0.3970328788475651,0.0,0.3016219832729267,0.08115071064060073,0.16167747033368307,0.14718772187174886,0.1294305659507219,0.43307785960149414,0.5312407756117556,0.0,0.04724209841918553,0.14444197640719172,0.49746655913883575,0.2313325600086536
0.38620047522652684,0.0,0.0,0.0,0.40550358832404065,0.10284813769077869,0.4402151634668284,0.0,0.1574397463301095,0.1646916237389137,0.1882919888395505,0.2936707343991677,0.41308142653531615,0.0,0.0,0.0,0.4189942263932235,0.23745997461139193,0.0,0.6453880533989454,0.0,0.5900328558777657,0.5376875956980155,0.18634117128574246,0.2646589865906264,0.13893409621156075,0.22234549430194295,0.3552843274293441,0.300910463906448,0.0,0.3113620842179884,0.06630739339019898,0.6226862111790749,0.29658941317070997,0.29283451203825445,0.3869644785546616,0.31199386687677494,0.49721879769099725,0.14733807731994766,0.4389640792710158,0.6907940513678287,0.6092843408293359,0.4598554498133303,0.3671372277050714,0.0,0.1992107222561307,0.6119291007505835,0.010288050840375013,0.22620913771633827,0.34908515091173886,0.1816709618791817,0.2696732876934597,0.1842115873170782,0.0,0.2140402051744626,0.1730893958975585,0.13400210366349927,0.2379095409806031,0.5054653539458369,0.42807772998944543,0.27996186365351006,0.39004395238891826,0.15590476305471804,0.19734642957846432,0.485661070744319,0.03206483829914686,0.5849070007885384,0.1496935026013869,0.20152195334017614,0.05466148223708043,0.3097456281719662,0.35563138559002716,0.3657876989010544,0.41771296878881425,0.3977376631689947,0.2898634059181225
0.912900274152871,0.21388428426795447,0.0,0.0,0.0,0.24484135999580325,0.0,0.39287244304894303,0.0,0.20418065943874975,0.0,0.0,0.23347551790668783,0.0,0.3635339725137587,0.0,0.400660475368112,0.2929851611661849,0.0,0.32692430780126447,0.35249824822490033,0.2608242297003823,0.2301366650941526,0.6223680728603707,0.3899226560717174,0.4457664873022009,0.24392497471129115,0.35007709733712755,0.19866188097053142,0.0,0.13035671272300475,0.22827595563298575,0.20363741909037428,0.31166386211135094,0.12167471565851232,0.0,0.0,0.46147790277863443,0.0,0.08361705263930215,0.07451416570531273,0.1579322174950742,0.35003053151656754,0.0,0.1992107222561307,0.0,0.0,0.17386580568536153,0.0,0.41000964335480095,0.0,0.07959669717903418,0.0,0.0,0.05844687398033767,0.04726428660616731,0.06321955739361812,0.033925948264123276,0.24706283200750342,0.0,0.0,0.0,0.03987403429594087,0.0,0.003470829059136177,0.0,0.0,0.0,0.10458714023969293,0.0,0.0,0.0,0.013665426029497087,0.0,0.5806727343086857,0.0
0.0,0.07075541854510137,0.6207718791785679,0.0,0.22712150224669306,0.10079084798303238,0.06974082768188807,0.09674188264880487,0.0,0.35437199732657465,0.0,0.29763629733016256,0.11022835778180584,0.0,0.18573000387522554,0.0,0.528478540066944,0.0,0.0,0.2326896410786876,0.0,0.09139999814249873,0.07515630556034317,0.300411913025511,0.0,0.0,0.08101585384131703,0.061250035885638765,0.1928474936321315,0.0,0.06684878101697989,0.0,0.0,0.06456666664571013,0.07760114561972792,0.4343116309164488,0.0,0.0,0.0,0.0,0.0,0.13140717643655353,0.4217440410457174,0.2559437988507096,0.6119291007505835,0.0,0.0,0.1315174591226382,0.0,0.12331587194547892,0.0,0.012790204918030582,0.0,0.059107358185551406,0.28458922353259286,0.20676742874660228,0.19416527704292477,0.04318992175284719,0.6187152255088568,0.0,0.0,0.20377533214624377,0.0,0.28701595956297854,0.0,0.0,0.0,0.0,0.08395749140435585,0.0,0.0,0.0,0.07177191366659232,0.0,0.42993367608607236,0.08827742412989271
0.0,0.0,0.5792824394648147,0.5451146396905597,0.2394220671815571,0.08435285354287775,0.17911497223537762,0.20936269933586998,0.27312815424429815,0.49334603748664485,0.24675783579653113,0.0,0.11352528571544299,0.0345602053529596,0.08364879497462119,0.0,0.0,0.0,0.6269087187883325,0.10014381992481566,0.10025450596488841,0.15104441790945142,0.45583935565400324,0.0,0.0,0.14274520657726278,0.17626341960994005,0.18927580606092842,0.12550328249203382,0.22563387114499672,0.24385715040241154,0.14506734567387822,0.5194377422777049,0.0,0.19703368665197873,0.30530509905160474,0.29036912747999666,0.6065775968974583,0.0,0.2821041999837649,0.0,0.15307868565951535,0.06267552526772519,0.15303637694453315,0.010288050840375013,0.17386580568536153,0.1315174591226382,0.0,0.19492307915565926,0.0,0.0,0.0,0.013612914910698937,0.046594153738654887,0.03386378806288014,0.0,0.0025318234775895676,0.0,0.036832680122275585,0.11630396720032841,0.0,0.07352446354576932,0.07548754560348274,0.07079755587755063,0.021655994503711348,0.0,0.034100516820737614,0.09855837736454501,0.19108873046671684,0.0,0.01755863758939695,0.08885559116342105,0.0,0.0,0.07767688208709964,0.0
0.0,0.0,0.5248961756755487,0.0,0.0,0.21636476715056935,0.0,0.0,0.5014453967632584,0.3905089351476815,0.47461199773962387,0.4116861407398334,0.0,0.0,0.0,0.0,0.0,0.0,0.0,0.0,0.0,0.4858424001803906,0.0913343868819899,0.0,0.0,0.0,0.06885437931664529,0.0,0.3437770243933558,0.0,0.0,0.33633282469391423,0.0,0.33480301940268037,0.49281036638130626,0.4568101716630145,0.2694683304423175,0.0,0.049172565046323176,0.3346291672769235,0.21872585017658547,0.6674526720209562,0.0,0.06713356267110929,0.22620913771633827,0.0,0.0,0.19492307915565926,0.0,0.068475018896236,0.13442534056023647,0.2424372613907418,0.5047626480038809,0.0,0.5652627746644436,0.0,0.2922140014590838,0.0,0.0,0.4422933384803722,0.0,0.0,0.3785277647430687,0.09746221623686298,0.08797927879382927,0.4171372199388015,0.23175101017848174,0.27415338427527036,0.3661945876315971,0.0,0.24498058692929997,0.27878905239730384,0.23435610571392293,0.32293614017040695,0.4060370877871979,0.29605921045708417
0.0,0.0,0.28232465055833245,0.0,0.4849683715444942,0.18809149296274796,0.24825348594204372,0.4734897564464494,0.23352935313846235,0.5008161400874248,0.18755503837625637,0.33611490706201,0.30281381194108226,0.079966497378549,0.0,0.0,0.0,0.0,0.06982043486171602,0.0,0.0,0.4722023356882268,0.25257552183504745,0.3662282977698652,0.0,0.0,0.2571404102265907,0.3400996545491893,0.16504960832728005,0.0,0.27927277840633336,0.4471920413910721,0.4002688666107769,0.4652806947315388,0.16891483508916633,0.4152751774276306,0.0,0.38803039427895986,0.46031404295989936,0.1566671140032372,0.08034096559582171,0.23343184866936256,0.20179865862847468,0.08890548660755616,0.34908515091173886,0.41000964335480095,0.12331587194547892,0.0,0.068475018896236,0.0,0.0,0.023367853755247137,0.30336269274386773,0.0,0.20904489914563462,0.0,0.21579169587847383,0.0,0.14031975941776673,0.24505232406053568,0.0,0.19913353229723108,0.19768513198599102,0.0,0.19893941336056367,0.0,0.1552680566258059,0.0,0.3416992667769342,0.08843849118455004,0.07366407803587413,0.0,0.11395602606897734,0.05689280383475753,0.4383745375595715,0.0
0.15843149369645837,0.16326686031587836,0.17013736134140406,0.24179679037020507,0.16277893226457446,0.0,0.1962026405557893,0.045991523341616825,0.08111941538942041,0.12166400480835102,0.0,0.33111704187343943,0.08168966941370558,0.17438522153430466,0.1013433879608553,0.09457006524368827,0.0,0.0,0.24207053867435752,0.03919628416644233,0.0,0.19949215699242107,0.0,0.273709500698271,0.04270765239386912,0.1371836839027084,0.0,0.08295389154934724,0.08886759409609471,0.11861901795917196,0.031811399407941476,0.027829988376335164,0.26089831692006166,0.0,0.15736161002205945,0.1365187624763431,0.14359820082288172,0.3558742976029563,0.11516260780719527,0.12244195945244037,0.0,0.0,0.14597641191292465,0.0,0.1816709618791817,0.0,0.0,0.0,0.13442534056023647,0.0,0.0,0.0,0.0,0.0,0.05124821366413536,0.0,0.11038600130676067,0.0,0.1827804242222081,0.0,0.0,0.1616906292222665,0.052687824102631085,0.07792715977265681,0.0,0.0,0.005337596741448125,0.0,0.2356396991688213,0.0,0.0,0.0,0.0,0.0,0.0,0.0
0.0,0.10174975505622103,0.21135122115581537,0.0,0.20574877087176596,0.0,0.060954447696075664,0.36548977905194924,0.2019690167972327,0.1596248431197972,0.1678407338272691,0.45712403310222616,0.0488765581206342,0.2577228921286312,0.18396089040426733,0.0,0.0,0.5628247436206697,0.14418638272876205,0.13788622923311394,0.17015375058818705,0.16703897647626523,0.0,0.3425025221839829,0.0,0.0,0.13911455386652616,0.09379888168192535,0.14079214007106639,0.3414165636146941,0.07866077172729832,0.4487622432382449,0.4049805397725148,0.4600757921389513,0.3984139759922831,0.147255213164924,0.49894032519806014,0.2520866034201169,0.0,0.27618077855133916,0.06705399844234132,0.34201206155133995,0.028043835115025992,0.0,0.2696732876934597,0.07959669717903418,0.012790204918030582,0.0,0.2424372613907418,0.023367853755247137,0.0,0.0,0.10678012292418891,0.0,0.18395251438719895,0.0,0.2149980807955389,0.16102638445841494,0.4075669633865028,0.22146457235814337,0.034278876798847176,0.11631099726439609,0.1362296191146826,0.0,0.0743532960225067,0.018236131544193984,0.17138999837994598,0.0,0.2934132472489846,0.07794311165975848,0.06947172497529094,0.0,0.2167426391653608,0.0,0.3237129665396898,0.0
0.34560318811037083,0.255528111486753,0.24078093403650058,0.3726362832189511,0.25979323490312145,0.22563814469428956,0.21768736248125425,0.12343847805405662,0.181340620043058,0.20795092806862303,0.0,0.4867943338412701,0.06588677164202836,0.27729746983621484,0.0,0.5011464936970751,0.0,0.547416633865306,0.26661912844852104,0.16986034226580887,0.35629736214104923,0.17689147651252413,0.2571999397470095,0.0,0.30305424205684384,0.18971310536420147,0.2856814627261866,0.08537105901925776,0.23244291443811738,0.04143137359484109,0.23864349066544352,0.17337719794943465,0.2046132565241735,0.2221426718080359,0.35970120092223423,0.2753511705362363,0.483401371487071,0.0,0.524480252083678,0.18860889828286384,0.1477135640241954,0.3849135229717239,0.49960238785231514,0.46185313371735515,0.1842115873170782,0.0,0.0,0.013612914910698937,0.5047626480038809,0.30336269274386773,0.0,0.10678012292418891,0.0,0.0,0.14080269513977664,0.1915466387910501,0.20677180446969573,0.0,0.2900458334620519,0.1700346321532684,0.0,0.2509113928782201,0.0,0.0,0.11047471389424868,0.07785526771043977,0.07055053123677556,0.06010593278850431,0.0,0.0,0.0,0.0,0.000685695723637466,0.0,0.14786525678988238,0.035195182355641105
0.0,0.0,0.171826490489075,0.4881252403272437,0.25287261575648007,0.07299410384620662,0.317411636256375,0.0,0.21747856902416585,0.2330548901824318,0.0,0.039323109828896,0.0910915432977609,0.0,0.4003579677807638,0.0,0.0,0.0,0.18504869640219807,0.13106722117269165,0.3661866556003525,0.009479933815368657,0.14659809428480192,0.4305772051587967,0.33291101584459276,0.0,0.0,0.08159280937221908,0.0,0.4014835835382474,0.15343585722669245,0.0,0.055512236298998985,0.05639649372337205,0.09417847438166413,0.0703447253453938,0.35538269033539915,0.23384880508243505,0.0,0.1174537101671845,0.0,0.0,0.0,0.0,0.0,0.0,0.059107358185551406,0.046594153738654887,0.0,0.0,0.0,0.0,0.0,0.0,0.11853920767587364,0.0,0.010440126217298413,0.0,0.0,0.1916679820976944,0.09983300841599367,0.03130947745915115,0.18496549694584627,0.0,0.06721568751266284,0.0,0.08064898888979069,0.0,0.0,0.1287397789457423,0.015925134981184724,0.003806053440185547,0.0,0.0,0.0,0.0
0.15137671249543014,0.044475959032649726,0.38270315907215147,0.0,0.0,0.38590345266591153,0.2706082471578728,0.457481968868803,0.25935711178701115,0.0,0.13585830793776077,0.0,0.46804743067073373,0.0,0.0,0.43351040650353456,0.05797781355329862,0.2480206422575314,0.643018233708043,0.5891761714967334,0.4067145768231222,0.3176633738331672,0.2368047547164609,0.1369206732608713,0.10167699650115908,0.040857854847218975,0.239176934746547,0.30132063947480414,0.4133088244801904,0.5920979821018073,0.15548621615268549,0.6117036306604559,0.11075420777065048,0.37502933687569207,0.6971004579062126,0.6116007736163703,0.2634623969209558,0.4247191605636564,0.12714994334954166,0.2519377557838737,0.35169500818929905,0.28782034934010553,0.5378884700251141,0.4923722316296654,0.2140402051744626,0.05844687398033767,0.28458922353259286,0.03386378806288014,0.5652627746644436,0.20904489914563462,0.05124821366413536,0.18395251438719895,0.14080269513977664,0.11853920767587364,0.0,0.05250577153914247,0.21597804193718761,0.0982712879787307,0.5870372466249886,0.0,0.1926244188550539,0.1637916310428373,0.12804212555345068,0.11216514800934335,0.12161847313970746,0.2654585051671341,0.0,0.09908712846643625,0.2805886265954418,0.22235996403040695,0.20130141036606222,0.2259436284202343,0.14203790700479865,0.1405818063682998,0.32563952930726714,0.08209242964820085
0.0,0.0,0.40866167298576894,0.2569939292310055,0.0,0.09766042874990119,0.2191899768492507,0.10668909343101227,0.1286924522526724,0.10780581694840817,0.10094406243354283,0.38596502214946293,0.11480459421558785,0.0,0.0,0.0,0.0,0.0,0.28922852860376963,0.0,0.0,0.0,0.3240267451945622,0.41981771766277254,0.49627415933165453,0.0,0.054890029634964595,0.18401365393788532,0.0,0.0,0.08887940993801746,0.33048632670905437,0.3940483987136886,0.23087786366336155,0.27280064247382674,0.04991879784203196,0.37261555516317035,0.463454725307029,0.3770254049846179,0.2725623272797322,0.0,0.12254886931322646,0.15437246248601966,0.14547352471603398,0.1730893958975585,0.04726428660616731,0.20676742874660228,0.0,0.0,0.0,0.0,0.0,0.1915466387910501,0.0,0.05250577153914247,0.0,0.27691670327682905,0.0,0.32460753150449134,0.0,0.5324700150047084,0.07942831694121123,0.24047768674683642,0.0,0.6111289030037196,0.0,0.0,0.25608507518545404,0.45888074996919814,0.17657531401603116,0.17576737633454903,0.0,0.0,0.10571912895296295,0.36943291774715564,0.0
0.24573773001577834,0.15009204954035985,0.24408202937619977,0.4071426113665212,0.28721297003751917,0.0962209931272085,0.4417424701574888,0.8883660343476609,0.0971446749686045,0.0,0.22464176226816476,0.1656749874564599,0.18968954661361198,0.5316040163684642,0.6075988420783311,0.00833172096115009,0.15137234225389468,0.23595400968167946,0.2494676920622459,0.4552170850923225,0.336362177483992,0.1432648167896859,0.12009443517999127,0.2078112563841947,0.0,0.0,0.057200587324953714,0.3086758717182815,0.31168249655039615,0.0,0.24735581327083403,0.05227256850480777,0.08479706890545899,0.4174978898448385,0.5421555852623245,0.2340938280860311,0.28616293867519615,0.5311403447589859,0.003001689594644162,0.29444759950783816,0.3302283911811786,0.0,0.34515843469450785,0.3039487071505969,0.13400210366349927,0.06321955739361812,0.19416527704292477,0.0025318234775895676,0.2922140014590838,0.21579169587847383,0.11038600130676067,0.2149980807955389,0.20677180446969573,0.010440126217298413,0.21597804193718761,0.27691670327682905,0.0,0.0839430565982359,0.2348641812703698,0.471563864603574,0.0,0.0,0.0,0.10146420683259663,0.22425135412007297,0.24099680887520547,0.13736636125690688,0.14002651497264834,0.28134626424488307,0.3235479245218079,0.18466064581758557,0.0,0.3836352974043482,0.1250060385052489,0.3178314833728676,0.1925233155790542
0.09592204131863613,0.06841697260142514,0.19751809239230705,0.42414895342503617,0.20743876761293367,0.038022092969112686,0.0464511532755401,0.20149137810575735,0.13484989132360944,0.1682602032717423,0.1804134330036431,0.39286530647165524,0.06322374207181712,0.44157975449255643,0.14869696350194456,0.009320706842862458,0.3905447858211515,0.12243413493169743,0.25352871077319383,0.0744257869733214,0.023005834830667315,0.09773874128670104,0.0,0.24653527723339255,0.0,0.04705051105120105,0.0,0.13235086574750005,0.1335115572497646,0.0053446947674483415,0.26772109228915925,0.31328169593726585,0.38500314497655364,0.24686951750697225,0.3628866805253491,0.3151317828494148,0.5175816452275128,0.20738837721594677,0.026611540509384954,0.0,0.11623743874959631,0.315854274593599,0.0,0.0,0.2379095409806031,0.033925948264123276,0.04318992175284719,0.0,0.0,0.0,0.0,0.16102638445841494,0.0,0.0,0.0982712879787307,0.0,0.0839430565982359,0.0,0.21606301373867812,0.1284234165821393,0.038818736831517583,0.17456108079169472,0.1266359474931192,0.0,0.0,0.08031756252337938,0.0,0.0,0.15159471018407117,0.12007525441880447,0.13508158559900754,0.0,0.0,0.0,0.0,0.0
0.0,0.0,0.17517225708373885,0.0,0.28624040537182105,0.0,0.2680129147509897,0.25004757959098795,0.250067453051811,0.0,0.06882417288967754,0.5025443925138916,0.6152029431099627,0.20243244071120955,0.5131101175086207,0.0,0.0,0.0,0.0797761811838036,0.0,0.0,0.0,0.2062567121404828,0.0,0.0,0.0,0.33227495089943726,0.41484982943046755,0.6465540466302759,0.0,0.0,0.3986707643361848,0.0,0.5661027115042256,0.6159139022751856,0.2011263437307753,0.0,0.0,0.26254096656988124,0.43511526522990307,0.3993619723852245,0.46374374015698683,0.0,0.0,0.5054653539458369,0.24706283200750342,0.6187152255088568,0.036832680122275585,0.0,0.14031975941776673,0.1827804242222081,0.4075669633865028,0.2900458334620519,0.0,0.5870372466249886,0.32460753150449134,0.2348641812703698,0.21606301373867812,0.0,0.0,0.47735431657196276,0.458584523318942,0.5933500134197067,0.0027969760509276784,0.5091706468476542,0.06277904537468745,0.37303663505707363,0.14678931524798616,0.2858634006255113,0.49042749266195934,0.325938642207381,0.09493127720027472,0.1643286496762391,0.41342487248109333,0.5253347069643112,0.25623449865510234
0.38144472133390694,0.040501596343968285,0.6274999099378443,0.0,0.2691152407387566,0.09588846299239506,0.10738488283793335,0.3427431889167534,0.04967779192091626,0.42607893613836983,0.0,0.3749396674744136,0.1211369226721816,0.0,0.15654609269906475,0.15645259841118425,0.6214232270931164,0.29996646377217107,0.0,0.0,0.0,0.03933649009908416,0.0,0.5559278884614575,0.2738517032744727,0.1257519640253832,0.18227693901991399,0.13088801804436453,0.05829909417041587,0.3168457352359176,0.0,0.0,0.0,0.0,0.0,0.3706344163160059,0.48976552519192573,0.4845934470592539,0.0,0.0,0.0,0.0,0.4388177230806145,0.03945592072191574,0.42807772998944543,0.0,0.0,0.11630396720032841,0.4422933384803722,0.24505232406053568,0.0,0.22146457235814337,0.1700346321532684,0.1916679820976944,0.0,0.0,0.471563864603574,0.1284234165821393,0.0,0.0,0.0,0.06425648272428706,0.19868637590652483,0.0,0.0,0.0,0.0,0.0,0.27975286545113737,0.0,0.0,0.0,0.0,0.0,0.25257835639311155,0.0
0.0,0.0,0.0,0.0,0.5270774171129873,0.0,0.19492534945145767,0.0435214668492688,0.42169018014664317,0.2634124945673917,0.0,0.27421592200186634,0.043176866561581234,0.0,0.11371068037931754,0.0,0.2831533793845685,0.0,0.0,0.13625009835734517,0.07911817429025166,0.006341827156233,0.07064902037072375,0.33166711240824226,0.0,0.0,0.01594536343394487,0.05980982924297516,0.017658007656094904,0.0,0.0,0.0,0.0,0.0,0.0,0.3782880910694929,0.0,0.610368392412632,0.0,0.056145582952339415,0.014363176591473004,0.21256859621849317,0.05397962554948038,0.0,0.27996186365351006,0.0,0.0,0.0,0.0,0.0,0.0,0.034278876798847176,0.0,0.09983300841599367,0.1926244188550539,0.5324700150047084,0.0,0.038818736831517583,0.47735431657196276,0.0,0.0,0.10757251264415302,0.2017434966290253,0.9641213916116254,0.15126788896754917,0.0,0.0,0.0,0.10443894464771768,0.0,0.0,0.019023359296473093,0.031475035483122873,0.0,0.342278357751738,0.10174270911133645
0.0,0.1322822497530565,0.0,0.0,0.0,0.0,0.0,0.0,0.0,0.03419395021702129,0.0,0.24831209441152083,0.19716203003922428,0.0,0.49767062700368364,0.27220306807107714,0.275620068297096,0.23239945336144022,0.0,0.3829461547377398,0.0,0.12096703598892286,0.6442004501867395,0.13472522728227057,0.13023634674389412,0.036450092697067754,0.0,0.40483417100710106,0.490656854383995,0.0,0.3758195716183493,0.42728698841486373,0.1941667533844011,0.27178595223021806,0.10241754111173823,0.0,0.0,0.3705651559617599,0.0,0.14384524457943434,0.11531589317475646,0.0913512538166205,0.2855000259260132,0.32544973239305436,0.39004395238891826,0.0,0.20377533214624377,0.07352446354576932,0.0,0.19913353229723108,0.1616906292222665,0.11631099726439609,0.2509113928782201,0.03130947745915115,0.1637916310428373,0.07942831694121123,0.0,0.17456108079169472,0.458584523318942,0.06425648272428706,0.10757251264415302,0.0,0.07567052660943126,0.05131902756221807,0.14477380707486665,0.14275143907347784,0.0,0.015442964068697565,0.13986848589856893,0.2246432159508584,0.28153877866094407,0.21829132608379473,0.23641195768313727,0.10147596337695533,0.3573021365163553,0.02865716564293444
0.06433522757511667,0.268379601803232,0.0,0.0,0.0,0.14884539434047203,0.5394593885311727,0.6232541651250851,0.0,0.0,0.0,0.31764036864031747,0.0,0.0,0.32359467293129224,0.0,0.2713405091136344,0.054589836725161794,0.0,0.0,0.28054706887966824,0.20739823320041784,0.027322549639636096,0.19321317981718486,0.13612074593875095,0.05558252702367856,0.07104975020142572,0.0,0.0,0.9661485994910777,0.0,0.0,0.0,0.0,0.20358226450850772,0.9499277864997362,0.0,0.39213671119955007,0.16958534459801947,0.30069586977868634,0.22842947569807415,0.44053976612462775,0.30399714032769515,0.3970328788475651,0.15590476305471804,0.03987403429594087,0.0,0.07548754560348274,0.3785277647430687,0.19768513198599102,0.052687824102631085,0.1362296191146826,0.0,0.18496549694584627,0.12804212555345068,0.24047768674683642,0.0,0.1266359474931192,0.5933500134197067,0.19868637590652483,0.2017434966290253,0.07567052660943126,0.0,0.14977389854505876,0.002191574047151673,0.0,0.0,0.0,0.1516499536049446,0.0,0.0031519198561320502,0.05796703752067163,0.14359957812335863,0.0,0.13167475439304513,0.14014323356505817
0.0,0.0,0.2912465524940846,0.0,0.3614421785736228,0.2250442486935261,0.45375017367085496,0.3381394383650221,0.2200517868931007,0.48373303976281795,0.22106524873277114,0.14695499770268705,0.38412707696228665,0.20500639723886638,0.0,0.0,0.0,0.0,0.4974364799772537,0.0,0.0,0.0,0.5362055897848758,0.4182278587743274,0.0,0.0,0.29130552364945883,0.45717304178868845,0.4825951078657024,0.9675728208883239,0.13901522261788835,0.21750798621702755,0.9801109178947647,0.20859282381368516,0.17487057729100286,0.177054990717671,0.3034008421621752,0.3483688761021387,0.0,0.10866207038414762,0.0,0.15954269480796898,0.025062696777426625,0.0,0.19734642957846432,0.0,0.28701595956297854,0.07079755587755063,0.09746221623686298,0.0,0.07792715977265681,0.0,0.0,0.0,0.11216514800934335,0.0,0.10146420683259663,0.0,0.0027969760509276784,0.0,0.9641213916116254,0.05131902756221807,0.14977389854505876,0.0,0.0,0.25249853103381215,0.7842216068879664,0.12290912346682696,0.23815430380398067,0.11716879687636739,0.02534219209675978,0.0,0.0,0.40848643565783144,0.28734023912187634,0.0
0.15304325493305831,0.1265176951043047,0.24720404575083033,0.0,0.05963009644159893,0.07868467262710496,0.20990231444215396,0.3334878997858017,0.236539897946336,0.6442004501867378,0.20939567687358873,0.22453840535893593,0.06401212290695393,0.0,0.2682330311917365,0.0,0.0,0.05842577030172113,0.4821599470938553,0.0,0.18984763845487795,0.0,0.010105286356449625,0.4031491934853853,0.4167682654201752,0.06647730519263573,0.11144714617875265,0.061447705149490744,0.07072228186178223,0.2866973740410178,0.01053679186693341,0.02156753427067267,0.10064585704968641,0.048804855997531316,0.05958717969089289,0.41532395390015553,0.41025590910546933,0.4985093465567315,0.2109865559257539,0.19570730531886335,0.02539846407175262,0.03084147009146898,0.3995296099179584,0.3016219832729267,0.485661070744319,0.003470829059136177,0.0,0.021655994503711348,0.08797927879382927,0.19893941336056367,0.0,0.0743532960225067,0.11047471389424868,0.06721568751266284,0.12161847313970746,0.6111289030037196,0.22425135412007297,0.0,0.5091706468476542,0.0,0.15126788896754917,0.14477380707486665,0.002191574047151673,0.0,0.0,0.0,0.11498148109955458,0.0,0.4113758473201138,0.0,0.0,0.01733165456331881,0.30173179184137167,0.09755454739212266,0.05383787436180054,0.0
0.418697148693583,0.26112580414582154,0.3536714424892734,0.0,0.42746628376575235,0.15950926517426856,0.16520398335777942,0.18374953578378728,0.7295231963827655,0.3490506584278033,0.0,0.3569182047295838,0.15964962126527582,0.0,0.006088963812464737,0.0047258506277060575,0.0,0.03169973237690743,0.0,0.11011132017232783,0.3749884058534815,0.0,0.14570084299283864,0.49796566660228786,0.16770123033587675,0.2372980373752253,0.2356597020478533,0.2632760286825588,0.13592476360243697,0.34158077962602246,0.0,0.07382040300041859,0.14443085513509077,0.0,0.11437037409360429,0.3848780676077938,0.0,0.0,0.0,0.0,0.0,0.0,0.0,0.08115071064060073,0.03206483829914686,0.0,0.0,0.0,0.4171372199388015,0.0,0.0,0.018236131544193984,0.07785526771043977,0.0,0.2654585051671341,0.0,0.24099680887520547,0.08031756252337938,0.06277904537468745,0.0,0.0,0.14275143907347784,0.0,0.25249853103381215,0.0,0.0,0.0,0.0,0.0,0.0,0.0,0.0,0.0,0.0,0.0,0.0
0.0,0.0,0.5986991449854584,0.38411333143090265,0.02620680366194229,0.11177773969331274,0.10291105807327618,0.22511835371689193,0.03737363474116252,0.4147708110236455,0.5313586093270348,0.3506414424433861,0.06832283458211127,0.0,0.24955930759440104,0.0,0.5413097330179027,0.0,0.4416285381099944,0.0,0.0,0.0,0.0,0.1091825012964641,0.0,0.0,0.0868650547508597,0.13232678555236965,0.08130208131545665,0.3982322058614096,0.0,0.0,0.0,0.0,0.003093608605284362,0.5586797465115602,0.5954216231541296,0.53561959341441,0.1642877164549928,0.06790525623573705,0.0,0.07673146572438191,0.20752856903523048,0.16167747033368307,0.5849070007885384,0.0,0.0,0.034100516820737614,0.23175101017848174,0.1552680566258059,0.005337596741448125,0.17138999837994598,0.07055053123677556,0.08064898888979069,0.0,0.0,0.13736636125690688,0.0,0.37303663505707363,0.0,0.0,0.0,0.0,0.7842216068879664,0.11498148109955458,0.0,0.0,0.0,0.27847907879689776,0.0,0.0,0.0,0.29360326828450783,0.1184919998436665,0.0,0.0
0.26250598857696783,0.12411641789485464,0.22067939106439205,0.25972737993911144,0.0746322684110796,0.0026614658303632105,0.0,0.120173459615011,0.16140606029907098,0.22852149825821505,0.13730093867472418,0.1753075457778912,0.024972498575972585,0.0,0.35089935164368447,0.095042004521548,0.0,0.256038285081583,0.15673500945950247,0.03343212446984645,0.0,0.0,0.3756483915846829,0.6496411717774401,0.05068644413965709,0.026565508578891315,0.004634858227942809,0.062245261606952214,0.18680630121117298,0.19021532902758645,0.05647819268130091,0.05411560816084754,0.04744519222087121,0.001158690738752327,0.10625007185052301,0.0,0.17077788948386127,0.5250668033683782,0.1336528260051887,0.07472114236837069,0.0,0.11688534090662159,0.0,0.14718772187174886,0.1496935026013869,0.0,0.0,0.09855837736454501,0.27415338427527036,0.0,0.0,0.0,0.06010593278850431,0.0,0.09908712846643625,0.25608507518545404,0.14002651497264834,0.0,0.14678931524798616,0.0,0.0,0.015442964068697565,0.0,0.12290912346682696,0.0,0.0,0.0,0.0,0.0,0.0,0.0,0.0,0.032430473575738195,0.0,0.010098529933065065,0.0
0.28012104339350563,0.28678544320779065,0.0,0.0,0.0,0.41021793868829876,0.40026886661077765,0.0,0.5323979207823583,0.17453460093148856,0.0,0.13708991600766335,0.5008375007923533,0.0,0.37357446780543996,0.0,0.3116230880911688,0.2494438714108129,0.0,0.0,0.5527355332033104,0.43689034729181103,0.48044741362767834,0.40877441848179363,0.12249532794126719,0.0961815603472464,0.0,0.48932999244841713,0.5760113865474518,0.0,0.0,0.1339017715845225,0.39267710880110757,0.5588020715623535,0.6769714476276412,0.5462875188098015,0.4333673085954649,0.4489344702507058,0.0,0.3224260475547017,0.3210855912119479,0.19912069110152114,0.2529198967048631,0.1294305659507219,0.20152195334017614,0.10458714023969293,0.08395749140435585,0.19108873046671684,0.3661945876315971,0.3416992667769342,0.2356396991688213,0.2934132472489846,0.0,0.0,0.2805886265954418,0.45888074996919814,0.28134626424488307,0.15159471018407117,0.2858634006255113,0.27975286545113737,0.10443894464771768,0.13986848589856893,0.1516499536049446,0.23815430380398067,0.4113758473201138,0.0,0.27847907879689776,0.0,0.0,0.31618132972196067,0.140480333945069,0.0508832215780248,0.12394469944131162,0.2114664206330997,0.43290247363762263,0.22719955383476284
0.04671189185874239,0.19081057856987232,0.6127421208193693,0.0,0.6059677122633945,0.0,0.03512466586973462,0.04754359208574911,0.42716808076203217,0.09131299120674047,0.0,0.24896099146455894,0.15353423996242727,0.0,0.13836441272766326,0.0,0.12075705597810807,0.032041657378221636,0.0,0.0,0.12591154537955274,0.10313298399781498,0.0,0.28126658222743667,0.13529647570268394,0.0,0.0,0.0056311234940489285,0.02550447815425047,0.6118985826057586,0.0,0.0,0.25462115107352556,0.0,0.0,0.5182532128925745,0.0,0.43791240107185153,0.0,0.06855675442724093,0.06632605225546509,0.3019014030658535,0.2684960125457012,0.43307785960149414,0.05466148223708043,0.0,0.0,0.0,0.0,0.08843849118455004,0.0,0.07794311165975848,0.0,0.1287397789457423,0.22235996403040695,0.17657531401603116,0.3235479245218079,0.12007525441880447,0.49042749266195934,0.0,0.0,0.2246432159508584,0.0,0.11716879687636739,0.0,0.0,0.0,0.0,0.31618132972196067,0.0,0.0,0.0,0.13583351065157104,0.0,0.1768666200084988,0.070861734642422
0.0,0.15338242350233683,0.0,0.0,0.0,0.07282134697305151,0.10615833375001979,0.0,0.07574943649170623,0.08071649621617044,0.9997945907617637,0.16919148175914508,0.0,0.0,0.15121609185512638,0.0,0.16720391647037008,0.07517709653553138,0.0,0.09644042471561447,0.0,0.0,0.0,0.37734196785154195,0.13468724077221791,0.0,0.07013678370858811,0.0,0.18675055314574374,0.49830070257834325,0.0,0.0,0.05612174788801495,0.0,0.022421039541047294,0.46056968012730987,0.2355175715481156,0.5087229523456297,0.0,0.0,0.0,0.0,0.4971021784014797,0.5312407756117556,0.3097456281719662,0.0,0.0,0.01755863758939695,0.24498058692929997,0.07366407803587413,0.0,0.06947172497529094,0.0,0.015925134981184724,0.20130141036606222,0.17576737633454903,0.18466064581758557,0.13508158559900754,0.325938642207381,0.0,0.0,0.28153877866094407,0.0031519198561320502,0.02534219209675978,0.0,0.0,0.0,0.0,0.140480333945069,0.0,0.0,0.0,0.0,0.0,0.3263923663766262,0.0
0.11919586450144105,0.06582450338542496,0.18307660427432054,0.04836795243946693,0.20353624616075472,0.002625660687983783,0.08953889484775496,0.05373532610011032,0.06627080845605231,0.29803788032739725,0.0,0.06747254142533501,0.05724832621091008,0.13307043750201436,0.1444484764005982,0.14338207641852224,0.0,0.09875395745075298,0.18836577785150715,0.06897987568122634,0.10733408453517522,0.0,0.017207141263475913,0.5312390420183232,0.1041740933440166,0.044200059316555074,0.0,0.13343310417291693,0.1474755186821743,0.16129584590274992,0.05547269659941447,0.12454526557050047,0.10517787740862306,0.0,0.07358757200168288,0.2654997897320044,0.09951292861186778,0.3521774349053585,0.32867126295626015,0.22901027198327903,0.0634102286999177,0.2808994609242599,0.31948137697769013,0.0,0.35563138559002716,0.0,0.0,0.08885559116342105,0.27878905239730384,0.0,0.0,0.0,0.0,0.003806053440185547,0.2259436284202343,0.0,0.0,0.0,0.09493127720027472,0.0,0.019023359296473093,0.21829132608379473,0.05796703752067163,0.0,0.01733165456331881,0.0,0.0,0.0,0.0508832215780248,0.0,0.0,0.0,0.0,0.0,0.0047874556910115565,0.03937058821047473
0.5182569558895515,0.0,0.1911815966211581,0.48281125744704545,0.002010776207433382,0.06959440587707441,0.04136738889978217,0.18636756034590515,0.04665734290118109,0.24796093961031407,0.22053338258061134,0.5379212594345056,0.07371415169414036,0.4028163891465373,0.08546653861842485,0.0,0.32814723899922527,0.1808401055905585,0.23499251466635535,0.0660951854951504,0.0,0.1774313631334738,0.013280116351136628,0.37502540766639075,0.19124350503621995,0.16997542896085888,0.12300724954587547,0.10197925791259349,0.14478915895926125,0.08782371974435024,0.07835402216152333,0.5126668784862822,0.6053930473500669,0.3649053531820295,0.5445254069242373,0.43880362233536524,0.4800610742956657,0.5335517849781815,0.13080776563922944,0.13917700752450324,0.3632115040721777,0.5596438986273041,0.15832603710116638,0.04724209841918553,0.3657876989010544,0.013665426029497087,0.07177191366659232,0.0,0.23435610571392293,0.11395602606897734,0.0,0.2167426391653608,0.000685695723637466,0.0,0.14203790700479865,0.0,0.3836352974043482,0.0,0.1643286496762391,0.0,0.031475035483122873,0.23641195768313727,0.14359957812335863,0.0,0.30173179184137167,0.0,0.29360326828450783,0.032430473575738195,0.12394469944131162,0.13583351065157104,0.0,0.0,0.0,0.07801065498008346,0.10536939474683409,0.0
0.17509541987536062,0.2743220800786104,0.2057549140353279,0.1856849347042397,0.20756584437604864,0.10050342384422786,0.0903584068413734,0.1854299625885268,0.14327076903438488,0.0,0.2905669442065227,0.4392405767462889,0.10692583141195819,0.0,0.006757173402841682,0.13053496219504726,0.499961264174861,0.0,0.08073244994613457,0.09488977605678428,0.17856541811519142,0.1915848641240943,0.03959086143289926,0.04421830982098318,0.14484294601568118,0.12088756697489081,0.12844095456816954,0.054957547332902,0.09396601241282437,0.1191782106571206,0.12772459652645513,0.07399121759335289,0.19001229534400566,0.14055151485288614,0.22001320494041743,0.43448570944048603,0.43460090377713656,0.6441557401652712,0.1796315093250178,0.2468646548242318,0.0,0.09331046951714969,0.2904864378992622,0.14444197640719172,0.41771296878881425,0.0,0.0,0.0,0.32293614017040695,0.05689280383475753,0.0,0.0,0.0,0.0,0.1405818063682998,0.10571912895296295,0.1250060385052489,0.0,0.41342487248109333,0.0,0.0,0.10147596337695533,0.0,0.40848643565783144,0.09755454739212266,0.0,0.1184919998436665,0.0,0.2114664206330997,0.0,0.0,0.0,0.07801065498008346,0.0,0.0,0.0
0.0,0.0,0.33851235641283933,0.0,0.0,0.16836818614705973,0.3367329377415221,0.2927278099304923,0.2714938544626774,0.0,0.0,0.0,0.2812754014342904,0.0,0.019558969080005414,0.0,0.0,0.0,0.40052570413069816,0.05897078954900961,0.07406861650871882,0.5825626550483132,0.2401345030423718,0.0,0.0,0.4913551722150511,0.022806878886848965,0.0,0.10937581172681865,0.2206027347915199,0.0,0.1750273780772971,0.0,0.296973883947227,0.30185936281426473,0.45847927429969093,0.0,0.0,0.2968151219059891,0.23235783117712017,0.18148088944282165,0.36352802605866724,0.3457426198700435,0.49746655913883575,0.3977376631689947,0.5806727343086857,0.42993367608607236,0.07767688208709964,0.4060370877871979,0.4383745375595715,0.0,0.3237129665396898,0.14786525678988238,0.0,0.32563952930726714,0.36943291774715564,0.3178314833728676,0.0,0.5253347069643112,0.25257835639311155,0.342278357751738,0.3573021365163553,0.13167475439304513,0.28734023912187634,0.05383787436180054,0.0,0.0,0.010098529933065065,0.43290247363762263,0.1768666200084988,0.3263923663766262,0.0047874556910115565,0.10536939474683409,0.0,0.0,0.007248609558837722
0.18237955275046525,0.16202654029974045,0.09488855791190894,0.0,0.254965551974788,0.06248811004155101,0.13532936745480006,0.1974695838822575,0.09134590740196974,0.2234079424094355,0.22128627624724384,0.1815937281680623,0.03756943671210053,0.0,0.12107543604480968,0.09916198777304461,0.36258786191266834,0.0,0.07218553432680538,0.1396840287690436,0.2642076487979197,0.26152421761453454,0.12063218684494904,0.13107581041097005,0.05710676797317808,0.09322788420830111,0.14439752982876788,0.09365861497284311,0.15953154395137004,0.03577931458280469,0.2839459102658965,0.27393812583935495,0.22094995770714682,0.32212879311180653,0.6125383088380876,0.5536156434246203,0.3290279141904901,0.30163786566409867,0.09040223364676633,0.0629043726276795,0.21224956953832314,0.4311845371974589,0.06513621019390421,0.2313325600086536,0.2898634059181225,0.0,0.08827742412989271,0.0,0.29605921045708417,0.0,0.0,0.0,0.035195182355641105,0.0,0.08209242964820085,0.0,0.1925233155790542,0.0,0.25623449865510234,0.0,0.10174270911133645,0.02865716564293444,0.14014323356505817,0.0,0.0,0.0,0.0,0.0,0.22719955383476284,0.070861734642422,0.0,0.03937058821047473,0.0,0.0,0.007248609558837722,0.0
