Network,Sublayer,Node,Metric,Mean_Control,Mean_MS,Delta_Control_minus_MS
MULTILAYER,GM,0,Degree,119.37736,118.32692,1.0504379
MULTILAYER,GM,1,Degree,128.86792,128.65384,0.21408081
MULTILAYER,GM,2,Degree,123.15094,122.48077,0.67017365
MULTILAYER,GM,3,Degree,92.77358,93.44231,-0.66872406
MULTILAYER,GM,4,Degree,124.830185,124.76923,0.060951233
MULTILAYER,GM,5,Degree,140.16982,139.13461,1.035202
MULTILAYER,GM,6,Degree,134.86792,134.53847,0.3294525
MULTILAYER,GM,7,Degree,134.64151,134.76923,-0.12771606
MULTILAYER,GM,8,Degree,130.81133,130.67308,0.13824463
MULTILAYER,GM,9,Degree,128.75471,128.76923,-0.014511108
MULTILAYER,GM,10,Degree,120.0,119.69231,0.30769348
MULTILAYER,GM,11,Degree,123.0566,122.57692,0.47968292
MULTILAYER,GM,12,Degree,139.69812,139.61539,0.082733154
MULTILAYER,GM,13,Degree,104.037735,103.96154,0.07619476
MULTILAYER,GM,14,Degree,119.09434,118.61539,0.4789505
MULTILAYER,GM,15,Degree,128.35849,127.17308,1.1854095
MULTILAYER,GM,16,Degree,121.471695,120.19231,1.2793884
MULTILAYER,GM,17,Degree,130.33963,129.15384,1.185791
MULTILAYER,GM,18,Degree,118.169815,117.55769,0.6121216
MULTILAYER,GM,19,Degree,124.169815,123.44231,0.72750854
MULTILAYER,GM,20,Degree,128.09435,127.44231,0.6520386
MULTILAYER,GM,21,Degree,132.16982,131.28847,0.88134766
MULTILAYER,GM,22,Degree,143.07547,142.17308,0.9023895
MULTILAYER,GM,23,Degree,122.84906,122.78846,0.06060028
MULTILAYER,GM,24,Degree,133.13208,132.3077,0.8243866
MULTILAYER,GM,25,Degree,137.86792,137.48077,0.387146
MULTILAYER,GM,26,Degree,136.18867,135.1923,0.9963684
MULTILAYER,GM,27,Degree,140.92453,140.36539,0.55914307
MULTILAYER,GM,28,Degree,134.22641,133.1923,1.0341034
MULTILAYER,GM,29,Degree,108.64151,107.26923,1.3722763
MULTILAYER,GM,30,Degree,142.98112,142.26923,0.7118988
MULTILAYER,GM,31,Degree,145.73586,145.46153,0.2743225
MULTILAYER,GM,32,Degree,133.77359,133.65384,0.11975098
MULTILAYER,GM,33,Degree,146.32076,144.86539,1.455368
MULTILAYER,GM,34,Degree,134.15094,133.26923,0.88171387
MULTILAYER,GM,35,Degree,131.69812,131.76923,-0.07110596
MULTILAYER,GM,36,Degree,106.98113,106.96154,0.019592285
MULTILAYER,GM,37,Degree,114.81132,114.98077,-0.16944885
MULTILAYER,GM,38,Degree,146.67924,146.5,0.179245
MULTILAYER,GM,39,Degree,136.96227,136.40384,0.5584259
MULTILAYER,GM,40,Degree,147.20755,145.96153,1.2460175
MULTILAYER,GM,41,Degree,138.64151,138.6923,-0.05079651
MULTILAYER,GM,42,Degree,133.79245,133.63461,0.15783691
MULTILAYER,GM,43,Degree,98.13207,97.98077,0.15130615
MULTILAYER,GM,44,Degree,110.830185,111.03846,-0.20827484
MULTILAYER,GM,45,Degree,113.830185,113.98077,-0.15058136
MULTILAYER,GM,46,Degree,128.28302,127.25,1.03302
MULTILAYER,GM,47,Degree,125.01887,124.57692,0.44194794
MULTILAYER,GM,48,Degree,90.64151,91.61539,-0.97387695
MULTILAYER,GM,49,Degree,120.54717,121.13461,-0.5874405
MULTILAYER,GM,50,Degree,140.94339,140.34616,0.597229
MULTILAYER,GM,51,Degree,131.73586,131.73077,0.0050811768
MULTILAYER,GM,52,Degree,133.90565,133.51923,0.38642883
MULTILAYER,GM,53,Degree,126.69811,126.86539,-0.16727448
MULTILAYER,GM,54,Degree,125.81132,125.76923,0.04208374
MULTILAYER,GM,55,Degree,117.86793,117.86539,0.0025405884
MULTILAYER,GM,56,Degree,123.79245,123.82692,-0.034469604
MULTILAYER,GM,57,Degree,140.83018,140.46153,0.36865234
MULTILAYER,GM,58,Degree,103.56604,104.44231,-0.8762665
MULTILAYER,GM,59,Degree,121.56604,120.09615,1.4698868
MULTILAYER,GM,60,Degree,129.50943,128.0,1.5094299
MULTILAYER,GM,61,Degree,119.35849,118.34615,1.0123367
MULTILAYER,GM,62,Degree,129.4717,128.03847,1.4332275
MULTILAYER,GM,63,Degree,119.0566,118.65385,0.40275574
MULTILAYER,GM,64,Degree,115.396225,114.38461,1.0116119
MULTILAYER,GM,65,Degree,123.15094,122.48077,0.67017365
MULTILAYER,GM,66,Degree,130.39622,129.09616,1.3000641
MULTILAYER,GM,67,Degree,142.92453,142.32692,0.5976105
MULTILAYER,GM,68,Degree,118.81132,118.90385,-0.0925293
MULTILAYER,GM,69,Degree,133.92453,133.5,0.42453003
MULTILAYER,GM,70,Degree,138.86792,138.46153,0.40638733
MULTILAYER,GM,71,Degree,136.32076,135.0577,1.2630615
MULTILAYER,GM,72,Degree,142.01888,141.25,0.7688751
MULTILAYER,GM,73,Degree,134.30188,133.11539,1.1864929
MULTILAYER,GM,74,Degree,100.71698,99.34615,1.3708267
MULTILAYER,GM,75,Degree,143.96227,143.26923,0.69303894
MULTILAYER,rsfMRI,0,Degree,120.28302,119.40385,0.8791733
MULTILAYER,rsfMRI,1,Degree,129.37737,128.13461,1.2427521
MULTILAYER,rsfMRI,2,Degree,122.9434,122.69231,0.251091
MULTILAYER,rsfMRI,3,Degree,93.26415,92.94231,0.321846
MULTILAYER,rsfMRI,4,Degree,125.0566,124.53846,0.5181427
MULTILAYER,rsfMRI,5,Degree,140.07547,139.23077,0.84469604
MULTILAYER,rsfMRI,6,Degree,135.1132,134.28847,0.82473755
MULTILAYER,rsfMRI,7,Degree,135.43396,133.96153,1.4724274
MULTILAYER,rsfMRI,8,Degree,131.07547,130.40384,0.67163086
MULTILAYER,rsfMRI,9,Degree,129.15094,128.36539,0.785553
MULTILAYER,rsfMRI,10,Degree,120.113205,119.57692,0.5362854
MULTILAYER,rsfMRI,11,Degree,124.13207,123.48077,0.65130615
MULTILAYER,rsfMRI,12,Degree,140.32076,138.98077,1.3399811
MULTILAYER,rsfMRI,13,Degree,104.41509,103.57692,0.8381729
MULTILAYER,rsfMRI,14,Degree,125.41509,124.17308,1.242012
MULTILAYER,rsfMRI,15,Degree,128.28302,127.25,1.03302
MULTILAYER,rsfMRI,16,Degree,121.07547,120.59615,0.4793167
MULTILAYER,rsfMRI,17,Degree,130.22641,129.26923,0.95718384
MULTILAYER,rsfMRI,18,Degree,118.90566,118.80769,0.097969055
MULTILAYER,rsfMRI,19,Degree,132.28302,131.17308,1.1099396
MULTILAYER,rsfMRI,20,Degree,128.1132,127.42308,0.6901245
MULTILAYER,rsfMRI,21,Degree,132.26414,131.1923,1.0718384
MULTILAYER,rsfMRI,22,Degree,143.15094,142.09616,1.054779
MULTILAYER,rsfMRI,23,Degree,123.30189,122.32692,0.97496796
MULTILAYER,rsfMRI,24,Degree,133.03773,132.40384,0.6338959
MULTILAYER,rsfMRI,25,Degree,138.26414,137.07692,1.1872253
MULTILAYER,rsfMRI,26,Degree,142.15094,141.11539,1.035553
MULTILAYER,rsfMRI,27,Degree,141.0,140.28847,0.7115326
MULTILAYER,rsfMRI,28,Degree,135.5283,133.86539,1.6629181
MULTILAYER,rsfMRI,29,Degree,115.245285,114.53846,0.70682526
MULTILAYER,rsfMRI,30,Degree,143.49057,141.75,1.7405701
MULTILAYER,rsfMRI,31,Degree,146.24529,144.9423,1.3029785
MULTILAYER,rsfMRI,32,Degree,134.22641,133.1923,1.0341034
MULTILAYER,rsfMRI,33,Degree,146.20755,144.98077,1.2267761
MULTILAYER,rsfMRI,34,Degree,134.13208,133.28847,0.8436127
MULTILAYER,rsfMRI,35,Degree,132.20755,131.25,0.95755005
MULTILAYER,rsfMRI,36,Degree,107.245285,106.69231,0.5529785
MULTILAYER,rsfMRI,37,Degree,115.07547,114.71154,0.36392975
MULTILAYER,rsfMRI,38,Degree,147.18867,145.98077,1.207901
MULTILAYER,rsfMRI,39,Degree,137.32076,136.03847,1.2822876
MULTILAYER,rsfMRI,40,Degree,147.20755,145.96153,1.2460175
MULTILAYER,rsfMRI,41,Degree,139.05661,138.26923,0.78738403
MULTILAYER,rsfMRI,42,Degree,134.15094,133.26923,0.88171387
MULTILAYER,rsfMRI,43,Degree,97.962265,98.15385,-0.19158173
MULTILAYER,rsfMRI,44,Degree,111.01887,110.84615,0.17271423
MULTILAYER,rsfMRI,45,Degree,118.20755,117.51923,0.68831635
MULTILAYER,rsfMRI,46,Degree,129.22641,128.28847,0.9379425
MULTILAYER,rsfMRI,47,Degree,125.01887,124.57692,0.44194794
MULTILAYER,rsfMRI,48,Degree,91.245285,91.0,0.24528503
MULTILAYER,rsfMRI,49,Degree,121.07547,120.59615,0.4793167
MULTILAYER,rsfMRI,50,Degree,141.26414,140.01923,1.2449188
MULTILAYER,rsfMRI,51,Degree,132.32076,131.13461,1.186142
MULTILAYER,rsfMRI,52,Degree,134.28302,133.13461,1.148407
MULTILAYER,rsfMRI,53,Degree,127.13207,126.42308,0.708992
MULTILAYER,rsfMRI,54,Degree,126.18868,125.38461,0.8040695
MULTILAYER,rsfMRI,55,Degree,117.90566,117.82692,0.07874298
MULTILAYER,rsfMRI,56,Degree,123.962265,123.65385,0.30841827
MULTILAYER,rsfMRI,57,Degree,141.20755,140.07692,1.1306305
MULTILAYER,rsfMRI,58,Degree,104.49056,103.5,0.99056244
MULTILAYER,rsfMRI,59,Degree,124.37736,123.23077,1.1465912
MULTILAYER,rsfMRI,60,Degree,129.30188,128.21153,1.0903473
MULTILAYER,rsfMRI,61,Degree,119.22642,118.48077,0.74565125
MULTILAYER,rsfMRI,62,Degree,129.15094,128.36539,0.785553
MULTILAYER,rsfMRI,63,Degree,119.830185,119.86539,-0.035202026
MULTILAYER,rsfMRI,64,Degree,130.20755,129.28847,0.91908264
MULTILAYER,rsfMRI,65,Degree,123.0,122.63461,0.36538696
MULTILAYER,rsfMRI,66,Degree,132.20755,131.25,0.95755005
MULTILAYER,rsfMRI,67,Degree,144.35849,142.86539,1.493103
MULTILAYER,rsfMRI,68,Degree,119.13207,118.57692,0.5551529
MULTILAYER,rsfMRI,69,Degree,134.13208,133.28847,0.8436127
MULTILAYER,rsfMRI,70,Degree,139.35849,137.96153,1.3969574
MULTILAYER,rsfMRI,71,Degree,142.33963,140.92308,1.4165497
MULTILAYER,rsfMRI,72,Degree,142.01888,141.25,0.7688751
MULTILAYER,rsfMRI,73,Degree,136.37737,135.0,1.3773651
MULTILAYER,rsfMRI,74,Degree,110.0566,109.82692,0.22968292
MULTILAYER,rsfMRI,75,Degree,144.26414,142.96153,1.3026123
MULTILAYER,GM,0,Strength,86.75108,86.31075,0.4403305
MULTILAYER,GM,1,Strength,90.30216,91.221405,-0.91924286
MULTILAYER,GM,2,Strength,88.83778,89.3846,-0.54681396
MULTILAYER,GM,3,Strength,59.1731,62.10561,-2.9325104
MULTILAYER,GM,4,Strength,81.00698,82.18453,-1.1775513
MULTILAYER,GM,5,Strength,107.13738,103.301025,3.836357
MULTILAYER,GM,6,Strength,90.567024,90.52202,0.0450058
MULTILAYER,GM,7,Strength,91.33948,91.09802,0.24145508
MULTILAYER,GM,8,Strength,90.65096,89.97972,0.67124176
MULTILAYER,GM,9,Strength,82.92912,85.7968,-2.8676758
MULTILAYER,GM,10,Strength,80.38077,80.59097,-0.21020508
MULTILAYER,GM,11,Strength,81.93931,85.61178,-3.67247
MULTILAYER,GM,12,Strength,97.49742,95.29819,2.199234
MULTILAYER,GM,13,Strength,64.31815,67.953316,-3.6351624
MULTILAYER,GM,14,Strength,80.32407,82.20905,-1.8849792
MULTILAYER,GM,15,Strength,95.09042,92.983696,2.1067276
MULTILAYER,GM,16,Strength,89.7359,88.56186,1.1740417
MULTILAYER,GM,17,Strength,95.1599,91.68029,3.4796066
MULTILAYER,GM,18,Strength,87.05399,87.24093,-0.18693542
MULTILAYER,GM,19,Strength,87.8975,88.99224,-1.0947418
MULTILAYER,GM,20,Strength,85.7096,83.84045,1.8691559
MULTILAYER,GM,21,Strength,92.35663,92.840454,-0.48382568
MULTILAYER,GM,22,Strength,101.88544,98.66549,3.2199478
MULTILAYER,GM,23,Strength,84.64674,87.63945,-2.9927063
MULTILAYER,GM,24,Strength,93.16075,92.48813,0.6726227
MULTILAYER,GM,25,Strength,94.18269,93.81935,0.3633423
MULTILAYER,GM,26,Strength,97.29378,96.3394,0.9543762
MULTILAYER,GM,27,Strength,102.6093,100.70736,1.9019394
MULTILAYER,GM,28,Strength,96.65958,95.64892,1.0106583
MULTILAYER,GM,29,Strength,77.12518,77.191246,-0.06606293
MULTILAYER,GM,30,Strength,102.28353,99.36391,2.9196243
MULTILAYER,GM,31,Strength,90.91349,93.746635,-2.8331451
MULTILAYER,GM,32,Strength,81.80821,80.716606,1.0916061
MULTILAYER,GM,33,Strength,93.56309,90.14408,3.4190063
MULTILAYER,GM,34,Strength,84.816185,85.02612,-0.20993805
MULTILAYER,GM,35,Strength,82.20576,83.304535,-1.0987778
MULTILAYER,GM,36,Strength,65.91029,69.53429,-3.623993
MULTILAYER,GM,37,Strength,69.13394,73.375595,-4.2416534
MULTILAYER,GM,38,Strength,91.563736,94.878174,-3.3144379
MULTILAYER,GM,39,Strength,81.00089,80.1104,0.8904953
MULTILAYER,GM,40,Strength,90.977615,89.474815,1.5028
MULTILAYER,GM,41,Strength,81.739716,85.54766,-3.8079453
MULTILAYER,GM,42,Strength,87.8462,86.53264,1.3135605
MULTILAYER,GM,43,Strength,54.469707,60.81435,-6.3446426
MULTILAYER,GM,44,Strength,72.95035,76.71969,-3.7693405
MULTILAYER,GM,45,Strength,81.670235,84.1233,-2.453064
MULTILAYER,GM,46,Strength,91.35071,92.52283,-1.1721191
MULTILAYER,GM,47,Strength,92.61917,93.6153,-0.9961319
MULTILAYER,GM,48,Strength,57.798267,61.620033,-3.821766
MULTILAYER,GM,49,Strength,75.913826,77.441864,-1.528038
MULTILAYER,GM,50,Strength,98.875404,98.10878,0.76662445
MULTILAYER,GM,51,Strength,83.98573,86.5343,-2.5485687
MULTILAYER,GM,52,Strength,86.515076,84.865326,1.6497498
MULTILAYER,GM,53,Strength,87.13442,88.00739,-0.8729706
MULTILAYER,GM,54,Strength,80.48028,83.77492,-3.2946396
MULTILAYER,GM,55,Strength,76.577065,79.2878,-2.7107391
MULTILAYER,GM,56,Strength,81.746994,86.03288,-4.2858887
MULTILAYER,GM,57,Strength,96.74728,96.47429,0.27298737
MULTILAYER,GM,58,Strength,68.13003,71.83948,-3.7094498
MULTILAYER,GM,59,Strength,84.32662,86.031006,-1.7043839
MULTILAYER,GM,60,Strength,96.30136,93.90462,2.3967438
MULTILAYER,GM,61,Strength,84.2119,85.27908,-1.0671844
MULTILAYER,GM,62,Strength,92.21437,89.70849,2.5058823
MULTILAYER,GM,63,Strength,85.00195,84.794525,0.20742798
MULTILAYER,GM,64,Strength,76.43392,78.29865,-1.8647308
MULTILAYER,GM,65,Strength,81.79986,82.76739,-0.9675293
MULTILAYER,GM,66,Strength,89.98252,90.81861,-0.8360901
MULTILAYER,GM,67,Strength,99.30663,98.12491,1.1817245
MULTILAYER,GM,68,Strength,81.42956,83.91348,-2.4839249
MULTILAYER,GM,69,Strength,91.83025,92.65194,-0.8216858
MULTILAYER,GM,70,Strength,95.91967,95.832115,0.08755493
MULTILAYER,GM,71,Strength,95.12544,95.35571,-0.23027039
MULTILAYER,GM,72,Strength,99.37855,98.8457,0.53284454
MULTILAYER,GM,73,Strength,97.05203,95.04183,2.0102005
MULTILAYER,GM,74,Strength,64.18483,67.10698,-2.9221497
MULTILAYER,GM,75,Strength,99.24544,95.80748,3.4379578
MULTILAYER,rsfMRI,0,Strength,73.86646,67.13671,6.7297516
MULTILAYER,rsfMRI,1,Strength,80.122025,74.47905,5.642975
MULTILAYER,rsfMRI,2,Strength,77.519394,69.090355,8.429039
MULTILAYER,rsfMRI,3,Strength,48.710938,49.25763,-0.5466919
MULTILAYER,rsfMRI,4,Strength,78.20414,71.73351,6.470627
MULTILAYER,rsfMRI,5,Strength,88.95824,82.83139,6.1268463
MULTILAYER,rsfMRI,6,Strength,87.97457,79.36455,8.6100235
MULTILAYER,rsfMRI,7,Strength,86.2583,79.1669,7.0914
MULTILAYER,rsfMRI,8,Strength,83.98896,76.34265,7.646309
MULTILAYER,rsfMRI,9,Strength,78.287544,73.892784,4.39476
MULTILAYER,rsfMRI,10,Strength,74.80022,67.10092,7.699295
MULTILAYER,rsfMRI,11,Strength,72.33204,69.80209,2.5299454
MULTILAYER,rsfMRI,12,Strength,93.80453,85.43961,8.364914
MULTILAYER,rsfMRI,13,Strength,59.403275,56.25054,3.1527328
MULTILAYER,rsfMRI,14,Strength,79.09316,72.28571,6.8074493
MULTILAYER,rsfMRI,15,Strength,79.49872,72.36567,7.133049
MULTILAYER,rsfMRI,16,Strength,72.146614,67.15351,4.993103
MULTILAYER,rsfMRI,17,Strength,79.01057,72.83735,6.173218
MULTILAYER,rsfMRI,18,Strength,75.38269,67.01299,8.369698
MULTILAYER,rsfMRI,19,Strength,83.945885,77.15571,6.7901764
MULTILAYER,rsfMRI,20,Strength,80.38286,73.760544,6.6223145
MULTILAYER,rsfMRI,21,Strength,84.7113,78.914955,5.7963486
MULTILAYER,rsfMRI,22,Strength,90.613335,80.879,9.734337
MULTILAYER,rsfMRI,23,Strength,72.09117,68.78057,3.3106003
MULTILAYER,rsfMRI,24,Strength,83.054565,76.70687,6.3476944
MULTILAYER,rsfMRI,25,Strength,87.47038,80.98959,6.480789
MULTILAYER,rsfMRI,26,Strength,90.92556,82.18614,8.739418
MULTILAYER,rsfMRI,27,Strength,92.69054,83.75492,8.935616
MULTILAYER,rsfMRI,28,Strength,87.13962,79.52416,7.6154556
MULTILAYER,rsfMRI,29,Strength,71.878944,66.04636,5.832588
MULTILAYER,rsfMRI,30,Strength,90.76874,82.08463,8.684105
MULTILAYER,rsfMRI,31,Strength,89.45471,80.377396,9.077316
MULTILAYER,rsfMRI,32,Strength,79.69474,72.61653,7.078209
MULTILAYER,rsfMRI,33,Strength,87.28288,78.02111,9.261772
MULTILAYER,rsfMRI,34,Strength,77.72416,71.54633,6.177826
MULTILAYER,rsfMRI,35,Strength,79.83177,73.02658,6.805191
MULTILAYER,rsfMRI,36,Strength,58.460228,57.51111,0.94911957
MULTILAYER,rsfMRI,37,Strength,66.05019,64.60413,1.4460602
MULTILAYER,rsfMRI,38,Strength,91.739784,82.43658,9.303207
MULTILAYER,rsfMRI,39,Strength,82.30149,73.43413,8.867363
MULTILAYER,rsfMRI,40,Strength,87.364525,78.913864,8.450661
MULTILAYER,rsfMRI,41,Strength,78.40044,72.70073,5.699707
MULTILAYER,rsfMRI,42,Strength,81.84747,75.56153,6.285942
MULTILAYER,rsfMRI,43,Strength,52.670574,53.532166,-0.86159134
MULTILAYER,rsfMRI,44,Strength,63.06202,61.04309,2.0189285
MULTILAYER,rsfMRI,45,Strength,72.98885,66.37277,6.616081
MULTILAYER,rsfMRI,46,Strength,78.85146,73.81285,5.0386124
MULTILAYER,rsfMRI,47,Strength,78.58901,70.70277,7.8862457
MULTILAYER,rsfMRI,48,Strength,47.13397,46.34222,0.79174805
MULTILAYER,rsfMRI,49,Strength,74.12494,68.37188,5.7530594
MULTILAYER,rsfMRI,50,Strength,89.12172,82.492546,6.6291733
MULTILAYER,rsfMRI,51,Strength,83.863075,77.02025,6.842827
MULTILAYER,rsfMRI,52,Strength,83.8401,76.59621,7.2438965
MULTILAYER,rsfMRI,53,Strength,82.158455,75.37688,6.781578
MULTILAYER,rsfMRI,54,Strength,75.51926,71.272064,4.2471924
MULTILAYER,rsfMRI,55,Strength,72.39288,65.49028,6.902603
MULTILAYER,rsfMRI,56,Strength,70.22102,67.53316,2.6878662
MULTILAYER,rsfMRI,57,Strength,92.15247,83.95246,8.200012
MULTILAYER,rsfMRI,58,Strength,60.41584,55.03922,5.3766212
MULTILAYER,rsfMRI,59,Strength,77.67159,71.04973,6.6218643
MULTILAYER,rsfMRI,60,Strength,81.944244,75.66353,6.280716
MULTILAYER,rsfMRI,61,Strength,73.06989,68.62806,4.4418335
MULTILAYER,rsfMRI,62,Strength,80.07396,72.907135,7.1668243
MULTILAYER,rsfMRI,63,Strength,74.83686,67.2696,7.5672607
MULTILAYER,rsfMRI,64,Strength,81.64998,74.41118,7.2388
MULTILAYER,rsfMRI,65,Strength,75.27333,70.12182,5.151512
MULTILAYER,rsfMRI,66,Strength,82.34505,75.57643,6.7686157
MULTILAYER,rsfMRI,67,Strength,91.466934,82.044624,9.42231
MULTILAYER,rsfMRI,68,Strength,68.81731,66.45362,2.3636856
MULTILAYER,rsfMRI,69,Strength,82.42313,76.379166,6.0439606
MULTILAYER,rsfMRI,70,Strength,87.46061,80.97965,6.480957
MULTILAYER,rsfMRI,71,Strength,91.5171,83.72095,7.79615
MULTILAYER,rsfMRI,72,Strength,90.35222,81.89861,8.453606
MULTILAYER,rsfMRI,73,Strength,86.92623,78.92902,7.9972076
MULTILAYER,rsfMRI,74,Strength,67.20682,62.953514,4.2533035
MULTILAYER,rsfMRI,75,Strength,91.89931,82.79487,9.104439
MULTILAYER,GM,0,Betweenness,0.03327877,0.03130243,0.001976341
MULTILAYER,GM,1,Betweenness,0.050542716,0.015308627,0.03523409
MULTILAYER,GM,2,Betweenness,0.042084634,0.012515708,0.029568925
MULTILAYER,GM,3,Betweenness,0.034315463,0.0132526755,0.021062788
MULTILAYER,GM,4,Betweenness,0.025947353,0.011186958,0.014760395
MULTILAYER,GM,5,Betweenness,0.020651424,0.010738665,0.009912759
MULTILAYER,GM,6,Betweenness,0.01565413,0.018746391,-0.003092261
MULTILAYER,GM,7,Betweenness,0.03849723,0.013163526,0.025333703
MULTILAYER,GM,8,Betweenness,0.022449084,0.009907454,0.012541629
MULTILAYER,GM,9,Betweenness,0.025431713,0.0188487,0.0065830126
MULTILAYER,GM,10,Betweenness,0.025831979,0.016138138,0.0096938405
MULTILAYER,GM,11,Betweenness,0.038551375,0.019490574,0.019060802
MULTILAYER,GM,12,Betweenness,0.01015994,0.0063278996,0.0038320408
MULTILAYER,GM,13,Betweenness,0.054145113,0.017109867,0.037035245
MULTILAYER,GM,14,Betweenness,0.031654377,0.025377821,0.0062765554
MULTILAYER,GM,15,Betweenness,0.010998375,0.025869418,-0.014871043
MULTILAYER,GM,16,Betweenness,0.02619934,0.043813042,-0.017613702
MULTILAYER,GM,17,Betweenness,0.019112,0.03982765,-0.020715648
MULTILAYER,GM,18,Betweenness,0.03331584,0.01891705,0.014398791
MULTILAYER,GM,19,Betweenness,0.024911491,0.027469011,-0.0025575198
MULTILAYER,GM,20,Betweenness,0.031250782,0.009411192,0.02183959
MULTILAYER,GM,21,Betweenness,0.032318715,0.01015962,0.022159096
MULTILAYER,GM,22,Betweenness,0.031245783,0.0063041267,0.024941657
MULTILAYER,GM,23,Betweenness,0.04006664,0.0076562236,0.032410417
MULTILAYER,GM,24,Betweenness,0.01723687,0.017120903,0.000115966424
MULTILAYER,GM,25,Betweenness,0.033895623,0.005112074,0.028783549
MULTILAYER,GM,26,Betweenness,0.023291266,0.016721005,0.006570261
MULTILAYER,GM,27,Betweenness,0.023866884,0.015132026,0.008734859
MULTILAYER,GM,28,Betweenness,0.016477153,0.021039225,-0.0045620725
MULTILAYER,GM,29,Betweenness,0.04624724,0.06329386,-0.01704662
MULTILAYER,GM,30,Betweenness,0.029717186,0.014159026,0.015558161
MULTILAYER,GM,31,Betweenness,0.035435878,0.016550772,0.018885106
MULTILAYER,GM,32,Betweenness,0.017662544,0.015215657,0.002446887
MULTILAYER,GM,33,Betweenness,0.012358698,0.020343436,-0.007984738
MULTILAYER,GM,34,Betweenness,0.012506144,0.017849805,-0.0053436607
MULTILAYER,GM,35,Betweenness,0.03018243,0.026713364,0.0034690667
MULTILAYER,GM,36,Betweenness,0.017041525,0.011538462,0.005503063
MULTILAYER,GM,37,Betweenness,0.050742634,0.040500514,0.010242119
MULTILAYER,GM,38,Betweenness,0.011255778,0.009096621,0.0021591578
MULTILAYER,GM,39,Betweenness,0.01639885,0.019325862,-0.0029270109
MULTILAYER,GM,40,Betweenness,0.012069641,0.023361776,-0.011292135
MULTILAYER,GM,41,Betweenness,0.060262818,0.03429317,0.025969647
MULTILAYER,GM,42,Betweenness,0.047353912,0.043607578,0.0037463345
MULTILAYER,GM,43,Betweenness,0.022535715,0.008502292,0.014033423
MULTILAYER,GM,44,Betweenness,0.049560998,0.014963491,0.03459751
MULTILAYER,GM,45,Betweenness,0.039550584,0.023828324,0.01572226
MULTILAYER,GM,46,Betweenness,0.033806488,0.022508916,0.011297572
MULTILAYER,GM,47,Betweenness,0.048964977,0.028722618,0.02024236
MULTILAYER,GM,48,Betweenness,0.030683493,0.014751654,0.01593184
MULTILAYER,GM,49,Betweenness,0.044082634,0.022219816,0.021862818
MULTILAYER,GM,50,Betweenness,0.024130952,0.011252334,0.012878617
MULTILAYER,GM,51,Betweenness,0.023564078,0.0065320944,0.017031983
MULTILAYER,GM,52,Betweenness,0.03043942,0.01833588,0.012103539
MULTILAYER,GM,53,Betweenness,0.017149402,0.008168195,0.008981206
MULTILAYER,GM,54,Betweenness,0.035985254,0.020986587,0.014998667
MULTILAYER,GM,55,Betweenness,0.037172727,0.015399475,0.021773253
MULTILAYER,GM,56,Betweenness,0.049508926,0.028338853,0.021170072
MULTILAYER,GM,57,Betweenness,0.022482403,0.017344201,0.0051382016
MULTILAYER,GM,58,Betweenness,0.013756507,0.013037019,0.00071948767
MULTILAYER,GM,59,Betweenness,0.021541087,0.018320173,0.003220914
MULTILAYER,GM,60,Betweenness,0.011085427,0.033063337,-0.021977909
MULTILAYER,GM,61,Betweenness,0.015994836,0.03717779,-0.021182954
MULTILAYER,GM,62,Betweenness,0.024513306,0.037531413,-0.013018107
MULTILAYER,GM,63,Betweenness,0.041303262,0.036261246,0.0050420165
MULTILAYER,GM,64,Betweenness,0.033761505,0.025371034,0.008390471
MULTILAYER,GM,65,Betweenness,0.031790163,0.01530608,0.016484084
MULTILAYER,GM,66,Betweenness,0.021520264,0.01603498,0.005485285
MULTILAYER,GM,67,Betweenness,0.027262691,0.008911105,0.018351587
MULTILAYER,GM,68,Betweenness,0.04020659,0.016431907,0.023774682
MULTILAYER,GM,69,Betweenness,0.022669833,0.016076159,0.0065936744
MULTILAYER,GM,70,Betweenness,0.022317465,0.009193411,0.013124054
MULTILAYER,GM,71,Betweenness,0.026353033,0.01155714,0.014795893
MULTILAYER,GM,72,Betweenness,0.0133025125,0.014301663,-0.0009991508
MULTILAYER,GM,73,Betweenness,0.038533885,0.033810496,0.0047233887
MULTILAYER,GM,74,Betweenness,0.06303303,0.060779836,0.0022531934
MULTILAYER,GM,75,Betweenness,0.018023241,0.008686109,0.009337132
MULTILAYER,rsfMRI,0,Betweenness,0.01655421,0.020049244,-0.0034950338
MULTILAYER,rsfMRI,1,Betweenness,0.017836645,0.026116064,-0.008279419
MULTILAYER,rsfMRI,2,Betweenness,0.014037653,0.013950586,8.706655e-05
MULTILAYER,rsfMRI,3,Betweenness,0.015730767,0.017564103,-0.0018333364
MULTILAYER,rsfMRI,4,Betweenness,0.016631681,0.015739514,0.0008921679
MULTILAYER,rsfMRI,5,Betweenness,0.020693073,0.013321446,0.007371627
MULTILAYER,rsfMRI,6,Betweenness,0.021611895,0.023836387,-0.002224492
MULTILAYER,rsfMRI,7,Betweenness,0.0113973925,0.016235355,-0.004837963
MULTILAYER,rsfMRI,8,Betweenness,0.010770127,0.016003568,-0.0052334405
MULTILAYER,rsfMRI,9,Betweenness,0.01884002,0.023426728,-0.004586708
MULTILAYER,rsfMRI,10,Betweenness,0.02001916,0.026040502,-0.0060213413
MULTILAYER,rsfMRI,11,Betweenness,0.02432338,0.021849211,0.0024741683
MULTILAYER,rsfMRI,12,Betweenness,0.009755925,0.012024962,-0.002269037
MULTILAYER,rsfMRI,13,Betweenness,0.027435964,0.028332485,-0.0008965209
MULTILAYER,rsfMRI,14,Betweenness,0.014161773,0.018430974,-0.0042692013
MULTILAYER,rsfMRI,15,Betweenness,0.0160015,0.021169128,-0.0051676277
MULTILAYER,rsfMRI,16,Betweenness,0.03283852,0.034960948,-0.0021224283
MULTILAYER,rsfMRI,17,Betweenness,0.022299137,0.03589149,-0.013592351
MULTILAYER,rsfMRI,18,Betweenness,0.01693365,0.024845898,-0.007912248
MULTILAYER,rsfMRI,19,Betweenness,0.023705278,0.017304296,0.006400982
MULTILAYER,rsfMRI,20,Betweenness,0.02062643,0.015000423,0.005626006
MULTILAYER,rsfMRI,21,Betweenness,0.022405764,0.010429614,0.01197615
MULTILAYER,rsfMRI,22,Betweenness,0.00925403,0.019476144,-0.010222114
MULTILAYER,rsfMRI,23,Betweenness,0.022334957,0.016965954,0.005369004
MULTILAYER,rsfMRI,24,Betweenness,0.008838353,0.012564952,-0.0037265988
MULTILAYER,rsfMRI,25,Betweenness,0.011539008,0.014797928,-0.0032589203
MULTILAYER,rsfMRI,26,Betweenness,0.017306844,0.026337238,-0.009030394
MULTILAYER,rsfMRI,27,Betweenness,0.011133325,0.015873238,-0.004739913
MULTILAYER,rsfMRI,28,Betweenness,0.0070673497,0.014146715,-0.0070793657
MULTILAYER,rsfMRI,29,Betweenness,0.024834437,0.041250214,-0.016415777
MULTILAYER,rsfMRI,30,Betweenness,0.020943813,0.025465699,-0.004521886
MULTILAYER,rsfMRI,31,Betweenness,0.01888042,0.020645697,-0.0017652772
MULTILAYER,rsfMRI,32,Betweenness,0.01723437,0.025490748,-0.008256378
MULTILAYER,rsfMRI,33,Betweenness,0.019086177,0.03508193,-0.015995754
MULTILAYER,rsfMRI,34,Betweenness,0.01430047,0.042189248,-0.027888779
MULTILAYER,rsfMRI,35,Betweenness,0.020100378,0.03018085,-0.010080472
MULTILAYER,rsfMRI,36,Betweenness,0.019686367,0.016323654,0.0033627134
MULTILAYER,rsfMRI,37,Betweenness,0.021360321,0.043758277,-0.022397956
MULTILAYER,rsfMRI,38,Betweenness,0.0074955225,0.022188826,-0.014693303
MULTILAYER,rsfMRI,39,Betweenness,0.014093048,0.036340635,-0.022247586
MULTILAYER,rsfMRI,40,Betweenness,0.023287099,0.023096029,0.00019107014
MULTILAYER,rsfMRI,41,Betweenness,0.04283352,0.06256878,-0.019735258
MULTILAYER,rsfMRI,42,Betweenness,0.030570203,0.028058248,0.0025119558
MULTILAYER,rsfMRI,43,Betweenness,0.019526847,0.018629648,0.0008971989
MULTILAYER,rsfMRI,44,Betweenness,0.027911616,0.020558668,0.007352948
MULTILAYER,rsfMRI,45,Betweenness,0.019144071,0.030208014,-0.011063943
MULTILAYER,rsfMRI,46,Betweenness,0.02235245,0.022422312,-6.986223e-05
MULTILAYER,rsfMRI,47,Betweenness,0.025572075,0.022630753,0.0029413216
MULTILAYER,rsfMRI,48,Betweenness,0.018316464,0.019187894,-0.0008714292
MULTILAYER,rsfMRI,49,Betweenness,0.023347078,0.029328834,-0.0059817564
MULTILAYER,rsfMRI,50,Betweenness,0.014349618,0.02164459,-0.0072949724
MULTILAYER,rsfMRI,51,Betweenness,0.00935191,0.02093437,-0.011582459
MULTILAYER,rsfMRI,52,Betweenness,0.0066283476,0.010261504,-0.0036331564
MULTILAYER,rsfMRI,53,Betweenness,0.01385064,0.015188911,-0.0013382714
MULTILAYER,rsfMRI,54,Betweenness,0.02019701,0.020370184,-0.00017317384
MULTILAYER,rsfMRI,55,Betweenness,0.010149527,0.019779675,-0.009630147
MULTILAYER,rsfMRI,56,Betweenness,0.030477736,0.049818728,-0.019340992
MULTILAYER,rsfMRI,57,Betweenness,0.018137366,0.020899981,-0.0027626157
MULTILAYER,rsfMRI,58,Betweenness,0.016163938,0.032989476,-0.016825538
MULTILAYER,rsfMRI,59,Betweenness,0.012512808,0.010778146,0.0017346619
MULTILAYER,rsfMRI,60,Betweenness,0.014586614,0.022037698,-0.0074510835
MULTILAYER,rsfMRI,61,Betweenness,0.024583278,0.023343522,0.0012397561
MULTILAYER,rsfMRI,62,Betweenness,0.017422631,0.03508193,-0.0176593
MULTILAYER,rsfMRI,63,Betweenness,0.018829187,0.035194006,-0.016364818
MULTILAYER,rsfMRI,64,Betweenness,0.012526137,0.025021225,-0.012495088
MULTILAYER,rsfMRI,65,Betweenness,0.031529423,0.018557055,0.012972368
MULTILAYER,rsfMRI,66,Betweenness,0.013228373,0.019967737,-0.006739364
MULTILAYER,rsfMRI,67,Betweenness,0.01037486,0.018453473,-0.008078613
MULTILAYER,rsfMRI,68,Betweenness,0.028001165,0.020766258,0.007234907
MULTILAYER,rsfMRI,69,Betweenness,0.012070473,0.0150921205,-0.0030216472
MULTILAYER,rsfMRI,70,Betweenness,0.0072597777,0.012127696,-0.004867918
MULTILAYER,rsfMRI,71,Betweenness,0.013986838,0.009181525,0.0048053134
MULTILAYER,rsfMRI,72,Betweenness,0.013054271,0.017792072,-0.004737801
MULTILAYER,rsfMRI,73,Betweenness,0.020239076,0.025153676,-0.0049146004
MULTILAYER,rsfMRI,74,Betweenness,0.030538546,0.033448376,-0.0029098298
MULTILAYER,rsfMRI,75,Betweenness,0.011932192,0.01687001,-0.0049378183
MULTILAYER,GM,0,Closeness,0.8268946,0.82257116,0.004323423
MULTILAYER,GM,1,Closeness,0.872356,0.8714997,0.0008562803
MULTILAYER,GM,2,Closeness,0.8443755,0.8414134,0.0029621124
MULTILAYER,GM,3,Closeness,0.72211146,0.7240482,-0.0019367337
MULTILAYER,GM,4,Closeness,0.8523373,0.85221636,0.000120937824
MULTILAYER,GM,5,Closeness,0.93328583,0.92803025,0.00525558
MULTILAYER,GM,6,Closeness,0.9035625,0.9021435,0.0014190078
MULTILAYER,GM,7,Closeness,0.9027347,0.903388,-0.0006533265
MULTILAYER,GM,8,Closeness,0.882395,0.8816248,0.0007702112
MULTILAYER,GM,9,Closeness,0.87196964,0.87188596,8.368492e-05
MULTILAYER,GM,10,Closeness,0.82974577,0.8285043,0.0012414455
MULTILAYER,GM,11,Closeness,0.8440339,0.8418192,0.0022146702
MULTILAYER,GM,12,Closeness,0.93058926,0.9305777,1.1563301e-05
MULTILAYER,GM,13,Closeness,0.7628436,0.7625849,0.00025868416
MULTILAYER,GM,14,Closeness,0.8256853,0.8237261,0.0019592047
MULTILAYER,GM,15,Closeness,0.8697186,0.8642668,0.0054517984
MULTILAYER,GM,16,Closeness,0.83654857,0.831315,0.005233586
MULTILAYER,GM,17,Closeness,0.879758,0.8741607,0.0055972934
MULTILAYER,GM,18,Closeness,0.8215605,0.81889784,0.0026626587
MULTILAYER,GM,19,Closeness,0.84942615,0.846221,0.0032051206
MULTILAYER,GM,20,Closeness,0.8684274,0.86541235,0.0030150414
MULTILAYER,GM,21,Closeness,0.8892244,0.8852103,0.0040141344
MULTILAYER,GM,22,Closeness,0.9503454,0.945548,0.004797399
MULTILAYER,GM,23,Closeness,0.84295166,0.84277433,0.00017732382
MULTILAYER,GM,24,Closeness,0.89428294,0.8904298,0.0038531423
MULTILAYER,GM,25,Closeness,0.92009413,0.9185817,0.0015124083
MULTILAYER,GM,26,Closeness,0.91086835,0.90596646,0.004901886
MULTILAYER,GM,27,Closeness,0.9376806,0.9350399,0.0026407242
MULTILAYER,GM,28,Closeness,0.9001359,0.8953874,0.0047484636
MULTILAYER,GM,29,Closeness,0.7809415,0.7758213,0.005120158
MULTILAYER,GM,30,Closeness,0.9498954,0.94615704,0.0037383437
MULTILAYER,GM,31,Closeness,0.9664559,0.96558636,0.00086951256
MULTILAYER,GM,32,Closeness,0.89785594,0.8972777,0.00057822466
MULTILAYER,GM,33,Closeness,0.9699787,0.9620657,0.007912993
MULTILAYER,GM,34,Closeness,0.89968985,0.8954789,0.004210949
MULTILAYER,GM,35,Closeness,0.8867368,0.8871956,-0.00045877695
MULTILAYER,GM,36,Closeness,0.7743367,0.77444786,-0.00011116266
MULTILAYER,GM,37,Closeness,0.8067474,0.8074812,-0.0007338524
MULTILAYER,GM,38,Closeness,0.97240824,0.9721848,0.00022345781
MULTILAYER,GM,39,Closeness,0.9150699,0.9121894,0.002880454
MULTILAYER,GM,40,Closeness,0.9755622,0.96853644,0.0070257783
MULTILAYER,GM,41,Closeness,0.92456335,0.92480695,-0.00024360418
MULTILAYER,GM,42,Closeness,0.8978274,0.89707214,0.00075525045
MULTILAYER,GM,43,Closeness,0.7407331,0.74044645,0.00028663874
MULTILAYER,GM,44,Closeness,0.79009604,0.7907972,-0.00070112944
MULTILAYER,GM,45,Closeness,0.80280465,0.80325675,-0.00045210123
MULTILAYER,GM,46,Closeness,0.8694108,0.8646783,0.0047324896
MULTILAYER,GM,47,Closeness,0.85339284,0.8513599,0.0020329356
MULTILAYER,GM,48,Closeness,0.7147965,0.71774185,-0.0029453635
MULTILAYER,GM,49,Closeness,0.8323434,0.83496517,-0.00262177
MULTILAYER,GM,50,Closeness,0.93765175,0.9347411,0.0029106736
MULTILAYER,GM,51,Closeness,0.8870013,0.8871577,-0.00015640259
MULTILAYER,GM,52,Closeness,0.89843136,0.8968176,0.0016137362
MULTILAYER,GM,53,Closeness,0.8615143,0.8624766,-0.000962317
MULTILAYER,GM,54,Closeness,0.8573627,0.8570181,0.00034457445
MULTILAYER,GM,55,Closeness,0.8201789,0.8201589,2.002716e-05
MULTILAYER,GM,56,Closeness,0.8475303,0.8475997,-6.937981e-05
MULTILAYER,GM,57,Closeness,0.93701303,0.9353189,0.0016941428
MULTILAYER,GM,58,Closeness,0.76155347,0.76437366,-0.0028201938
MULTILAYER,GM,59,Closeness,0.83689195,0.8306818,0.0062101483
MULTILAYER,GM,60,Closeness,0.87548,0.8686151,0.0068649054
MULTILAYER,GM,61,Closeness,0.82683194,0.8225298,0.004302144
MULTILAYER,GM,62,Closeness,0.87529683,0.8688141,0.0064827204
MULTILAYER,GM,63,Closeness,0.8254937,0.82377756,0.0017161369
MULTILAYER,GM,64,Closeness,0.8092755,0.8051299,0.0041456223
MULTILAYER,GM,65,Closeness,0.8445237,0.8414562,0.003067553
MULTILAYER,GM,66,Closeness,0.87996775,0.8741515,0.0058162212
MULTILAYER,GM,67,Closeness,0.949451,0.9468547,0.0025963187
MULTILAYER,GM,68,Closeness,0.8244778,0.8247995,-0.00032168627
MULTILAYER,GM,69,Closeness,0.89856,0.8966628,0.0018972158
MULTILAYER,GM,70,Closeness,0.9258269,0.9241724,0.0016545057
MULTILAYER,GM,71,Closeness,0.9114473,0.9054171,0.006030202
MULTILAYER,GM,72,Closeness,0.9439782,0.93981904,0.0041591525
MULTILAYER,GM,73,Closeness,0.9004759,0.8946669,0.005809009
MULTILAYER,GM,74,Closeness,0.75019455,0.7455898,0.004604757
MULTILAYER,GM,75,Closeness,0.9556422,0.95191616,0.0037260652
MULTILAYER,rsfMRI,0,Closeness,0.83105594,0.8272141,0.0038418174
MULTILAYER,rsfMRI,1,Closeness,0.87478834,0.86904806,0.005740285
MULTILAYER,rsfMRI,2,Closeness,0.84341514,0.8423634,0.001051724
MULTILAYER,rsfMRI,3,Closeness,0.7234649,0.7223348,0.0011301041
MULTILAYER,rsfMRI,4,Closeness,0.8534155,0.8510959,0.0023195744
MULTILAYER,rsfMRI,5,Closeness,0.9326348,0.928436,0.0041987896
MULTILAYER,rsfMRI,6,Closeness,0.90489066,0.9008283,0.0040623546
MULTILAYER,rsfMRI,7,Closeness,0.90658677,0.8992106,0.007376194
MULTILAYER,rsfMRI,8,Closeness,0.8835148,0.88034314,0.0031716824
MULTILAYER,rsfMRI,9,Closeness,0.8736549,0.8699365,0.0037183762
MULTILAYER,rsfMRI,10,Closeness,0.8302706,0.8279593,0.0023112893
MULTILAYER,rsfMRI,11,Closeness,0.8490159,0.84599775,0.0030181408
MULTILAYER,rsfMRI,12,Closeness,0.93399394,0.92711395,0.0068799853
MULTILAYER,rsfMRI,13,Closeness,0.76426995,0.76115394,0.0031160116
MULTILAYER,rsfMRI,14,Closeness,0.8551379,0.84969866,0.005439222
MULTILAYER,rsfMRI,15,Closeness,0.869272,0.86450714,0.004764855
MULTILAYER,rsfMRI,16,Closeness,0.83467764,0.83261216,0.0020654798
MULTILAYER,rsfMRI,17,Closeness,0.87916344,0.8746662,0.00449723
MULTILAYER,rsfMRI,18,Closeness,0.82489073,0.82437456,0.0005161762
MULTILAYER,rsfMRI,19,Closeness,0.8897659,0.8844293,0.0053366423
MULTILAYER,rsfMRI,20,Closeness,0.8684352,0.8652661,0.0031691194
MULTILAYER,rsfMRI,21,Closeness,0.88969535,0.88471,0.0049853325
MULTILAYER,rsfMRI,22,Closeness,0.950757,0.9450618,0.005695224
MULTILAYER,rsfMRI,23,Closeness,0.8450614,0.84062535,0.0044360757
MULTILAYER,rsfMRI,24,Closeness,0.8938183,0.8909108,0.0029075146
MULTILAYER,rsfMRI,25,Closeness,0.9223044,0.91644293,0.005861461
MULTILAYER,rsfMRI,26,Closeness,0.9447652,0.93933487,0.0054303408
MULTILAYER,rsfMRI,27,Closeness,0.93798685,0.9345229,0.003463924
MULTILAYER,rsfMRI,28,Closeness,0.9070802,0.89889723,0.008182943
MULTILAYER,rsfMRI,29,Closeness,0.8086127,0.80564433,0.002968371
MULTILAYER,rsfMRI,30,Closeness,0.9526482,0.9434917,0.009156525
MULTILAYER,rsfMRI,31,Closeness,0.9695682,0.9625307,0.0070375204
MULTILAYER,rsfMRI,32,Closeness,0.9000626,0.89487386,0.005188763
MULTILAYER,rsfMRI,33,Closeness,0.9693093,0.96263593,0.006673336
MULTILAYER,rsfMRI,34,Closeness,0.8995875,0.8954809,0.004106641
MULTILAYER,rsfMRI,35,Closeness,0.8893907,0.8845861,0.004804611
MULTILAYER,rsfMRI,36,Closeness,0.77538276,0.7732152,0.0021675825
MULTILAYER,rsfMRI,37,Closeness,0.8078537,0.80633426,0.0015194416
MULTILAYER,rsfMRI,38,Closeness,0.97553915,0.9690835,0.00645566
MULTILAYER,rsfMRI,39,Closeness,0.9171059,0.9103021,0.0068038106
MULTILAYER,rsfMRI,40,Closeness,0.9755592,0.96845555,0.007103622
MULTILAYER,rsfMRI,41,Closeness,0.9268405,0.9225002,0.004340291
MULTILAYER,rsfMRI,42,Closeness,0.89974385,0.8951979,0.004545927
MULTILAYER,rsfMRI,43,Closeness,0.7401395,0.74079216,-0.00065267086
MULTILAYER,rsfMRI,44,Closeness,0.7907044,0.7900276,0.00067681074
MULTILAYER,rsfMRI,45,Closeness,0.8216889,0.81869227,0.0029966235
MULTILAYER,rsfMRI,46,Closeness,0.8740161,0.86979806,0.004218042
MULTILAYER,rsfMRI,47,Closeness,0.8532958,0.85130775,0.0019880533
MULTILAYER,rsfMRI,48,Closeness,0.71651906,0.71568686,0.00083220005
MULTILAYER,rsfMRI,49,Closeness,0.83466244,0.83259076,0.0020716786
MULTILAYER,rsfMRI,50,Closeness,0.93949026,0.933104,0.00638628
MULTILAYER,rsfMRI,51,Closeness,0.88995963,0.8841808,0.005778849
MULTILAYER,rsfMRI,52,Closeness,0.90037435,0.8947259,0.005648434
MULTILAYER,rsfMRI,53,Closeness,0.8635695,0.86037356,0.0031959414
MULTILAYER,rsfMRI,54,Closeness,0.8589248,0.85518754,0.0037372708
MULTILAYER,rsfMRI,55,Closeness,0.8203308,0.8199844,0.0003464222
MULTILAYER,rsfMRI,56,Closeness,0.84821236,0.84679234,0.001420021
MULTILAYER,rsfMRI,57,Closeness,0.93918234,0.9332932,0.0058891177
MULTILAYER,rsfMRI,58,Closeness,0.76453567,0.760911,0.0036246777
MULTILAYER,rsfMRI,59,Closeness,0.8501617,0.8451526,0.005009055
MULTILAYER,rsfMRI,60,Closeness,0.8744537,0.86941624,0.0050374866
MULTILAYER,rsfMRI,61,Closeness,0.8262006,0.82299626,0.0032043457
MULTILAYER,rsfMRI,62,Closeness,0.8737733,0.8701344,0.0036388636
MULTILAYER,rsfMRI,63,Closeness,0.82910466,0.82916933,-6.467104e-05
MULTILAYER,rsfMRI,64,Closeness,0.8790328,0.8746054,0.0044273734
MULTILAYER,rsfMRI,65,Closeness,0.8436389,0.84207535,0.001563549
MULTILAYER,rsfMRI,66,Closeness,0.88940716,0.8849524,0.004454732
MULTILAYER,rsfMRI,67,Closeness,0.9579269,0.9502909,0.0076360106
MULTILAYER,rsfMRI,68,Closeness,0.82580847,0.823351,0.00245744
MULTILAYER,rsfMRI,69,Closeness,0.89960665,0.8955091,0.0040975213
MULTILAYER,rsfMRI,70,Closeness,0.928525,0.9215158,0.0070091486
MULTILAYER,rsfMRI,71,Closeness,0.9458781,0.9387665,0.007111609
MULTILAYER,rsfMRI,72,Closeness,0.943952,0.93988013,0.0040718913
MULTILAYER,rsfMRI,73,Closeness,0.91175085,0.9047967,0.0069541335
MULTILAYER,rsfMRI,74,Closeness,0.786766,0.7858422,0.0009238124
MULTILAYER,rsfMRI,75,Closeness,0.95735127,0.95019126,0.007160008
MULTILAYER,GM,0,Eigenvector,0.084767595,0.08928562,-0.0045180246
MULTILAYER,GM,1,Eigenvector,0.08859215,0.09384819,-0.005256042
MULTILAYER,GM,2,Eigenvector,0.08659917,0.09205428,-0.0054551065
MULTILAYER,GM,3,Eigenvector,0.059147146,0.06659757,-0.007450428
MULTILAYER,GM,4,Eigenvector,0.079219565,0.084314704,-0.005095139
MULTILAYER,GM,5,Eigenvector,0.10349,0.10415334,-0.0006633401
MULTILAYER,GM,6,Eigenvector,0.08766828,0.09149829,-0.0038300157
MULTILAYER,GM,7,Eigenvector,0.08820306,0.09139739,-0.0031943321
MULTILAYER,GM,8,Eigenvector,0.088142954,0.09136702,-0.0032240674
MULTILAYER,GM,9,Eigenvector,0.080975994,0.08765299,-0.0066769943
MULTILAYER,GM,10,Eigenvector,0.07845052,0.08301114,-0.0045606196
MULTILAYER,GM,11,Eigenvector,0.079769485,0.08780183,-0.008032344
MULTILAYER,GM,12,Eigenvector,0.094294816,0.09582479,-0.0015299767
MULTILAYER,GM,13,Eigenvector,0.06386081,0.07185255,-0.007991739
MULTILAYER,GM,14,Eigenvector,0.07874359,0.08482777,-0.0060841814
MULTILAYER,GM,15,Eigenvector,0.09315209,0.095888734,-0.002736643
MULTILAYER,GM,16,Eigenvector,0.087895475,0.09186761,-0.0039721355
MULTILAYER,GM,17,Eigenvector,0.093058154,0.0942491,-0.0011909455
MULTILAYER,GM,18,Eigenvector,0.084743805,0.09005758,-0.0053137764
MULTILAYER,GM,19,Eigenvector,0.08547662,0.09069386,-0.0052172393
MULTILAYER,GM,20,Eigenvector,0.0843899,0.086443916,-0.0020540133
MULTILAYER,GM,21,Eigenvector,0.090092495,0.094909266,-0.0048167706
MULTILAYER,GM,22,Eigenvector,0.097756006,0.09910842,-0.0013524145
MULTILAYER,GM,23,Eigenvector,0.08268082,0.09018245,-0.007501632
MULTILAYER,GM,24,Eigenvector,0.091075756,0.09453438,-0.0034586266
MULTILAYER,GM,25,Eigenvector,0.091062166,0.09474582,-0.0036836565
MULTILAYER,GM,26,Eigenvector,0.09354461,0.09657809,-0.0030334815
MULTILAYER,GM,27,Eigenvector,0.099485405,0.101867035,-0.0023816302
MULTILAYER,GM,28,Eigenvector,0.09424276,0.097655974,-0.0034132153
MULTILAYER,GM,29,Eigenvector,0.07630409,0.080459036,-0.004154943
MULTILAYER,GM,30,Eigenvector,0.098773785,0.10032005,-0.0015462637
MULTILAYER,GM,31,Eigenvector,0.08750357,0.094039366,-0.0065357983
MULTILAYER,GM,32,Eigenvector,0.07958643,0.08219482,-0.0026083887
MULTILAYER,GM,33,Eigenvector,0.090123706,0.090188,-6.429106e-05
MULTILAYER,GM,34,Eigenvector,0.082970135,0.086821154,-0.0038510188
MULTILAYER,GM,35,Eigenvector,0.0801176,0.08515741,-0.005039811
MULTILAYER,GM,36,Eigenvector,0.065618925,0.07321209,-0.0075931624
MULTILAYER,GM,37,Eigenvector,0.06753986,0.07538024,-0.00784038
MULTILAYER,GM,38,Eigenvector,0.08795408,0.09490965,-0.0069555715
MULTILAYER,GM,39,Eigenvector,0.07836111,0.08082126,-0.002460152
MULTILAYER,GM,40,Eigenvector,0.08774713,0.08962509,-0.0018779635
MULTILAYER,GM,41,Eigenvector,0.07952669,0.086784676,-0.007257983
MULTILAYER,GM,42,Eigenvector,0.085652605,0.08802415,-0.0023715422
MULTILAYER,GM,43,Eigenvector,0.053779464,0.06431369,-0.010534223
MULTILAYER,GM,44,Eigenvector,0.07157804,0.07970453,-0.00812649
MULTILAYER,GM,45,Eigenvector,0.07979847,0.087238714,-0.0074402466
MULTILAYER,GM,46,Eigenvector,0.08965619,0.09538901,-0.0057328194
MULTILAYER,GM,47,Eigenvector,0.090068206,0.096179724,-0.0061115175
MULTILAYER,GM,48,Eigenvector,0.057646234,0.0664448,-0.008798566
MULTILAYER,GM,49,Eigenvector,0.07439723,0.07991976,-0.0055225343
MULTILAYER,GM,50,Eigenvector,0.09556426,0.09866765,-0.0031033903
MULTILAYER,GM,51,Eigenvector,0.0816566,0.08786611,-0.006209515
MULTILAYER,GM,52,Eigenvector,0.083498225,0.08520016,-0.0017019361
MULTILAYER,GM,53,Eigenvector,0.084650934,0.08951121,-0.0048602745
MULTILAYER,GM,54,Eigenvector,0.078358494,0.08575109,-0.0073925927
MULTILAYER,GM,55,Eigenvector,0.07487335,0.08171894,-0.006845586
MULTILAYER,GM,56,Eigenvector,0.07912496,0.0880287,-0.008903742
MULTILAYER,GM,57,Eigenvector,0.09355354,0.09703207,-0.003478527
MULTILAYER,GM,58,Eigenvector,0.067805625,0.076013975,-0.008208349
MULTILAYER,GM,59,Eigenvector,0.08272296,0.088838965,-0.006116003
MULTILAYER,GM,60,Eigenvector,0.09420109,0.09656596,-0.002364874
MULTILAYER,GM,61,Eigenvector,0.0826906,0.088276505,-0.005585909
MULTILAYER,GM,62,Eigenvector,0.08992344,0.09202675,-0.0021033064
MULTILAYER,GM,63,Eigenvector,0.083058804,0.08787953,-0.004820727
MULTILAYER,GM,64,Eigenvector,0.07437051,0.07942425,-0.0050537363
MULTILAYER,GM,65,Eigenvector,0.08083368,0.085803635,-0.0049699545
MULTILAYER,GM,66,Eigenvector,0.08830375,0.09315353,-0.0048497766
MULTILAYER,GM,67,Eigenvector,0.094863206,0.097828716,-0.00296551
MULTILAYER,GM,68,Eigenvector,0.07941666,0.08657126,-0.007154599
MULTILAYER,GM,69,Eigenvector,0.0891796,0.094365984,-0.0051863864
MULTILAYER,GM,70,Eigenvector,0.09274522,0.09701927,-0.004274048
MULTILAYER,GM,71,Eigenvector,0.09128778,0.09528066,-0.0039928854
MULTILAYER,GM,72,Eigenvector,0.09634481,0.10002813,-0.0036833137
MULTILAYER,GM,73,Eigenvector,0.09478149,0.097071305,-0.0022898167
MULTILAYER,GM,74,Eigenvector,0.06365273,0.06965163,-0.005998902
MULTILAYER,GM,75,Eigenvector,0.09616167,0.09661936,-0.00045768917
MULTILAYER,rsfMRI,0,Eigenvector,0.07123263,0.06482177,0.0064108595
MULTILAYER,rsfMRI,1,Eigenvector,0.078258194,0.07316873,0.005089462
MULTILAYER,rsfMRI,2,Eigenvector,0.074218325,0.066458404,0.0077599213
MULTILAYER,rsfMRI,3,Eigenvector,0.0454277,0.045316942,0.000110756606
MULTILAYER,rsfMRI,4,Eigenvector,0.075350806,0.06971165,0.005639158
MULTILAYER,rsfMRI,5,Eigenvector,0.08577807,0.08104556,0.004732512
MULTILAYER,rsfMRI,6,Eigenvector,0.084802136,0.07769991,0.0071022287
MULTILAYER,rsfMRI,7,Eigenvector,0.082993865,0.07760935,0.0053845122
MULTILAYER,rsfMRI,8,Eigenvector,0.08083056,0.07437651,0.0064540505
MULTILAYER,rsfMRI,9,Eigenvector,0.07535647,0.071920045,0.0034364238
MULTILAYER,rsfMRI,10,Eigenvector,0.07150697,0.064225994,0.0072809756
MULTILAYER,rsfMRI,11,Eigenvector,0.06945284,0.06778831,0.0016645268
MULTILAYER,rsfMRI,12,Eigenvector,0.0904717,0.083648644,0.0068230554
MULTILAYER,rsfMRI,13,Eigenvector,0.05614018,0.052460082,0.0036800988
MULTILAYER,rsfMRI,14,Eigenvector,0.07693916,0.07024168,0.006697476
MULTILAYER,rsfMRI,15,Eigenvector,0.07749453,0.070843175,0.006651357
MULTILAYER,rsfMRI,16,Eigenvector,0.06951193,0.064989105,0.004522823
MULTILAYER,rsfMRI,17,Eigenvector,0.0768058,0.071131974,0.0056738257
MULTILAYER,rsfMRI,18,Eigenvector,0.071806096,0.06390166,0.007904433
MULTILAYER,rsfMRI,19,Eigenvector,0.08150147,0.07532477,0.0061767027
MULTILAYER,rsfMRI,20,Eigenvector,0.07796603,0.0717485,0.0062175244
MULTILAYER,rsfMRI,21,Eigenvector,0.08229767,0.077012725,0.0052849427
MULTILAYER,rsfMRI,22,Eigenvector,0.087080784,0.07889072,0.008190066
MULTILAYER,rsfMRI,23,Eigenvector,0.0692466,0.06678716,0.0024594367
MULTILAYER,rsfMRI,24,Eigenvector,0.08064058,0.075145476,0.005495101
MULTILAYER,rsfMRI,25,Eigenvector,0.08479873,0.07935126,0.0054474697
MULTILAYER,rsfMRI,26,Eigenvector,0.0877131,0.080264434,0.007448666
MULTILAYER,rsfMRI,27,Eigenvector,0.0893575,0.0819379,0.007419601
MULTILAYER,rsfMRI,28,Eigenvector,0.084704585,0.077743,0.006961584
MULTILAYER,rsfMRI,29,Eigenvector,0.069769606,0.063859396,0.0059102103
MULTILAYER,rsfMRI,30,Eigenvector,0.08759621,0.07994468,0.00765153
MULTILAYER,rsfMRI,31,Eigenvector,0.08568333,0.078098364,0.0075849667
MULTILAYER,rsfMRI,32,Eigenvector,0.07715662,0.0710053,0.0061513186
MULTILAYER,rsfMRI,33,Eigenvector,0.084115535,0.076453395,0.00766214
MULTILAYER,rsfMRI,34,Eigenvector,0.074956365,0.069901094,0.005055271
MULTILAYER,rsfMRI,35,Eigenvector,0.07634726,0.0702651,0.0060821623
MULTILAYER,rsfMRI,36,Eigenvector,0.055232327,0.054244544,0.0009877831
MULTILAYER,rsfMRI,37,Eigenvector,0.06260286,0.061587032,0.0010158308
MULTILAYER,rsfMRI,38,Eigenvector,0.08791669,0.080333434,0.007583253
MULTILAYER,rsfMRI,39,Eigenvector,0.07913261,0.0713432,0.0077894107
MULTILAYER,rsfMRI,40,Eigenvector,0.08414124,0.0770376,0.007103637
MULTILAYER,rsfMRI,41,Eigenvector,0.07539502,0.07133125,0.00406377
MULTILAYER,rsfMRI,42,Eigenvector,0.07851986,0.07333464,0.0051852167
MULTILAYER,rsfMRI,43,Eigenvector,0.048869833,0.049398184,-0.0005283505
MULTILAYER,rsfMRI,44,Eigenvector,0.059027996,0.057535972,0.0014920235
MULTILAYER,rsfMRI,45,Eigenvector,0.070200354,0.063955545,0.0062448084
MULTILAYER,rsfMRI,46,Eigenvector,0.07699264,0.07269257,0.0043000653
MULTILAYER,rsfMRI,47,Eigenvector,0.075339876,0.06810788,0.0072319955
MULTILAYER,rsfMRI,48,Eigenvector,0.043487497,0.041783094,0.0017044023
MULTILAYER,rsfMRI,49,Eigenvector,0.07069201,0.06550446,0.0051875487
MULTILAYER,rsfMRI,50,Eigenvector,0.08603142,0.08100775,0.005023673
MULTILAYER,rsfMRI,51,Eigenvector,0.08058468,0.07503017,0.005554512
MULTILAYER,rsfMRI,52,Eigenvector,0.0805071,0.07470247,0.005804628
MULTILAYER,rsfMRI,53,Eigenvector,0.07866768,0.072802834,0.0058648437
MULTILAYER,rsfMRI,54,Eigenvector,0.072181165,0.06894247,0.0032386929
MULTILAYER,rsfMRI,55,Eigenvector,0.06897917,0.06257209,0.0064070746
MULTILAYER,rsfMRI,56,Eigenvector,0.06683314,0.065340966,0.0014921725
MULTILAYER,rsfMRI,57,Eigenvector,0.088730335,0.08220813,0.0065222085
MULTILAYER,rsfMRI,58,Eigenvector,0.056829304,0.0513864,0.0054429024
MULTILAYER,rsfMRI,59,Eigenvector,0.07546803,0.0688314,0.0066366345
MULTILAYER,rsfMRI,60,Eigenvector,0.079402715,0.07374458,0.005658135
MULTILAYER,rsfMRI,61,Eigenvector,0.070154004,0.06639958,0.003754422
MULTILAYER,rsfMRI,62,Eigenvector,0.07720805,0.070694976,0.006513074
MULTILAYER,rsfMRI,63,Eigenvector,0.07155032,0.064209685,0.0073406324
MULTILAYER,rsfMRI,64,Eigenvector,0.07955936,0.07264023,0.0069191307
MULTILAYER,rsfMRI,65,Eigenvector,0.07319837,0.06846533,0.004733041
MULTILAYER,rsfMRI,66,Eigenvector,0.08008286,0.07386498,0.006217882
MULTILAYER,rsfMRI,67,Eigenvector,0.08778043,0.080138095,0.007642336
MULTILAYER,rsfMRI,68,Eigenvector,0.06546,0.06389988,0.0015601143
MULTILAYER,rsfMRI,69,Eigenvector,0.07991942,0.07466579,0.005253628
MULTILAYER,rsfMRI,70,Eigenvector,0.08447512,0.079033405,0.005441718
MULTILAYER,rsfMRI,71,Eigenvector,0.08816327,0.08166778,0.0064954907
MULTILAYER,rsfMRI,72,Eigenvector,0.08711216,0.080130585,0.006981574
MULTILAYER,rsfMRI,73,Eigenvector,0.08456095,0.07743004,0.0071309134
MULTILAYER,rsfMRI,74,Eigenvector,0.06505484,0.060641382,0.0044134595
MULTILAYER,rsfMRI,75,Eigenvector,0.088844135,0.080847576,0.007996559
