Node,Layer,Metric,Control,EM,Delta,Cohort
0,FA,Betweenness_mean,0.024664664664664666,0.017498602050326186,0.00716606261433848,HCB
0,FA,Closeness_mean,0.6926747083474912,0.6928511096521248,-0.00017640130463358883,HCB
0,FA,Degree_mean,41.72222222222222,41.744827586206895,-0.022605363984673943,HCB
0,FA,Eigenvector_mean,0.09646907519516038,0.09757594893559078,-0.0011068737404304058,HCB
0,FA,Strength_mean,26.839023150156567,27.047648817684447,-0.2086256675278797,HCB
0,GM,Betweenness_mean,0.06875675675675676,0.036319353836595215,0.03243740292016154,HCB
0,GM,Closeness_mean,0.9043001273386228,0.910460712678702,-0.006160585340079239,HCB
0,GM,Degree_mean,67.0,67.6,-0.5999999999999943,HCB
0,GM,Eigenvector_mean,0.11863402038603887,0.11213752753643345,0.00649649284960542,HCB
0,GM,Strength_mean,48.50940963340373,46.28606895012676,2.223340683276966,HCB
0,rsfMRI,Betweenness_mean,0.005025025025025025,0.013268716992854925,-0.0082436919678299,HCB
0,rsfMRI,Closeness_mean,0.9950503083414477,0.9940758753882635,0.0009744329531842233,HCB
0,rsfMRI,Degree_mean,74.61111111111111,74.53103448275863,0.08007662835248652,HCB
0,rsfMRI,Eigenvector_mean,0.11585318994395183,0.11443986771226823,0.0014133222316835975,HCB
0,rsfMRI,Strength_mean,43.666928270404355,42.95636490366817,0.7105633667361886,HCB
1,FA,Betweenness_mean,0.01029029029029029,0.011720410065237651,-0.0014301197749473603,HCB
1,FA,Closeness_mean,0.734500920109144,0.7332065297951235,0.001294390314020566,HCB
1,FA,Degree_mean,47.888888888888886,47.682758620689654,0.20613026819923164,HCB
1,FA,Eigenvector_mean,0.11614592987760454,0.11645176598143314,-0.00030583610382860227,HCB
1,FA,Strength_mean,31.377808905671163,31.58214818817544,-0.20433928250427869,HCB
1,GM,Betweenness_mean,0.004648648648648649,0.022643056849953404,-0.017994408201304754,HCB
1,GM,Closeness_mean,0.9004623143737742,0.8990490897718603,0.0014132246019139538,HCB
1,GM,Degree_mean,66.7,66.55862068965517,0.1413793103448313,HCB
1,GM,Eigenvector_mean,0.11482044154373457,0.11430747517734624,0.000512966366388326,HCB
1,GM,Strength_mean,46.84403240825939,46.29279010900374,0.551242299255648,HCB
1,rsfMRI,Betweenness_mean,0.017337337337337336,0.015326498912705811,0.0020108384246315253,HCB
1,rsfMRI,Closeness_mean,0.9956892522681997,0.9941597200827937,0.0015295321854059685,HCB
1,rsfMRI,Degree_mean,74.66666666666667,74.52413793103449,0.14252873563218316,HCB
1,rsfMRI,Eigenvector_mean,0.11982794536755417,0.11764340966306246,0.0021845357044917163,HCB
1,rsfMRI,Strength_mean,44.856691360573485,44.13982061922833,0.7168707413451543,HCB
2,FA,Betweenness_mean,0.03781781781781782,0.0322112457284871,0.005606572089330714,HCB
2,FA,Closeness_mean,0.6995055588899368,0.699272375561575,0.0002331833283618634,HCB
2,FA,Degree_mean,42.77777777777778,42.73103448275862,0.046743295019155084,HCB
2,FA,Eigenvector_mean,0.09684069074135071,0.09622515854202278,0.0006155321993279311,HCB
2,FA,Strength_mean,27.989279909264717,28.063738228543933,-0.07445831927921631,HCB
2,GM,Betweenness_mean,0.0038558558558558567,0.02861509785647717,-0.024759242000621313,HCB
2,GM,Closeness_mean,0.6944444444444444,0.692650985754655,0.0017934586897894178,HCB
2,GM,Degree_mean,42.0,41.710344827586205,0.289655172413795,HCB
2,GM,Eigenvector_mean,0.07047764870525462,0.07627385232098137,-0.005796203615726747,HCB
2,GM,Strength_mean,27.471335055611735,29.75196685696708,-2.2806318013553444,HCB
2,rsfMRI,Betweenness_mean,0.013633633633633633,0.0160273376825101,-0.002393704048876467,HCB
2,rsfMRI,Closeness_mean,0.9956892522681997,0.9941041317351977,0.0015851205330019713,HCB
2,rsfMRI,Degree_mean,74.66666666666667,74.52413793103449,0.14252873563218316,HCB
2,rsfMRI,Eigenvector_mean,0.11508985626130877,0.11667123932489726,-0.0015813830635884873,HCB
2,rsfMRI,Strength_mean,43.18118437142425,43.43854808692099,-0.2573637154967372,HCB
3,FA,Betweenness_mean,0.050350350350350355,0.016039763901832867,0.03431058644851749,HCB
3,FA,Closeness_mean,0.5885241354611207,0.5900503697638949,-0.0015262343027742098,HCB
3,FA,Degree_mean,23.555555555555557,23.889655172413793,-0.33409961685823575,HCB
3,FA,Eigenvector_mean,0.049023031266358465,0.049658435736636294,-0.0006354044702778297,HCB
3,FA,Strength_mean,14.10879825951881,14.36311500522377,-0.2543167457049602,HCB
3,GM,Betweenness_mean,0.008648648648648649,0.02345076110593352,-0.01480211245728487,HCB
3,GM,Closeness_mean,0.9986842105263157,0.9940107403961606,0.004673470130155177,HCB
3,GM,Degree_mean,74.9,74.48965517241379,0.41034482758621493,HCB
3,GM,Eigenvector_mean,0.13197164862866612,0.1332377092816205,-0.0012660606529543705,HCB
3,GM,Strength_mean,57.126761243855334,57.79987340304792,-0.6731121591925842,HCB
3,rsfMRI,Betweenness_mean,0.01665665665665666,0.03274557315936626,-0.016088916502709605,HCB
3,rsfMRI,Closeness_mean,0.9992690058479532,0.9936662875787138,0.005602718269239415,HCB
3,rsfMRI,Degree_mean,74.94444444444444,74.48965517241379,0.4547892720306521,HCB
3,rsfMRI,Eigenvector_mean,0.10356041203335463,0.10326388785894736,0.00029652417440727274,HCB
3,rsfMRI,Strength_mean,39.02199568417534,39.155414052604854,-0.13341836842951693,HCB
4,FA,Betweenness_mean,0.04860860860860861,0.042736253494874185,0.005872355113734427,HCB
4,FA,Closeness_mean,0.7177835721449428,0.7194328204253031,-0.0016492482803602826,HCB
4,FA,Degree_mean,45.5,45.744827586206895,-0.24482758620689538,HCB
4,FA,Eigenvector_mean,0.09546383649805831,0.09572661497683989,-0.0002627784787815751,HCB
4,FA,Strength_mean,27.524928687863408,27.811307184585296,-0.28637849672188764,HCB
4,GM,Betweenness_mean,0.0001441441441441441,0.011886921404162785,-0.011742777260018641,HCB
4,GM,Closeness_mean,0.9960526315789473,0.9942701815380613,0.0017824500408859523,HCB
4,GM,Degree_mean,74.7,74.50344827586207,0.1965517241379331,HCB
4,GM,Eigenvector_mean,0.13429653863491936,0.1337494961275311,0.0005470425073882679,HCB
4,GM,Strength_mean,57.66145689527567,57.546073779415245,0.11538311586042482,HCB
4,rsfMRI,Betweenness_mean,0.0032032032032032038,0.013972041006523767,-0.010768837803320563,HCB
4,rsfMRI,Closeness_mean,0.9985569985569985,0.9938396968480663,0.004717301708932253,HCB
4,rsfMRI,Degree_mean,74.88888888888889,74.49655172413793,0.3923371647509555,HCB
4,rsfMRI,Eigenvector_mean,0.11533753096945179,0.1157011130433166,-0.00036358207386480434,HCB
4,rsfMRI,Strength_mean,43.46626527584779,43.48308318211097,-0.016817906263177917,HCB
5,FA,Betweenness_mean,0.0044444444444444444,0.00857906182044113,-0.004134617375996686,HCB
5,FA,Closeness_mean,0.8699029981568749,0.8681283230754213,0.0017746750814535694,HCB
5,FA,Degree_mean,63.77777777777778,63.58620689655172,0.19157088122605614,HCB
5,FA,Eigenvector_mean,0.14649162146919545,0.1451045653896246,0.0013870560795708475,HCB
5,FA,Strength_mean,43.258576786211314,43.221783638626356,0.036793147584958774,HCB
5,GM,Betweenness_mean,0.057693693693693704,0.023162472817645233,0.03453122087604847,HCB
5,GM,Closeness_mean,0.9545289238746613,0.9565065796178052,-0.0019776557431439024,HCB
5,GM,Degree_mean,71.4,71.54482758620689,-0.14482758620688685,HCB
5,GM,Eigenvector_mean,0.12627847421013724,0.12350339652136803,0.002775077688769209,HCB
5,GM,Strength_mean,52.045793653870604,50.94369928597783,1.102094367892775,HCB
5,rsfMRI,Betweenness_mean,0.020380380380380383,0.009061199130164649,0.011319181250215735,HCB
5,rsfMRI,Closeness_mean,0.9924522652011556,0.9945021960104067,-0.002049930809251088,HCB
5,rsfMRI,Degree_mean,74.38888888888889,74.55862068965517,-0.1697318007662858,HCB
5,rsfMRI,Eigenvector_mean,0.11489109019693676,0.11964673539482154,-0.004755645197884781,HCB
5,rsfMRI,Strength_mean,43.25750852788073,44.69873095333999,-1.4412224254592587,HCB
6,FA,Betweenness_mean,0.015175175175175174,0.025250077663870767,-0.010074902488695593,HCB
6,FA,Closeness_mean,0.7631843116284417,0.7629004884412909,0.00028382318715081123,HCB
6,FA,Degree_mean,51.72222222222222,51.675862068965515,0.04636015325670684,HCB
6,FA,Eigenvector_mean,0.11069440115341389,0.11075956187137304,-6.516071795914513e-05,HCB
6,FA,Strength_mean,32.172203475908915,32.315157551857276,-0.14295407594836007,HCB
6,GM,Betweenness_mean,0.004468468468468469,0.005701149425287356,-0.001232680956818887,HCB
6,GM,Closeness_mean,1.0,0.993931879940747,0.006068120059252946,HCB
6,GM,Degree_mean,75.0,74.48275862068965,0.5172413793103487,HCB
6,GM,Eigenvector_mean,0.13028467286763115,0.1298411592175284,0.0004435136501027559,HCB
6,GM,Strength_mean,56.466763511344496,56.38371232773352,0.08305118361097641,HCB
6,rsfMRI,Betweenness_mean,0.005185185185185185,0.010465361913637776,-0.005280176728452591,HCB
6,rsfMRI,Closeness_mean,0.9985380116959064,0.993762691000591,0.004775320695315388,HCB
6,rsfMRI,Degree_mean,74.88888888888889,74.49655172413793,0.3923371647509555,HCB
6,rsfMRI,Eigenvector_mean,0.11373822538538415,0.11487607066351525,-0.0011378452781311,HCB
6,rsfMRI,Strength_mean,42.95841298993353,43.140777897081115,-0.18236490714758702,HCB
7,FA,Betweenness_mean,0.033913913913913914,0.03144827586206896,0.002465638051844951,HCB
7,FA,Closeness_mean,0.7937301460337775,0.7952767337455013,-0.0015465877117238902,HCB
7,FA,Degree_mean,55.5,55.675862068965515,-0.1758620689655146,HCB
7,FA,Eigenvector_mean,0.1301267968973012,0.12905139051930947,0.0010754063779917222,HCB
7,FA,Strength_mean,37.813671107716,37.761821578004444,0.051849529711553544,HCB
7,GM,Betweenness_mean,0.01254054054054054,0.015527803665734701,-0.002987263125194161,HCB
7,GM,Closeness_mean,0.9493670886075949,0.943927304020717,0.005439784586877883,HCB
7,GM,Degree_mean,71.0,70.51034482758621,0.48965517241379075,HCB
7,GM,Eigenvector_mean,0.13465023359389394,0.13187799604335096,0.002772237550542983,HCB
7,GM,Strength_mean,55.84522385115705,55.15748467369893,0.6877391774581199,HCB
7,rsfMRI,Betweenness_mean,0.01187187187187187,0.013323392357875115,-0.0014515204860032441,HCB
7,rsfMRI,Closeness_mean,0.9963830029619503,0.993891313405995,0.0024916895559552454,HCB
7,rsfMRI,Degree_mean,74.72222222222223,74.51724137931035,0.2049808429118798,HCB
7,rsfMRI,Eigenvector_mean,0.10831606754656603,0.11126854499518267,-0.002952477448616639,HCB
7,rsfMRI,Strength_mean,40.779540658068775,41.90062322949074,-1.1210825714219652,HCB
8,FA,Betweenness_mean,0.00904904904904905,0.01663870767319043,-0.00758965862414138,HCB
8,FA,Closeness_mean,0.7644471930186216,0.762703603896673,0.0017435891219486077,HCB
8,FA,Degree_mean,51.888888888888886,51.6551724137931,0.23371647509578253,HCB
8,FA,Eigenvector_mean,0.116754700060815,0.11565727974426805,0.0010974203165469432,HCB
8,FA,Strength_mean,34.38829600054302,34.2799126702129,0.10838333033012049,HCB
8,GM,Betweenness_mean,0.011567567567567567,0.014349798073936005,-0.0027822305063684386,HCB
8,GM,Closeness_mean,0.9481803797468353,0.9438706415948697,0.00430973815196567,HCB
8,GM,Degree_mean,70.9,70.51724137931035,0.38275862068965694,HCB
8,GM,Eigenvector_mean,0.12929291522134004,0.12847338945664927,0.0008195257646907705,HCB
8,GM,Strength_mean,53.40430530217915,53.11057604050103,0.2937292616781164,HCB
8,rsfMRI,Betweenness_mean,0.010470470470470469,0.01240385212799006,-0.0019333816575195905,HCB
8,rsfMRI,Closeness_mean,0.9971322537112012,0.9938836193258623,0.0032486343853388444,HCB
8,rsfMRI,Degree_mean,74.77777777777777,74.51034482758621,0.2674329501915622,HCB
8,rsfMRI,Eigenvector_mean,0.11849705710284558,0.11974440217292216,-0.0012473450700765804,HCB
8,rsfMRI,Strength_mean,44.62190496466115,44.53411549872955,0.08778946593159986,HCB
9,FA,Betweenness_mean,0.057977977977977976,0.03670705187946567,0.021270926098512305,HCB
9,FA,Closeness_mean,0.7631843116284417,0.762931412202994,0.0002528994254477057,HCB
9,FA,Degree_mean,51.72222222222222,51.675862068965515,0.04636015325670684,HCB
9,FA,Eigenvector_mean,0.11061382807852414,0.11181097944150957,-0.001197151362985427,HCB
9,FA,Strength_mean,32.62605154494106,33.02142977934912,-0.39537823440805653,HCB
9,GM,Betweenness_mean,0.0016216216216216213,0.016109350730040387,-0.014487729108418767,HCB
9,GM,Closeness_mean,0.9986842105263157,0.9936347291766777,0.0050494813496380075,HCB
9,GM,Degree_mean,74.9,74.48965517241379,0.41034482758621493,HCB
9,GM,Eigenvector_mean,0.131787454586269,0.13144539292061883,0.0003420616656501785,HCB
9,GM,Strength_mean,56.15647473481653,56.26467032076792,-0.10819558595139256,HCB
9,rsfMRI,Betweenness_mean,0.013333333333333332,0.01045542093817956,0.0028779123951537724,HCB
9,rsfMRI,Closeness_mean,0.9945264584224789,0.9942280133272493,0.0002984450952295825,HCB
9,rsfMRI,Degree_mean,74.55555555555556,74.53793103448275,0.0176245210728041,HCB
9,rsfMRI,Eigenvector_mean,0.11311974873343014,0.11631976731428731,-0.003200018580857167,HCB
9,rsfMRI,Strength_mean,42.63179556652264,43.5685058071805,-0.9367102406578596,HCB
10,FA,Betweenness_mean,0.015695695695695695,0.019233302267785028,-0.003537606572089333,HCB
10,FA,Closeness_mean,0.7002134533287181,0.6991565022916466,0.0010569510370714852,HCB
10,FA,Degree_mean,42.888888888888886,42.717241379310344,0.17164750957854125,HCB
10,FA,Eigenvector_mean,0.09091354997240464,0.0891130907557892,0.0018004592166154382,HCB
10,FA,Strength_mean,26.865990877657204,26.661234268460333,0.20475660919687044,HCB
10,GM,Betweenness_mean,0.005153153153153153,0.021298539919229573,-0.01614538676607642,HCB
10,GM,Closeness_mean,0.934056007226739,0.9324611133780664,0.0015948938486726183,HCB
10,GM,Degree_mean,69.7,69.53793103448275,0.1620689655172498,HCB
10,GM,Eigenvector_mean,0.12579560009479077,0.12452739467547157,0.0012682054193191988,HCB
10,GM,Strength_mean,51.47795750670942,51.24486186230979,0.23309564439963282,HCB
10,rsfMRI,Betweenness_mean,0.028688688688688693,0.0218452935694315,0.006843395119257193,HCB
10,rsfMRI,Closeness_mean,0.996345029239766,0.9939654982707928,0.0023795309689731425,HCB
10,rsfMRI,Degree_mean,74.72222222222223,74.51724137931035,0.2049808429118798,HCB
10,rsfMRI,Eigenvector_mean,0.11211357789916049,0.11201249784988451,0.00010108004927597558,HCB
10,rsfMRI,Strength_mean,41.997070391795944,41.89935538691864,0.09771500487730123,HCB
11,FA,Betweenness_mean,0.03519519519519519,0.017086051568810188,0.018109143626385004,HCB
11,FA,Closeness_mean,0.711706383551632,0.7125931592416634,-0.0008867756900314827,HCB
11,FA,Degree_mean,44.611111111111114,44.737931034482756,-0.1268199233716416,HCB
11,FA,Eigenvector_mean,0.09662434545973343,0.09871864761949624,-0.0020943021597628064,HCB
11,FA,Strength_mean,28.31686863585071,28.78974097670327,-0.472872340852561,HCB
11,GM,Betweenness_mean,0.01347747747747748,0.022921404162783474,-0.009443926685305994,HCB
11,GM,Closeness_mean,0.9259259259259259,0.9210864041614557,0.004839521764470223,HCB
11,GM,Degree_mean,69.0,68.52413793103449,0.47586206896551175,HCB
11,GM,Eigenvector_mean,0.12619813265102037,0.12715186752809943,-0.0009537348770790599,HCB
11,GM,Strength_mean,51.621707572401455,52.415159885162296,-0.7934523127608415,HCB
11,rsfMRI,Betweenness_mean,0.02234234234234235,0.013559490525007765,0.008782851817334585,HCB
11,rsfMRI,Closeness_mean,0.9992690058479532,0.9940290785105157,0.0052399273374375,HCB
11,rsfMRI,Degree_mean,74.94444444444444,74.48965517241379,0.4547892720306521,HCB
11,rsfMRI,Eigenvector_mean,0.11360591445703062,0.11431730892037524,-0.0007113944633446168,HCB
11,rsfMRI,Strength_mean,42.43299435749029,42.94136551833043,-0.5083711608401416,HCB
12,FA,Betweenness_mean,0.07721721721721722,0.032969245107176144,0.04424797211004108,HCB
12,FA,Closeness_mean,0.8598920236851271,0.8582588306625853,0.0016331930225417235,HCB
12,FA,Degree_mean,62.77777777777778,62.59310344827586,0.18467432950191665,HCB
12,FA,Eigenvector_mean,0.1338867639045576,0.13394092280066044,-5.415889610285718e-05,HCB
12,FA,Strength_mean,39.27188533356584,39.55803876481073,-0.286153431244891,HCB
12,GM,Betweenness_mean,0.04958558558558558,0.010388319353836595,0.03919726623174899,HCB
12,GM,Closeness_mean,0.9986842105263157,0.9937401166018954,0.004944093924420301,HCB
12,GM,Degree_mean,74.9,74.48965517241379,0.41034482758621493,HCB
12,GM,Eigenvector_mean,0.12729826393037663,0.1270582974477989,0.0002399664825777359,HCB
12,GM,Strength_mean,54.29268262784982,54.2861623850021,0.006520242847720681,HCB
12,rsfMRI,Betweenness_mean,0.014934934934934934,0.010860515688101894,0.004074419246833039,HCB
12,rsfMRI,Closeness_mean,0.9964012595591544,0.9938883007389201,0.002512958820234279,HCB
12,rsfMRI,Degree_mean,74.72222222222223,74.51724137931035,0.2049808429118798,HCB
12,rsfMRI,Eigenvector_mean,0.1111805598172294,0.1168566914047968,-0.005676131587567412,HCB
12,rsfMRI,Strength_mean,42.18992111642061,43.68350597048678,-1.493584854066171,HCB
13,FA,Betweenness_mean,0.11813813813813814,0.051954022988505745,0.0661841151496324,HCB
13,FA,Closeness_mean,0.622436057716491,0.6242654562905844,-0.001829398574093366,HCB
13,FA,Degree_mean,29.5,29.855172413793102,-0.3551724137931025,HCB
13,FA,Eigenvector_mean,0.06044433920357725,0.059969387759010895,0.0004749514445663572,HCB
13,FA,Strength_mean,17.28340123000395,17.467130043401006,-0.1837288133970567,HCB
13,GM,Betweenness_mean,0.006666666666666668,0.016792792792792794,-0.010126126126126126,HCB
13,GM,Closeness_mean,0.9568480300187618,0.9560849816728566,0.0007630483459052373,HCB
13,GM,Degree_mean,71.6,71.53103448275863,0.06896551724136657,HCB
13,GM,Eigenvector_mean,0.12794387749799283,0.12915905349578452,-0.0012151759977916954,HCB
13,GM,Strength_mean,53.406465846115154,53.80560835809547,-0.39914251198031536,HCB
13,rsfMRI,Betweenness_mean,0.015875875875875873,0.033282385834109966,-0.017406509958234093,HCB
13,rsfMRI,Closeness_mean,0.9971322537112012,0.9940113930062523,0.00312086070494888,HCB
13,rsfMRI,Degree_mean,74.77777777777777,74.51034482758621,0.2674329501915622,HCB
13,rsfMRI,Eigenvector_mean,0.10619629880505253,0.10183751928076325,0.004358779524289286,HCB
13,rsfMRI,Strength_mean,39.646627352538566,38.56626501846375,1.0803623340748132,HCB
14,FA,Betweenness_mean,0.024644644644644647,0.020192606399502953,0.004452038245141694,HCB
14,FA,Closeness_mean,0.7124208938262897,0.712470684429107,-4.9790602817290086e-05,HCB
14,FA,Degree_mean,44.72222222222222,44.724137931034484,-0.001915708812262551,HCB
14,FA,Eigenvector_mean,0.11251404419950488,0.11098687072622211,0.0015271734732827669,HCB
14,FA,Strength_mean,30.068830559524095,29.72448385720326,0.3443467023208342,HCB
14,GM,Betweenness_mean,0.10893693693693696,0.044316868592730665,0.06462006834420629,HCB
14,GM,Closeness_mean,0.7553180318031802,0.7555565901417728,-0.00023855833859254272,HCB
14,GM,Degree_mean,50.7,50.66896551724138,0.03103448275862064,HCB
14,GM,Eigenvector_mean,0.07951266131253072,0.0745413409359303,0.004971320376600419,HCB
14,GM,Strength_mean,31.559712404271675,29.59294659866487,1.966765805606805,HCB
14,rsfMRI,Betweenness_mean,0.009849849849849851,0.008042249145697422,0.0018076007041524286,HCB
14,rsfMRI,Closeness_mean,0.9992690058479532,0.9937751789387107,0.005493826909242494,HCB
14,rsfMRI,Degree_mean,74.94444444444444,74.48965517241379,0.4547892720306521,HCB
14,rsfMRI,Eigenvector_mean,0.12086715704377851,0.11914011443059881,0.0017270426131796995,HCB
14,rsfMRI,Strength_mean,45.04235358229848,44.61985547445593,0.42249810784255004,HCB
15,FA,Betweenness_mean,0.005405405405405406,0.010122398260329296,-0.00471699285492389,HCB
15,FA,Closeness_mean,0.7266068613155992,0.7261627535140126,0.0004441078015865463,HCB
15,FA,Degree_mean,46.77777777777778,46.703448275862065,0.07432950191571308,HCB
15,FA,Eigenvector_mean,0.11323974358980614,0.11432738206026388,-0.001087638470457744,HCB
15,FA,Strength_mean,31.356448507361772,31.631819553173347,-0.2753710458115748,HCB
15,GM,Betweenness_mean,0.0031711711711711714,0.02581174277726002,-0.022640571606088847,HCB
15,GM,Closeness_mean,0.8152173913043479,0.8122855274183705,0.002931863885977437,HCB
15,GM,Degree_mean,58.0,57.6,0.3999999999999986,HCB
15,GM,Eigenvector_mean,0.09674376336364193,0.1001319167142582,-0.003388153350616263,HCB
15,GM,Strength_mean,38.24744924511757,39.7853028715941,-1.537853626476526,HCB
15,rsfMRI,Betweenness_mean,0.003043043043043043,0.012823858341099722,-0.009780815298056678,HCB
15,rsfMRI,Closeness_mean,0.9970760233918128,0.9939303288959648,0.003145694495848006,HCB
15,rsfMRI,Degree_mean,74.77777777777777,74.51034482758621,0.2674329501915622,HCB
15,rsfMRI,Eigenvector_mean,0.11595527940398302,0.11499829164044095,0.0009569877635420693,HCB
15,rsfMRI,Strength_mean,43.747323380792736,43.20704958664995,0.5402737941427844,HCB
16,FA,Betweenness_mean,0.013393393393393392,0.016546753650201924,-0.003153360256808532,HCB
16,FA,Closeness_mean,0.6515492253873063,0.6509399493238451,0.0006092760634611727,HCB
16,FA,Degree_mean,34.888888888888886,34.772413793103446,0.11647509578543946,HCB
16,FA,Eigenvector_mean,0.07903908296346718,0.0807008337867223,-0.0016617508232551204,HCB
16,FA,Strength_mean,22.663473384218765,22.960375027821474,-0.296901643602709,HCB
16,GM,Betweenness_mean,0.023567567567567563,0.0388443616029823,-0.015276794035414733,HCB
16,GM,Closeness_mean,0.9481803797468353,0.9440878874681201,0.004092492278715221,HCB
16,GM,Degree_mean,70.9,70.51724137931035,0.38275862068965694,HCB
16,GM,Eigenvector_mean,0.11806869456031692,0.12491679900328403,-0.006848104442967115,HCB
16,GM,Strength_mean,49.77117437392407,52.22494481237598,-2.4537704384519117,HCB
16,rsfMRI,Betweenness_mean,0.02056056056056056,0.008797763280521901,0.011762797280038657,HCB
16,rsfMRI,Closeness_mean,0.9952574525745257,0.9941935253939017,0.0010639271806239803,HCB
16,rsfMRI,Degree_mean,74.61111111111111,74.53103448275863,0.08007662835248652,HCB
16,rsfMRI,Eigenvector_mean,0.11535811492949558,0.11619857664841174,-0.0008404617189161634,HCB
16,rsfMRI,Strength_mean,43.61177198078629,43.45850368338239,0.1532682974038977,HCB
17,FA,Betweenness_mean,0.025345345345345344,0.014889095992544267,0.010456249352801077,HCB
17,FA,Closeness_mean,0.734500920109144,0.7331368444302844,0.0013640756788596553,HCB
17,FA,Degree_mean,47.888888888888886,47.682758620689654,0.20613026819923164,HCB
17,FA,Eigenvector_mean,0.11105292394881824,0.1119544109564903,-0.0009014870076720499,HCB
17,FA,Strength_mean,31.528755215987037,31.9311508358757,-0.4023956198886651,HCB
17,GM,Betweenness_mean,0.0006486486486486487,0.016805219012115565,-0.016156570363466915,HCB
17,GM,Closeness_mean,0.8803009575923392,0.8781380809064168,0.0021628766859224102,HCB
17,GM,Degree_mean,64.8,64.56551724137931,0.23448275862068613,HCB
17,GM,Eigenvector_mean,0.11470700260208892,0.11872027968684826,-0.004013277084759334,HCB
17,GM,Strength_mean,46.487373899574514,48.07023012768699,-1.582856228112476,HCB
17,rsfMRI,Betweenness_mean,0.013793793793793791,0.014700217458838148,-0.0009064236650443563,HCB
17,rsfMRI,Closeness_mean,0.9937480215257993,0.9942542557633615,-0.0005062342375621309,HCB
17,rsfMRI,Degree_mean,74.5,74.54482758620689,-0.044827586206892533,HCB
17,rsfMRI,Eigenvector_mean,0.11529601354670065,0.11553602598740433,-0.00024001244070367966,HCB
17,rsfMRI,Strength_mean,43.36538753315208,43.26593724099959,0.0994502921524898,HCB
18,FA,Betweenness_mean,0.005885885885885885,0.01624603914259087,-0.010360153256704984,HCB
18,FA,Closeness_mean,0.6693136325326591,0.6681944563984561,0.0011191761342029816,HCB
18,FA,Degree_mean,37.94444444444444,37.744827586206895,0.1996168582375475,HCB
18,FA,Eigenvector_mean,0.08366053893137188,0.08214763572729854,0.0015129032040733376,HCB
18,FA,Strength_mean,24.651743558240966,24.46243044065322,0.18931311758774783,HCB
18,GM,Betweenness_mean,0.03513513513513513,0.05317676296986642,-0.01804162783473129,HCB
18,GM,Closeness_mean,0.7411323656637508,0.7403176951582618,0.0008146705054890013,HCB
18,GM,Degree_mean,48.8,48.675862068965515,0.12413793103448256,HCB
18,GM,Eigenvector_mean,0.08235887574579034,0.08260022899835467,-0.00024135325256433027,HCB
18,GM,Strength_mean,32.07928719669668,32.22792442614432,-0.1486372294476368,HCB
18,rsfMRI,Betweenness_mean,0.004564564564564565,0.013619136377757067,-0.009054571813192502,HCB
18,rsfMRI,Closeness_mean,0.9958847736625516,0.9943049178225728,0.001579855839978772,HCB
18,rsfMRI,Degree_mean,74.66666666666667,74.52413793103449,0.14252873563218316,HCB
18,rsfMRI,Eigenvector_mean,0.11324401847279421,0.11558161080337848,-0.0023375923305842677,HCB
18,rsfMRI,Strength_mean,42.4400598572032,43.1468669241944,-0.7068070669911961,HCB
19,FA,Betweenness_mean,0.02102102102102102,0.027792482137309723,-0.006771461116288704,HCB
19,FA,Closeness_mean,0.7786189862542955,0.7787308607317636,-0.00011187447746807688,HCB
19,FA,Degree_mean,53.666666666666664,53.66896551724138,-0.0022988505747179033,HCB
19,FA,Eigenvector_mean,0.12422633075676402,0.12359048565410588,0.0006358451026581419,HCB
19,FA,Strength_mean,34.75267874786009,34.66804531340542,0.0846334344546662,HCB
19,GM,Betweenness_mean,0.026594594594594595,0.04582044113078596,-0.019225846536191367,HCB
19,GM,Closeness_mean,0.6756756756756757,0.6741177230482318,0.0015579526274438482,HCB
19,GM,Degree_mean,39.0,38.73103448275862,0.2689655172413765,HCB
19,GM,Eigenvector_mean,0.05709888568519027,0.0599419332584794,-0.0028430475732891328,HCB
19,GM,Strength_mean,22.391320246169855,23.37256155029119,-0.9812413041213368,HCB
19,rsfMRI,Betweenness_mean,0.00830830830830831,0.008984156570363467,-0.0006758482620551568,HCB
19,rsfMRI,Closeness_mean,0.9978070175438596,0.9939065405475607,0.0039004769962989183,HCB
19,rsfMRI,Degree_mean,74.83333333333333,74.50344827586207,0.32988505747125885,HCB
19,rsfMRI,Eigenvector_mean,0.1241113789304526,0.12221635332378743,0.001895025606665171,HCB
19,rsfMRI,Strength_mean,46.231277719064515,45.67530885258798,0.5559688664765332,HCB
20,FA,Betweenness_mean,0.020440440440440442,0.026808325566946255,-0.006367885126505813,HCB
20,FA,Closeness_mean,0.7417653530058889,0.7403069827579299,0.0014583702479589178,HCB
20,FA,Degree_mean,48.888888888888886,48.675862068965515,0.21302681992337114,HCB
20,FA,Eigenvector_mean,0.1168269528462807,0.11587444373625534,0.0009525091100253541,HCB
20,FA,Strength_mean,31.540259206324215,31.413992261382017,0.12626694494219848,HCB
20,GM,Betweenness_mean,0.013729729729729731,0.013954644299471883,-0.00022491456974215243,HCB
20,GM,Closeness_mean,0.9124302086394358,0.9099257119494307,0.002504496690005076,HCB
20,GM,Degree_mean,67.8,67.54482758620689,0.2551724137931046,HCB
20,GM,Eigenvector_mean,0.11771295141906195,0.11664664875017164,0.0010663026688903093,HCB
20,GM,Strength_mean,48.014952277468694,47.800572004283104,0.21438027318558994,HCB
20,rsfMRI,Betweenness_mean,0.013733733733733733,0.015050636843740292,-0.001316903110006559,HCB
20,rsfMRI,Closeness_mean,0.9936227880306827,0.9943056790643601,-0.0006828910336773575,HCB
20,rsfMRI,Degree_mean,74.5,74.54482758620689,-0.044827586206892533,HCB
20,rsfMRI,Eigenvector_mean,0.11511598345181323,0.1174801526912374,-0.0023641692394241742,HCB
20,rsfMRI,Strength_mean,43.33582070663491,44.08247426688648,-0.7466535602515663,HCB
21,FA,Betweenness_mean,0.054034034034034034,0.021890027958993478,0.03214400607504056,HCB
21,FA,Closeness_mean,0.7714514526002008,0.7707001532495075,0.0007512993506932908,HCB
21,FA,Degree_mean,52.77777777777778,52.66206896551724,0.11570881226053586,HCB
21,FA,Eigenvector_mean,0.12058113791688513,0.11996283424558933,0.0006183036712957973,HCB
21,FA,Strength_mean,33.67629788442298,33.60291028679818,0.07338759762480151,HCB
21,GM,Betweenness_mean,0.02237837837837838,0.02607269338303821,-0.003694315004659828,HCB
21,GM,Closeness_mean,0.7653061224489796,0.762916099505175,0.002390022943804526,HCB
21,GM,Degree_mean,52.0,51.641379310344824,0.3586206896551758,HCB
21,GM,Eigenvector_mean,0.07901354262525898,0.08065313410015615,-0.001639591474897173,HCB
21,GM,Strength_mean,30.9984899593288,31.772202194912218,-0.7737122355834174,HCB
21,rsfMRI,Betweenness_mean,0.006526526526526528,0.008949363156259708,-0.002422836629733181,HCB
21,rsfMRI,Closeness_mean,0.9970760233918128,0.9939402904158281,0.003135732975984684,HCB
21,rsfMRI,Degree_mean,74.77777777777777,74.51034482758621,0.2674329501915622,HCB
21,rsfMRI,Eigenvector_mean,0.1250321832814228,0.12202287227659407,0.0030093110048287214,HCB
21,rsfMRI,Strength_mean,46.50063457155315,45.62150880701963,0.8791257645335193,HCB
22,FA,Betweenness_mean,0.0019019019019019018,0.00677228953091022,-0.004870387629008318,HCB
22,FA,Closeness_mean,0.8905228758169935,0.8886836195642933,0.0018392562527002054,HCB
22,FA,Degree_mean,65.77777777777777,65.57241379310345,0.20536398467432093,HCB
22,FA,Eigenvector_mean,0.14635768688353454,0.14152932748385652,0.004828359399678017,HCB
22,FA,Strength_mean,43.987927811832684,42.946916819068726,1.0410109927639581,HCB
22,GM,Betweenness_mean,0.00745945945945946,0.038267785026405716,-0.03080832556694626,HCB
22,GM,Closeness_mean,0.86108934169279,0.8583567133787197,0.0027326283140702845,HCB
22,GM,Degree_mean,62.9,62.57241379310345,0.32758620689654805,HCB
22,GM,Eigenvector_mean,0.10279045971485523,0.10769540476698838,-0.004904945052133153,HCB
22,GM,Strength_mean,41.35596867590107,43.13686022238667,-1.7808915464856057,HCB
22,rsfMRI,Betweenness_mean,0.005005005005005005,0.011675675675675675,-0.00667067067067067,HCB
22,rsfMRI,Closeness_mean,0.9956892522681997,0.9940491631873601,0.0016400890808395685,HCB
22,rsfMRI,Degree_mean,74.66666666666667,74.52413793103449,0.14252873563218316,HCB
22,rsfMRI,Eigenvector_mean,0.1151863298154122,0.11660188049693067,-0.0014155506815184682,HCB
22,rsfMRI,Strength_mean,43.04824476085689,43.58745019437785,-0.5392054335209622,HCB
23,FA,Betweenness_mean,0.036316316316316315,0.033478720099409755,0.00283759621690656,HCB
23,FA,Closeness_mean,0.7128022548583296,0.7124608914215514,0.0003413634367781526,HCB
23,FA,Degree_mean,44.77777777777778,44.717241379310344,0.06053639846743408,HCB
23,FA,Eigenvector_mean,0.09142887162104112,0.09358886024306812,-0.002159988622027001,HCB
23,FA,Strength_mean,26.48671467685828,26.88470686370523,-0.3979921868469489,HCB
23,GM,Betweenness_mean,0.014378378378378378,0.013102205653929793,0.0012761727244485852,HCB
23,GM,Closeness_mean,0.9272516896855716,0.9329437850095875,-0.005692095324015933,HCB
23,GM,Degree_mean,69.1,69.57931034482759,-0.4793103448275957,HCB
23,GM,Eigenvector_mean,0.1294032333268203,0.12323634862710164,0.0061668846997186555,HCB
23,GM,Strength_mean,53.32086866394093,51.03556372771716,2.285304936223767,HCB
23,rsfMRI,Betweenness_mean,0.011651651651651652,0.013788132960546753,-0.0021364813088951013,HCB
23,rsfMRI,Closeness_mean,0.9992690058479532,0.9937610629406369,0.005507942907316266,HCB
23,rsfMRI,Degree_mean,74.94444444444444,74.48965517241379,0.4547892720306521,HCB
23,rsfMRI,Eigenvector_mean,0.11246152235451652,0.1131141485250485,-0.0006526261705319808,HCB
23,rsfMRI,Strength_mean,42.20708291392769,42.568636180011424,-0.36155326608373173,HCB
24,FA,Betweenness_mean,0.014934934934934937,0.01817707362534949,-0.0032421386904145522,HCB
24,FA,Closeness_mean,0.8045451079081827,0.8034664333707954,0.001078674537387303,HCB
24,FA,Degree_mean,56.77777777777778,56.63448275862069,0.14329501915708676,HCB
24,FA,Eigenvector_mean,0.12039548454705179,0.12082163318930393,-0.00042614864225214155,HCB
24,FA,Strength_mean,34.23677707183829,34.47258997937424,-0.2358129075359514,HCB
24,GM,Betweenness_mean,0.011171171171171172,0.017714818266542403,-0.006543647095371231,HCB
24,GM,Closeness_mean,0.9124302086394358,0.9099380596208242,0.0024921490186116113,HCB
24,GM,Degree_mean,67.8,67.54482758620689,0.2551724137931046,HCB
24,GM,Eigenvector_mean,0.12379001553864637,0.12288221143267375,0.0009078041059726177,HCB
24,GM,Strength_mean,50.416459116459485,49.91391348540575,0.5025456310537351,HCB
24,rsfMRI,Betweenness_mean,0.005225225225225225,0.009893755824790308,-0.004668530599565083,HCB
24,rsfMRI,Closeness_mean,0.9978632478632478,0.9938080233364197,0.00405522452682805,HCB
24,rsfMRI,Degree_mean,74.83333333333333,74.50344827586207,0.32988505747125885,HCB
24,rsfMRI,Eigenvector_mean,0.12067611156973602,0.11886690249134517,0.0018092090783908554,HCB
24,rsfMRI,Strength_mean,45.14481994565988,44.53527559291276,0.6095443527471218,HCB
25,FA,Betweenness_mean,0.024044044044044047,0.019268095681888784,0.004775948362155263,HCB
25,FA,Closeness_mean,0.8236781334607421,0.8208314489348608,0.0028466845258813267,HCB
25,FA,Degree_mean,58.94444444444444,58.6,0.34444444444444144,HCB
25,FA,Eigenvector_mean,0.13137650685003213,0.1296932223266724,0.0016832845233597238,HCB
25,FA,Strength_mean,37.49709222381529,37.2029284449018,0.2941637789134859,HCB
25,GM,Betweenness_mean,0.0073513513513513516,0.0156744330537434,-0.008323081702392049,HCB
25,GM,Closeness_mean,0.9236947791164658,0.920956338913285,0.002738440203180814,HCB
25,GM,Degree_mean,68.8,68.53793103448275,0.2620689655172441,HCB
25,GM,Eigenvector_mean,0.11996350166578593,0.11980113638582804,0.00016236527995788785,HCB
25,GM,Strength_mean,48.900197995869654,48.916551424495246,-0.016353428625592414,HCB
25,rsfMRI,Betweenness_mean,0.025085085085085085,0.009488661074867972,0.015596424010217113,HCB
25,rsfMRI,Closeness_mean,0.9970950102529049,0.9938987614076237,0.0031962488452812465,HCB
25,rsfMRI,Degree_mean,74.77777777777777,74.51034482758621,0.2674329501915622,HCB
25,rsfMRI,Eigenvector_mean,0.11832375542165592,0.11809430706876861,0.0002294483528873098,HCB
25,rsfMRI,Strength_mean,44.3002377450545,44.2123860801219,0.08785166493260022,HCB
26,FA,Betweenness_mean,0.010690690690690691,0.014071450761105934,-0.003380760070415243,HCB
26,FA,Closeness_mean,0.8812260536398466,0.8782097092915554,0.0030163443482912333,HCB
26,FA,Degree_mean,64.88888888888889,64.56551724137931,0.3233716475095747,HCB
26,FA,Eigenvector_mean,0.1484597906894981,0.14515992065930253,0.0032998700301955786,HCB
26,FA,Strength_mean,44.341668874523045,43.69558862221223,0.6460802523108171,HCB
26,GM,Betweenness_mean,0.005693693693693693,0.03384405094749922,-0.028150357253805526,HCB
26,GM,Closeness_mean,0.7575757575757576,0.755012982238563,0.0025627753371946227,HCB
26,GM,Degree_mean,51.0,50.648275862068964,0.3517241379310363,HCB
26,GM,Eigenvector_mean,0.0820405592039943,0.08356127072174108,-0.00152071151774677,HCB
26,GM,Strength_mean,32.03030835737001,32.81909866860752,-0.7887903112375128,HCB
26,rsfMRI,Betweenness_mean,0.01285285285285285,0.012987884436160297,-0.00013503158330744648,HCB
26,rsfMRI,Closeness_mean,0.9950503083414475,0.9941079880422459,0.0009423202992016044,HCB
26,rsfMRI,Degree_mean,74.61111111111111,74.53103448275863,0.08007662835248652,HCB
26,rsfMRI,Eigenvector_mean,0.11999073081199324,0.12042436856772032,-0.00043363775572707874,HCB
26,rsfMRI,Strength_mean,44.8946150183024,44.86529802804925,0.029316990253150266,HCB
27,FA,Betweenness_mean,0.023463463463463466,0.02262317489903697,0.0008402885644264967,HCB
27,FA,Closeness_mean,0.8572548437184238,0.8585286702493746,-0.0012738265309508723,HCB
27,FA,Degree_mean,62.5,62.62758620689655,-0.1275862068965523,HCB
27,FA,Eigenvector_mean,0.13813218826177598,0.1387527768607348,-0.0006205885989588322,HCB
27,FA,Strength_mean,40.36351612441256,40.706065768473216,-0.3425496440606537,HCB
27,GM,Betweenness_mean,0.009873873873873874,0.017247592420006213,-0.007373718546132339,HCB
27,GM,Closeness_mean,0.944678856071261,0.9441363943744681,0.0005424616967929508,HCB
27,GM,Degree_mean,70.6,70.53793103448275,0.06206896551724128,HCB
27,GM,Eigenvector_mean,0.1270057018971441,0.12528156895356657,0.0017241329435775388,HCB
27,GM,Strength_mean,52.33335188192518,51.474103238013164,0.8592486439120179,HCB
27,rsfMRI,Betweenness_mean,0.008488488488488488,0.008914569742155948,-0.00042608125366746033,HCB
27,rsfMRI,Closeness_mean,0.9971322537112012,0.9939142193663564,0.0032180343448448,HCB
27,rsfMRI,Degree_mean,74.77777777777777,74.51034482758621,0.2674329501915622,HCB
27,rsfMRI,Eigenvector_mean,0.11610209465181429,0.11763272907815094,-0.0015306344263366495,HCB
27,rsfMRI,Strength_mean,43.76760193610418,44.02616648160658,-0.25856454550240215,HCB
28,FA,Betweenness_mean,0.018458458458458456,0.024857409133271204,-0.006398950674812748,HCB
28,FA,Closeness_mean,0.7946730507245825,0.7951140914108946,-0.0004410406863121219,HCB
28,FA,Degree_mean,55.611111111111114,55.66206896551724,-0.05095785440612843,HCB
28,FA,Eigenvector_mean,0.12697952146309216,0.1266101997000313,0.0003693217630608703,HCB
28,FA,Strength_mean,35.365266150886924,35.54889218628629,-0.18362603539936373,HCB
28,GM,Betweenness_mean,0.02288288288288288,0.028351662006834418,-0.0054687791239515365,HCB
28,GM,Closeness_mean,0.8408445487097171,0.8391568007999304,0.0016877479097867631,HCB
28,GM,Degree_mean,60.8,60.59310344827586,0.20689655172413524,HCB
28,GM,Eigenvector_mean,0.10145561744821807,0.09971633244600944,0.0017392850022086292,HCB
28,GM,Strength_mean,40.2510885678614,39.80854796432893,0.44254060353247127,HCB
28,rsfMRI,Betweenness_mean,0.01059059059059059,0.014220565392979188,-0.0036299748023885976,HCB
28,rsfMRI,Closeness_mean,0.993914253505249,0.9943403529539894,-0.0004260994487403913,HCB
28,rsfMRI,Degree_mean,74.5,74.54482758620689,-0.044827586206892533,HCB
28,rsfMRI,Eigenvector_mean,0.11534052345576201,0.11758935462995102,-0.0022488311741890032,HCB
28,rsfMRI,Strength_mean,43.758379299539044,44.12016107572914,-0.36178177619009944,HCB
29,FA,Betweenness_mean,0.029749749749749747,0.02257844050947499,0.007171309240274756,HCB
29,FA,Closeness_mean,0.618710275302184,0.6189665699472354,-0.00025629464505139143,HCB
29,FA,Degree_mean,28.77777777777778,28.82758620689655,-0.049808429118773034,HCB
29,FA,Eigenvector_mean,0.07086007126078384,0.07247656458177013,-0.0016164933209862897,HCB
29,FA,Strength_mean,18.28314315962318,18.80908682011261,-0.5259436604894319,HCB
29,GM,Betweenness_mean,0.022882882882882885,0.030568499534016774,-0.007685616651133889,HCB
29,GM,Closeness_mean,0.6048387096774194,0.6040362681072148,0.0008024415702045928,HCB
29,GM,Degree_mean,26.0,25.820689655172412,0.1793103448275879,HCB
29,GM,Eigenvector_mean,0.033177996394962564,0.036960587559837374,-0.00378259116487481,HCB
29,GM,Strength_mean,13.289510685235314,14.28388391056677,-0.9943732253314561,HCB
29,rsfMRI,Betweenness_mean,0.009369369369369369,0.015217148182665424,-0.005847778813296055,HCB
29,rsfMRI,Closeness_mean,1.0,0.9938662788059376,0.006133721194062414,HCB
29,rsfMRI,Degree_mean,75.0,74.48275862068965,0.5172413793103487,HCB
29,rsfMRI,Eigenvector_mean,0.10924461827387437,0.11153948443498651,-0.002294866161112144,HCB
29,rsfMRI,Strength_mean,41.00306554145722,41.95006583929133,-0.9470002978341086,HCB
30,FA,Betweenness_mean,0.0422022022022022,0.03990307548928239,0.002299126712919812,HCB
30,FA,Closeness_mean,0.881782945736434,0.8784232447776018,0.0033597009588322013,HCB
30,FA,Degree_mean,64.94444444444444,64.55862068965517,0.38582375478927133,HCB
30,FA,Eigenvector_mean,0.14645914684135097,0.14755715111707352,-0.0010980042757225417,HCB
30,FA,Strength_mean,42.66296002807143,42.92930669804782,-0.2663466699763859,HCB
30,GM,Betweenness_mean,0.002774774774774775,0.011541472506989748,-0.008766697732214973,HCB
30,GM,Closeness_mean,0.8143408134642355,0.8118782329927868,0.00246258047144865,HCB
30,GM,Degree_mean,57.9,57.60689655172414,0.29310344827585766,HCB
30,GM,Eigenvector_mean,0.1030972789257435,0.10760255361705255,-0.004505274691309055,HCB
30,GM,Strength_mean,40.42248026200891,42.475641807915835,-2.0531615459069243,HCB
30,rsfMRI,Betweenness_mean,0.012932932932932933,0.01584591488039764,-0.002912981947464706,HCB
30,rsfMRI,Closeness_mean,0.9978260044049517,0.9938554888842932,0.003970515520658524,HCB
30,rsfMRI,Degree_mean,74.83333333333333,74.50344827586207,0.32988505747125885,HCB
30,rsfMRI,Eigenvector_mean,0.11464987207281942,0.11443495741812024,0.00021491465469918036,HCB
30,rsfMRI,Strength_mean,43.10536439754833,43.05663765956166,0.04872673798666938,HCB
31,FA,Betweenness_mean,0.029769769769769767,0.03132649891270581,-0.0015567291429360412,HCB
31,FA,Closeness_mean,0.9678518123929517,0.9689002551537926,-0.0010484427608409286,HCB
31,FA,Degree_mean,72.5,72.55862068965517,-0.05862068965517153,HCB
31,FA,Eigenvector_mean,0.14811506119655704,0.1483099028270688,-0.00019484163051175507,HCB
31,FA,Strength_mean,44.633189301207345,44.657750975149106,-0.02456167394176134,HCB
31,GM,Betweenness_mean,0.014270270270270275,0.0162659210935073,-0.0019956508232370235,HCB
31,GM,Closeness_mean,0.9351851851851851,0.9322422440289819,0.0029429411562031937,HCB
31,GM,Degree_mean,69.8,69.53103448275863,0.2689655172413694,HCB
31,GM,Eigenvector_mean,0.11267979497598865,0.11801637421093071,-0.00533657923494206,HCB
31,GM,Strength_mean,46.918021024804844,49.24423347865756,-2.326212453852719,HCB
31,rsfMRI,Betweenness_mean,0.012532532532532536,0.019611059335197266,-0.00707852680266473,HCB
31,rsfMRI,Closeness_mean,0.9957264957264957,0.9940160368617228,0.0017104588647729457,HCB
31,rsfMRI,Degree_mean,74.66666666666667,74.52413793103449,0.14252873563218316,HCB
31,rsfMRI,Eigenvector_mean,0.10661727203364674,0.10731886682546873,-0.0007015947918219967,HCB
31,rsfMRI,Strength_mean,40.06443511194099,40.880674046901525,-0.8162389349605377,HCB
32,FA,Betweenness_mean,0.06386386386386386,0.05367381174277726,0.010190052121086604,HCB
32,FA,Closeness_mean,0.8207133952225116,0.8210348038736839,-0.00032140865117225026,HCB
32,FA,Degree_mean,58.611111111111114,58.641379310344824,-0.030268199233709936,HCB
32,FA,Eigenvector_mean,0.12076016843649016,0.12214889525217025,-0.0013887268156800858,HCB
32,FA,Strength_mean,34.612751180936606,35.0131617567932,-0.400410575856597,HCB
32,GM,Betweenness_mean,0.021693693693693693,0.015791239515377444,0.005902454178316249,HCB
32,GM,Closeness_mean,0.9960526315789473,0.9938220382975811,0.002230593281366211,HCB
32,GM,Degree_mean,74.7,74.50344827586207,0.1965517241379331,HCB
32,GM,Eigenvector_mean,0.11732126399385863,0.11823746442827625,-0.0009162004344176189,HCB
32,GM,Strength_mean,51.74441546489519,51.950565980915414,-0.20615051602022305,HCB
32,rsfMRI,Betweenness_mean,0.02880880880880881,0.020279589934762348,0.008529218874046462,HCB
32,rsfMRI,Closeness_mean,0.9900097465886939,0.9949177084449908,-0.0049079618562969385,HCB
32,rsfMRI,Degree_mean,74.11111111111111,74.59310344827587,-0.48199233716475476,HCB
32,rsfMRI,Eigenvector_mean,0.10506887763265424,0.10339345123114554,0.001675426401508695,HCB
32,rsfMRI,Strength_mean,39.511407386150246,39.22305074003952,0.28835664611072787,HCB
33,FA,Betweenness_mean,0.03129129129129129,0.023925442684063374,0.007365848607227915,HCB
33,FA,Closeness_mean,0.9203102684752863,0.9215139004603002,-0.001203631985013942,HCB
33,FA,Degree_mean,68.5,68.58620689655173,-0.08620689655172953,HCB
33,FA,Eigenvector_mean,0.13826163069705988,0.13950534354627095,-0.0012437128492110705,HCB
33,FA,Strength_mean,41.012204315058625,41.305156256110806,-0.2929519410521806,HCB
33,GM,Betweenness_mean,0.008756756756756757,0.0127542715128922,-0.003997514756135443,HCB
33,GM,Closeness_mean,0.9855604921394395,0.9806375121259387,0.004922980013500777,HCB
33,GM,Degree_mean,73.9,73.49655172413793,0.40344827586207543,HCB
33,GM,Eigenvector_mean,0.12175279154672743,0.12103178057212899,0.0007210109745984378,HCB
33,GM,Strength_mean,52.622572821769985,52.23148216336146,0.39109065840852253,HCB
33,rsfMRI,Betweenness_mean,0.012312312312312312,0.025215284249767007,-0.012902971937454695,HCB
33,rsfMRI,Closeness_mean,0.9992690058479532,0.9936719719617807,0.005597033886172498,HCB
33,rsfMRI,Degree_mean,74.94444444444444,74.48965517241379,0.4547892720306521,HCB
33,rsfMRI,Eigenvector_mean,0.1063632269345408,0.10455747547691384,0.0018057514576269584,HCB
33,rsfMRI,Strength_mean,40.11959328098306,39.69387658328661,0.42571669769645126,HCB
34,FA,Betweenness_mean,0.025205205205205205,0.031967691829760794,-0.006762486624555589,HCB
34,FA,Closeness_mean,0.8395755305867665,0.8393188644483951,0.0002566661383713864,HCB
34,FA,Degree_mean,60.666666666666664,60.62068965517241,0.045977011494251485,HCB
34,FA,Eigenvector_mean,0.13488682035593813,0.13842482276594123,-0.0035380024100030993,HCB
34,FA,Strength_mean,39.462770755274754,40.41995303999589,-0.9571822847211351,HCB
34,GM,Betweenness_mean,0.004936936936936938,0.008330537433985711,-0.003393600497048773,HCB
34,GM,Closeness_mean,0.9960868079289131,0.9938694327151989,0.0022173752137142344,HCB
34,GM,Degree_mean,74.7,74.50344827586207,0.1965517241379331,HCB
34,GM,Eigenvector_mean,0.12137797780837889,0.12300201193643519,-0.001624034128056298,HCB
34,GM,Strength_mean,53.27062641037573,53.880009122790966,-0.6093827124152327,HCB
34,rsfMRI,Betweenness_mean,0.015995995995995996,0.04441876359117738,-0.02842276759518138,HCB
34,rsfMRI,Closeness_mean,0.9978070175438596,0.9938058727164866,0.0040011448273730155,HCB
34,rsfMRI,Degree_mean,74.83333333333333,74.50344827586207,0.32988505747125885,HCB
34,rsfMRI,Eigenvector_mean,0.10305009147725569,0.09651234295991336,0.006537748517342332,HCB
34,rsfMRI,Strength_mean,38.77670433575246,36.667234089362005,2.109470246390458,HCB
35,FA,Betweenness_mean,0.048968968968968976,0.038538676607642125,0.010430292361326851,HCB
35,FA,Closeness_mean,0.7530039768682751,0.7555328668374982,-0.0025288899692230693,HCB
35,FA,Degree_mean,50.388888888888886,50.724137931034484,-0.33524904214559825,HCB
35,FA,Eigenvector_mean,0.10803718030940428,0.10778627925811271,0.00025090105129156604,HCB
35,FA,Strength_mean,31.30406053138395,31.432468527027776,-0.1284079956438262,HCB
35,GM,Betweenness_mean,0.014702702702702703,0.02000869835352594,-0.005305995650823236,HCB
35,GM,Closeness_mean,0.9986842105263157,0.9936118525122408,0.005072358014074907,HCB
35,GM,Degree_mean,74.9,74.48965517241379,0.41034482758621493,HCB
35,GM,Eigenvector_mean,0.12055015123745645,0.12294126925396466,-0.002391118016508209,HCB
35,GM,Strength_mean,52.37322561197826,53.4227047037954,-1.0494790918171333,HCB
35,rsfMRI,Betweenness_mean,0.04148148148148148,0.02738241689965828,0.014099064581823199,HCB
35,rsfMRI,Closeness_mean,0.9985380116959064,0.9939260716227869,0.0046119400731194915,HCB
35,rsfMRI,Degree_mean,74.88888888888889,74.49655172413793,0.3923371647509555,HCB
35,rsfMRI,Eigenvector_mean,0.10173865082870442,0.10546127766806655,-0.003722626839362128,HCB
35,rsfMRI,Strength_mean,38.08641474810953,39.93176807488733,-1.845353326777797,HCB
36,FA,Betweenness_mean,0.07731731731731732,0.04009443926685306,0.03722287805046426,HCB
36,FA,Closeness_mean,0.6491184139568634,0.6512156551540351,-0.0020972411971716953,HCB
36,FA,Degree_mean,34.44444444444444,34.827586206896555,-0.3831417624521123,HCB
36,FA,Eigenvector_mean,0.07124231259842843,0.0733911310914651,-0.002148818493036664,HCB
36,FA,Strength_mean,20.32731457512874,21.025197018415266,-0.6978824432865274,HCB
36,GM,Betweenness_mean,0.02742342342342342,0.018584653619136374,0.008838769804287046,HCB
36,GM,Closeness_mean,0.9912768031189083,0.9941462990766329,-0.002869495957724566,HCB
36,GM,Degree_mean,74.3,74.53103448275863,-0.2310344827586306,HCB
36,GM,Eigenvector_mean,0.12019003667874298,0.12151435840407414,-0.0013243217253311595,HCB
36,GM,Strength_mean,52.78701803204298,53.18695842408833,-0.3999403920453517,HCB
36,rsfMRI,Betweenness_mean,0.007407407407407408,0.021176762969866418,-0.01376935556245901,HCB
36,rsfMRI,Closeness_mean,0.9978260044049517,0.9939763983985899,0.003849606006361861,HCB
36,rsfMRI,Degree_mean,74.83333333333333,74.50344827586207,0.32988505747125885,HCB
36,rsfMRI,Eigenvector_mean,0.1097252099228822,0.10628486509220811,0.003440344830674097,HCB
36,rsfMRI,Strength_mean,41.08573235617736,40.19355059488101,0.8921817612963494,HCB
37,FA,Betweenness_mean,0.05775775775775776,0.0323802423112768,0.02537751544648096,HCB
37,FA,Closeness_mean,0.6657660531274274,0.6685852379552455,-0.0028191848278180665,HCB
37,FA,Degree_mean,37.333333333333336,37.820689655172416,-0.48735632183907995,HCB
37,FA,Eigenvector_mean,0.07576868659995349,0.07782038582153819,-0.002051699221584699,HCB
37,FA,Strength_mean,22.247900762630124,22.66937855877248,-0.42147779614235503,HCB
37,GM,Betweenness_mean,0.01218018018018018,0.029015222118670397,-0.016835041938490218,HCB
37,GM,Closeness_mean,0.9986842105263157,0.9937058706037433,0.004978339922572461,HCB
37,GM,Degree_mean,74.9,74.48965517241379,0.41034482758621493,HCB
37,GM,Eigenvector_mean,0.1277307093083849,0.12650634405382377,0.0012243652545611272,HCB
37,GM,Strength_mean,55.18034511384546,54.57065807190635,0.6096870419391109,HCB
37,rsfMRI,Betweenness_mean,0.0032632632632632625,0.03577508543025785,-0.03251182216699459,HCB
37,rsfMRI,Closeness_mean,1.0,0.9935128210558622,0.00648717894413775,HCB
37,rsfMRI,Degree_mean,75.0,74.48275862068965,0.5172413793103487,HCB
37,rsfMRI,Eigenvector_mean,0.10985763782349157,0.10305169367129946,0.006805944152192114,HCB
37,rsfMRI,Strength_mean,41.31935738756047,38.89668727830295,2.422670109257524,HCB
38,FA,Betweenness_mean,0.02994994994994994,0.043822305063684376,-0.013872355113734434,HCB
38,FA,Closeness_mean,0.9719447219447219,0.9684643604124382,0.0034803615322837045,HCB
38,FA,Degree_mean,72.83333333333333,72.51724137931035,0.31609195402297985,HCB
38,FA,Eigenvector_mean,0.14357682406569394,0.1436936889987934,-0.00011686493309945312,HCB
38,FA,Strength_mean,43.62621771346474,43.66475259755178,-0.03853488408704209,HCB
38,GM,Betweenness_mean,0.007027027027027027,0.01767008387698043,-0.0106430568499534,HCB
38,GM,Closeness_mean,0.9469936708860759,0.9438297342788844,0.0031639366071914976,HCB
38,GM,Degree_mean,70.8,70.52413793103449,0.2758620689655089,HCB
38,GM,Eigenvector_mean,0.11143204843561746,0.11499509950497448,-0.0035630510693570178,HCB
38,GM,Strength_mean,46.733488654223436,48.271117839812945,-1.537629185589509,HCB
38,rsfMRI,Betweenness_mean,0.03563563563563563,0.03224355389872632,0.0033920817369093165,HCB
38,rsfMRI,Closeness_mean,0.9970950102529049,0.9938710682279305,0.0032239420249744466,HCB
38,rsfMRI,Degree_mean,74.77777777777777,74.51034482758621,0.2674329501915622,HCB
38,rsfMRI,Eigenvector_mean,0.10508941290205565,0.10344591152347415,0.0016435013785814911,HCB
38,rsfMRI,Strength_mean,39.45936808260323,39.26137545728816,0.19799262531506656,HCB
39,FA,Betweenness_mean,0.03011011011011011,0.031100341721031377,-0.000990231610921266,HCB
39,FA,Closeness_mean,0.8207133952225116,0.8210449533249831,-0.0003315581024714298,HCB
39,FA,Degree_mean,58.611111111111114,58.641379310344824,-0.030268199233709936,HCB
39,FA,Eigenvector_mean,0.12059198900142085,0.12004888230307054,0.0005431066983503097,HCB
39,FA,Strength_mean,35.06660109369929,35.024423096455386,0.04217799724390403,HCB
39,GM,Betweenness_mean,0.0013693693693693691,0.008872320596458528,-0.007502951227089159,HCB
39,GM,Closeness_mean,1.0,0.9938002418251095,0.006199758174890491,HCB
39,GM,Degree_mean,75.0,74.48275862068965,0.5172413793103487,HCB
39,GM,Eigenvector_mean,0.12865837608568528,0.12811922348538726,0.0005391526002980207,HCB
39,GM,Strength_mean,56.2211458941166,56.06431353046817,0.15683236364843367,HCB
39,rsfMRI,Betweenness_mean,0.02016016016016016,0.01799565082323703,0.0021645093369231302,HCB
39,rsfMRI,Closeness_mean,0.9957440590351982,0.9941737517958241,0.0015703072393741246,HCB
39,rsfMRI,Degree_mean,74.66666666666667,74.52413793103449,0.14252873563218316,HCB
39,rsfMRI,Eigenvector_mean,0.10852613995336759,0.10696157494392913,0.0015645650094384539,HCB
39,rsfMRI,Strength_mean,41.10526000387083,40.70221907858605,0.40304092528478463,HCB
40,FA,Betweenness_mean,0.029149149149149147,0.031246971109040077,-0.0020978219598909303,HCB
40,FA,Closeness_mean,0.9234166415738232,0.9211253493268338,0.0022912922469894292,HCB
40,FA,Degree_mean,68.77777777777777,68.55172413793103,0.22605363984673943,HCB
40,FA,Eigenvector_mean,0.13832397874242358,0.13910258341359227,-0.0007786046711686923,HCB
40,FA,Strength_mean,41.19785567573476,41.591574669648594,-0.39371899391383636,HCB
40,GM,Betweenness_mean,0.03556756756756757,0.020003727865796832,0.015563839701770738,HCB
40,GM,Closeness_mean,0.9690625829866336,0.968293752831016,0.0007688301556175725,HCB
40,GM,Degree_mean,72.6,72.52413793103449,0.07586206896550607,HCB
40,GM,Eigenvector_mean,0.12304762325222396,0.1220647779758098,0.0009828452764141654,HCB
40,GM,Strength_mean,53.025147892980485,52.414730152048186,0.6104177409322986,HCB
40,rsfMRI,Betweenness_mean,0.007867867867867868,0.03982851817334576,-0.03196065030547789,HCB
40,rsfMRI,Closeness_mean,0.9958847736625516,0.9939993800549407,0.0018853936076108635,HCB
40,rsfMRI,Degree_mean,74.66666666666667,74.52413793103449,0.14252873563218316,HCB
40,rsfMRI,Eigenvector_mean,0.10989551181681059,0.10300976488753098,0.00688574692927961,HCB
40,rsfMRI,Strength_mean,40.93890997326086,39.13616548702505,1.8027444862358095,HCB
41,FA,Betweenness_mean,0.017977977977977976,0.03331469400434918,-0.015336716026371204,HCB
41,FA,Closeness_mean,0.8385690893629341,0.8394070318163903,-0.000837942453456253,HCB
41,FA,Degree_mean,60.55555555555556,60.63448275862069,-0.07892720306513468,HCB
41,FA,Eigenvector_mean,0.1346448180351356,0.1367184555871864,-0.002073637552050811,HCB
41,FA,Strength_mean,39.33655421948325,39.97687642273075,-0.6403222032475,HCB
41,GM,Betweenness_mean,0.04288288288288288,0.02153215284249767,0.02135073004038521,HCB
41,GM,Closeness_mean,0.9986842105263157,0.9936222103893895,0.005062000136926259,HCB
41,GM,Degree_mean,74.9,74.48965517241379,0.41034482758621493,HCB
41,GM,Eigenvector_mean,0.12050961921705565,0.12188577606315407,-0.001376156846098417,HCB
41,GM,Strength_mean,52.4505485829524,53.22302211913535,-0.7724735361829502,HCB
41,rsfMRI,Betweenness_mean,0.040120120120120124,0.05122584653619137,-0.011105726416071243,HCB
41,rsfMRI,Closeness_mean,1.0,0.9934414541287783,0.006558545871221733,HCB
41,rsfMRI,Degree_mean,75.0,74.48275862068965,0.5172413793103487,HCB
41,rsfMRI,Eigenvector_mean,0.10409961841066818,0.09664406703025387,0.007455551380414316,HCB
41,rsfMRI,Strength_mean,38.868377289104835,36.68312949317235,2.185247795932483,HCB
42,FA,Betweenness_mean,0.0871071071071071,0.04488101894998447,0.042226088157122636,HCB
42,FA,Closeness_mean,0.7667002446089338,0.7711917194244146,-0.004491474815480734,HCB
42,FA,Degree_mean,52.166666666666664,52.737931034482756,-0.5712643678160916,HCB
42,FA,Eigenvector_mean,0.11320678954353275,0.11270313536306477,0.00050365418046798,HCB
42,FA,Strength_mean,32.92406095117902,33.03672219970746,-0.11266124852843973,HCB
42,GM,Betweenness_mean,0.007027027027027027,0.017448897173035105,-0.010421870146008077,HCB
42,GM,Closeness_mean,0.9935222672064776,0.993855966866243,-0.0003336996597653741,HCB
42,GM,Degree_mean,74.5,74.51724137931035,-0.017241379310348748,HCB
42,GM,Eigenvector_mean,0.12105880496352324,0.12394094693795576,-0.0028821419744325255,HCB
42,GM,Strength_mean,52.548327854221384,53.63516570709563,-1.0868378528742468,HCB
42,rsfMRI,Betweenness_mean,0.03543543543543543,0.02831935383659522,0.007116081598840213,HCB
42,rsfMRI,Closeness_mean,0.9985569985569985,0.9936594980408074,0.004897500516191089,HCB
42,rsfMRI,Degree_mean,74.88888888888889,74.49655172413793,0.3923371647509555,HCB
42,rsfMRI,Eigenvector_mean,0.1079276493886276,0.1039001748391425,0.004027474549485099,HCB
42,rsfMRI,Strength_mean,40.271201957206195,39.404793700615066,0.8664082565911286,HCB
43,FA,Betweenness_mean,0.054714714714714716,0.02780490835663249,0.026909806358082225,HCB
43,FA,Closeness_mean,0.6335210637927486,0.634681455665373,-0.0011603918726244,HCB
43,FA,Degree_mean,31.61111111111111,31.82758620689655,-0.21647509578544089,HCB
43,FA,Eigenvector_mean,0.06515830588198576,0.06607765954201283,-0.0009193536600270724,HCB
43,FA,Strength_mean,18.584854994631364,18.974953871946372,-0.39009887731500825,HCB
43,GM,Betweenness_mean,0.0037837837837837824,0.02084871077974526,-0.017064926995961478,HCB
43,GM,Closeness_mean,0.9986842105263157,0.9937184184019996,0.004965792124316137,HCB
43,GM,Degree_mean,74.9,74.48965517241379,0.41034482758621493,HCB
43,GM,Eigenvector_mean,0.122428163857874,0.12193453622076235,0.0004936276371116516,HCB
43,GM,Strength_mean,53.793059099971515,53.6994275729612,0.09363152701031652,HCB
43,rsfMRI,Betweenness_mean,0.005905905905905905,0.027444547996272134,-0.02153864209036623,HCB
43,rsfMRI,Closeness_mean,1.0,0.9935270267993854,0.0064729732006145735,HCB
43,rsfMRI,Degree_mean,75.0,74.48275862068965,0.5172413793103487,HCB
43,rsfMRI,Eigenvector_mean,0.10777590110001488,0.10290750206123488,0.0048683990387800025,HCB
43,rsfMRI,Strength_mean,40.306793209731694,38.975025251881156,1.3317679578505377,HCB
44,FA,Betweenness_mean,0.05997997997997998,0.027760173967070517,0.03221980601290947,HCB
44,FA,Closeness_mean,0.6493943154473184,0.6511723575610496,-0.0017780421137312263,HCB
44,FA,Degree_mean,34.5,34.820689655172416,-0.32068965517241566,HCB
44,FA,Eigenvector_mean,0.07116196107945577,0.07236131477547346,-0.0011993536960176882,HCB
44,FA,Strength_mean,20.63624574650223,20.971648044291165,-0.33540229778893504,HCB
44,GM,Betweenness_mean,0.07809009009009009,0.044247281764523146,0.03384280832556694,HCB
44,GM,Closeness_mean,0.9961538461538462,0.9940502550764216,0.002103591077424527,HCB
44,GM,Degree_mean,74.7,74.50344827586207,0.1965517241379331,HCB
44,GM,Eigenvector_mean,0.1315597381342241,0.13015302799042236,0.0014067101438017537,HCB
44,GM,Strength_mean,56.07319102048442,55.622427598192104,0.4507634222923187,HCB
44,rsfMRI,Betweenness_mean,0.02222222222222222,0.01966076421248835,0.002561458009733869,HCB
44,rsfMRI,Closeness_mean,0.9971870604781997,0.9939359186267562,0.0032511418514434842,HCB
44,rsfMRI,Degree_mean,74.77777777777777,74.51034482758621,0.2674329501915622,HCB
44,rsfMRI,Eigenvector_mean,0.10961568537920069,0.10356423645203476,0.006051448927165928,HCB
44,rsfMRI,Strength_mean,41.16411302543955,39.16765378107944,1.9964592443601106,HCB
45,FA,Betweenness_mean,0.025925925925925925,0.017272444858651752,0.008653481067274173,HCB
45,FA,Closeness_mean,0.6937365500056631,0.6927258067522224,0.001010743253440749,HCB
45,FA,Degree_mean,41.888888888888886,41.724137931034484,0.16475095785440175,HCB
45,FA,Eigenvector_mean,0.09942548703966392,0.10176780862459225,-0.0023423215849283363,HCB
45,FA,Strength_mean,27.743188080917037,28.369628224423693,-0.626440143506656,HCB
45,GM,Betweenness_mean,0.08425225225225226,0.05987449518484001,0.02437775706741225,HCB
45,GM,Closeness_mean,0.8681509780777237,0.8681016798839571,4.929819376653377e-05,HCB
45,GM,Degree_mean,63.6,63.58620689655172,0.013793103448278998,HCB
45,GM,Eigenvector_mean,0.11330735741134941,0.10683349396779515,0.006473863443554259,HCB
45,GM,Strength_mean,45.33407120517118,43.318573880150915,2.015497325020263,HCB
45,rsfMRI,Betweenness_mean,0.004204204204204204,0.015112767940354146,-0.010908563736149943,HCB
45,rsfMRI,Closeness_mean,1.0,0.9935142236760355,0.0064857763239645205,HCB
45,rsfMRI,Degree_mean,75.0,74.48275862068965,0.5172413793103487,HCB
45,rsfMRI,Eigenvector_mean,0.11418006695897612,0.11420996410247532,-2.9897143499199585e-05,HCB
45,rsfMRI,Strength_mean,43.100352767773984,42.79243675032333,0.3079160174506512,HCB
46,FA,Betweenness_mean,0.02642642642642643,0.016626281453867662,0.009800144972558766,HCB
46,FA,Closeness_mean,0.7417653530058889,0.7404589447214392,0.0013064082844496117,HCB
46,FA,Degree_mean,48.888888888888886,48.675862068965515,0.21302681992337114,HCB
46,FA,Eigenvector_mean,0.11788722389510446,0.11738498995870779,0.0005022339363966732,HCB
46,FA,Strength_mean,31.929436123782377,31.912543853764497,0.016892270017880406,HCB
46,GM,Betweenness_mean,0.036648648648648655,0.06107983845914881,-0.024431189810500152,HCB
46,GM,Closeness_mean,0.8335762800006303,0.8395262345393418,-0.005949954538711499,HCB
46,GM,Degree_mean,60.0,60.648275862068964,-0.6482758620689637,HCB
46,GM,Eigenvector_mean,0.10492639590596191,0.09786629106651493,0.007060104839446982,HCB
46,GM,Strength_mean,41.3159756520843,38.86565027007453,2.4503253820097655,HCB
46,rsfMRI,Betweenness_mean,0.012992992992992993,0.008206275240758,0.004786717752234994,HCB
46,rsfMRI,Closeness_mean,0.9964012595591544,0.9941111201093051,0.002290139449849238,HCB
46,rsfMRI,Degree_mean,74.72222222222223,74.51724137931035,0.2049808429118798,HCB
46,rsfMRI,Eigenvector_mean,0.12254532593795231,0.1212414485906051,0.0013038773473472154,HCB
46,rsfMRI,Strength_mean,45.39634670677121,45.45937766234585,-0.06303095557463934,HCB
47,FA,Betweenness_mean,0.049089089089089086,0.03915750232991612,0.009931586759172967,HCB
47,FA,Closeness_mean,0.725439945706936,0.7262598642311676,-0.0008199185242315776,HCB
47,FA,Degree_mean,46.611111111111114,46.724137931034484,-0.11302681992336971,HCB
47,FA,Eigenvector_mean,0.10095560664921538,0.09930875980370113,0.0016468468455142493,HCB
47,FA,Strength_mean,29.05357778842843,28.876252459552177,0.17732532887625396,HCB
47,GM,Betweenness_mean,0.015387387387387385,0.020520658589624107,-0.005133271202236722,HCB
47,GM,Closeness_mean,0.625,0.6239663249476499,0.0010336750523500804,HCB
47,GM,Degree_mean,30.0,29.79310344827586,0.2068965517241388,HCB
47,GM,Eigenvector_mean,0.050428857963193144,0.055877601793596784,-0.005448743830403641,HCB
47,GM,Strength_mean,19.528568093975018,21.81892234110876,-2.2903542471337417,HCB
47,rsfMRI,Betweenness_mean,0.013853853853853855,0.010147250698974838,0.003706603154879017,HCB
47,rsfMRI,Closeness_mean,0.9985380116959064,0.9936807467428975,0.004857264953008866,HCB
47,rsfMRI,Degree_mean,74.88888888888889,74.49655172413793,0.3923371647509555,HCB
47,rsfMRI,Eigenvector_mean,0.11653704479525821,0.11832136331682609,-0.0017843185215678792,HCB
47,rsfMRI,Strength_mean,43.79272424518674,44.091974807692154,-0.2992505625054136,HCB
48,FA,Betweenness_mean,0.007587587587587587,0.00590990990990991,0.0016776776776776768,HCB
48,FA,Closeness_mean,0.567232475127212,0.5677446234347997,-0.0005121483075877231,HCB
48,FA,Degree_mean,18.77777777777778,18.896551724137932,-0.11877394636015381,HCB
48,FA,Eigenvector_mean,0.044124106010687864,0.0444609760962659,-0.0003368700855780338,HCB
48,FA,Strength_mean,12.49782352150399,12.607716575334491,-0.10989305383050052,HCB
48,GM,Betweenness_mean,0.010954954954954951,0.02253619136377757,-0.01158123640882262,HCB
48,GM,Closeness_mean,0.9986842105263157,0.9935488150648398,0.0051353954614759,HCB
48,GM,Degree_mean,74.9,74.48965517241379,0.41034482758621493,HCB
48,GM,Eigenvector_mean,0.12410518651340259,0.12432010461201089,-0.00021491809860829658,HCB
48,GM,Strength_mean,54.41298211363615,54.33635994519265,0.07662216844349956,HCB
48,rsfMRI,Betweenness_mean,0.04316316316316317,0.037830382106244176,0.005332781056918992,HCB
48,rsfMRI,Closeness_mean,0.9952574525745257,0.9941710547245569,0.0010863978499687788,HCB
48,rsfMRI,Degree_mean,74.61111111111111,74.53103448275863,0.08007662835248652,HCB
48,rsfMRI,Eigenvector_mean,0.09944089049664749,0.10092540102272982,-0.001484510526082325,HCB
48,rsfMRI,Strength_mean,37.330636404687276,38.29232501198917,-0.9616886073018946,HCB
49,FA,Betweenness_mean,0.07183183183183184,0.03872755514134824,0.033104276690483596,HCB
49,FA,Closeness_mean,0.6736647361647362,0.6743290704849793,-0.000664334320243043,HCB
49,FA,Degree_mean,38.666666666666664,38.772413793103446,-0.10574712643678197,HCB
49,FA,Eigenvector_mean,0.08111139401293463,0.08137581100085618,-0.00026441698792155355,HCB
49,FA,Strength_mean,23.389829685445434,23.727588606541783,-0.33775892109634853,HCB
49,GM,Betweenness_mean,0.0034954954954954957,0.013328362845604225,-0.009832867350108729,HCB
49,GM,Closeness_mean,0.9947368421052631,0.9940347741876816,0.0007020679175815392,HCB
49,GM,Degree_mean,74.6,74.51034482758621,0.08965517241378507,HCB
49,GM,Eigenvector_mean,0.12651558950924485,0.1260201296089392,0.0004954599003056392,HCB
49,GM,Strength_mean,54.68183408211515,54.45155401456176,0.23028006755339447,HCB
49,rsfMRI,Betweenness_mean,0.016936936936936937,0.017332090711401058,-0.0003951537744641201,HCB
49,rsfMRI,Closeness_mean,0.9970950102529049,0.9939512881368877,0.0031437221160172113,HCB
49,rsfMRI,Degree_mean,74.77777777777777,74.51034482758621,0.2674329501915622,HCB
49,rsfMRI,Eigenvector_mean,0.1119861949518403,0.11364619407504743,-0.0016599991232071343,HCB
49,rsfMRI,Strength_mean,42.18743844112332,42.70141365390285,-0.5139752127795276,HCB
50,FA,Betweenness_mean,0.01047047047047047,0.027593662628145384,-0.017123192157674914,HCB
50,FA,Closeness_mean,0.8800860627597737,0.8782810543117375,0.001805008448036216,HCB
50,FA,Degree_mean,64.77777777777777,64.57931034482759,0.19846743295018143,HCB
50,FA,Eigenvector_mean,0.1473568434740834,0.1465466047460028,0.0008102387280805867,HCB
50,FA,Strength_mean,43.82802668987701,43.8846439888174,-0.056617298940395244,HCB
50,GM,Betweenness_mean,0.06868468468468468,0.019603603603603602,0.04908108108108108,HCB
50,GM,Closeness_mean,0.9654099855840362,0.9691041001187861,-0.0036941145347498816,HCB
50,GM,Degree_mean,72.3,72.54482758620689,-0.24482758620689538,HCB
50,GM,Eigenvector_mean,0.13284976981300445,0.12941011835039085,0.003439651462613602,HCB
50,GM,Strength_mean,55.670914275471134,54.181774806542364,1.4891394689287694,HCB
50,rsfMRI,Betweenness_mean,0.010830830830830834,0.013909909909909911,-0.003079079079079077,HCB
50,rsfMRI,Closeness_mean,0.9950657894736842,0.9943113663043748,0.0007544231693094039,HCB
50,rsfMRI,Degree_mean,74.61111111111111,74.53103448275863,0.08007662835248652,HCB
50,rsfMRI,Eigenvector_mean,0.11605436611239514,0.11874098284613499,-0.0026866167337398494,HCB
50,rsfMRI,Strength_mean,43.501279061157746,44.539989962995875,-1.0387109018381295,HCB
51,FA,Betweenness_mean,0.021021021021021023,0.022061509785647717,-0.0010404887646266944,HCB
51,FA,Closeness_mean,0.7559005900590059,0.755241560170602,0.0006590298884039392,HCB
51,FA,Degree_mean,50.77777777777778,50.675862068965515,0.10191570881226397,HCB
51,FA,Eigenvector_mean,0.11312017515895954,0.11300470019706871,0.00011547496189083517,HCB
51,FA,Strength_mean,33.10392810703019,33.381704965309034,-0.27777685827884113,HCB
51,GM,Betweenness_mean,0.0060540540540540535,0.00960546753650202,-0.003551413482447966,HCB
51,GM,Closeness_mean,0.9960868079289131,0.9941306638274717,0.001956144101441404,HCB
51,GM,Degree_mean,74.7,74.50344827586207,0.1965517241379331,HCB
51,GM,Eigenvector_mean,0.11928918986467922,0.12234508470809799,-0.003055894843418769,HCB
51,GM,Strength_mean,51.78878431084026,53.282859173269514,-1.494074862429251,HCB
51,rsfMRI,Betweenness_mean,0.00864864864864865,0.009178005591798696,-0.0005293569431500458,HCB
51,rsfMRI,Closeness_mean,0.9978260044049517,0.9940464344511664,0.0037795699537853666,HCB
51,rsfMRI,Degree_mean,74.83333333333333,74.50344827586207,0.32988505747125885,HCB
51,rsfMRI,Eigenvector_mean,0.117408767925782,0.11818802280555035,-0.0007792548797683485,HCB
51,rsfMRI,Strength_mean,44.19179412151305,44.479321997554266,-0.2875278760412172,HCB
52,FA,Betweenness_mean,0.0942942942942943,0.04787573780677229,0.04641855648752201,HCB
52,FA,Closeness_mean,0.8026784262905031,0.8036609960304533,-0.0009825697399501454,HCB
52,FA,Degree_mean,56.55555555555556,56.66206896551724,-0.10651340996168557,HCB
52,FA,Eigenvector_mean,0.1281766035477451,0.12711352657720665,0.0010630769705384513,HCB
52,FA,Strength_mean,37.30182995179085,37.355632136306376,-0.05380218451552565,HCB
52,GM,Betweenness_mean,0.006522522522522523,0.02485492388940665,-0.018332401366884125,HCB
52,GM,Closeness_mean,0.9727772227772228,0.9681050139217491,0.004672208855473703,HCB
52,GM,Degree_mean,72.9,72.50344827586207,0.39655172413793593,HCB
52,GM,Eigenvector_mean,0.13023679822126583,0.12886162845865257,0.0013751697626132597,HCB
52,GM,Strength_mean,54.71757348956483,54.52525911723281,0.19231437233202087,HCB
52,rsfMRI,Betweenness_mean,0.0076876876876876875,0.008979186082634358,-0.0012914983949466703,HCB
52,rsfMRI,Closeness_mean,0.9985380116959064,0.9936450962412628,0.004892915454643543,HCB
52,rsfMRI,Degree_mean,74.88888888888889,74.49655172413793,0.3923371647509555,HCB
52,rsfMRI,Eigenvector_mean,0.1124873193284246,0.11487287416160938,-0.002385554833184783,HCB
52,rsfMRI,Strength_mean,42.36333890917747,43.210068307616226,-0.8467293984387538,HCB
53,FA,Betweenness_mean,0.02880880880880881,0.021206585896241067,0.007602222912567742,HCB
53,FA,Closeness_mean,0.7567340067340067,0.7550972118590212,0.00163679487498547,HCB
53,FA,Degree_mean,50.888888888888886,50.66206896551724,0.22681992337164303,HCB
53,FA,Eigenvector_mean,0.11302041190540191,0.11116622785368521,0.0018541840517166952,HCB
53,FA,Strength_mean,33.64657227889352,33.410884978053055,0.23568730084046763,HCB
53,GM,Betweenness_mean,0.0034954954954954953,0.007741534638086363,-0.004246039142590868,HCB
53,GM,Closeness_mean,0.9363425925925926,0.9322171388693815,0.004125453723211048,HCB
53,GM,Degree_mean,69.9,69.52413793103449,0.37586206896551744,HCB
53,GM,Eigenvector_mean,0.12857619136169526,0.1296062530950479,-0.0010300617333526274,HCB
53,GM,Strength_mean,52.8059274959226,53.44961245273085,-0.6436849568082437,HCB
53,rsfMRI,Betweenness_mean,0.022882882882882885,0.015356321839080459,0.007526561043802426,HCB
53,rsfMRI,Closeness_mean,0.9956702654071076,0.9939588119912461,0.0017114534158614303,HCB
53,rsfMRI,Degree_mean,74.66666666666667,74.52413793103449,0.14252873563218316,HCB
53,rsfMRI,Eigenvector_mean,0.11710780241963155,0.11854807660014122,-0.001440274180509668,HCB
53,rsfMRI,Strength_mean,44.08538614736948,44.06447168590171,0.020914461467775425,HCB
54,FA,Betweenness_mean,0.034594594594594595,0.02587138863000932,0.008723205964585274,HCB
54,FA,Closeness_mean,0.7409643020270046,0.7404333250800246,0.0005309769469800107,HCB
54,FA,Degree_mean,48.77777777777778,48.689655172413794,0.08812260536398497,HCB
54,FA,Eigenvector_mean,0.10434372493317805,0.10487993864119227,-0.0005362137080142243,HCB
54,FA,Strength_mean,30.686896581557214,30.91649417989491,-0.22959759833769766,HCB
54,GM,Betweenness_mean,0.005585585585585586,0.012766697732214973,-0.007181112146629387,HCB
54,GM,Closeness_mean,1.0,0.9935593803707888,0.006440619629211164,HCB
54,GM,Degree_mean,75.0,74.48275862068965,0.5172413793103487,HCB
54,GM,Eigenvector_mean,0.13395463753639686,0.13277693004103044,0.0011777074953664146,HCB
54,GM,Strength_mean,57.32471339240178,57.329243007250135,-0.004529614848351571,HCB
54,rsfMRI,Betweenness_mean,0.021461461461461464,0.00810686548617583,0.013354595975285634,HCB
54,rsfMRI,Closeness_mean,0.9985569985569985,0.9939563851501723,0.0046006134068262705,HCB
54,rsfMRI,Degree_mean,74.88888888888889,74.49655172413793,0.3923371647509555,HCB
54,rsfMRI,Eigenvector_mean,0.11717020401256785,0.11967998144904117,-0.0025097774364733205,HCB
54,rsfMRI,Strength_mean,43.88126857940934,45.01110457171725,-1.1298359923079104,HCB
55,FA,Betweenness_mean,0.027007007007007006,0.021328362845604226,0.00567864416140278,HCB
55,FA,Closeness_mean,0.6991317641629168,0.6992660778359565,-0.00013431367303973207,HCB
55,FA,Degree_mean,42.72222222222222,42.737931034482756,-0.015708812260534444,HCB
55,FA,Eigenvector_mean,0.09135160987181622,0.08917599174731432,0.002175618124501899,HCB
55,FA,Strength_mean,26.910184937919496,26.667040360321533,0.24314457759796326,HCB
55,GM,Betweenness_mean,0.0006846846846846847,0.015251941596769184,-0.014567256912084499,HCB
55,GM,Closeness_mean,0.9481803797468353,0.9445487529951461,0.0036316267516892653,HCB
55,GM,Degree_mean,70.9,70.51724137931035,0.38275862068965694,HCB
55,GM,Eigenvector_mean,0.1251708411886207,0.12819158706460995,-0.0030207458759892447,HCB
55,GM,Strength_mean,51.76807579240865,52.83174235607093,-1.0636665636622809,HCB
55,rsfMRI,Betweenness_mean,0.01017017017017017,0.017866418142280214,-0.007696247972110043,HCB
55,rsfMRI,Closeness_mean,0.9943537821827295,0.9943537099240798,7.225864973037233e-08,HCB
55,rsfMRI,Degree_mean,74.55555555555556,74.53793103448275,0.0176245210728041,HCB
55,rsfMRI,Eigenvector_mean,0.11551750873859275,0.11425508004654822,0.0012624286920445288,HCB
55,rsfMRI,Strength_mean,43.22750673788185,42.73862272919944,0.4888840086824118,HCB
56,FA,Betweenness_mean,0.07243243243243243,0.04267660764212488,0.02975582479030755,HCB
56,FA,Closeness_mean,0.7177555748685179,0.7194532943934289,-0.0016977195249109345,HCB
56,FA,Degree_mean,45.5,45.744827586206895,-0.24482758620689538,HCB
56,FA,Eigenvector_mean,0.0974803949237179,0.09986117422615501,-0.0023807793024371027,HCB
56,FA,Strength_mean,28.452923830280497,29.001517323371804,-0.5485934930913068,HCB
56,GM,Betweenness_mean,0.0019819819819819817,0.01837837837837838,-0.0163963963963964,HCB
56,GM,Closeness_mean,0.8522727272727273,0.8483986253340413,0.003874101938685981,HCB
56,GM,Degree_mean,62.0,61.57241379310345,0.42758620689654947,HCB
56,GM,Eigenvector_mean,0.11562637891191777,0.11727990107040219,-0.0016535221584844245,HCB
56,GM,Strength_mean,46.11494627836065,47.23249235928591,-1.1175460809252584,HCB
56,rsfMRI,Betweenness_mean,0.0078078078078078084,0.009642746194470331,-0.0018349383866625227,HCB
56,rsfMRI,Closeness_mean,0.9992690058479532,0.9939498233020003,0.005319182545952872,HCB
56,rsfMRI,Degree_mean,74.94444444444444,74.48965517241379,0.4547892720306521,HCB
56,rsfMRI,Eigenvector_mean,0.11420646538295218,0.11507717344232106,-0.0008707080593688826,HCB
56,rsfMRI,Strength_mean,42.612662413036794,43.31948920351156,-0.7068267904747643,HCB
57,FA,Betweenness_mean,0.02876876876876877,0.021139484311898105,0.007629284456870666,HCB
57,FA,Closeness_mean,0.8789460718797009,0.8785401460760017,0.00040592580369913644,HCB
57,FA,Degree_mean,64.66666666666667,64.59310344827587,0.07356321839080238,HCB
57,FA,Eigenvector_mean,0.1407621676281348,0.14100269967030724,-0.00024053204217244772,HCB
57,FA,Strength_mean,41.61232203940686,42.03163495127431,-0.41931291186745057,HCB
57,GM,Betweenness_mean,0.02533333333333333,0.010997204100652375,0.014336129232680954,HCB
57,GM,Closeness_mean,0.9743647912885661,0.9815311622841415,-0.007166370995575377,HCB
57,GM,Degree_mean,72.9,73.56551724137931,-0.6655172413793053,HCB
57,GM,Eigenvector_mean,0.12104044350526291,0.12298772469742415,-0.0019472811921612404,HCB
57,GM,Strength_mean,51.916020278112526,52.43953946601688,-0.5235191879043555,HCB
57,rsfMRI,Betweenness_mean,0.01561561561561562,0.012992854923889408,0.002622760691726213,HCB
57,rsfMRI,Closeness_mean,0.9985380116959064,0.9937224793249378,0.004815532370968545,HCB
57,rsfMRI,Degree_mean,74.88888888888889,74.49655172413793,0.3923371647509555,HCB
57,rsfMRI,Eigenvector_mean,0.11426775930752811,0.11589121228400244,-0.0016234529764743294,HCB
57,rsfMRI,Strength_mean,43.05058528863364,43.562116329159906,-0.5115310405262647,HCB
58,FA,Betweenness_mean,0.04072072072072072,0.027573780677228953,0.013146940043491769,HCB
58,FA,Closeness_mean,0.6218668409587497,0.6243312596913082,-0.0024644187325585376,HCB
58,FA,Degree_mean,29.38888888888889,29.868965517241378,-0.48007662835248865,HCB
58,FA,Eigenvector_mean,0.06372695801366396,0.06218208951488167,0.001544868498782291,HCB
58,FA,Strength_mean,18.22673684673249,18.063809882833258,0.16292696389923123,HCB
58,GM,Betweenness_mean,0.04890090090090091,0.02768810189499845,0.021212799005902457,HCB
58,GM,Closeness_mean,0.9923393062633569,0.9939205396478135,-0.001581233384456593,HCB
58,GM,Degree_mean,74.4,74.52413793103449,-0.12413793103448256,HCB
58,GM,Eigenvector_mean,0.11783093170337411,0.12410629640794017,-0.006275364704566064,HCB
58,GM,Strength_mean,50.86342517446511,53.10825339592928,-2.244828221464175,HCB
58,rsfMRI,Betweenness_mean,0.011051051051051052,0.034510096303199754,-0.023459045252148703,HCB
58,rsfMRI,Closeness_mean,0.9964560663261529,0.9941016975145611,0.0023543688115917893,HCB
58,rsfMRI,Degree_mean,74.72222222222223,74.51724137931035,0.2049808429118798,HCB
58,rsfMRI,Eigenvector_mean,0.10445010021154875,0.09996501540570148,0.004485084805847278,HCB
58,rsfMRI,Strength_mean,39.32722310611317,37.9089883643853,1.418234741727872,HCB
59,FA,Betweenness_mean,0.0045045045045045045,0.007204721963342653,-0.0027002174588381484,HCB
59,FA,Closeness_mean,0.7057305611413183,0.7058769631747602,-0.00014640203344196134,HCB
59,FA,Degree_mean,43.72222222222222,43.73103448275862,-0.00881226053640205,HCB
59,FA,Eigenvector_mean,0.111526012733617,0.11050552029775992,0.0010204924358570705,HCB
59,FA,Strength_mean,29.619060342755315,29.478479535538863,0.14058080721645183,HCB
59,GM,Betweenness_mean,0.04036036036036036,0.045604224914569745,-0.005243864554209388,HCB
59,GM,Closeness_mean,0.7870569280343717,0.7869721838025017,8.474423186999314e-05,HCB
59,GM,Degree_mean,54.7,54.641379310344824,0.05862068965517864,HCB
59,GM,Eigenvector_mean,0.08535904735923545,0.08403147580990422,0.001327571549331233,HCB
59,GM,Strength_mean,33.82756928048909,33.53891622750338,0.2886530529857083,HCB
59,rsfMRI,Betweenness_mean,0.006006006006006006,0.01695433364398882,-0.010948327637982813,HCB
59,rsfMRI,Closeness_mean,0.9964202464202465,0.9939522271149095,0.0024680193053370214,HCB
59,rsfMRI,Degree_mean,74.72222222222223,74.51724137931035,0.2049808429118798,HCB
59,rsfMRI,Eigenvector_mean,0.11765951986207573,0.11735888825452614,0.0003006316075495896,HCB
59,rsfMRI,Strength_mean,44.06084556104978,43.9474162527126,0.11342930833718157,HCB
60,FA,Betweenness_mean,0.006766766766766766,0.013156881018949984,-0.0063901142521832184,HCB
60,FA,Closeness_mean,0.7277663679362709,0.72604484100875,0.0017215269275209222,HCB
60,FA,Degree_mean,46.94444444444444,46.682758620689654,0.26168582375478877,HCB
60,FA,Eigenvector_mean,0.11277884123395131,0.11446377208999424,-0.0016849308560429321,HCB
60,FA,Strength_mean,30.768304606470856,31.29389602043048,-0.5255914139596243,HCB
60,GM,Betweenness_mean,0.07376576576576575,0.02241192917054986,0.05135383659521589,HCB
60,GM,Closeness_mean,0.8596089286049539,0.8688884894387867,-0.009279560833832856,HCB
60,GM,Degree_mean,62.7,63.648275862068964,-0.9482758620689609,HCB
60,GM,Eigenvector_mean,0.1114207512607227,0.10397876784471688,0.007441983416005826,HCB
60,GM,Strength_mean,44.468411748162595,41.79812016234808,2.6702915858145175,HCB
60,rsfMRI,Betweenness_mean,0.006586586586586587,0.012791550170860517,-0.00620496358427393,HCB
60,rsfMRI,Closeness_mean,0.9978070175438596,0.9938643848988653,0.003942632644994282,HCB
60,rsfMRI,Degree_mean,74.83333333333333,74.50344827586207,0.32988505747125885,HCB
60,rsfMRI,Eigenvector_mean,0.11926481561654884,0.11740057713844076,0.0018642384781080712,HCB
60,rsfMRI,Strength_mean,44.63498888135152,44.24068052809837,0.3943083532531446,HCB
61,FA,Betweenness_mean,0.0217017017017017,0.01442435538987263,0.00727734631182907,HCB
61,FA,Closeness_mean,0.6683317345724192,0.6682983444561543,3.339011626490862e-05,HCB
61,FA,Degree_mean,37.77777777777778,37.765517241379314,0.012260536398464694,HCB
61,FA,Eigenvector_mean,0.08781905934469826,0.08852889197611877,-0.0007098326314205067,HCB
61,FA,Strength_mean,24.961599909421505,25.092705710038647,-0.13110580061714217,HCB
61,GM,Betweenness_mean,0.037549549549549546,0.0396744330537434,-0.0021248835041938544,HCB
61,GM,Closeness_mean,0.9817485146432514,0.98101078338551,0.0007377312577414585,HCB
61,GM,Degree_mean,73.6,73.51724137931035,0.08275862068964557,HCB
61,GM,Eigenvector_mean,0.13233333166544264,0.13066999391855175,0.0016633377468908972,HCB
61,GM,Strength_mean,55.21667440063392,55.20238532626773,0.014289074366189425,HCB
61,rsfMRI,Betweenness_mean,0.015435435435435439,0.010052811432121778,0.005382624003313661,HCB
61,rsfMRI,Closeness_mean,0.9992690058479532,0.9936502432450744,0.005618762602878746,HCB
61,rsfMRI,Degree_mean,74.94444444444444,74.48965517241379,0.4547892720306521,HCB
61,rsfMRI,Eigenvector_mean,0.11305629577380359,0.11691966451456348,-0.00386336874075989,HCB
61,rsfMRI,Strength_mean,42.297969791695664,43.85045819430442,-1.552488402608759,HCB
62,FA,Betweenness_mean,0.032052052052052055,0.02144516930723827,0.010606882744813785,HCB
62,FA,Closeness_mean,0.734500920109144,0.7331061973699127,0.0013947227392313577,HCB
62,FA,Degree_mean,47.888888888888886,47.682758620689654,0.20613026819923164,HCB
62,FA,Eigenvector_mean,0.11171183177532656,0.11253629884016313,-0.0008244670648365621,HCB
62,FA,Strength_mean,31.564387827134965,31.809719042037784,-0.24533121490281928,HCB
62,GM,Betweenness_mean,0.04828828828828828,0.030625660142901526,0.017662628145386754,HCB
62,GM,Closeness_mean,0.9555136319376827,0.9561329640693671,-0.0006193321316844136,HCB
62,GM,Degree_mean,71.5,71.53793103448275,-0.037931034482753034,HCB
62,GM,Eigenvector_mean,0.12390605219180525,0.12306016846659741,0.0008458837252078438,HCB
62,GM,Strength_mean,51.18406742083382,51.07556292541702,0.10850449541680263,HCB
62,rsfMRI,Betweenness_mean,0.015735735735735737,0.01491891891891892,0.000816816816816817,HCB
62,rsfMRI,Closeness_mean,0.9971139971139971,0.9938848468676493,0.003229150246347734,HCB
62,rsfMRI,Degree_mean,74.77777777777777,74.51034482758621,0.2674329501915622,HCB
62,rsfMRI,Eigenvector_mean,0.11515522258498266,0.11684152316878715,-0.0016863005838044925,HCB
62,rsfMRI,Strength_mean,43.24900661000759,43.9026743654815,-0.6536677554739114,HCB
63,FA,Betweenness_mean,0.034214214214214216,0.030337371854613233,0.003876842359600983,HCB
63,FA,Closeness_mean,0.6739998927498927,0.6742990347427639,-0.00029914199287117693,HCB
63,FA,Degree_mean,38.72222222222222,38.765517241379314,-0.04329501915709244,HCB
63,FA,Eigenvector_mean,0.08350642201945015,0.08178491132032509,0.001721510699125059,HCB
63,FA,Strength_mean,24.217730234460756,23.982226361573964,0.23550387288679175,HCB
63,GM,Betweenness_mean,0.0005765765765765767,0.0037750854302578437,-0.0031985088536812672,HCB
63,GM,Closeness_mean,0.6147540983606558,0.6138207283767125,0.0009333699839432219,HCB
63,GM,Degree_mean,28.0,27.806896551724137,0.19310344827586334,HCB
63,GM,Eigenvector_mean,0.05108693907930192,0.057434375284670026,-0.006347436205368109,HCB
63,GM,Strength_mean,19.85285901269661,22.26257690013531,-2.4097178874387026,HCB
63,rsfMRI,Betweenness_mean,0.013673673673673673,0.013981981981981983,-0.00030830830830830963,HCB
63,rsfMRI,Closeness_mean,0.9956330219488115,0.9943093733247999,0.0013236486240116863,HCB
63,rsfMRI,Degree_mean,74.66666666666667,74.52413793103449,0.14252873563218316,HCB
63,rsfMRI,Eigenvector_mean,0.11407176515222618,0.11663788981706424,-0.0025661246648380626,HCB
63,rsfMRI,Strength_mean,42.65670354726326,43.62283551980863,-0.9661319725453694,HCB
64,FA,Betweenness_mean,0.022082082082082084,0.018358496427461943,0.003723585654620141,HCB
64,FA,Closeness_mean,0.7554797146381305,0.7552329597642412,0.00024675487388925443,HCB
64,FA,Degree_mean,50.72222222222222,50.682758620689654,0.03946360153256734,HCB
64,FA,Eigenvector_mean,0.12092469377971302,0.1202626871036104,0.0006620066761026111,HCB
64,FA,Strength_mean,33.381437270426645,33.28939013280334,0.09204713762330385,HCB
64,GM,Betweenness_mean,0.10666666666666666,0.03923951537744641,0.06742715128922025,HCB
64,GM,Closeness_mean,0.7068859107741139,0.7057489298352875,0.0011369809388264152,HCB
64,GM,Degree_mean,43.9,43.703448275862065,0.1965517241379331,HCB
64,GM,Eigenvector_mean,0.06613641336405472,0.061455140925500334,0.0046812724385543875,HCB
64,GM,Strength_mean,25.69504161450064,24.001405040264675,1.6936365742359634,HCB
64,rsfMRI,Betweenness_mean,0.00816816816816817,0.009217769493631562,-0.0010496013254633913,HCB
64,rsfMRI,Closeness_mean,0.9992690058479532,0.9936701326082047,0.005598873239748503,HCB
64,rsfMRI,Degree_mean,74.94444444444444,74.48965517241379,0.4547892720306521,HCB
64,rsfMRI,Eigenvector_mean,0.11889906711572228,0.12053040277430238,-0.0016313356585801048,HCB
64,rsfMRI,Strength_mean,44.75001312480304,44.96988568085006,-0.21987255604702227,HCB
65,FA,Betweenness_mean,0.06366366366366366,0.04024106865486176,0.0234225950088019,HCB
65,FA,Closeness_mean,0.7313660465430883,0.7335012783065409,-0.0021352317634525386,HCB
65,FA,Degree_mean,47.44444444444444,47.737931034482756,-0.293486590038313,HCB
65,FA,Eigenvector_mean,0.11519435480657167,0.11658799710354648,-0.0013936422969748063,HCB
65,FA,Strength_mean,31.31927672615889,31.774759993282927,-0.45548326712403764,HCB
65,GM,Betweenness_mean,0.006054054054054054,0.008516930723827277,-0.0024628766697732223,HCB
65,GM,Closeness_mean,0.8993865828763559,0.8990455744874223,0.00034100838893358354,HCB
65,GM,Degree_mean,66.6,66.56551724137931,0.034482758620683285,HCB
65,GM,Eigenvector_mean,0.11756914143228558,0.11323460811496233,0.0043345333173232525,HCB
65,GM,Strength_mean,47.82145697098467,46.264948338017035,1.5565086329676348,HCB
65,rsfMRI,Betweenness_mean,0.02026026026026026,0.012771668219944082,0.007488592040316178,HCB
65,rsfMRI,Closeness_mean,0.9964202464202465,0.9938880187802617,0.002532227639984841,HCB
65,rsfMRI,Degree_mean,74.72222222222223,74.51724137931035,0.2049808429118798,HCB
65,rsfMRI,Eigenvector_mean,0.11544488510614534,0.1162568889417779,-0.0008120038356325548,HCB
65,rsfMRI,Strength_mean,43.37816712230468,43.65993141118075,-0.28176428887606875,HCB
66,FA,Betweenness_mean,0.026846846846846847,0.029378067722895314,-0.002531220876048467,HCB
66,FA,Closeness_mean,0.7563131313131313,0.7552531095344653,0.0010600217786659316,HCB
66,FA,Degree_mean,50.833333333333336,50.66896551724138,0.1643678160919535,HCB
66,FA,Eigenvector_mean,0.11627471074809753,0.11515462548680823,0.0011200852612893025,HCB
66,FA,Strength_mean,31.95200020301462,31.886420680033215,0.06557952298140535,HCB
66,GM,Betweenness_mean,0.014738738738738738,0.021204100652376514,-0.006465361913637776,HCB
66,GM,Closeness_mean,0.7669473506365996,0.7709238837749877,-0.003976533138388083,HCB
66,GM,Degree_mean,52.2,52.689655172413794,-0.48965517241379075,HCB
66,GM,Eigenvector_mean,0.08433474731899371,0.07714680341308905,0.007187943905904659,HCB
66,GM,Strength_mean,32.89387410208642,30.418300768000837,2.4755733340855848,HCB
66,rsfMRI,Betweenness_mean,0.004644644644644644,0.009506057781919852,-0.004861413137275208,HCB
66,rsfMRI,Closeness_mean,0.9992690058479532,0.9936513002182418,0.0056177056297114225,HCB
66,rsfMRI,Degree_mean,74.94444444444444,74.48965517241379,0.4547892720306521,HCB
66,rsfMRI,Eigenvector_mean,0.12349375764175245,0.12183217782919481,0.0016615798125576425,HCB
66,rsfMRI,Strength_mean,46.04928626487237,45.53376527805955,0.5155209868128239,HCB
67,FA,Betweenness_mean,0.00902902902902903,0.015614787200994098,-0.006585758171965068,HCB
67,FA,Closeness_mean,0.9024192006119718,0.8991783708072701,0.0032408298047016393,HCB
67,FA,Degree_mean,66.88888888888889,66.55172413793103,0.3371647509578537,HCB
67,FA,Eigenvector_mean,0.14635478362847745,0.14285203657864273,0.00350274704983472,HCB
67,FA,Strength_mean,43.77209619886695,43.14693092962409,0.6251652692428564,HCB
67,GM,Betweenness_mean,0.004792792792792793,0.012219944082013049,-0.007427151289220256,HCB
67,GM,Closeness_mean,0.8134828862164662,0.8120683009009372,0.001414585315529071,HCB
67,GM,Degree_mean,57.8,57.61379310344827,0.18620689655172384,HCB
67,GM,Eigenvector_mean,0.09907831495218142,0.10089165525202334,-0.0018133402998419257,HCB
67,GM,Strength_mean,39.35429307481275,40.055735118677646,-0.7014420438648941,HCB
67,rsfMRI,Betweenness_mean,0.00880880880880881,0.01342528735632184,-0.00461647854751303,HCB
67,rsfMRI,Closeness_mean,0.9978070175438596,0.9937850380840022,0.004021979459857383,HCB
67,rsfMRI,Degree_mean,74.83333333333333,74.50344827586207,0.32988505747125885,HCB
67,rsfMRI,Eigenvector_mean,0.11469048805371956,0.11621130947920524,-0.00152082142548568,HCB
67,rsfMRI,Strength_mean,43.019024659947654,43.44624585292447,-0.42722119297681616,HCB
68,FA,Betweenness_mean,0.03815815815815816,0.034395775085430264,0.0037623830727278942,HCB
68,FA,Closeness_mean,0.6787591162591162,0.6805472381456513,-0.001788121886535099,HCB
68,FA,Degree_mean,39.5,39.786206896551725,-0.28620689655172526,HCB
68,FA,Eigenvector_mean,0.08610241025588938,0.08771456642617259,-0.0016121561702832077,HCB
68,FA,Strength_mean,24.537037278862144,24.793161101714908,-0.25612382285276425,HCB
68,GM,Betweenness_mean,0.025297297297297294,0.027707983845914882,-0.0024106865486175875,HCB
68,GM,Closeness_mean,0.8993865828763559,0.8991592070956617,0.0002273757806942056,HCB
68,GM,Degree_mean,66.6,66.56551724137931,0.034482758620683285,HCB
68,GM,Eigenvector_mean,0.11819186407574929,0.11690730666004509,0.001284557415704199,HCB
68,GM,Strength_mean,48.205437494116154,48.041053545978194,0.1643839481379601,HCB
68,rsfMRI,Betweenness_mean,0.009089089089089088,0.021032618825722275,-0.011943529736633186,HCB
68,rsfMRI,Closeness_mean,0.9985569985569985,0.9937704128288805,0.004786585728118076,HCB
68,rsfMRI,Degree_mean,74.88888888888889,74.49655172413793,0.3923371647509555,HCB
68,rsfMRI,Eigenvector_mean,0.110331839865551,0.11050689883424311,-0.00017505896869210447,HCB
68,rsfMRI,Strength_mean,41.445552343872606,41.76660887819068,-0.3210565343180747,HCB
69,FA,Betweenness_mean,0.015375375375375375,0.016054675365020196,-0.0006792999896448205,HCB
69,FA,Closeness_mean,0.8137564282374942,0.8120663403262289,0.0016900879112652367,HCB
69,FA,Degree_mean,57.833333333333336,57.62068965517241,0.2126436781609229,HCB
69,FA,Eigenvector_mean,0.12882793485445948,0.1282342998491177,0.0005936350053417916,HCB
69,FA,Strength_mean,36.909140950078296,36.86341241285789,0.045728537220405485,HCB
69,GM,Betweenness_mean,0.04277477477477478,0.018865486175831003,0.023909288598943777,HCB
69,GM,Closeness_mean,0.9124564459930313,0.9099198721715693,0.002536573821461996,HCB
69,GM,Degree_mean,67.8,67.54482758620689,0.2551724137931046,HCB
69,GM,Eigenvector_mean,0.12253592063107421,0.12075460836986887,0.0017813122612053423,HCB
69,GM,Strength_mean,49.515858833934416,49.18215743454312,0.33370139939129473,HCB
69,rsfMRI,Betweenness_mean,0.007407407407407408,0.011233302267785027,-0.0038258948603776197,HCB
69,rsfMRI,Closeness_mean,0.9978260044049517,0.9937270456072191,0.004098958797732588,HCB
69,rsfMRI,Degree_mean,74.83333333333333,74.50344827586207,0.32988505747125885,HCB
69,rsfMRI,Eigenvector_mean,0.11512698159041863,0.11519728453201653,-7.030294159789119e-05,HCB
69,rsfMRI,Strength_mean,43.06868347347551,43.181928204778266,-0.11324473130275692,HCB
70,FA,Betweenness_mean,0.002842842842842843,0.007140105622864243,-0.0042972627800213995,HCB
70,FA,Closeness_mean,0.8416562630045775,0.8393530284619866,0.0023032345425909595,HCB
70,FA,Degree_mean,60.888888888888886,60.59310344827586,0.2957854406130238,HCB
70,FA,Eigenvector_mean,0.1361137886440766,0.1341896511350412,0.0019241375090354174,HCB
70,FA,Strength_mean,39.35947790606123,39.03320939502719,0.3262685110340371,HCB
70,GM,Betweenness_mean,0.004792792792792794,0.015147561354457908,-0.010354768561665114,HCB
70,GM,Closeness_mean,0.9363425925925926,0.9323017815560661,0.004040811036526426,HCB
70,GM,Degree_mean,69.9,69.52413793103449,0.37586206896551744,HCB
70,GM,Eigenvector_mean,0.12638533938676294,0.1227784913563661,0.0036068480303968337,HCB
70,GM,Strength_mean,51.7782172687929,50.61545918134482,1.1627580874480827,HCB
70,rsfMRI,Betweenness_mean,0.015375375375375375,0.01180242311276794,0.003572952262607435,HCB
70,rsfMRI,Closeness_mean,0.9992690058479532,0.9935925378994966,0.005676467948456554,HCB
70,rsfMRI,Degree_mean,74.94444444444444,74.48965517241379,0.4547892720306521,HCB
70,rsfMRI,Eigenvector_mean,0.11960894213775715,0.1207697736124803,-0.0011608314747231507,HCB
70,rsfMRI,Strength_mean,44.638285415105685,45.167512886882484,-0.5292274717767995,HCB
71,FA,Betweenness_mean,0.016936936936936937,0.018649269959614787,-0.001712333022677849,HCB
71,FA,Closeness_mean,0.901223943392618,0.8991673688880477,0.0020565745045703077,HCB
71,FA,Degree_mean,66.77777777777777,66.56551724137931,0.21226053639846043,HCB
71,FA,Eigenvector_mean,0.14934361873473734,0.14588724790007,0.0034563708346673494,HCB
71,FA,Strength_mean,44.877100098523314,44.115390190278454,0.7617099082448604,HCB
71,GM,Betweenness_mean,0.01567567567567567,0.019678160919540232,-0.0040024852438645606,HCB
71,GM,Closeness_mean,0.7575757575757576,0.7551610504146442,0.002414707161113361,HCB
71,GM,Degree_mean,51.0,50.648275862068964,0.3517241379310363,HCB
71,GM,Eigenvector_mean,0.08101066203549122,0.08212011670707992,-0.0011094546715886971,HCB
71,GM,Strength_mean,31.75333084750317,32.12911090559177,-0.37578005808860127,HCB
71,rsfMRI,Betweenness_mean,0.009129129129129127,0.01166076421248835,-0.002531635083359223,HCB
71,rsfMRI,Closeness_mean,0.9985380116959064,0.9938181689683976,0.004719842727508805,HCB
71,rsfMRI,Degree_mean,74.88888888888889,74.49655172413793,0.3923371647509555,HCB
71,rsfMRI,Eigenvector_mean,0.12217527107156236,0.1212997241914487,0.0008755468801136534,HCB
71,rsfMRI,Strength_mean,45.49269334495467,45.306194624636284,0.186498720318383,HCB
72,FA,Betweenness_mean,0.08028028028028028,0.03046908977943461,0.049811190500845676,HCB
72,FA,Closeness_mean,0.8994310575635878,0.8993573893096574,7.366825393040344e-05,HCB
72,FA,Degree_mean,66.61111111111111,66.58620689655173,0.02490421455938474,HCB
72,FA,Eigenvector_mean,0.14486161575374393,0.14549271839908093,-0.0006311026453370006,HCB
72,FA,Strength_mean,42.85223343076253,43.363438165680975,-0.5112047349184436,HCB
72,GM,Betweenness_mean,0.016792792792792798,0.013069897483690586,0.003722895309102211,HCB
72,GM,Closeness_mean,0.9215686274509803,0.9210389160673399,0.000529711383640441,HCB
72,GM,Degree_mean,68.6,68.55172413793103,0.04827586206896228,HCB
72,GM,Eigenvector_mean,0.12314820773741435,0.1201123820304351,0.003035825706979245,HCB
72,GM,Strength_mean,50.16171329278633,48.97726186300801,1.1844514297783206,HCB
72,rsfMRI,Betweenness_mean,0.0024024024024024027,0.011079217148182666,-0.008676814745780264,HCB
72,rsfMRI,Closeness_mean,0.9970950102529049,0.993832558678892,0.003262451574012948,HCB
72,rsfMRI,Degree_mean,74.77777777777777,74.51034482758621,0.2674329501915622,HCB
72,rsfMRI,Eigenvector_mean,0.11600474334756922,0.11842941937622947,-0.0024246760286602553,HCB
72,rsfMRI,Strength_mean,43.57488632444791,44.45155119876939,-0.8766648743214773,HCB
73,FA,Betweenness_mean,0.017737737737737735,0.021164336750543647,-0.0034265990128059115,HCB
73,FA,Closeness_mean,0.7955491010327236,0.7950090829059212,0.0005400181268023774,HCB
73,FA,Degree_mean,55.72222222222222,55.648275862068964,0.07394636015325773,HCB
73,FA,Eigenvector_mean,0.13359796693676257,0.13390095191484228,-0.0003029849780797067,HCB
73,FA,Strength_mean,37.429628715761936,37.716679520264115,-0.28705080450217935,HCB
73,GM,Betweenness_mean,0.030306306306306312,0.02001366884125505,0.010292637465051262,HCB
73,GM,Closeness_mean,0.8417602996254681,0.8391158383009779,0.002644461324490144,HCB
73,GM,Degree_mean,60.9,60.58620689655172,0.31379310344827616,HCB
73,GM,Eigenvector_mean,0.10155997264705316,0.09903131020726198,0.0025286624397911767,HCB
73,GM,Strength_mean,40.31629690350589,39.34920945650347,0.9670874470024131,HCB
73,rsfMRI,Betweenness_mean,0.0049249249249249255,0.008415035725380552,-0.0034901108004556265,HCB
73,rsfMRI,Closeness_mean,1.0,0.9938424392383272,0.006157560761672842,HCB
73,rsfMRI,Degree_mean,75.0,74.48275862068965,0.5172413793103487,HCB
73,rsfMRI,Eigenvector_mean,0.11638785382030505,0.11680882417943989,-0.0004209703591348396,HCB
73,rsfMRI,Strength_mean,43.94621896965598,43.98222625539824,-0.03600728574225798,HCB
74,FA,Betweenness_mean,0.013873873873873874,0.015299161230195714,-0.0014252873563218391,HCB
74,FA,Closeness_mean,0.5992063492063492,0.5992855420579666,-7.919285161739342e-05,HCB
74,FA,Degree_mean,24.833333333333332,24.848275862068967,-0.014942528735634397,HCB
74,FA,Eigenvector_mean,0.06391828327036794,0.0646603363859702,-0.0007420531156022564,HCB
74,FA,Strength_mean,16.170830781054917,16.520137094294594,-0.3493063132396763,HCB
74,GM,Betweenness_mean,0.07304504504504505,0.05846287666977323,0.014582168375271827,HCB
74,GM,Closeness_mean,0.599047619047619,0.5992949588198028,-0.00024733977218371894,HCB
74,GM,Degree_mean,24.8,24.841379310344827,-0.04137931034482634,HCB
74,GM,Eigenvector_mean,0.03522733842292532,0.03320202539742213,0.0020253130255031837,HCB
74,GM,Strength_mean,13.576347313990661,12.887392516905257,0.6889547970854046,HCB
74,rsfMRI,Betweenness_mean,0.014814814814814812,0.015440820130475302,-0.0006260053156604897,HCB
74,rsfMRI,Closeness_mean,0.9985380116959064,0.9937144417328286,0.004823569963077756,HCB
74,rsfMRI,Degree_mean,74.88888888888889,74.49655172413793,0.3923371647509555,HCB
74,rsfMRI,Eigenvector_mean,0.1095264535655234,0.11213709769283145,-0.0026106441273080483,HCB
74,rsfMRI,Strength_mean,41.172484579849105,42.29291535174191,-1.1204307718928064,HCB
75,FA,Betweenness_mean,0.027207207207207207,0.024984156570363465,0.0022230506368437417,HCB
75,FA,Closeness_mean,0.8905228758169935,0.8888055871284184,0.0017172886885751248,HCB
75,FA,Degree_mean,65.77777777777777,65.57241379310345,0.20536398467432093,HCB
75,FA,Eigenvector_mean,0.1478768795471289,0.1488060090179675,-0.0009291294708386189,HCB
75,FA,Strength_mean,43.724817737433185,44.14792846693402,-0.4231107295008343,HCB
75,GM,Betweenness_mean,0.03718918918918919,0.026288909599254427,0.010900279589934763,HCB
75,GM,Closeness_mean,0.9363425925925926,0.9322505349394593,0.004092057653133252,HCB
75,GM,Degree_mean,69.9,69.52413793103449,0.37586206896551744,HCB
75,GM,Eigenvector_mean,0.12389939084025528,0.1204440533039946,0.0034553375362606775,HCB
75,GM,Strength_mean,50.8527409525238,49.43578364418834,1.416957308335462,HCB
75,rsfMRI,Betweenness_mean,0.009169169169169171,0.013808014911463187,-0.004638845742294015,HCB
75,rsfMRI,Closeness_mean,0.9978632478632478,0.9938757158296831,0.003987532033564611,HCB
75,rsfMRI,Degree_mean,74.83333333333333,74.50344827586207,0.32988505747125885,HCB
75,rsfMRI,Eigenvector_mean,0.1156956226701995,0.11412638154890725,0.001569241121292253,HCB
75,rsfMRI,Strength_mean,43.756697251181166,43.22539107999966,0.5313061711815052,HCB
