0.0,0.6264684428337443,0.0,0.0,0.0,0.7112008016873453,0.0,0.5260446447764173,0.0,-0.049260122784820615,0.0,0.8708569433627119,0.5974561726887592,0.8622532180362548,0.1730883709939205,0.7436789230561922,0.8632207145009755,0.499892813233188,0.0,0.8250735243911732,0.37369406956998746,0.8286964988406199,0.46462111449059607,0.5349211953557806,0.46630693722267874,0.46774875653249137,0.7438761936857443,-0.21725028027658644,-0.2905483128948363,0.0,0.8250876649408405,0.561943297002081,0.655898553048952,0.7796738774978588,0.7799798854931796,0.0,0.0,0.8106575974857004,0.8616219150702258,0.9163228513480477,0.02465257861821546,0.0,0.0,0.0,0.0,0.6004582045688718,0.6706834141862006,0.0,0.0,0.0,0.788514144710553,0.0,0.0,0.0,0.8516527019391362,0.0,0.0,0.0,0.0,0.0,0.5810496725405415,0.0,0.8810295404311222,0.0,0.0,0.6096399716978469,0.8991117804778221,0.0,0.15296883680467344,0.6665190052078116,0.7001326559812378,0.0,0.0,0.0,0.0,0.7667195535162022
0.6264684428337443,0.0,-0.015013228810615176,0.0,0.7368779959579174,0.39828353061199523,0.6744244839427174,0.866068291950202,0.6359515394166675,-0.05012781285442969,0.0,0.0,0.387962394557562,0.0,0.48341409079027287,0.5991443734553175,0.7298817167000959,0.4872135306763434,0.0,0.41341355613148,0.627206324196798,0.48966182999605135,0.700305038681275,0.0,0.4459031799336511,0.41360559895976867,0.5348224262517657,0.4288616483329674,0.32380919143881304,0.0,0.5458306080279745,0.7770023939232291,0.45456075350700414,0.44898807351541725,0.8063275831161294,0.0,0.0,0.0,0.5858053366084313,0.7018951079405948,0.8548054954339949,0.885423454081262,0.0,0.0,0.0,0.867430948349495,0.9025278576539895,0.0,0.0,0.0,0.6606011418883655,0.0,0.0,0.0,0.0,0.0,0.0,0.6170484278953283,0.0,0.9149727384644085,0.622044018141084,0.0,0.8873158260777195,0.0,0.8597440531290715,0.8796509942959898,0.9067886067761395,0.750458162357443,0.0,0.8842142346914936,0.917998360407537,0.6933081301894762,0.6098195894790688,0.8171888536904827,0.0,0.8935763671519165
0.0,-0.015013228810615176,0.0,0.7754141499326866,0.847371368424915,0.30715453523906716,0.831508155568971,0.6747017289942134,0.3572274228040875,0.8181560110423386,0.5904242778983091,0.7307150684826957,0.8747459025802814,0.8062354764460955,0.0,0.0,0.0,0.0,0.5578210023127841,0.0,0.0,0.0,0.2841539273640149,0.0,0.759472315972439,0.6910147114134126,0.5752800289514246,0.8881542726481189,0.7022345882807653,0.8218826393140671,0.8825259827730451,0.8622973384693019,0.0,0.9629978887535274,0.931148594774367,0.898140373912648,0.8695708749684024,0.0,0.7153573805090203,0.0,0.679978486464134,0.0,0.8475291219236971,0.0,0.0,0.0,0.0,0.7561067417074027,0.0,0.6478604842481144,0.8300818909715872,0.6399977994863221,0.8562891467194788,0.8604102806111007,0.0,0.671492134944852,0.0,0.7055979160573846,0.6784885254107305,0.0,0.0,0.0,0.0,0.7314914816242362,0.0,0.0,0.0,0.8260527064920548,0.0,0.0,0.0,0.8749339201901692,0.5943913670350798,0.0,0.0,0.6780633519449667
0.0,0.0,0.7754141499326866,0.0,0.6985736937415894,0.7758263291296843,0.7838185531880895,0.7947398408100667,0.8513380436119615,0.5927221003889767,0.762270589230737,0.09422268044666793,0.7846248849431682,0.6905093047753683,0.0,0.0,0.0,0.0,0.7481631424001272,0.2145538496987066,0.0,0.14882221414294922,0.8301288679279432,0.0,0.0,0.0,0.8171459279616485,0.25740750072491136,0.0,0.0,0.8531428079348662,0.8196788045823766,0.0,0.6299853189923567,0.8185609645011787,0.5025054201990977,0.24516120969354277,0.04583530029838506,0.0,0.0,0.0,0.0,0.0,0.0,0.0,0.0,0.0,0.0,0.0,0.0,0.0,0.0,0.0,0.0,0.0,0.0,0.0,0.0,0.0,0.0,0.0,0.0,0.0,0.0,0.0,0.0,0.0,0.0,0.0,0.0,0.0,0.0,0.0,0.0,0.0,0.0
0.0,0.7368779959579174,0.847371368424915,0.6985736937415894,0.0,0.6050078112022488,0.23664214077922666,0.7310915045079153,0.3673810683931431,0.8902627208091696,0.2962087182720469,0.7755525090127372,0.4249667860381475,0.4780081176301054,0.0,0.11298065331287738,0.0,0.033635843177852676,0.4253321964249942,0.8523519651557729,0.0,0.7684255213549287,0.48895227134675684,0.013672693171474015,-0.12338305714786768,-0.1993860687300829,0.6398312074407957,0.5164417410432045,0.19127198601600515,0.0,0.8848006520026179,0.6064896681179685,0.0792554780613563,0.9272404647643459,0.8017660790957051,0.45096069869248057,0.5866112404837719,0.7867082049635364,-0.19729850945900596,0.0,0.0,0.0,0.1193363278134037,0.0,0.0,0.0,0.0,0.5815765844915018,0.0,-0.01454176890687603,-0.2589385916527748,-0.16576041445378448,-0.04939975683030717,0.6387777971937186,0.0,0.6107601174263421,0.0,0.6441114119124745,0.0,0.0,0.0,0.0,0.0,-0.01741096592130531,0.0,0.0,0.0,0.8406115378424629,0.0,0.0,0.0,0.6530987814293894,-0.06464261406643834,0.0,0.0,0.0
0.7112008016873453,0.39828353061199523,0.30715453523906716,0.7758263291296843,0.6050078112022488,0.0,0.41766598599983523,0.5201139525635572,0.44648029590962823,0.8581642807171806,0.4737524844602973,0.8283860037201825,0.4952448578568,0.8156737019354391,0.8715031057139555,0.48166823643640344,0.6881725915677099,0.8637770430927408,0.7330487379272747,0.36814754168824737,0.8711138363545464,0.282064676264815,0.4613194052884983,0.6070564754083029,0.501191527166936,0.5603201839250143,0.4119219347555121,0.6108798397455315,0.4317872158277377,0.6149538023933381,0.6928488754192793,0.5418686081168588,0.8939116993060032,0.7060073875257172,0.8798183077639384,0.6525331727112403,0.8512039728137196,0.8048962115912202,0.8435922123655228,0.0,0.7847450062402475,0.6595545010609651,0.8539529409905395,0.0,0.0,0.0,0.6333920342861177,0.7963900366172768,0.0,0.6285384299807774,0.5547554483991086,0.7395324161757817,0.5970770190983025,0.8388668333298515,0.0,0.7626909873085899,0.0,0.7602955902674666,0.0,0.7831086028629015,-0.09049361376488241,0.0,0.0,0.7746231811194129,0.7011559157959902,0.7475416532116108,0.7178115840435884,0.5389936851485364,0.0,-0.08726970371084519,0.6444364623713715,0.560416420723383,0.782229362738632,0.8937275325160591,0.6801332425665808,0.8006361448921389
0.0,0.6744244839427174,0.831508155568971,0.7838185531880895,0.23664214077922666,0.41766598599983523,0.0,0.793678714984263,0.5399121162378498,0.8502740096822781,0.5788372462964191,0.7362102510856595,0.2535992392124754,0.6225605390136221,0.0,0.7738049954960222,0.04894968315749004,0.7228576726932823,0.6115162082120166,0.34204210162327253,-0.07359847020434052,0.2983022499029205,0.5872616189984359,0.8834350509124298,0.7556753800516318,0.7239806162921124,0.5176334319747949,0.6278183439886709,0.40530857908362306,0.8804822106556188,0.8475027739884572,0.4815986712201899,0.6870904922533883,0.4142922910627782,0.798147031825108,0.8181962990839666,0.8072045393314812,0.839955115825042,0.6462454820196557,0.0,0.7169989330648625,0.0,-0.0744591389088729,0.0,0.0,0.0,0.0,0.5985576210882663,0.0,0.0,0.7053210573626398,0.6041757427025269,0.7524832417943129,0.6185125786555037,0.0,0.6181759925215838,0.0,0.5323918459426588,0.0,0.0,0.0,0.0,0.0,-0.02237729771727015,0.0,0.0,0.0,0.7874982053007719,0.0,0.0,0.630958306599321,0.6405960599117327,0.5715719616892012,0.6923470037022028,0.0,0.61023512047137
0.5260446447764173,0.866068291950202,0.6747017289942134,0.7947398408100667,0.7310915045079153,0.5201139525635572,0.793678714984263,0.0,0.6377782725313529,0.8295245961676315,0.5150507978665249,0.7696911829699551,0.5701514528892712,0.7782910502096831,0.042630956094161065,-0.26167416419666667,0.0,0.847271349229766,0.6224064157857828,0.7252866827024026,0.4320721292523097,-0.15210443401527396,0.4955756142353209,0.4622340343830895,0.8595675367815133,0.5511432244644839,0.5555820976356092,0.4763567601683032,0.4369242234260138,0.79868093742414,0.8424800145317745,0.723657366812157,0.8359426787636848,0.8474032328751012,0.8288829357778595,0.683940186550803,0.6977469275457907,0.0,0.8418869104105634,0.0,0.7471317992437304,0.0,0.7732905596920091,0.0,0.0,0.0,0.0,0.8087597700655053,0.0,0.679847751500153,0.8287920054026321,0.789027742790874,0.5329739475452784,0.8110269015936387,0.0,0.6917578546099734,0.0,0.7584534470993927,0.020611398452797358,0.8895639108549709,0.0,0.0,0.0,0.7871492452280304,0.05987606647989763,0.0582272021840371,0.0,0.5333591280340276,0.0,0.0,0.0,0.7974073369576198,0.7238734232506177,0.790259639398415,0.0,0.7212704433519636
0.0,0.6359515394166675,0.3572274228040875,0.8513380436119615,0.3673810683931431,0.44648029590962823,0.5399121162378498,0.6377782725313529,0.0,0.9092761913676699,0.3367244296275141,0.8307931093144143,0.4855965373700492,0.48036286658048327,0.0,0.898905795157176,0.7093999939975844,0.7296188759701876,0.2531118432877218,0.7919051445936536,0.0,0.755873285630745,0.5393641919504192,0.8266414029510581,0.8269950297646644,0.7800366789138884,0.5448888626769646,0.696452602326869,0.6931577153669136,0.8294596794149689,0.8736725166829669,0.7049715982382719,0.8991702051050009,0.8116838592172712,0.9664367219369978,0.8613469467202002,0.9172883686996994,0.9282264589761198,0.7405534220915267,0.0,0.629102874519434,0.0,0.8174795749317616,0.0,0.0,0.0,0.0,0.8468113464465862,0.0,-0.33164587535181167,0.8125288116920276,0.6224562157428899,0.8560112688877951,0.6931743089615293,0.0,0.610915154387202,0.0,0.6676130338668478,0.03618542456049845,0.0,0.0,0.0,0.0,0.7355782358351877,0.0,0.0,0.0,0.8281619243305391,0.0,0.0,0.0,0.8154870907295351,0.5847684948286335,-0.18452304488400273,0.0,0.6638742366698697
-0.049260122784820615,-0.05012781285442969,0.8181560110423386,0.5927221003889767,0.8902627208091696,0.8581642807171806,0.8502740096822781,0.8295245961676315,0.9092761913676699,0.0,0.9001123143065136,0.49604336223214607,0.5472975167520779,0.1212177656871869,0.0,0.7678311566390993,0.694595142462934,0.8810298872932348,0.8354295933094628,0.7270306090211656,0.9025830592342283,0.7297475936991082,0.8563745889209438,0.5395255372300155,0.7115280983314548,0.6086690784701079,0.8742215138007294,0.6360496505680038,0.7713049036234995,0.0,0.640916695615375,0.30220549560690935,0.7090925958192572,0.47602987083633536,0.5724186070890972,0.5585594058750363,0.6633389865253243,0.4562826436359522,0.6124916868980831,0.5764837824324822,0.7434193030207542,0.6076937856049558,0.0,0.0,0.8203445727047793,0.8263363337249852,0.0,0.0,0.0,0.0,0.0,0.0,0.0,0.0,0.7233707791221227,0.0,0.8225908117549705,0.6758076732238696,0.0,0.0,0.8172051973054726,0.890864574251708,0.9135219163733667,0.0,0.0,0.0,0.0,0.0,0.841433595611732,0.9424607675831033,0.9438262304713564,0.0,0.7323014168493774,0.0,0.0,0.8583704438658557
0.0,0.0,0.5904242778983091,0.762270589230737,0.2962087182720469,0.4737524844602973,0.5788372462964191,0.5150507978665249,0.3367244296275141,0.9001123143065136,0.0,0.8315947376208589,0.6693249659935059,0.5176398399957057,0.0,0.0,0.7451617621477412,0.7391888150264593,0.33565672289132303,0.0,0.0,0.0,0.4555931471029344,0.8319512686457093,0.7600207404754715,0.7291657715756676,0.7886824008530487,0.6907295757131249,0.0,0.0,0.8621883831806396,0.7218656032665933,0.8542789634605934,0.7725669886761404,0.8933855399518921,0.6052808714971303,0.7889111866233971,0.8821432576514369,0.7869956172089763,0.0,0.0,0.0,0.08446596372777493,0.0,0.0,0.0,0.0,0.861085163840653,0.0,-0.03896653832805341,0.812568987821415,0.7588329136842318,0.7859788409683632,0.8382881761468944,0.0,0.28196533857002215,0.0,0.6940417050097804,0.07090614230339243,0.0,0.0,0.0,0.0,0.8476403247590789,0.0,0.0,0.0,0.8192765974128126,0.0,0.0,0.0,0.7886260484471332,0.726038936231836,0.0,0.0,0.0
0.8708569433627119,0.0,0.7307150684826957,0.09422268044666793,0.7755525090127372,0.8283860037201825,0.7362102510856595,0.7696911829699551,0.8307931093144143,0.49604336223214607,0.8315947376208589,0.0,0.8060818015336095,0.0,0.0,0.0,0.9037904770916011,0.7767254161337996,0.7078379913214343,0.0,0.8467665169096315,0.0,0.7614242994233411,0.5259179705484518,0.8593320112600702,0.41955987738841594,0.7403918539731353,0.838202956818358,0.0,0.0,0.4963827547482324,0.7663086637261562,0.7248800738405956,0.6127009179724857,0.8753504252514579,0.7331247011326838,0.6623472507707326,0.4006657468760235,0.6636454567637431,0.7485567820885266,0.72972339717782,0.06657152176705378,0.0,0.0,0.7105315194987873,0.7879195471522973,0.0,0.0,0.0,0.0,0.0,0.0,0.0,0.0,0.65708158311796,0.0,0.8138488781644606,0.7593935188964582,0.0,0.0,0.0,0.9187521495894395,0.9320411321717921,0.0,0.0,0.0,0.0,0.0,0.8404495778555806,0.9466328217692772,0.9213448217079585,0.0,0.7839024306066482,0.0,0.0,0.8373721426173267
0.5974561726887592,0.387962394557562,0.8747459025802814,0.7846248849431682,0.4249667860381475,0.4952448578568,0.2535992392124754,0.5701514528892712,0.4855965373700492,0.5472975167520779,0.6693249659935059,0.8060818015336095,0.0,0.7610830794464434,0.747912186401285,0.5411849861849791,0.8525427193729751,0.8063509483542085,0.6518595173011104,0.3906080559990419,-0.028847939284071256,0.32257589009939935,0.6328770471481097,0.8564339980609104,0.5459776155289562,0.5789111117766585,0.5550209949561262,0.3846337408294354,0.45775002468085846,0.6320098911790111,0.5035408320529611,0.529701619230988,0.8790638901207943,0.4177292077392528,0.874448317924634,0.6448036104067503,0.5971244807020556,0.8411663763294962,0.5729600507185995,0.5862790626105168,0.4732985777475707,0.44439671769824757,0.7112530881324678,0.0,0.0,0.0,0.5691610525162625,0.6967685640142499,0.0,0.0,0.6990660836951809,0.5512711100658687,0.7361375664250348,0.554206748412279,-0.027105874202738633,0.6945528020869057,0.5615908053802985,0.5747367289976508,0.0,0.5985547674870508,0.0,0.0,0.0,0.638580680823051,0.5765074962503381,0.0,0.6287882646937409,0.5831863975884674,0.0,0.6445338051351093,0.6874776610223697,0.8218408417928459,0.5142997202980808,0.7630222932136524,0.0,0.6235311342213846
0.8622532180362548,0.0,0.8062354764460955,0.6905093047753683,0.4780081176301054,0.8156737019354391,0.6225605390136221,0.7782910502096831,0.48036286658048327,0.1212177656871869,0.5176398399957057,0.0,0.7610830794464434,0.0,0.0,0.0,0.0,0.0,0.7746694674946673,0.0,0.7189004907307326,0.0,0.7689452572612842,0.0,0.0,0.739614888322369,0.853737952769341,0.6415981032583362,0.0,0.0,0.23298471601433646,0.5924821358517521,0.0,0.09258604144195459,0.0,0.735245905569105,0.6030952322307359,0.0,0.0,0.0,0.0,0.0,0.14228764374789848,0.0,0.0,0.0,0.0,0.6858527132044426,0.0,0.0,0.0,0.0,0.015018024168020228,0.6705157767460403,0.0,0.63913704101637,0.0,0.0,0.0,0.0,0.0,0.0,0.0,0.6865542347813093,0.0,0.0,0.0,0.7082737947621052,0.0,0.0,0.0,0.6183682673119285,0.0,0.0,0.0,0.0
0.1730883709939205,0.48341409079027287,0.0,0.0,0.0,0.8715031057139555,0.0,0.042630956094161065,0.0,0.0,0.0,0.0,0.747912186401285,0.0,0.0,0.8110936616505078,0.0,0.7490866317412129,0.0,0.5332504433594453,0.5127348528794295,0.4313678446608824,0.48591417730977815,0.5351214913731777,0.7842485360771325,0.7267438631994644,0.44735817527967225,0.7503519676193716,0.8131041049931919,0.8475079792777843,0.8194185402927014,0.4048060903500342,0.5317430252760447,0.48578568333465283,0.5575951130573472,0.8572969664239297,0.09268850822974067,0.0,0.34455353408052297,0.8620603263647335,0.8921846782190597,0.7676070448074903,0.0,0.0,0.0,0.0,0.8253561736891444,0.0,0.0,0.0,0.7990298203386708,0.0,0.9223217269973221,0.0,0.0,0.0,0.0,0.7054040363124903,0.0,0.7833419959354329,0.6637030674128286,0.0,0.0,0.0,0.8286781730350059,0.5404880391360137,0.7914792937277277,0.7649247923219563,0.0,0.658883482509527,0.8158208817109665,0.6913027400908067,0.7542933188300555,0.8646420686461372,0.0,0.8666395256138002
0.7436789230561922,0.5991443734553175,0.0,0.0,0.11298065331287738,0.48166823643640344,0.7738049954960222,-0.26167416419666667,0.898905795157176,0.7678311566390993,0.0,0.0,0.5411849861849791,0.0,0.8110936616505078,0.0,0.8381448586274987,0.46887761156025154,0.0,0.6088447123493376,0.8960715396780013,0.3796621940891723,0.8398515523320134,0.7719329539278017,0.6007020555604856,0.6149458917459357,0.6137844381852557,0.8206221578911121,0.4582263491459226,0.8163936069712215,0.5262863162408936,0.7917925211375304,0.37076075535414765,0.30179892044820456,0.7828505779484697,0.0,0.0,0.0,0.8374996306559206,0.374459545648552,0.5767090185516583,0.8725021174202077,0.0,0.0,0.0,0.8876645217827734,0.6772981168317629,0.0,0.0,0.0,0.6344063341801515,0.0,0.0,0.0,0.0,0.0,0.0,0.0,0.0,0.856365522134188,0.5109382643950849,0.0,0.8691790392384047,0.0,0.7455617026925528,-0.032470867707876105,0.5686373451205139,0.7163381043078992,0.0,0.6948952926555243,0.7736072692294302,0.6330408741000668,0.0,0.6702321916241686,0.0,0.8571898344043712
0.8632207145009755,0.7298817167000959,0.0,0.0,0.0,0.6881725915677099,0.04894968315749004,0.0,0.7093999939975844,0.694595142462934,0.7451617621477412,0.9037904770916011,0.8525427193729751,0.0,0.0,0.8381448586274987,0.0,0.7493907285919096,0.0,0.6946237239169684,0.0,0.8300823003174655,0.0,0.8261691677842995,0.5495880669789295,0.8667549097515626,0.0,0.8698604692392975,-0.12454904521025889,0.0,0.6788892391815012,0.8635815519465989,0.6395661359325684,0.595234746926091,0.964058919090399,0.0,0.0,0.7524034513190645,0.053930756286451775,0.8682767587835887,0.7928574033727958,0.0,0.0,0.0,0.0,0.0,0.0,0.0,0.0,0.0,0.0,0.0,0.0,0.0,0.848324289964788,0.0,0.9386392358421628,0.0,0.0,0.0,0.0,0.887248579233788,0.8663264949155309,0.0,0.0,0.0,0.0,0.0,0.8937513350241375,0.943556621439684,0.8175892876402582,0.0,0.0,0.0,0.0,0.7906265762127886
0.499892813233188,0.4872135306763434,0.0,0.0,0.033635843177852676,0.8637770430927408,0.7228576726932823,0.847271349229766,0.7296188759701876,0.8810298872932348,0.7391888150264593,0.7767254161337996,0.8063509483542085,0.0,0.7490866317412129,0.46887761156025154,0.7493907285919096,0.0,0.0,0.4495384436135086,0.9052587004658723,0.2973088221859684,0.8553284493488058,0.667180957844814,0.6030481705516797,0.5042926529709285,0.9036223216307817,0.8206205537105883,0.35415904893774963,0.01352295972265305,0.5528369209170768,0.8373245550977357,0.6080272277741319,0.5759289596475871,0.874222974197114,0.0,0.0,0.0014755333688718508,0.8620325485207843,0.7864578450589538,0.8667730907434944,0.8328220576685393,0.0,0.0,0.0,0.7186030207878018,0.6585597852656468,0.0,0.0,0.0,0.0,0.0,0.0,0.0,0.88726758111318,0.0,0.9552501065721286,0.0,0.0,0.0,0.5613295599885761,0.9787926159886435,0.7520290312452786,0.0,0.0,0.0,0.7848326548273727,0.0,0.8904110265790925,0.7611524069230526,0.7878669814309743,0.0,0.0,0.6703296674359909,0.0,0.8831152168088109
0.0,0.0,0.5578210023127841,0.7481631424001272,0.4253321964249942,0.7330487379272747,0.6115162082120166,0.6224064157857828,0.2531118432877218,0.8354295933094628,0.33565672289132303,0.7078379913214343,0.6518595173011104,0.7746694674946673,0.0,0.0,0.0,0.0,0.0,0.0,0.0,0.0,0.37456730640661806,0.0,0.0,0.0,0.4881174202501225,0.8558507578749086,0.0,0.0,0.8769771713563805,0.8003313744050666,0.8152148548103769,0.9248748630906806,0.8856644865459768,0.7208592017878268,0.8235430275953995,0.7762464626088639,0.7103907849012239,0.0,0.0,0.0,0.813680705406283,0.0,0.0,0.0,0.0,0.8730810009224442,0.0,-0.0865089754636148,0.7684067864517632,0.6928763719824159,0.8315606330750517,0.8256915069449295,0.0,0.4334125843711293,0.0,0.6113346271454276,0.7610000682298645,0.0,0.0,0.0,0.0,0.716241297497262,0.0,0.0,0.0,0.8166948742180249,0.0,0.0,0.0,0.8089695808805597,0.6350239947429319,0.0,0.0,0.0
0.8250735243911732,0.41341355613148,0.0,0.2145538496987066,0.8523519651557729,0.36814754168824737,0.34204210162327253,0.7252866827024026,0.7919051445936536,0.7270306090211656,0.0,0.0,0.3906080559990419,0.0,0.5332504433594453,0.6088447123493376,0.6946237239169684,0.4495384436135086,0.0,0.0,0.7392319019375984,0.25556986311450747,0.5331273307021338,-0.22666049772268393,0.557893054687978,0.45783855820273106,0.6060393485065098,0.15617530733378648,0.04777239221240548,0.5924702617057132,0.5411497739895423,0.3631270958571081,0.39116540815504736,0.5541903610658309,0.6511924336322754,0.9392318772352721,0.9083283020583787,0.0,0.24713122408567534,0.8181953816071734,0.7749423904550774,0.7847270860976144,0.7348984196737072,0.0,0.0,0.0,0.7282905653409679,0.0,0.0,0.0,0.7716218612860656,0.0,0.8694932754350468,0.0,0.0,0.0,0.0,0.662026516270018,0.0,0.8936110375386317,0.576405558499848,0.0,0.532043185000248,0.0,0.8476931472206949,0.8853716101287529,0.7130244779711167,0.8241295936375661,0.0,0.6192623166946919,0.8993609043190106,0.8092830894536435,0.7236358841228594,0.834843512310835,0.7150489410189417,0.8296234910412716
0.37369406956998746,0.627206324196798,0.0,0.0,0.0,0.8711138363545464,-0.07359847020434052,0.4320721292523097,0.0,0.9025830592342283,0.0,0.8467665169096315,-0.028847939284071256,0.7189004907307326,0.5127348528794295,0.8960715396780013,0.0,0.9052587004658723,0.0,0.7392319019375984,0.0,0.49091399605118063,0.45990333228187363,0.5514351415560698,0.6345315736165996,0.5081190835990379,0.570592389726304,0.7621899000854703,0.4281129470246885,-0.0619250539788051,0.8211847575987845,0.3525691045798769,0.45167019988913887,0.4342185453692269,0.8406655940073412,0.053932397365533846,0.0,0.0,0.8306439950200133,0.7799952817951528,0.7874722356363216,0.7591544701528475,0.0,0.0,0.0,0.7318782671401124,0.5802228261423779,0.0,0.0,0.0,0.8706212701932898,0.0,0.726666341122483,0.0,0.0,0.0,0.0,0.7473101179862127,0.0,0.6651397668609238,0.750459460244472,0.0,0.0,0.0,0.669815316946699,0.607639617248037,0.6798649630789366,0.6013600167058902,0.0,0.775457088955929,0.6827937566112666,0.6262292847371719,0.7296653426100975,0.8735653279742088,0.0,0.7847607129038559
0.8286964988406199,0.48966182999605135,0.0,0.14882221414294922,0.7684255213549287,0.282064676264815,0.2983022499029205,-0.15210443401527396,0.755873285630745,0.7297475936991082,0.0,0.0,0.32257589009939935,0.0,0.4313678446608824,0.3796621940891723,0.8300823003174655,0.2973088221859684,0.0,0.25556986311450747,0.49091399605118063,0.0,0.6465470281947595,0.5741004126640686,0.5771820734314381,0.39783102550060623,0.36914924404724514,0.11204664997432445,0.061258758144132064,0.524017406830304,0.5150036194698656,0.42895100198771496,0.45859274707848374,0.5680996229863299,0.6116049224491593,0.7704278111884793,0.1607154489308456,0.0,0.29712564965314503,0.43837448511337807,0.5529204691909897,0.4099137940390213,0.0,0.0,0.0,0.7791243227264694,0.6382508407886253,0.0,0.0,0.0,0.7884288257486451,0.0,0.02960604000634215,0.0,0.0,0.0,0.0,0.6156423828238573,0.0,0.7204793303769254,0.7801195992407485,0.0,0.6752764906699036,0.0,0.5667552829971447,0.6008194999007089,0.6631704529375497,0.5831537418926651,0.0,0.7812089775482803,0.6069214397385585,0.8932532353798905,0.6537265771513732,0.8711505966598222,0.0,0.8437737326105407
0.46462111449059607,0.700305038681275,0.2841539273640149,0.8301288679279432,0.48895227134675684,0.4613194052884983,0.5872616189984359,0.4955756142353209,0.5393641919504192,0.8563745889209438,0.4555931471029344,0.7614242994233411,0.6328770471481097,0.7689452572612842,0.48591417730977815,0.8398515523320134,0.0,0.8553284493488058,0.37456730640661806,0.5331273307021338,0.45990333228187363,0.6465470281947595,0.0,0.8441766575227999,0.5922762315514675,0.47059285295242825,0.34086391812813527,0.48427005123414807,0.5372116438044273,0.5583191371817181,0.6360401661127411,0.5567424393653102,0.7727638923372534,0.6519611344703985,0.9246664131644269,0.6046175616674914,0.8043762979003549,0.7209426465373627,0.5779759321558421,0.8473836547027995,0.8418963899750403,0.8294029661464932,0.8390886068635439,0.671179715536935,0.0,0.0,0.74186354818314,0.6959297486213889,0.0,-0.31496805543512185,0.5454498308162319,0.5548485039107918,0.5871376676413821,0.7902524494722438,0.0,0.7608349201300776,0.0,0.5130955558507672,0.8417809014990061,0.7177206143535185,0.6341872885460809,0.0,0.0,0.7652709852503278,0.6976503192252941,0.7972488132429416,0.9064084418188352,0.7037743216711236,0.0,0.618333870786105,0.8645766810331084,0.5226049933197118,0.4654860141225263,0.6178655702229858,0.8143615193147832,0.5448073242843818
0.5349211953557806,0.0,0.0,0.0,0.013672693171474015,0.6070564754083029,0.8834350509124298,0.4622340343830895,0.8266414029510581,0.5395255372300155,0.8319512686457093,0.5259179705484518,0.8564339980609104,0.0,0.5351214913731777,0.7719329539278017,0.8261691677842995,0.667180957844814,0.0,-0.22666049772268393,0.5514351415560698,0.5741004126640686,0.8441766575227999,0.0,0.6321747179329928,0.45835050257795973,0.6644432799272408,0.8297504090863127,0.0,0.0,0.8894915391545265,0.6909086981910626,0.8176191567035653,0.5228515396293232,0.827354297295958,0.8161912051255562,0.7898637666983502,0.5111553499385909,0.8573794238145119,0.658130646035889,0.7312774547215126,0.0,0.0,0.0,0.7613084192132566,0.7259669982992346,0.8129041489415347,0.0,0.0,0.0,0.0,0.0,0.0,0.0,0.5001427589316635,0.0,0.6509892868492069,0.0,0.0,0.0,0.8785425752556655,0.8033667178009615,0.6895593696334801,0.0,0.0,0.0,0.0,0.0,0.41695974426786153,0.6831585567581457,0.6527322160093706,0.0,0.0,0.0,0.0,0.7284211886667925
0.46630693722267874,0.4459031799336511,0.759472315972439,0.0,-0.12338305714786768,0.501191527166936,0.7556753800516318,0.8595675367815133,0.8269950297646644,0.7115280983314548,0.7600207404754715,0.8593320112600702,0.5459776155289562,0.0,0.7842485360771325,0.6007020555604856,0.5495880669789295,0.6030481705516797,0.0,0.557893054687978,0.6345315736165996,0.5771820734314381,0.5922762315514675,0.6321747179329928,0.0,0.3143205528028713,0.6981023155686708,0.5433387080818073,0.4114946491596941,0.0,0.6880054201317108,0.30867934175431744,0.6679885995018452,0.5341775330919137,0.6320493337258389,0.0,0.0,0.8066364845098726,0.8876600571598191,0.6179486877450872,0.9040555027905159,0.8883624561064681,0.0,0.0,0.08966131981368841,0.7102766434190548,0.896856304142545,0.0,0.0,0.0,0.5885003315281401,0.0,0.0,0.0,0.856415303024201,0.0,0.8498388616118164,0.6730063005901568,0.0,0.7651848999018535,0.6075948643805126,0.8435557629073072,0.772322760856029,0.0,0.7096399415669753,0.8375622457808124,0.9416876435324059,0.6765384695201635,0.7948771071360542,0.7661637470081469,0.7630700326234203,0.6293015247908722,0.7131504320287236,0.6517168518298291,0.0,0.6611052402150319
0.46774875653249137,0.41360559895976867,0.6910147114134126,0.0,-0.1993860687300829,0.5603201839250143,0.7239806162921124,0.5511432244644839,0.7800366789138884,0.6086690784701079,0.7291657715756676,0.41955987738841594,0.5789111117766585,0.739614888322369,0.7267438631994644,0.6149458917459357,0.8667549097515626,0.5042926529709285,0.0,0.45783855820273106,0.5081190835990379,0.39783102550060623,0.47059285295242825,0.45835050257795973,0.3143205528028713,0.0,0.5974503150125613,0.8743637234169059,0.5381060282915658,0.0,0.49960611083415724,0.4496021277223814,0.6117588814162925,0.45719107022242644,0.49218744466924486,0.6489225563997787,0.0,0.7812623328329117,0.4815571653834834,0.565042700538269,0.6180136597924526,0.7782585232930075,0.0,0.0,0.13585515070924525,0.5677831160965839,0.8718062437095846,0.0,0.0,0.0,0.7112634343619835,0.0,0.0,0.0,0.9579331682484793,0.0,0.9753571521140744,0.6345290457634798,0.0,0.8349693496852068,0.5629485431670826,0.7712152837582603,0.73275611889221,0.0,0.8470820707454848,0.818245718159627,0.675938437044257,0.7208676697455356,0.6526540466431368,0.7191514137085359,0.6809657679220745,0.7739213408578415,0.7948390540777597,0.8636386543049341,0.0,0.6011116646798055
0.7438761936857443,0.5348224262517657,0.5752800289514246,0.8171459279616485,0.6398312074407957,0.4119219347555121,0.5176334319747949,0.5555820976356092,0.5448888626769646,0.8742215138007294,0.7886824008530487,0.7403918539731353,0.5550209949561262,0.853737952769341,0.44735817527967225,0.6137844381852557,0.0,0.9036223216307817,0.4881174202501225,0.6060393485065098,0.570592389726304,0.36914924404724514,0.34086391812813527,0.6644432799272408,0.6981023155686708,0.5974503150125613,0.0,0.5224964179858723,0.48170987938552656,0.5378355210602603,0.5782587955962053,0.5331925002403549,0.5392709537295917,0.6698959686693239,0.7342304870739175,0.846574758825458,0.893550514818997,0.7943993955020889,0.5075363234913235,0.7527967608390493,0.8687085544936822,0.7804831667247862,0.8878733705800663,0.6460290638916607,0.0,0.0,0.6832190717003479,0.8322717252714293,0.0,-0.3270167075948949,0.5698697225633974,0.7473000685260653,0.5656226709401312,0.8218262128855987,0.0,0.7533802540431734,0.0,0.7757711762903241,0.741155928322789,0.8743960454381546,-0.15845418332901762,0.0,0.0,0.741653671456267,0.8566292126167662,0.8372641736574955,0.8595091533738617,0.5552526754711995,0.0,0.0,0.7987374677111386,0.5828774136370318,0.8202886023736472,0.8756737701756092,0.7770124770434885,0.8308645658427757
-0.21725028027658644,0.4288616483329674,0.8881542726481189,0.25740750072491136,0.5164417410432045,0.6108798397455315,0.6278183439886709,0.4763567601683032,0.696452602326869,0.6360496505680038,0.6907295757131249,0.838202956818358,0.3846337408294354,0.6415981032583362,0.7503519676193716,0.8206221578911121,0.8698604692392975,0.8206205537105883,0.8558507578749086,0.15617530733378648,0.7621899000854703,0.11204664997432445,0.48427005123414807,0.8297504090863127,0.5433387080818073,0.8743637234169059,0.5224964179858723,0.0,0.3226330957837434,0.4295475214858382,0.5442987282754949,0.445966824213808,0.9051241652508066,0.3171747919750451,0.7589744340490537,0.3759591174082044,0.2958479898174562,0.8589325449300416,0.2694472757962184,0.0,0.5754348200893324,0.5030027141465245,0.7378392315903706,0.0,0.0,0.0,0.5345081934950289,0.630347399720271,0.0,0.0,0.8404329505638971,0.5677044399095063,0.7706714932201573,0.590552856467721,0.006752106744619402,0.6599770459603521,0.6992554820342192,0.6774280748268222,0.0,0.7467347096584316,0.0,0.0,0.0,0.0,0.7515342890046898,-0.022824678156817435,0.6028497808982507,0.5866799332359789,0.0,0.5864688317485647,0.685065452628453,0.5760748213803915,0.7719809665697486,0.7911057316533131,0.6710595344188673,0.7342210864217212
-0.2905483128948363,0.32380919143881304,0.7022345882807653,0.0,0.19127198601600515,0.4317872158277377,0.40530857908362306,0.4369242234260138,0.6931577153669136,0.7713049036234995,0.0,0.0,0.45775002468085846,0.0,0.8131041049931919,0.4582263491459226,-0.12454904521025889,0.35415904893774963,0.0,0.04777239221240548,0.4281129470246885,0.061258758144132064,0.5372116438044273,0.0,0.4114946491596941,0.5381060282915658,0.48170987938552656,0.3226330957837434,0.0,0.35602341690365913,0.33904954821169536,0.14895331590216318,0.6800578929015304,0.4145352207909455,0.4839047493384943,0.7032884908233933,0.7731838150436775,0.0,0.8488846572575879,0.745596070670977,0.828286994203165,0.7745919439668983,0.7223101901268099,0.0,0.0,0.0,0.7063831408015597,0.7235958983905264,0.0,0.0,0.8199604827873854,0.6279853456291618,0.7971141744531325,0.6799011074948698,0.0,0.0,0.0,0.7049869085933039,0.0,0.8545956285251266,-0.2095728150651427,0.0,-0.12649886502001728,0.0,0.8830031874048608,0.8606121309124263,0.7720768399261231,0.6072747451629256,0.0,0.5198712702221823,0.7560136469203811,0.5882653892869021,0.7563428475083858,0.8405240920943655,0.7185504804356896,0.8319427335706071
0.0,0.0,0.8218826393140671,0.0,0.0,0.6149538023933381,0.8804822106556188,0.79868093742414,0.8294596794149689,0.0,0.0,0.0,0.6320098911790111,0.0,0.8475079792777843,0.8163936069712215,0.0,0.01352295972265305,0.0,0.5924702617057132,-0.0619250539788051,0.524017406830304,0.5583191371817181,0.0,0.0,0.0,0.5378355210602603,0.4295475214858382,0.35602341690365913,0.0,0.7501556865365394,0.7609765199410272,0.6553402859092563,0.9760225225863581,0.9332269433534095,0.7461719031360258,0.0,0.0,0.821366150300474,0.0,0.0,0.0,0.0,0.0,0.0,0.0,0.0,0.0,0.0,0.0,0.7616958007182159,0.0,0.0,0.0,0.0,0.0,0.0,0.0,0.0,0.0,0.0,0.0,0.0,0.0,0.8535670497634608,0.0,0.0,0.8415094823762812,0.0,0.0,0.0,0.8577916942181504,0.6828871642907218,0.7895112792903852,0.0,0.0
0.8250876649408405,0.5458306080279745,0.8825259827730451,0.8531428079348662,0.8848006520026179,0.6928488754192793,0.8475027739884572,0.8424800145317745,0.8736725166829669,0.640916695615375,0.8621883831806396,0.4963827547482324,0.5035408320529611,0.23298471601433646,0.8194185402927014,0.5262863162408936,0.6788892391815012,0.5528369209170768,0.8769771713563805,0.5411497739895423,0.8211847575987845,0.5150036194698656,0.6360401661127411,0.8894915391545265,0.6880054201317108,0.49960611083415724,0.5782587955962053,0.5442987282754949,0.33904954821169536,0.7501556865365394,0.0,0.7990229978355894,0.5248569076798622,0.3191973820161762,0.7916554640650316,0.7472929206168796,0.745870877598894,0.3222250989112072,0.8154746570846075,0.8455827994664671,0.713594121647188,0.05177742274387148,0.0,0.0,0.0,0.7367130087080452,0.9003140031079221,0.6623306512176306,0.0,0.0,0.8119464868352329,0.0,0.7699793944198869,0.616991257461037,0.8967537861192191,0.0,0.9324465908496427,0.6491946992756928,0.0,0.8870668808431447,0.8645735376683447,0.7688614371074928,0.8448414805406591,0.0,0.7533000626536588,-0.008624163252959338,0.5206702458673668,0.860609021323782,0.7302451136435522,0.7413421407160808,0.8999200219559047,0.6304810393769609,0.661314840279491,0.8371966972061425,0.0,0.7192457832231787
0.561943297002081,0.7770023939232291,0.8622973384693019,0.8196788045823766,0.6064896681179685,0.5418686081168588,0.4815986712201899,0.723657366812157,0.7049715982382719,0.30220549560690935,0.7218656032665933,0.7663086637261562,0.529701619230988,0.5924821358517521,0.4048060903500342,0.7917925211375304,0.8635815519465989,0.8373245550977357,0.8003313744050666,0.3631270958571081,0.3525691045798769,0.42895100198771496,0.5567424393653102,0.6909086981910626,0.30867934175431744,0.4496021277223814,0.5331925002403549,0.445966824213808,0.14895331590216318,0.7609765199410272,0.7990229978355894,0.0,0.2957373524531093,0.4597031374441419,0.892598895338131,0.5073889556835013,0.5980095121177197,0.5947861896031875,0.2187253367625272,0.6109490648585028,0.6151450805076362,0.6935956107869263,0.641007694448931,0.6605297784249413,0.7997986853889963,0.7925939413320372,0.563006912450898,0.7362766860450161,0.0,-0.023035208133006302,0.8145624616675298,0.6511622199923837,0.8343467185388422,0.6893184269392054,0.6283473457882244,0.6370078980657973,0.5858592358051057,0.7201351662920763,0.0,0.3977605920578966,0.8242079788925534,0.645165860619935,0.7723540367658613,0.7061846418493714,0.2673817890666679,0.7234919095783897,0.2698346200962705,0.855076838552386,0.496731362141697,0.8588640454613118,0.44545258973409996,0.8328585496970223,0.6276689554982197,0.8203798907722554,0.03094161375650617,0.7745780871030856
0.655898553048952,0.45456075350700414,0.0,0.0,0.0792554780613563,0.8939116993060032,0.6870904922533883,0.8359426787636848,0.8991702051050009,0.7090925958192572,0.8542789634605934,0.7248800738405956,0.8790638901207943,0.0,0.5317430252760447,0.37076075535414765,0.6395661359325684,0.6080272277741319,0.8152148548103769,0.39116540815504736,0.45167019988913887,0.45859274707848374,0.7727638923372534,0.8176191567035653,0.6679885995018452,0.6117588814162925,0.5392709537295917,0.9051241652508066,0.6800578929015304,0.6553402859092563,0.5248569076798622,0.2957373524531093,0.0,0.45323889797926237,0.47976692704829027,0.45364380192379283,0.5643380363974558,0.27567809284030764,0.37800734778789913,0.4353578989421746,0.6185219761013341,0.730751019541775,0.0,0.0,0.8095581034989277,0.8464938345749139,0.5034452900161634,0.0,0.0,0.0,0.0,0.0,0.0,0.0,0.5088517277120745,0.0,0.6654686077223457,0.712910567253073,0.0,0.6528519646780463,0.3522909234392515,0.7376489242825914,0.7088674495538091,0.0,0.850933745012588,0.06370907939030424,0.49398297235232325,0.8694899963420322,0.8908681558574901,0.6553300122310933,0.6979638611900965,0.8043927716491802,0.7435779546523653,0.7400904449744494,0.0,0.7459181111138906
0.7796738774978588,0.44898807351541725,0.9629978887535274,0.6299853189923567,0.9272404647643459,0.7060073875257172,0.4142922910627782,0.8474032328751012,0.8116838592172712,0.47602987083633536,0.7725669886761404,0.6127009179724857,0.4177292077392528,0.09258604144195459,0.48578568333465283,0.30179892044820456,0.595234746926091,0.5759289596475871,0.9248748630906806,0.5541903610658309,0.4342185453692269,0.5680996229863299,0.6519611344703985,0.5228515396293232,0.5341775330919137,0.45719107022242644,0.6698959686693239,0.3171747919750451,0.4145352207909455,0.9760225225863581,0.3191973820161762,0.4597031374441419,0.45323889797926237,0.0,0.3276005586193275,0.5679012820883649,0.4233263644867085,0.3103716284620293,0.6336614268657093,0.6951280910289205,0.653185706747078,0.6767636215367517,0.6383261562056375,0.6260988973088474,0.579152932531237,0.7800463661116886,0.6407539857416873,0.7019760765201379,0.0,0.0,0.7629303215324976,0.5758619409094763,0.7947177398388006,0.582029895895652,0.7420712533656014,0.0,0.8296395531389105,0.4572760661237598,0.0,0.6828403368829971,0.580513462175831,0.7239970450307887,0.8327667564274525,0.0,0.8416360004731877,0.7319599742069094,0.5976322575846902,0.8917058572413828,0.8359394445916644,0.6605547694203613,0.6425603101197555,0.8987114773513513,0.4556168284947518,0.864004010579852,0.0,0.6070589428884908
0.7799798854931796,0.8063275831161294,0.931148594774367,0.8185609645011787,0.8017660790957051,0.8798183077639384,0.798147031825108,0.8288829357778595,0.9664367219369978,0.5724186070890972,0.8933855399518921,0.8753504252514579,0.874448317924634,0.0,0.5575951130573472,0.7828505779484697,0.964058919090399,0.874222974197114,0.8856644865459768,0.6511924336322754,0.8406655940073412,0.6116049224491593,0.9246664131644269,0.827354297295958,0.6320493337258389,0.49218744466924486,0.7342304870739175,0.7589744340490537,0.4839047493384943,0.9332269433534095,0.7916554640650316,0.892598895338131,0.47976692704829027,0.3276005586193275,0.0,0.7512945564498102,0.8040611543221654,0.8894128591725048,0.669462185378691,0.6157927537633145,0.6022279771064388,0.7625883344605658,0.609297800284783,0.7748394763464446,0.7520958446019221,0.0,0.8749545907540813,0.0,0.0,0.0,0.647342651663493,0.5542826598656231,0.0,0.0,0.00827364819951959,0.0,0.6603519651268067,0.49663490071064964,0.0,0.7094779027058813,0.8051018843665154,0.0,0.7442095340440565,0.0,0.6297452860854835,0.14866427318213465,0.40465406415240457,0.8460425853668557,0.0,0.8462017088678107,0.5757160209552474,0.7805444483493972,0.5539932996044704,0.7495541394335898,0.0,0.0
0.0,0.0,0.898140373912648,0.5025054201990977,0.45096069869248057,0.6525331727112403,0.8181962990839666,0.683940186550803,0.8613469467202002,0.5585594058750363,0.6052808714971303,0.7331247011326838,0.6448036104067503,0.735245905569105,0.8572969664239297,0.0,0.0,0.0,0.7208592017878268,0.9392318772352721,0.053932397365533846,0.7704278111884793,0.6046175616674914,0.8161912051255562,0.0,0.6489225563997787,0.846574758825458,0.3759591174082044,0.7032884908233933,0.7461719031360258,0.7472929206168796,0.5073889556835013,0.45364380192379283,0.5679012820883649,0.7512945564498102,0.0,0.3984220209199507,0.7715286350625051,0.5409411990151377,0.0,0.681228037666496,0.8128097018147233,0.8090907291140529,0.9122426627740106,0.0,0.0,0.0,0.7995570272790223,0.0,0.014958548350227807,0.7541232313879278,0.7522125246580734,0.6946577173816131,0.7677331845456628,0.0,0.7045130924842629,0.0,0.7541562490547091,0.05051717588943172,0.0,0.0,0.0,0.0,0.6632187163136639,0.031070949025854333,0.0,0.0,0.8652728164369123,0.0,0.0,0.0,0.7544037034656664,0.7152461503457663,0.6575135632989605,0.0,0.0
0.0,0.0,0.8695708749684024,0.24516120969354277,0.5866112404837719,0.8512039728137196,0.8072045393314812,0.6977469275457907,0.9172883686996994,0.6633389865253243,0.7889111866233971,0.6623472507707326,0.5971244807020556,0.6030952322307359,0.09268850822974067,0.0,0.0,0.0,0.8235430275953995,0.9083283020583787,0.0,0.1607154489308456,0.8043762979003549,0.7898637666983502,0.0,0.0,0.893550514818997,0.2958479898174562,0.7731838150436775,0.0,0.745870877598894,0.5980095121177197,0.5643380363974558,0.4233263644867085,0.8040611543221654,0.3984220209199507,0.0,0.701143046828354,0.629378682106759,0.0,0.6465867750103886,0.7635060261944904,0.03303190031732778,0.0673788983365412,0.0,0.0,0.0,0.0,0.0,0.0,0.0,0.0,0.0,0.0,0.0,0.0,0.0,0.0,0.0,0.0,0.0,0.0,0.0,0.0,0.0,0.0,0.0,0.7462916781654527,0.0,0.0,0.0,0.6917865933208973,0.0,0.0,0.0,0.0
0.8106575974857004,0.0,0.0,0.04583530029838506,0.7867082049635364,0.8048962115912202,0.839955115825042,0.0,0.9282264589761198,0.4562826436359522,0.8821432576514369,0.4006657468760235,0.8411663763294962,0.0,0.0,0.0,0.7524034513190645,0.0014755333688718508,0.7762464626088639,0.0,0.0,0.0,0.7209426465373627,0.5111553499385909,0.8066364845098726,0.7812623328329117,0.7943993955020889,0.8589325449300416,0.0,0.0,0.3222250989112072,0.5947861896031875,0.27567809284030764,0.3103716284620293,0.8894128591725048,0.7715286350625051,0.701143046828354,0.0,0.6047910368396858,0.7730626222495178,0.6534718565873195,0.7884056579237211,0.0,0.0,0.7311610676845564,0.0,0.0,0.0,0.0,0.0,0.0,0.0,0.0,0.0,0.685293114581342,0.0,0.83334554250292,0.0,0.0,0.0,0.0,0.0,0.0,0.0,0.0,0.0,0.0,0.0,0.7269810448990188,0.6951590310002831,0.8166161026284157,0.0,0.6401603195135657,0.0,0.0,0.8075176302796231
0.8616219150702258,0.5858053366084313,0.7153573805090203,0.0,-0.19729850945900596,0.8435922123655228,0.6462454820196557,0.8418869104105634,0.7405534220915267,0.6124916868980831,0.7869956172089763,0.6636454567637431,0.5729600507185995,0.0,0.34455353408052297,0.8374996306559206,0.053930756286451775,0.8620325485207843,0.7103907849012239,0.24713122408567534,0.8306439950200133,0.29712564965314503,0.5779759321558421,0.8573794238145119,0.8876600571598191,0.4815571653834834,0.5075363234913235,0.2694472757962184,0.8488846572575879,0.821366150300474,0.8154746570846075,0.2187253367625272,0.37800734778789913,0.6336614268657093,0.669462185378691,0.5409411990151377,0.629378682106759,0.6047910368396858,0.0,0.5273813156863485,0.31803802556933236,0.849898274217442,0.4484729123711747,0.45602828544045404,0.5740177178433519,0.5596840986243333,0.3855095351308844,0.8075043236682878,0.8336457631765017,0.7692657143850347,0.820044938511205,0.25429710991632665,0.7941887536557939,0.7198253488649163,0.4136857537808988,0.49412601962747904,0.36269813290251635,0.15388664525238915,0.6571363000075219,0.27337060904043176,0.3945982085003899,0.8111646022795722,0.5289721909345334,0.6777615423627016,0.3885420059375993,0.0716329216374404,0.26017549323697026,0.5155882834697236,0.5965680395673669,0.4785593506243943,0.5098045488334112,0.5482441498600894,0.22040173581216033,0.4716385441695039,0.7201882316070839,0.33530235594593505
0.9163228513480477,0.7018951079405948,0.0,0.0,0.0,0.0,0.0,0.0,0.0,0.5764837824324822,0.0,0.7485567820885266,0.5862790626105168,0.0,0.8620603263647335,0.374459545648552,0.8682767587835887,0.7864578450589538,0.0,0.8181953816071734,0.7799952817951528,0.43837448511337807,0.8473836547027995,0.658130646035889,0.6179486877450872,0.565042700538269,0.7527967608390493,0.0,0.745596070670977,0.0,0.8455827994664671,0.6109490648585028,0.4353578989421746,0.6951280910289205,0.6157927537633145,0.0,0.0,0.7730626222495178,0.5273813156863485,0.0,0.363401714226487,0.4048561947202478,0.6851561376898502,0.9928327374867838,0.08509623398283489,0.6556194503733467,0.4422631903824718,0.657597138785465,0.0,0.7337147588943344,0.7552041908433416,0.7808224140466589,0.7004775623254365,0.5117282220103672,0.5049713330612452,0.6461932389619439,0.6530914889614282,0.7245659819953841,0.0,0.6075231781273646,0.3132475450167698,0.5476345138265545,0.5024733142901641,0.6250726545404697,0.4658215966134609,0.8023264121370214,0.4225367429408084,0.5130952095549802,0.624127013216227,0.5072730144415174,0.5921822776989409,0.436602495489637,0.7171800097821543,0.7788944992417335,0.711607913189874,0.4033817277122623
0.02465257861821546,0.8548054954339949,0.679978486464134,0.0,0.0,0.7847450062402475,0.7169989330648625,0.7471317992437304,0.629102874519434,0.7434193030207542,0.0,0.72972339717782,0.4732985777475707,0.0,0.8921846782190597,0.5767090185516583,0.7928574033727958,0.8667730907434944,0.0,0.7749423904550774,0.7874722356363216,0.5529204691909897,0.8418963899750403,0.7312774547215126,0.9040555027905159,0.6180136597924526,0.8687085544936822,0.5754348200893324,0.828286994203165,0.0,0.713594121647188,0.6151450805076362,0.6185219761013341,0.653185706747078,0.6022279771064388,0.681228037666496,0.6465867750103886,0.6534718565873195,0.31803802556933236,0.363401714226487,0.0,0.2489372237002783,0.6953960655036756,0.4646630339003455,0.22104843821472925,0.8025774804631407,0.24025439482509997,0.78634252013046,0.5321153876673936,0.37800374075465415,0.5059962993311027,0.4416522811863216,0.7981979617473846,0.38672924190485736,0.47268290651911415,0.5656055888994396,0.8373745792708889,0.36623007717117023,0.15022508202389961,0.38268246661475425,0.2750337959071412,0.41627988019938245,0.4182281891013215,0.6202910511307198,0.44137987349368446,0.625252140170742,0.39741782214436266,0.5641030850891176,0.8290119001867291,0.41477129302352267,0.3076117567229606,0.48984954063040276,0.3005375014694303,0.320767565297042,0.6827026619509858,0.1230507488473789
0.0,0.885423454081262,0.0,0.0,0.0,0.6595545010609651,0.0,0.0,0.0,0.6076937856049558,0.0,0.06657152176705378,0.44439671769824757,0.0,0.7676070448074903,0.8725021174202077,0.0,0.8328220576685393,0.0,0.7847270860976144,0.7591544701528475,0.4099137940390213,0.8294029661464932,0.0,0.8883624561064681,0.7782585232930075,0.7804831667247862,0.5030027141465245,0.7745919439668983,0.0,0.05177742274387148,0.6935956107869263,0.730751019541775,0.6767636215367517,0.7625883344605658,0.8128097018147233,0.7635060261944904,0.7884056579237211,0.849898274217442,0.4048561947202478,0.2489372237002783,0.0,0.8112116677806759,0.8162232670793672,0.8690647715490698,0.7789141878343164,0.7356375861566485,0.8625257284882475,0.6302284891083744,0.13452123161342988,0.7998365318445041,0.7384543619077194,0.8363135363312096,0.716806259035417,0.43776190786574204,-0.08206264514300388,0.8258795110802672,0.7886049327304008,0.0,0.29435156089946896,0.69704491039692,0.7515648549314091,0.5984077529902097,0.6225804434373908,0.2669007453168757,0.5877374159264941,0.19804995961104718,0.8260128633076311,0.7577257691398418,0.49239569170389574,0.2936255042505244,0.8187858841903581,0.7455965229093876,0.2126468608805751,0.6618531727871715,0.5458975172322607
0.0,0.0,0.8475291219236971,0.0,0.1193363278134037,0.8539529409905395,-0.0744591389088729,0.7732905596920091,0.8174795749317616,0.0,0.08446596372777493,0.0,0.7112530881324678,0.14228764374789848,0.0,0.0,0.0,0.0,0.813680705406283,0.7348984196737072,0.0,0.0,0.8390886068635439,0.0,0.0,0.0,0.8878733705800663,0.7378392315903706,0.7223101901268099,0.0,0.0,0.641007694448931,0.0,0.6383261562056375,0.609297800284783,0.8090907291140529,0.03303190031732778,0.0,0.4484729123711747,0.6851561376898502,0.6953960655036756,0.8112116677806759,0.0,0.3712052587973816,0.7041074016180422,0.0,0.0,0.4737991636896854,0.5798326949253787,0.4219724558366437,0.6296534428263416,0.6182850335813337,0.702347934002966,0.29516799818305095,0.7671599749048067,0.1753652073790653,0.6941340773767082,0.5667325351020281,0.6316013750481847,0.7422972431624825,0.0,0.7952414629826171,0.001172979394314988,0.28794164132215627,0.7970588688209865,0.028771559095053245,0.7704641325962883,0.35705376564730407,0.16075177201732738,0.10499252349797955,0.16262165367215153,0.6612933576513478,0.5748682832604286,0.81562800787695,0.0,0.7320013364060114
0.0,0.0,0.0,0.0,0.0,0.0,0.0,0.0,0.0,0.0,0.0,0.0,0.0,0.0,0.0,0.0,0.0,0.0,0.0,0.0,0.0,0.0,0.671179715536935,0.0,0.0,0.0,0.6460290638916607,0.0,0.0,0.0,0.0,0.6605297784249413,0.0,0.6260988973088474,0.7748394763464446,0.9122426627740106,0.0673788983365412,0.0,0.45602828544045404,0.9928327374867838,0.4646630339003455,0.8162232670793672,0.3712052587973816,0.0,0.7947451946571727,0.0,0.0,0.7606261728437276,0.6127124602667627,0.587141178049015,0.8414305800767091,0.9528277404402925,0.76914858525402,0.6809281389945442,0.6115877656860937,0.5073636743145811,0.7804278061540831,0.6768001583190479,0.5116342028711571,0.0,0.0,0.0,0.0,0.5909156944208805,0.8283066293525901,0.0,0.0,0.5671741850798506,0.0,0.0,0.0,0.8412814932389846,0.8894608777545947,0.8948071060378859,0.0,0.6680028373363767
0.0,0.0,0.0,0.0,0.0,0.0,0.0,0.0,0.0,0.8203445727047793,0.0,0.7105315194987873,0.0,0.0,0.0,0.0,0.0,0.0,0.0,0.0,0.0,0.0,0.0,0.7613084192132566,0.08966131981368841,0.13585515070924525,0.0,0.0,0.0,0.0,0.0,0.7997986853889963,0.8095581034989277,0.579152932531237,0.7520958446019221,0.0,0.0,0.7311610676845564,0.5740177178433519,0.08509623398283489,0.22104843821472925,0.8690647715490698,0.7041074016180422,0.7947451946571727,0.0,0.7831787067059814,0.0,0.0,0.0,0.6558012366574612,0.653204140347374,0.7756400802836153,0.0,0.49566326521104465,0.2607218738930277,0.5972337858714712,0.4862259093461012,0.7262202914385327,0.0,0.0,0.0,0.6562491678651629,0.664432314037356,0.5346109553354135,0.0,0.0,0.0,0.677443558680847,0.41372817088756697,0.7858341230071458,0.6937710100205569,0.7190746500725524,0.7270191957064256,0.0,0.0,0.6870146483069021
0.6004582045688718,0.867430948349495,0.0,0.0,0.0,0.0,0.0,0.0,0.0,0.8263363337249852,0.0,0.7879195471522973,0.0,0.0,0.0,0.8876645217827734,0.0,0.7186030207878018,0.0,0.0,0.7318782671401124,0.7791243227264694,0.0,0.7259669982992346,0.7102766434190548,0.5677831160965839,0.0,0.0,0.0,0.0,0.7367130087080452,0.7925939413320372,0.8464938345749139,0.7800463661116886,0.0,0.0,0.0,0.0,0.5596840986243333,0.6556194503733467,0.8025774804631407,0.7789141878343164,0.0,0.0,0.7831787067059814,0.0,0.6769275914672945,0.0,0.0,0.0,0.7592629550496156,0.0,0.5937948898068681,0.0,-0.03481668147992523,0.0,0.8179185109474068,0.7370135683574731,0.7152095259793362,0.7452575934313961,0.5801914891842689,-0.011541260965007016,0.5121007122463985,0.0,0.7813670295220362,0.537661911869743,0.9011808822780782,0.46727610398344793,0.5484222931542624,0.5414462872650165,0.5897173660958965,0.8096752337314093,0.6550424002781274,0.822271942231906,0.0,0.8101953044820729
0.6706834141862006,0.9025278576539895,0.0,0.0,0.0,0.6333920342861177,0.0,0.0,0.0,0.0,0.0,0.0,0.5691610525162625,0.0,0.8253561736891444,0.6772981168317629,0.0,0.6585597852656468,0.0,0.7282905653409679,0.5802228261423779,0.6382508407886253,0.74186354818314,0.8129041489415347,0.896856304142545,0.8718062437095846,0.6832190717003479,0.5345081934950289,0.7063831408015597,0.0,0.9003140031079221,0.563006912450898,0.5034452900161634,0.6407539857416873,0.8749545907540813,0.0,0.0,0.0,0.3855095351308844,0.4422631903824718,0.24025439482509997,0.7356375861566485,0.0,0.0,0.0,0.6769275914672945,0.0,0.6243237903104696,0.0,-0.0034762896334977755,0.35436649931803166,0.7401828613503346,0.7836279996010279,0.648923509772185,0.7617475311492746,0.0,0.0,0.7182739642232913,0.0,0.5506055088499984,0.42405104436643193,0.0911573060992309,0.3446699387070569,0.0,0.4876746713116346,0.5848488408923882,0.4671969341196821,0.5250540002754414,0.0,0.5321272338660767,0.47728944816557045,0.3808794181422756,0.7322983802724599,0.4420610930600107,0.0,0.8141956194614473
0.0,0.0,0.7561067417074027,0.0,0.5815765844915018,0.7963900366172768,0.5985576210882663,0.8087597700655053,0.8468113464465862,0.0,0.861085163840653,0.0,0.6967685640142499,0.6858527132044426,0.0,0.0,0.0,0.0,0.8730810009224442,0.0,0.0,0.0,0.6959297486213889,0.0,0.0,0.0,0.8322717252714293,0.630347399720271,0.7235958983905264,0.0,0.6623306512176306,0.7362766860450161,0.0,0.7019760765201379,0.0,0.7995570272790223,0.0,0.0,0.8075043236682878,0.657597138785465,0.78634252013046,0.8625257284882475,0.4737991636896854,0.7606261728437276,0.0,0.0,0.6243237903104696,0.0,-0.020520012464719017,0.20393346184769606,0.4360080581459997,0.2758093620461199,0.470552516180602,0.4556899249539898,0.5547935036721874,0.13000456016973644,0.663163341458044,0.4152882138213883,0.27070338036798,0.0,0.0,0.0,0.0,0.25376007932728695,0.0,0.7913914535400224,0.6960273907952189,0.3411134396349809,0.0,0.5927374407215071,0.7295803925577822,0.5214628256811872,0.7035369803917733,0.8472879820168229,0.7701266516678498,0.7086928897757803
0.0,0.0,0.0,0.0,0.0,0.0,0.0,0.0,0.0,0.0,0.0,0.0,0.0,0.0,0.0,0.0,0.0,0.0,0.0,0.0,0.0,0.0,0.0,0.0,0.0,0.0,0.0,0.0,0.0,0.0,0.0,0.0,0.0,0.0,0.0,0.0,0.0,0.0,0.8336457631765017,0.0,0.5321153876673936,0.6302284891083744,0.5798326949253787,0.6127124602667627,0.0,0.0,0.0,-0.020520012464719017,0.0,0.5115083279319581,0.7885773201767032,0.7493018773143573,0.7071023917685193,0.6327400195511869,0.0,0.6129882402179707,0.0,0.7977021881720765,0.686622216573073,0.0,0.0,0.0,0.0,0.5534586217191598,0.0,0.0,0.0,0.6941687984007994,0.0,0.0,0.0,0.8123264352487064,0.8333455986755741,0.0,0.0,0.17729247654512775
0.0,0.0,0.6478604842481144,0.0,-0.01454176890687603,0.6285384299807774,0.0,0.679847751500153,-0.33164587535181167,0.0,-0.03896653832805341,0.0,0.0,0.0,0.0,0.0,0.0,0.0,-0.0865089754636148,0.0,0.0,0.0,-0.31496805543512185,0.0,0.0,0.0,-0.3270167075948949,0.0,0.0,0.0,0.0,-0.023035208133006302,0.0,0.0,0.0,0.014958548350227807,0.0,0.0,0.7692657143850347,0.7337147588943344,0.37800374075465415,0.13452123161342988,0.4219724558366437,0.587141178049015,0.6558012366574612,0.0,-0.0034762896334977755,0.20393346184769606,0.5115083279319581,0.0,0.10821180932955266,0.382945731108827,0.609550923466054,0.12999801925210203,0.7633256226884985,0.06681615098576504,0.7221905194960367,0.3475786552952888,0.5071195295427445,0.0,0.0,0.0,0.0,0.06753639058279565,0.0,0.0,-0.032836263454049885,0.2658985553168993,0.0,-0.09504474603833057,-0.12901062637499983,0.6250049017775591,0.42373010170384295,0.05427030240759512,0.0,0.7709956831897218
0.788514144710553,0.6606011418883655,0.8300818909715872,0.0,-0.2589385916527748,0.5547554483991086,0.7053210573626398,0.8287920054026321,0.8125288116920276,0.0,0.812568987821415,0.0,0.6990660836951809,0.0,0.7990298203386708,0.6344063341801515,0.0,0.0,0.7684067864517632,0.7716218612860656,0.8706212701932898,0.7884288257486451,0.5454498308162319,0.0,0.5885003315281401,0.7112634343619835,0.5698697225633974,0.8404329505638971,0.8199604827873854,0.7616958007182159,0.8119464868352329,0.8145624616675298,0.0,0.7629303215324976,0.647342651663493,0.7541232313879278,0.0,0.0,0.820044938511205,0.7552041908433416,0.5059962993311027,0.7998365318445041,0.6296534428263416,0.8414305800767091,0.653204140347374,0.7592629550496156,0.35436649931803166,0.4360080581459997,0.7885773201767032,0.10821180932955266,0.0,0.2722223317993689,0.5852119846822793,0.2864843830636794,0.6912686729210289,0.353375309879126,0.68442531329267,0.42833255123478664,0.08210468330026677,0.7835960670075297,0.7548727368435996,0.7142912336203977,0.7496064326696028,0.6480276126597737,0.5973113279313782,0.8184452100743961,0.42461830968783637,0.4159055310612419,0.650448139495007,0.7477897809235198,0.459907742335217,0.3739393220626902,0.4619031582783196,0.5344429326238795,0.7620858342004208,0.5414549519779914
0.0,0.0,0.6399977994863221,0.0,-0.16576041445378448,0.7395324161757817,0.6041757427025269,0.789027742790874,0.6224562157428899,0.0,0.7588329136842318,0.0,0.5512711100658687,0.0,0.0,0.0,0.0,0.0,0.6928763719824159,0.0,0.0,0.0,0.5548485039107918,0.0,0.0,0.0,0.7473000685260653,0.5677044399095063,0.6279853456291618,0.0,0.0,0.6511622199923837,0.0,0.5758619409094763,0.5542826598656231,0.7522125246580734,0.0,0.0,0.25429710991632665,0.7808224140466589,0.4416522811863216,0.7384543619077194,0.6182850335813337,0.9528277404402925,0.7756400802836153,0.0,0.7401828613503346,0.2758093620461199,0.7493018773143573,0.382945731108827,0.2722223317993689,0.0,0.4726224379377597,0.20386462178371756,0.7958007484854045,0.1537304975756622,0.766963657678338,0.33550023055838685,0.3245870527149846,0.0,0.746764294272362,0.7260365839463481,0.7371573092055996,0.656881769031368,0.7512338985416221,0.7336314938658056,0.6923715957147598,0.4120548027269805,0.8498129728257644,0.7408125332155368,0.7339651068877228,0.4435176351739676,0.5380552282790252,0.7943725189522364,0.0,0.4693236668463499
0.0,0.0,0.8562891467194788,0.0,-0.04939975683030717,0.5970770190983025,0.7524832417943129,0.5329739475452784,0.8560112688877951,0.0,0.7859788409683632,0.0,0.7361375664250348,0.015018024168020228,0.9223217269973221,0.0,0.0,0.0,0.8315606330750517,0.8694932754350468,0.726666341122483,0.02960604000634215,0.5871376676413821,0.0,0.0,0.0,0.5656226709401312,0.7706714932201573,0.7971141744531325,0.0,0.7699793944198869,0.8343467185388422,0.0,0.7947177398388006,0.0,0.6946577173816131,0.0,0.0,0.7941887536557939,0.7004775623254365,0.7981979617473846,0.8363135363312096,0.702347934002966,0.76914858525402,0.0,0.5937948898068681,0.7836279996010279,0.470552516180602,0.7071023917685193,0.609550923466054,0.5852119846822793,0.4726224379377597,0.0,0.49193668033550353,0.591839490325524,0.2381170858703771,0.7907170080341583,0.5026132835432372,0.2503897437516871,0.8025150707339757,-0.32022021038129966,0.0,-0.13843296855296916,0.6900556879130509,0.7880675355601771,0.3770046935538262,0.7907801381479116,0.41455533991683297,0.8467305001233222,0.8196858465107586,0.5766489305511101,0.46200447142853335,0.3951649916814543,0.8831122889841067,0.7568855385269813,0.7789344334615257
0.0,0.0,0.8604102806111007,0.0,0.6387777971937186,0.8388668333298515,0.6185125786555037,0.8110269015936387,0.6931743089615293,0.0,0.8382881761468944,0.0,0.554206748412279,0.6705157767460403,0.0,0.0,0.0,0.0,0.8256915069449295,0.0,0.0,0.0,0.7902524494722438,0.0,0.0,0.0,0.8218262128855987,0.590552856467721,0.6799011074948698,0.0,0.616991257461037,0.6893184269392054,0.0,0.582029895895652,0.0,0.7677331845456628,0.0,0.0,0.7198253488649163,0.5117282220103672,0.38672924190485736,0.716806259035417,0.29516799818305095,0.6809281389945442,0.49566326521104465,0.0,0.648923509772185,0.4556899249539898,0.6327400195511869,0.12999801925210203,0.2864843830636794,0.20386462178371756,0.49193668033550353,0.0,0.6165474932220496,0.2749225096723764,0.5910214065238184,0.4178169400934606,0.667547712525721,0.0,0.0,0.49150700933411406,0.515531315555201,0.16665490091458152,0.6886582291599204,0.0,0.6726052045778725,0.31989421956410763,0.5906235942559093,0.5074641576344793,0.5875257391688902,0.16365543373424013,0.6384219839820824,0.7521332606911005,0.6618876261669873,0.32475214563789523
0.8516527019391362,0.0,0.0,0.0,0.0,0.0,0.0,0.0,0.0,0.7233707791221227,0.0,0.65708158311796,-0.027105874202738633,0.0,0.0,0.0,0.848324289964788,0.88726758111318,0.0,0.0,0.0,0.0,0.0,0.5001427589316635,0.856415303024201,0.9579331682484793,0.0,0.006752106744619402,0.0,0.0,0.8967537861192191,0.6283473457882244,0.5088517277120745,0.7420712533656014,0.00827364819951959,0.0,0.0,0.685293114581342,0.4136857537808988,0.5049713330612452,0.47268290651911415,0.43776190786574204,0.7671599749048067,0.6115877656860937,0.2607218738930277,-0.03481668147992523,0.7617475311492746,0.5547935036721874,0.0,0.7633256226884985,0.6912686729210289,0.7958007484854045,0.591839490325524,0.6165474932220496,0.0,0.606893506495763,0.590464260283873,0.7745405426597265,0.1955020445050224,0.0,0.8624807880658861,0.5002495711728046,0.5083149554741158,0.5654960008935723,0.8141041975925918,0.0,0.8189218001209678,0.7133318190434932,0.4085431191882531,0.5999086603331583,0.48734394750819826,0.7201016598105442,0.346944227236561,0.7476097310438202,0.0,0.36379606579678303
0.0,0.0,0.671492134944852,0.0,0.6107601174263421,0.7626909873085899,0.6181759925215838,0.6917578546099734,0.610915154387202,0.0,0.28196533857002215,0.0,0.6945528020869057,0.63913704101637,0.0,0.0,0.0,0.0,0.4334125843711293,0.0,0.0,0.0,0.7608349201300776,0.0,0.0,0.0,0.7533802540431734,0.6599770459603521,0.0,0.0,0.0,0.6370078980657973,0.0,0.0,0.0,0.7045130924842629,0.0,0.0,0.49412601962747904,0.6461932389619439,0.5656055888994396,-0.08206264514300388,0.1753652073790653,0.5073636743145811,0.5972337858714712,0.0,0.0,0.13000456016973644,0.6129882402179707,0.06681615098576504,0.353375309879126,0.1537304975756622,0.2381170858703771,0.2749225096723764,0.606893506495763,0.0,0.6281279041564826,0.24115303987497955,0.1752443994448742,0.0,0.0,0.6402822219199982,0.6070526131534894,-0.004901859052400592,0.0,0.0,0.0,0.2712977417950224,0.8877459157453298,0.6692033049201076,0.753941516679288,0.7158642351243576,0.28071827525292964,0.0,0.0,0.5263911238957582
0.0,0.0,0.0,0.0,0.0,0.0,0.0,0.0,0.0,0.8225908117549705,0.0,0.8138488781644606,0.5615908053802985,0.0,0.0,0.0,0.9386392358421628,0.9552501065721286,0.0,0.0,0.0,0.0,0.0,0.6509892868492069,0.8498388616118164,0.9753571521140744,0.0,0.6992554820342192,0.0,0.0,0.9324465908496427,0.5858592358051057,0.6654686077223457,0.8296395531389105,0.6603519651268067,0.0,0.0,0.83334554250292,0.36269813290251635,0.6530914889614282,0.8373745792708889,0.8258795110802672,0.6941340773767082,0.7804278061540831,0.4862259093461012,0.8179185109474068,0.0,0.663163341458044,0.0,0.7221905194960367,0.68442531329267,0.766963657678338,0.7907170080341583,0.5910214065238184,0.590464260283873,0.6281279041564826,0.0,0.8280543015074615,0.0,0.0,0.7435586936279952,0.7512224599054613,0.7460945803965311,0.5754466423484422,0.0,0.8375500291664049,0.6957018185540143,-0.15135972390036445,0.6586140728307305,0.65959664823019,0.499019408591421,0.7575544182626036,0.8556651699554998,0.7067695095384539,0.0,0.5429774146283048
0.0,0.6170484278953283,0.7055979160573846,0.0,0.6441114119124745,0.7602955902674666,0.5323918459426588,0.7584534470993927,0.6676130338668478,0.6758076732238696,0.6940417050097804,0.7593935188964582,0.5747367289976508,0.0,0.7054040363124903,0.0,0.0,0.0,0.6113346271454276,0.662026516270018,0.7473101179862127,0.6156423828238573,0.5130955558507672,0.0,0.6730063005901568,0.6345290457634798,0.7757711762903241,0.6774280748268222,0.7049869085933039,0.0,0.6491946992756928,0.7201351662920763,0.712910567253073,0.4572760661237598,0.49663490071064964,0.7541562490547091,0.0,0.0,0.15388664525238915,0.7245659819953841,0.36623007717117023,0.7886049327304008,0.5667325351020281,0.6768001583190479,0.7262202914385327,0.7370135683574731,0.7182739642232913,0.4152882138213883,0.7977021881720765,0.3475786552952888,0.42833255123478664,0.33550023055838685,0.5026132835432372,0.4178169400934606,0.7745405426597265,0.24115303987497955,0.8280543015074615,0.0,0.7548537137605538,0.6670624926039621,0.6594942265071851,0.8073176207721562,0.7104283647671262,0.589282849998572,0.6031020950921966,0.7240357902317892,0.34994936774268476,0.5385586773322404,0.7262464875488959,0.6949742090424014,0.7456801773949912,0.5160174280163387,0.3666383115542069,0.44267287857247506,0.6297760595914358,0.47279557076469636
0.0,0.0,0.6784885254107305,0.0,0.0,0.0,0.0,0.020611398452797358,0.03618542456049845,0.0,0.07090614230339243,0.0,0.0,0.0,0.0,0.0,0.0,0.0,0.7610000682298645,0.0,0.0,0.0,0.8417809014990061,0.0,0.0,0.0,0.741155928322789,0.0,0.0,0.0,0.0,0.0,0.0,0.0,0.0,0.05051717588943172,0.0,0.0,0.6571363000075219,0.0,0.15022508202389961,0.0,0.6316013750481847,0.5116342028711571,0.0,0.7152095259793362,0.0,0.27070338036798,0.686622216573073,0.5071195295427445,0.08210468330026677,0.3245870527149846,0.2503897437516871,0.667547712525721,0.1955020445050224,0.1752443994448742,0.0,0.7548537137605538,0.0,0.0,0.0,0.0,0.0,0.05779884589131945,0.0,0.7466294753996195,0.0,0.17201488223307881,0.0,0.0,0.02070090418931192,0.7276336507578178,0.7475626138725868,0.0,0.0,0.11097760173115628
0.0,0.9149727384644085,0.0,0.0,0.0,0.7831086028629015,0.0,0.8895639108549709,0.0,0.0,0.0,0.0,0.5985547674870508,0.0,0.7833419959354329,0.856365522134188,0.0,0.0,0.0,0.8936110375386317,0.6651397668609238,0.7204793303769254,0.7177206143535185,0.0,0.7651848999018535,0.8349693496852068,0.8743960454381546,0.7467347096584316,0.8545956285251266,0.0,0.8870668808431447,0.3977605920578966,0.6528519646780463,0.6828403368829971,0.7094779027058813,0.0,0.0,0.0,0.27337060904043176,0.6075231781273646,0.38268246661475425,0.29435156089946896,0.7422972431624825,0.0,0.0,0.7452575934313961,0.5506055088499984,0.0,0.0,0.0,0.7835960670075297,0.0,0.8025150707339757,0.0,0.0,0.0,0.0,0.6670624926039621,0.0,0.0,0.7993619086239093,0.0,0.7102817491047269,0.0,0.6890769755137676,0.5924395071054678,0.5686811356930684,0.5397657163784294,0.7540683113255731,0.7741994461972098,0.4674820617291294,0.5162309123049484,0.6079362739814409,0.8644267691785145,0.7139536524230997,0.8311625141164453
0.5810496725405415,0.622044018141084,0.0,0.0,0.0,-0.09049361376488241,0.0,0.0,0.0,0.8172051973054726,0.0,0.0,0.0,0.0,0.6637030674128286,0.5109382643950849,0.0,0.5613295599885761,0.0,0.576405558499848,0.750459460244472,0.7801195992407485,0.6341872885460809,0.8785425752556655,0.6075948643805126,0.5629485431670826,-0.15845418332901762,0.0,-0.2095728150651427,0.0,0.8645735376683447,0.8242079788925534,0.3522909234392515,0.580513462175831,0.8051018843665154,0.0,0.0,0.0,0.3945982085003899,0.3132475450167698,0.2750337959071412,0.69704491039692,0.0,0.0,0.0,0.5801914891842689,0.42405104436643193,0.0,0.0,0.0,0.7548727368435996,0.746764294272362,-0.32022021038129966,0.0,0.8624807880658861,0.0,0.7435586936279952,0.6594942265071851,0.0,0.7993619086239093,0.0,0.8192237073961485,0.4620666940146772,0.0,0.4880301384379578,0.8222713053882904,0.20423788007996102,0.837370974496984,0.8124240325387162,0.35184431992095544,0.4708791390878887,0.7757457676783703,0.6739965475834603,0.7951493317475165,0.0,0.4332252707807308
0.0,0.0,0.0,0.0,0.0,0.0,0.0,0.0,0.0,0.890864574251708,0.0,0.9187521495894395,0.0,0.0,0.0,0.0,0.887248579233788,0.9787926159886435,0.0,0.0,0.0,0.0,0.0,0.8033667178009615,0.8435557629073072,0.7712152837582603,0.0,0.0,0.0,0.0,0.7688614371074928,0.645165860619935,0.7376489242825914,0.7239970450307887,0.0,0.0,0.0,0.0,0.8111646022795722,0.5476345138265545,0.41627988019938245,0.7515648549314091,0.7952414629826171,0.0,0.6562491678651629,-0.011541260965007016,0.0911573060992309,0.0,0.0,0.0,0.7142912336203977,0.7260365839463481,0.0,0.49150700933411406,0.5002495711728046,0.6402822219199982,0.7512224599054613,0.8073176207721562,0.0,0.0,0.8192237073961485,0.0,0.5230271315566047,0.0,0.7805736125628487,0.0,0.8652137832985832,0.6076802349998306,0.6163730993389409,0.6000381658067407,0.728315279795308,-0.03923026378998162,0.8219704035283478,0.8237886197178177,0.0,0.5217001220443648
0.8810295404311222,0.8873158260777195,0.0,0.0,0.0,0.0,0.0,0.0,0.0,0.9135219163733667,0.0,0.9320411321717921,0.0,0.0,0.0,0.8691790392384047,0.8663264949155309,0.7520290312452786,0.0,0.532043185000248,0.0,0.6752764906699036,0.0,0.6895593696334801,0.772322760856029,0.73275611889221,0.0,0.0,-0.12649886502001728,0.0,0.8448414805406591,0.7723540367658613,0.7088674495538091,0.8327667564274525,0.7442095340440565,0.0,0.0,0.0,0.5289721909345334,0.5024733142901641,0.4182281891013215,0.5984077529902097,0.001172979394314988,0.0,0.664432314037356,0.5121007122463985,0.3446699387070569,0.0,0.0,0.0,0.7496064326696028,0.7371573092055996,-0.13843296855296916,0.515531315555201,0.5083149554741158,0.6070526131534894,0.7460945803965311,0.7104283647671262,0.0,0.7102817491047269,0.4620666940146772,0.5230271315566047,0.0,0.0,0.7780802238290472,0.7732224693184593,0.43134938290517383,0.7848220886660839,0.7368423949763968,0.4993044705049714,0.3763541960283718,0.7388963422206413,0.7388568003754519,0.7788052768794094,0.0,0.4476697720315237
0.0,0.0,0.7314914816242362,0.0,-0.01741096592130531,0.7746231811194129,-0.02237729771727015,0.7871492452280304,0.7355782358351877,0.0,0.8476403247590789,0.0,0.638580680823051,0.6865542347813093,0.0,0.0,0.0,0.0,0.716241297497262,0.0,0.0,0.0,0.7652709852503278,0.0,0.0,0.0,0.741653671456267,0.0,0.0,0.0,0.0,0.7061846418493714,0.0,0.0,0.0,0.6632187163136639,0.0,0.0,0.6777615423627016,0.6250726545404697,0.6202910511307198,0.6225804434373908,0.28794164132215627,0.5909156944208805,0.5346109553354135,0.0,0.0,0.25376007932728695,0.5534586217191598,0.06753639058279565,0.6480276126597737,0.656881769031368,0.6900556879130509,0.16665490091458152,0.5654960008935723,-0.004901859052400592,0.5754466423484422,0.589282849998572,0.05779884589131945,0.0,0.0,0.0,0.0,0.0,0.0,0.0,0.0,0.38288279871656006,0.0,-0.04338275878823128,-0.022151837508423866,0.44146284533699903,0.5692167236544048,0.0,0.0,0.5484849417989914
0.0,0.8597440531290715,0.0,0.0,0.0,0.7011559157959902,0.0,0.05987606647989763,0.0,0.0,0.0,0.0,0.5765074962503381,0.0,0.8286781730350059,0.7455617026925528,0.0,0.0,0.0,0.8476931472206949,0.669815316946699,0.5667552829971447,0.6976503192252941,0.0,0.7096399415669753,0.8470820707454848,0.8566292126167662,0.7515342890046898,0.8830031874048608,0.8535670497634608,0.7533000626536588,0.2673817890666679,0.850933745012588,0.8416360004731877,0.6297452860854835,0.031070949025854333,0.0,0.0,0.3885420059375993,0.4658215966134609,0.44137987349368446,0.2669007453168757,0.7970588688209865,0.8283066293525901,0.0,0.7813670295220362,0.4876746713116346,0.0,0.0,0.0,0.5973113279313782,0.7512338985416221,0.7880675355601771,0.6886582291599204,0.8141041975925918,0.0,0.0,0.6031020950921966,0.0,0.6890769755137676,0.4880301384379578,0.7805736125628487,0.7780802238290472,0.0,0.0,0.46616197947747123,0.5204241533687597,0.28498292081119136,0.7297012791293558,0.7695495507150298,0.5476793991039859,0.6347057932935187,0.657652445828963,0.48778336890178614,0.5842169806097113,0.6039293990158033
0.6096399716978469,0.8796509942959898,0.0,0.0,0.0,0.7475416532116108,0.0,0.0582272021840371,0.0,0.0,0.0,0.0,0.0,0.0,0.5404880391360137,-0.032470867707876105,0.0,0.0,0.0,0.8853716101287529,0.607639617248037,0.6008194999007089,0.7972488132429416,0.0,0.8375622457808124,0.818245718159627,0.8372641736574955,-0.022824678156817435,0.8606121309124263,0.0,-0.008624163252959338,0.7234919095783897,0.06370907939030424,0.7319599742069094,0.14866427318213465,0.0,0.0,0.0,0.0716329216374404,0.8023264121370214,0.625252140170742,0.5877374159264941,0.028771559095053245,0.0,0.0,0.537661911869743,0.5848488408923882,0.7913914535400224,0.0,0.0,0.8184452100743961,0.7336314938658056,0.3770046935538262,0.0,0.0,0.0,0.8375500291664049,0.7240357902317892,0.7466294753996195,0.5924395071054678,0.8222713053882904,0.0,0.7732224693184593,0.0,0.46616197947747123,0.0,0.5065296480960086,0.49448461005384164,0.888177291743976,0.8380971034214554,0.5839482272995279,0.38083547238940735,0.7232979243939669,0.5383799849317736,0.6687402235726001,0.6855634360842889
0.8991117804778221,0.9067886067761395,0.0,0.0,0.0,0.7178115840435884,0.0,0.0,0.0,0.0,0.0,0.0,0.6287882646937409,0.0,0.7914792937277277,0.5686373451205139,0.0,0.7848326548273727,0.0,0.7130244779711167,0.6798649630789366,0.6631704529375497,0.9064084418188352,0.0,0.9416876435324059,0.675938437044257,0.8595091533738617,0.6028497808982507,0.7720768399261231,0.0,0.5206702458673668,0.2698346200962705,0.49398297235232325,0.5976322575846902,0.40465406415240457,0.0,0.0,0.0,0.26017549323697026,0.4225367429408084,0.39741782214436266,0.19804995961104718,0.7704641325962883,0.0,0.0,0.9011808822780782,0.4671969341196821,0.6960273907952189,0.0,-0.032836263454049885,0.42461830968783637,0.6923715957147598,0.7907801381479116,0.6726052045778725,0.8189218001209678,0.0,0.6957018185540143,0.34994936774268476,0.0,0.5686811356930684,0.20423788007996102,0.8652137832985832,0.43134938290517383,0.0,0.5204241533687597,0.5065296480960086,0.0,0.5778345673254696,0.0,0.4870307802567786,0.4883089493355304,0.3741424299462145,0.49987338367654705,0.46941190759212176,0.44087646307237804,0.469233308345522
0.0,0.750458162357443,0.8260527064920548,0.0,0.8406115378424629,0.5389936851485364,0.7874982053007719,0.5333591280340276,0.8281619243305391,0.0,0.8192765974128126,0.0,0.5831863975884674,0.7082737947621052,0.7649247923219563,0.7163381043078992,0.0,0.0,0.8166948742180249,0.8241295936375661,0.6013600167058902,0.5831537418926651,0.7037743216711236,0.0,0.6765384695201635,0.7208676697455356,0.5552526754711995,0.5866799332359789,0.6072747451629256,0.8415094823762812,0.860609021323782,0.855076838552386,0.8694899963420322,0.8917058572413828,0.8460425853668557,0.8652728164369123,0.7462916781654527,0.0,0.5155882834697236,0.5130952095549802,0.5641030850891176,0.8260128633076311,0.35705376564730407,0.5671741850798506,0.677443558680847,0.46727610398344793,0.5250540002754414,0.3411134396349809,0.6941687984007994,0.2658985553168993,0.4159055310612419,0.4120548027269805,0.41455533991683297,0.31989421956410763,0.7133318190434932,0.2712977417950224,-0.15135972390036445,0.5385586773322404,0.17201488223307881,0.5397657163784294,0.837370974496984,0.6076802349998306,0.7848220886660839,0.38288279871656006,0.28498292081119136,0.49448461005384164,0.5778345673254696,0.0,0.8296756758633351,0.8145564038985745,0.5334395839281582,0.43451127430109593,0.47322552983414834,0.5306212527029004,0.4936093981252606,0.5602556252346623
0.15296883680467344,0.0,0.0,0.0,0.0,0.0,0.0,0.0,0.0,0.841433595611732,0.0,0.8404495778555806,0.0,0.0,0.0,0.0,0.8937513350241375,0.8904110265790925,0.0,0.0,0.0,0.0,0.0,0.41695974426786153,0.7948771071360542,0.6526540466431368,0.0,0.0,0.0,0.0,0.7302451136435522,0.496731362141697,0.8908681558574901,0.8359394445916644,0.0,0.0,0.0,0.7269810448990188,0.5965680395673669,0.624127013216227,0.8290119001867291,0.7577257691398418,0.16075177201732738,0.0,0.41372817088756697,0.5484222931542624,0.0,0.0,0.0,0.0,0.650448139495007,0.8498129728257644,0.8467305001233222,0.5906235942559093,0.4085431191882531,0.8877459157453298,0.6586140728307305,0.7262464875488959,0.0,0.7540683113255731,0.8124240325387162,0.6163730993389409,0.7368423949763968,0.0,0.7297012791293558,0.888177291743976,0.0,0.8296756758633351,0.0,0.7642306126126897,0.6316627564608683,0.7986367721756882,0.7997185514116235,0.0,0.0,0.7658326722013652
0.6665190052078116,0.8842142346914936,0.0,0.0,0.0,-0.08726970371084519,0.0,0.0,0.0,0.9424607675831033,0.0,0.9466328217692772,0.6445338051351093,0.0,0.658883482509527,0.6948952926555243,0.943556621439684,0.7611524069230526,0.0,0.6192623166946919,0.775457088955929,0.7812089775482803,0.618333870786105,0.6831585567581457,0.7661637470081469,0.7191514137085359,0.0,0.5864688317485647,0.5198712702221823,0.0,0.7413421407160808,0.8588640454613118,0.6553300122310933,0.6605547694203613,0.8462017088678107,0.0,0.0,0.6951590310002831,0.4785593506243943,0.5072730144415174,0.41477129302352267,0.49239569170389574,0.10499252349797955,0.0,0.7858341230071458,0.5414462872650165,0.5321272338660767,0.5927374407215071,0.0,-0.09504474603833057,0.7477897809235198,0.7408125332155368,0.8196858465107586,0.5074641576344793,0.5999086603331583,0.6692033049201076,0.65959664823019,0.6949742090424014,0.0,0.7741994461972098,0.35184431992095544,0.6000381658067407,0.4993044705049714,-0.04338275878823128,0.7695495507150298,0.8380971034214554,0.4870307802567786,0.8145564038985745,0.7642306126126897,0.0,0.4785563982131883,0.7414544816475916,0.7892971116713651,0.783503555612059,0.0,0.47018629489458597
0.7001326559812378,0.917998360407537,0.0,0.0,0.0,0.6444364623713715,0.630958306599321,0.0,0.0,0.9438262304713564,0.0,0.9213448217079585,0.6874776610223697,0.0,0.8158208817109665,0.7736072692294302,0.8175892876402582,0.7878669814309743,0.0,0.8993609043190106,0.6827937566112666,0.6069214397385585,0.8645766810331084,0.6527322160093706,0.7630700326234203,0.6809657679220745,0.7987374677111386,0.685065452628453,0.7560136469203811,0.0,0.8999200219559047,0.44545258973409996,0.6979638611900965,0.6425603101197555,0.5757160209552474,0.0,0.0,0.8166161026284157,0.5098045488334112,0.5921822776989409,0.3076117567229606,0.2936255042505244,0.16262165367215153,0.0,0.6937710100205569,0.5897173660958965,0.47728944816557045,0.7295803925577822,0.0,-0.12901062637499983,0.459907742335217,0.7339651068877228,0.5766489305511101,0.5875257391688902,0.48734394750819826,0.753941516679288,0.499019408591421,0.7456801773949912,0.02070090418931192,0.4674820617291294,0.4708791390878887,0.728315279795308,0.3763541960283718,-0.022151837508423866,0.5476793991039859,0.5839482272995279,0.4883089493355304,0.5334395839281582,0.6316627564608683,0.4785563982131883,0.0,0.5667996607330463,0.3779108968420364,0.4469571817825948,0.0,0.35833935965777397
0.0,0.6933081301894762,0.8749339201901692,0.0,0.6530987814293894,0.560416420723383,0.6405960599117327,0.7974073369576198,0.8154870907295351,0.0,0.7886260484471332,0.0,0.8218408417928459,0.6183682673119285,0.6913027400908067,0.6330408741000668,0.0,0.0,0.8089695808805597,0.8092830894536435,0.6262292847371719,0.8932532353798905,0.5226049933197118,0.0,0.6293015247908722,0.7739213408578415,0.5828774136370318,0.5760748213803915,0.5882653892869021,0.8577916942181504,0.6304810393769609,0.8328585496970223,0.8043927716491802,0.8987114773513513,0.7805444483493972,0.7544037034656664,0.6917865933208973,0.0,0.5482441498600894,0.436602495489637,0.48984954063040276,0.8187858841903581,0.6612933576513478,0.8412814932389846,0.7190746500725524,0.8096752337314093,0.3808794181422756,0.5214628256811872,0.8123264352487064,0.6250049017775591,0.3739393220626902,0.4435176351739676,0.46200447142853335,0.16365543373424013,0.7201016598105442,0.7158642351243576,0.7575544182626036,0.5160174280163387,0.7276336507578178,0.5162309123049484,0.7757457676783703,-0.03923026378998162,0.7388963422206413,0.44146284533699903,0.6347057932935187,0.38083547238940735,0.3741424299462145,0.43451127430109593,0.7986367721756882,0.7414544816475916,0.5667996607330463,0.0,0.37076567395138393,0.6048061822173928,0.39847250863156264,0.5170390865581354
0.0,0.6098195894790688,0.5943913670350798,0.0,-0.06464261406643834,0.782229362738632,0.5715719616892012,0.7238734232506177,0.5847684948286335,0.7323014168493774,0.726038936231836,0.7839024306066482,0.5142997202980808,0.0,0.7542933188300555,0.0,0.0,0.0,0.6350239947429319,0.7236358841228594,0.7296653426100975,0.6537265771513732,0.4654860141225263,0.0,0.7131504320287236,0.7948390540777597,0.8202886023736472,0.7719809665697486,0.7563428475083858,0.6828871642907218,0.661314840279491,0.6276689554982197,0.7435779546523653,0.4556168284947518,0.5539932996044704,0.7152461503457663,0.0,0.6401603195135657,0.22040173581216033,0.7171800097821543,0.3005375014694303,0.7455965229093876,0.5748682832604286,0.8894608777545947,0.7270191957064256,0.6550424002781274,0.7322983802724599,0.7035369803917733,0.8333455986755741,0.42373010170384295,0.4619031582783196,0.5380552282790252,0.3951649916814543,0.6384219839820824,0.346944227236561,0.28071827525292964,0.8556651699554998,0.3666383115542069,0.7475626138725868,0.6079362739814409,0.6739965475834603,0.8219704035283478,0.7388568003754519,0.5692167236544048,0.657652445828963,0.7232979243939669,0.49987338367654705,0.47322552983414834,0.7997185514116235,0.7892971116713651,0.3779108968420364,0.37076567395138393,0.0,0.20313614696677396,0.016230662391055084,0.533659592182314
0.0,0.8171888536904827,0.0,0.0,0.0,0.8937275325160591,0.6923470037022028,0.790259639398415,-0.18452304488400273,0.0,0.0,0.0,0.7630222932136524,0.0,0.8646420686461372,0.6702321916241686,0.0,0.6703296674359909,0.0,0.834843512310835,0.8735653279742088,0.8711505966598222,0.6178655702229858,0.0,0.6517168518298291,0.8636386543049341,0.8756737701756092,0.7911057316533131,0.8405240920943655,0.7895112792903852,0.8371966972061425,0.8203798907722554,0.7400904449744494,0.864004010579852,0.7495541394335898,0.6575135632989605,0.0,0.0,0.4716385441695039,0.7788944992417335,0.320767565297042,0.2126468608805751,0.81562800787695,0.8948071060378859,0.0,0.822271942231906,0.4420610930600107,0.8472879820168229,0.0,0.05427030240759512,0.5344429326238795,0.7943725189522364,0.8831122889841067,0.7521332606911005,0.7476097310438202,0.0,0.7067695095384539,0.44267287857247506,0.0,0.8644267691785145,0.7951493317475165,0.8237886197178177,0.7788052768794094,0.0,0.48778336890178614,0.5383799849317736,0.46941190759212176,0.5306212527029004,0.0,0.783503555612059,0.4469571817825948,0.6048061822173928,0.20313614696677396,0.0,0.6997822910641694,0.52920503187725
0.0,0.0,0.0,0.0,0.0,0.6801332425665808,0.0,0.0,0.0,0.0,0.0,0.0,0.0,0.0,0.0,0.0,0.0,0.0,0.0,0.7150489410189417,0.0,0.0,0.8143615193147832,0.0,0.0,0.0,0.7770124770434885,0.6710595344188673,0.7185504804356896,0.0,0.0,0.03094161375650617,0.0,0.0,0.0,0.0,0.0,0.0,0.7201882316070839,0.711607913189874,0.6827026619509858,0.6618531727871715,0.0,0.0,0.0,0.0,0.0,0.7701266516678498,0.0,0.0,0.7620858342004208,0.0,0.7568855385269813,0.6618876261669873,0.0,0.0,0.0,0.6297760595914358,0.0,0.7139536524230997,0.0,0.0,0.0,0.0,0.5842169806097113,0.6687402235726001,0.44087646307237804,0.4936093981252606,0.0,0.0,0.0,0.39847250863156264,0.016230662391055084,0.6997822910641694,0.0,0.23244616192438988
0.7667195535162022,0.8935763671519165,0.6780633519449667,0.0,0.0,0.8006361448921389,0.61023512047137,0.7212704433519636,0.6638742366698697,0.8583704438658557,0.0,0.8373721426173267,0.6235311342213846,0.0,0.8666395256138002,0.8571898344043712,0.7906265762127886,0.8831152168088109,0.0,0.8296234910412716,0.7847607129038559,0.8437737326105407,0.5448073242843818,0.7284211886667925,0.6611052402150319,0.6011116646798055,0.8308645658427757,0.7342210864217212,0.8319427335706071,0.0,0.7192457832231787,0.7745780871030856,0.7459181111138906,0.6070589428884908,0.0,0.0,0.0,0.8075176302796231,0.33530235594593505,0.4033817277122623,0.1230507488473789,0.5458975172322607,0.7320013364060114,0.6680028373363767,0.6870146483069021,0.8101953044820729,0.8141956194614473,0.7086928897757803,0.17729247654512775,0.7709956831897218,0.5414549519779914,0.4693236668463499,0.7789344334615257,0.32475214563789523,0.36379606579678303,0.5263911238957582,0.5429774146283048,0.47279557076469636,0.11097760173115628,0.8311625141164453,0.4332252707807308,0.5217001220443648,0.4476697720315237,0.5484849417989914,0.6039293990158033,0.6855634360842889,0.469233308345522,0.5602556252346623,0.7658326722013652,0.47018629489458597,0.35833935965777397,0.5170390865581354,0.533659592182314,0.52920503187725,0.23244616192438988,0.0
