0.0,0.5780427777680192,0.0,0.0,0.0,0.8347678625593306,0.0,0.3359142763048164,0.0,-0.09391040739363865,0.0,0.7821858020599225,0.8900665792979365,0.09423912100782345,0.5178222005351211,0.8006672242362806,0.10649334843191283,0.677551819430496,0.0,0.7969902368672176,0.22036660020852777,0.8260418967600411,0.5375198420422553,0.6300404487704201,0.5076093847845334,0.7691792270283979,0.8330685420808607,0.8457393075553719,0.901016250276109,0.0,0.8515569920369401,0.5463903358848723,0.5467773227038547,0.8176713529058766,0.7989654121947458,0.0,0.0,-0.04608600223821335,0.9131252739490129,0.6339573449988923,0.8417375645608702,0.0,0.0,0.0,0.0,0.5136630863671673,0.5152075181417942,0.0,0.0,0.0,-0.005351538978728476,0.0,0.0,0.0,0.7361645166848666,0.0,0.0,0.0,0.0,0.0,0.6026763515430683,0.0,0.7835270697450952,0.0,0.0,-0.12021140956808118,0.8722136304899523,0.0,0.6298203361394379,0.4983894733362738,0.5865387882388353,0.0,0.0,0.0,0.0,0.1323741901308133
0.5780427777680192,0.0,0.7562083545742544,0.0,0.7801100651327451,0.7619140139280418,0.8105492030300799,0.788866908293282,0.7242520370918135,0.21870363649104563,0.0,0.0,0.715981694693059,0.0,0.6502354973757408,0.5991315047648595,0.6709446204610712,0.7094326361714702,0.0,0.7449801456571169,0.6961389883674679,0.7038279172190047,0.7168157988271404,0.0,0.5126641441934364,0.5517502914947747,0.7960888946315763,0.6709404239614227,0.7325677854652517,0.0,0.7322952091186327,0.8510935677838851,0.42941116047986,0.6784038154931322,0.8354077672621782,0.0,0.0,0.0,0.6754854051118119,0.46907821646703374,0.8846297188135228,0.8843570571088313,0.0,0.0,0.0,0.8298369324017638,0.8400924878089812,0.0,0.0,0.0,0.762873176813187,0.0,0.0,0.0,0.0,0.0,0.0,0.20905679920348086,0.0,0.8614885138613397,0.5461769216992002,0.0,0.8184645372940043,0.0,0.7306001746498116,0.8488282946870394,0.922571883504783,0.7065017464429344,0.0,0.7165561447487379,0.887373452889707,0.6937896066232692,0.11316249702090242,0.7453421455618332,0.0,0.8531300620713061
0.0,0.7562083545742544,0.0,0.6552414408256289,0.9686585719274348,0.7180535238070214,0.8782930334605779,0.8033963194541053,0.8680412617318904,0.747128333330476,0.6957483430922512,0.6897684587133219,0.8977296295454311,0.826150201758426,0.0,0.0,0.0,0.0,0.6279709764536088,0.0,0.0,0.0,0.641059000483532,0.0,0.07477878880125405,0.7690047771969087,0.6725515157854924,0.8910262209698161,0.7631853723849922,0.8487804247594264,0.9135578506386686,0.8849816707360683,0.0,0.9378419547911766,0.960346806641825,0.886819336823744,0.7300440186999542,0.0,0.7067176311777358,0.0,0.7910835364213136,0.0,0.7789922521165482,0.0,0.0,0.0,0.0,0.5803521641345885,0.0,0.08767011624666654,0.8507909652445818,0.1528492461535753,0.9280489747620102,0.9215413407436418,0.0,0.8137972023651749,0.0,0.1056906612710754,0.7146643575487961,0.0,0.0,0.0,0.0,0.573397307319097,0.0,0.0,0.0,0.8892424179416208,0.0,0.0,0.0,0.8872567050708321,0.12048013125359658,0.0,0.0,0.029507496962084656
0.0,0.0,0.6552414408256289,0.0,0.5734022814463392,0.6088513403949634,0.7622165573097273,0.5283151629585803,0.8755397976648334,0.3596696746785541,0.671734833459036,0.5321332476927766,0.6405251726536842,0.5352087865568798,0.0,0.0,0.0,0.0,0.4675769870761001,-0.04860715436868901,0.0,-0.05911130761438538,0.7823739189566241,0.0,0.0,0.0,0.5267150953982472,0.40765755055689906,0.0,0.0,0.7063819461791236,0.7449785844789659,0.0,0.5612195704337443,0.7047770173407111,0.24733194643236628,0.2989332323972003,0.6146843411625287,0.0,0.0,0.0,0.0,0.0,0.0,0.0,0.0,0.0,0.0,0.0,0.0,0.0,0.0,0.0,0.0,0.0,0.0,0.0,0.0,0.0,0.0,0.0,0.0,0.0,0.0,0.0,0.0,0.0,0.0,0.0,0.0,0.0,0.0,0.0,0.0,0.0,0.0
0.0,0.7801100651327451,0.9686585719274348,0.5734022814463392,0.0,0.5958268909859015,0.5646537313270051,0.8882787696137062,0.5821712708474134,0.5231706122784071,0.5966746399941716,-0.003855038482901363,0.7444404698797404,0.49387276887171133,0.0,0.6951938539909169,0.0,0.012579079951505423,0.7252530673044928,0.7960117664492735,0.0,0.8041866509478631,0.5890162585210643,0.04996274056497935,0.6873729529426948,0.805966027506563,0.6359174822432339,0.630590452770363,0.817545183725145,0.0,0.8527843241756555,0.754313302028928,-0.06476029460684507,0.9365567503398707,0.8899373803554381,0.2756305871281599,0.45631041702436004,0.7136586783367054,0.6651061296158192,0.0,0.0,0.0,0.5828875750931529,0.0,0.0,0.0,0.0,0.7132739712589159,0.0,0.010078107097943156,0.7716639643405055,0.057775689377801864,0.5618447173630677,0.6623701960334358,0.0,0.5759076526543516,0.0,0.14847212974717677,0.0,0.0,0.0,0.0,0.0,0.6112908089530844,0.0,0.0,0.0,0.8409817616996891,0.0,0.0,0.0,0.6884867579069298,0.12168859224159578,0.0,0.0,0.0
0.8347678625593306,0.7619140139280418,0.7180535238070214,0.6088513403949634,0.5958268909859015,0.0,0.6148847608925849,0.6232271846388383,0.48326718115007095,0.7963628834994971,0.7126735790291757,0.710762326453262,0.5740532131889726,0.8678771887266621,0.9445492659480915,0.7910104209250397,0.05402400611148428,0.8568040695446522,0.9069779301158507,0.7738849242118917,0.851250575550251,0.7097049031682057,0.5556970886280671,0.08604165495986293,0.8384204172348264,0.8945287681164269,0.6198673293784513,0.6813672751932598,0.5345250558525078,0.7966414236050571,0.804413446606603,0.6427187269230888,0.9333414430479572,0.7594961623211497,0.9512342107836318,0.616014693895707,0.8233468570485525,0.7809706643836951,0.8578258416996392,0.0,0.852634707704384,0.7963151737704095,0.7929125297419465,0.0,0.0,0.0,0.7223956426961358,0.896888902036928,0.0,0.098293352759516,0.5660395702755332,0.8459152026157979,0.6046002282655467,0.813456968320922,0.0,0.7755152950875546,0.0,0.8526684857422863,0.0,0.7720639313250881,0.19990884963179056,0.0,0.0,0.6883187630919887,0.7480232835059039,0.7730641689063408,0.868736627687562,0.5527627288261514,0.0,0.11892296049849743,0.8440378191887056,0.6009807271454506,0.8690814549579262,0.8529446962734644,0.07434558677417402,0.8060359582027712
0.0,0.8105492030300799,0.8782930334605779,0.7622165573097273,0.5646537313270051,0.6148847608925849,0.0,0.90011440417307,0.659724077961313,0.739446844910724,0.6509184869716838,0.6201462098481674,0.7587272370559947,0.6998418950021377,0.0,0.903830688820853,-0.06422434033857205,0.9064047206917536,0.7148623988414284,0.6698576549595568,0.8020180512764803,0.6550152609055586,0.8090188516427482,-0.20182808447940215,0.8893256741653852,0.9021705669204754,0.6539368261226497,0.5574089819650587,0.7769982735764815,0.06345807343702603,0.8825021642880235,0.7926804798235072,0.6392132871914542,0.7162384256570016,0.9703678715932135,0.7619233655083703,0.6881931334835443,0.8508090886700836,0.7024532032945555,0.0,0.0614194894424675,0.0,0.5900214196915923,0.0,0.0,0.0,0.0,0.07414936957812135,0.0,0.0,0.8470985323026451,0.08424383013647524,0.09979245447215568,0.01340589020119587,0.0,0.05255522066038315,0.0,0.13337326235555713,0.0,0.0,0.0,0.0,0.0,-0.02222414691522956,0.0,0.0,0.0,0.8511998233420026,0.0,0.0,0.07995196000404153,0.7920147051560422,0.21207423475910497,0.135878252942981,0.0,0.09925682052491686
0.3359142763048164,0.788866908293282,0.8033963194541053,0.5283151629585803,0.8882787696137062,0.6232271846388383,0.90011440417307,0.0,0.8670277883629554,0.747686629145199,0.6079821814618748,0.677449934336795,0.709283371273109,0.5573323872722302,0.6153695093081211,0.8411102074099217,0.0,0.7661404045159043,0.8302874544506982,0.8309015437525553,0.4402464693368087,0.8245269465997784,0.5300306452918063,0.34145912716220483,0.7944279298096601,0.504825378026341,0.5888363514572202,0.5759556058607657,0.6214227901602625,0.7815672517584638,0.8244005212451155,0.6003156747161811,0.5983368108982245,0.8646616108162518,0.844591830385004,0.2770792606265667,0.5365366108441875,0.0,0.7738500872759877,0.0,0.6489659040840601,0.0,0.7577882183305313,0.0,0.0,0.0,0.0,0.898753895268755,0.0,-0.03955944290533364,0.822391222073661,-0.047149983889140934,0.48305871337041534,0.8396084533458066,0.0,0.6226848023914611,0.0,0.8092163751586062,0.6747285630906388,0.7745064480033451,0.0,0.0,0.0,0.7532671320896075,0.8208490117655596,0.5653615349414718,0.0,0.62419920117396,0.0,0.0,0.0,0.7351181626813882,0.8395924238010696,0.8571478499324041,0.0,0.7825535988972482
0.0,0.7242520370918135,0.8680412617318904,0.8755397976648334,0.5821712708474134,0.48326718115007095,0.659724077961313,0.8670277883629554,0.0,0.7930844171238546,0.6528853121891212,0.7300534250046241,0.7832268078897523,0.570546910799077,0.0,-0.14991465851957397,0.06417901121454944,0.13075555671907874,0.5258933560311381,0.896207900297371,0.0,0.9407776282271143,0.6334164261220167,-0.028551453511234226,0.668538555510486,0.8269184729051007,0.6266295749882802,0.7707639579983158,0.8840484221846042,0.7390880965916196,0.916623890509311,0.8009125282761851,-0.17041058132444775,0.8813906620354884,0.9799223741517399,0.8857926946960444,0.9233212874718558,0.8759335279283883,0.6499308708114954,0.0,0.11017618900527931,0.0,0.6938970669706526,0.0,0.0,0.0,0.0,0.9180087899562466,0.0,0.10790531589595997,0.8491072033084196,0.13294669937577486,0.9680266323299174,0.8550696333350836,0.0,0.9135730088288296,0.0,0.09200752543187807,0.6848620611364596,0.0,0.0,0.0,0.0,0.7472657981187112,0.0,0.0,0.0,0.896004761837249,0.0,0.0,0.0,0.8446680371837836,0.15837389958730658,0.018012448083860377,0.0,0.14690347809424326
-0.09391040739363865,0.21870363649104563,0.747128333330476,0.3596696746785541,0.5231706122784071,0.7963628834994971,0.739446844910724,0.747686629145199,0.7930844171238546,0.0,0.7470296499930582,0.3942791158384246,0.4515790511421113,0.781806777592615,0.0,0.694879701406336,0.7689464304022787,0.8339539648632446,0.6878825127239541,1.0108732373892426e-05,0.01741829482266649,0.5939891083331116,0.8258441926971212,0.48441674035929994,0.7841148310796051,0.6883672814718074,0.70801560491774,0.5113083087859421,0.6504021030534957,0.0,0.7912229188740744,0.14958933033622485,0.5027652273569909,0.5006791691566903,0.4763162994319695,0.5331530185343956,0.561592671893794,0.5024657165312604,0.7029050342850413,0.48080213663233445,0.8422987972476209,0.6027825649421289,0.0,0.0,0.4836221377114602,0.7986477147212243,0.0,0.0,0.0,0.0,0.0,0.0,0.0,0.0,0.508273352054429,0.0,0.533486373773782,0.6731565894898044,0.0,0.0,0.8967789477796331,0.8011295797052617,0.8889272841795717,0.0,0.0,0.0,0.0,0.0,0.8197989583380078,0.8363356300623983,0.8692330983861842,0.0,0.6278330907566754,0.0,0.0,0.8252572600381206
0.0,0.0,0.6957483430922512,0.671734833459036,0.5966746399941716,0.7126735790291757,0.6509184869716838,0.6079821814618748,0.6528853121891212,0.7470296499930582,0.0,0.7392399124759514,0.6123487188875318,0.472247006253522,0.0,0.0,0.009063241059297289,0.020811790514841277,0.631296059920675,0.0,0.0,0.0,0.34635132127218093,-0.047825205887810474,0.03868671812102753,0.10951803367419405,0.9213726651049466,0.6605628853028385,0.0,0.0,0.8920114041447111,0.7114307595416253,-0.010371217976664848,0.803801215891168,0.9235424295794709,0.3179549342552873,0.8491289953302886,0.733421133598411,0.5229808304972579,0.0,0.0,0.0,0.6394537235221156,0.0,0.0,0.0,0.0,0.925358587226007,0.0,0.7752860525509552,0.6862757796294191,0.05982064516041641,0.7727660760469369,0.8592534395663363,0.0,0.8745353534173124,0.0,-0.021274331337770125,0.7384431675130085,0.0,0.0,0.0,0.0,0.8679989817652018,0.0,0.0,0.0,0.8568910205083426,0.0,0.0,0.0,0.7663466903781639,-0.04970150511740923,0.0,0.0,0.0
0.7821858020599225,0.0,0.6897684587133219,0.5321332476927766,-0.003855038482901363,0.710762326453262,0.6201462098481674,0.677449934336795,0.7300534250046241,0.3942791158384246,0.7392399124759514,0.0,0.6383433664916295,0.0,0.0,0.0,0.8656899984618948,0.7553475300523566,0.08508335339669004,0.0,-0.039655241219260895,0.0,0.5767815947234051,0.3880660634273713,0.8323613778417006,0.5213819961383378,0.6911662407255359,0.7824359296408855,0.0,0.0,0.49724517942063107,0.6287796665114362,0.2850192328779918,0.5061343478076152,0.7778019981470382,0.67358800191224,0.5849035652736461,0.26264785659884005,0.5479564836372289,0.7410103240375671,0.7429376836633304,0.5494155968386406,0.0,0.0,0.424245113418672,0.762506984900778,0.0,0.0,0.0,0.0,0.0,0.0,0.0,0.0,0.5680762128653474,0.0,0.5838516559118473,-0.08995077405793073,0.0,0.0,0.0,0.755091425663816,0.851275765878394,0.0,0.0,0.0,0.0,0.0,0.7752449713897424,0.8481506580009307,0.8639795360835048,0.0,0.6586057230912234,0.0,0.0,0.6887159203165255
0.8900665792979365,0.715981694693059,0.8977296295454311,0.6405251726536842,0.7444404698797404,0.5740532131889726,0.7587272370559947,0.709283371273109,0.7832268078897523,0.4515790511421113,0.6123487188875318,0.6383433664916295,0.0,0.7282808519860694,0.8480645419580702,0.6744575320842827,0.7176723884270384,0.879514484968199,0.7106193395975526,0.6778962632000372,0.8391451010335429,0.6484052903989284,0.7874378848493417,0.6164038340151363,0.8064152678648994,0.8149100800284396,0.6685971020655667,0.5798667299523355,0.7620880396085532,0.8075470959115277,0.5076952699223344,0.5957002833045064,0.7274607730863555,0.45449630760081644,0.8694653073398575,0.5285732098145364,0.37415318222986577,0.7916219334657745,0.7306848413994913,0.5070686154722239,0.6075499639552425,0.034355596033496416,0.6828203767082379,0.0,0.0,0.0,0.20879136399970882,0.7608706592870673,0.0,0.0,0.8433635641672157,0.1358827103975061,0.8189261401300236,0.19229398470809278,0.6986581401577048,0.7743843293594441,0.6842065363935999,0.21069179177123493,0.0,0.0524907268335017,0.0,0.0,0.0,0.018850620869352075,0.7451152487446722,0.0,0.7395159115987879,0.6883014592510721,0.0,0.688082708286083,0.6895433743699775,0.8731481455417365,0.18603010535148173,0.7583627709991944,0.0,0.1554102166178753
0.09423912100782345,0.0,0.826150201758426,0.5352087865568798,0.49387276887171133,0.8678771887266621,0.6998418950021377,0.5573323872722302,0.570546910799077,0.781806777592615,0.472247006253522,0.0,0.7282808519860694,0.0,0.0,0.0,0.0,0.0,0.8620685740625935,0.0,0.8051365966030473,0.0,0.8149210665236413,0.0,0.0,0.78336485964963,0.8128471250752248,0.664023108376068,0.0,0.0,0.6879575784699024,0.39222642172319544,0.0,0.7847448988291928,0.0,0.23334764049485449,0.29097989839241595,0.0,0.0,0.0,0.0,0.0,-0.08561984015983026,0.0,0.0,0.0,0.0,-0.08821168032061044,0.0,0.0,0.0,0.0,-0.052062416980719284,-0.09325943632721662,0.0,-0.0016554576226285311,0.0,0.0,0.0,0.0,0.0,0.0,0.0,-0.017096844136727962,0.0,0.0,0.0,-0.22452129077370264,0.0,0.0,0.0,-0.17112039608787188,0.0,0.0,0.0,0.0
0.5178222005351211,0.6502354973757408,0.0,0.0,0.0,0.9445492659480915,0.0,0.6153695093081211,0.0,0.0,0.0,0.0,0.8480645419580702,0.0,0.0,0.8755288978206915,0.0,0.8774871414228982,0.0,0.8451864262220421,0.5985743856325173,0.7581930009332376,0.5677051485831163,0.6708776469760458,0.8532328906115961,0.9202623417859266,0.590383071182588,0.8013215646431987,0.9344387532417511,0.7272794778302727,0.9123602562868829,0.5104937886845933,0.6178081479664363,0.5758969358546946,0.6401813598153239,-0.29632521824480584,-0.02571477299477193,0.0,0.6529928430312018,0.9499852884918141,0.9217926725219969,0.9471839803785005,0.0,0.0,0.0,0.0,0.8676287974447252,0.0,0.0,0.0,0.7929658139774687,0.0,0.6868166668329874,0.0,0.0,0.0,0.0,0.7114117205175938,0.0,0.6660466674671051,0.06760455835051793,0.0,0.0,0.0,0.8515420193738273,0.6352765975273739,0.8190772227200795,0.7794304529289235,0.0,0.009065922273687188,0.8390876296582268,0.756058256317894,0.6039350328590474,0.839845166228168,0.0,0.8136780457451267
0.8006672242362806,0.5991315047648595,0.0,0.0,0.6951938539909169,0.7910104209250397,0.903830688820853,0.8411102074099217,-0.14991465851957397,0.694879701406336,0.0,0.0,0.6744575320842827,0.0,0.8755288978206915,0.0,0.9324388269457832,0.8301180135851507,0.0,0.6697532350932889,0.8777915168213168,0.7239131531734656,0.8729274069675015,0.9019953031649734,0.6469447646365063,0.7310905825627394,0.7432080619260609,0.8915456629151498,0.6911176994004297,0.8185010075154461,0.8186921144950096,0.8485538495370768,0.39473621483322946,0.5569993169071866,0.815855532657027,0.0,0.0,0.0,0.8640036649807099,0.31571354738055685,0.5667032291835401,0.7974884099484741,0.0,0.0,0.0,0.8612082550635692,0.6262941157170607,0.0,0.0,0.0,0.12720124460961052,0.0,0.0,0.0,0.0,0.0,0.0,0.0,0.0,0.8663079335812962,0.5706932665908182,0.0,0.8458002407263852,0.0,0.6446051690944649,0.7384115689629265,0.6429953614650601,0.13563878106555843,0.0,0.6220848349595607,0.692016850114855,0.5783127096249056,0.0,0.6671652422865797,0.0,0.8231143898497897
0.10649334843191283,0.6709446204610712,0.0,0.0,0.0,0.05402400611148428,-0.06422434033857205,0.0,0.06417901121454944,0.7689464304022787,0.009063241059297289,0.8656899984618948,0.7176723884270384,0.0,0.0,0.9324388269457832,0.0,0.7590112746106932,0.0,0.6245073496403978,0.0,0.8220608400900951,0.0,0.9031573543333405,0.6956620446674897,0.8527526438207281,0.0,0.8047889664580877,-0.053195995800816576,0.0,0.8192111186444032,0.8637060093124083,0.694977737253994,0.6383308806263024,0.8291050190212945,0.0,0.0,0.6034574921759666,0.8006931267778289,0.8470134764346022,0.8834110144064811,0.0,0.0,0.0,0.0,0.0,0.0,0.0,0.0,0.0,0.0,0.0,0.0,0.0,0.28532022622160264,0.0,0.7984752654144615,0.0,0.0,0.0,0.0,0.6112084936005954,0.7941475689011684,0.0,0.0,0.0,0.0,0.0,0.8731445405688685,0.7979015455448876,0.6594976565461131,0.0,0.0,0.0,0.0,0.8938312278964221
0.677551819430496,0.7094326361714702,0.0,0.0,0.012579079951505423,0.8568040695446522,0.9064047206917536,0.7661404045159043,0.13075555671907874,0.8339539648632446,0.020811790514841277,0.7553475300523566,0.879514484968199,0.0,0.8774871414228982,0.8301180135851507,0.7590112746106932,0.0,0.0,0.6316548040092378,0.8565709911920629,0.6936852993070309,0.8497851454155134,0.8057899719720567,0.7542075848315255,0.6694365261261075,0.9101716973365146,0.8818697861075689,0.6361613823433077,0.7979803601099709,0.7317176741655386,0.8802311579047067,0.6744278429481969,0.7809829667278309,0.8337926608435033,0.0,0.0,0.6413251790729131,0.8046641003901329,0.7230365556584963,0.7292016449503366,0.8146886895912516,0.0,0.0,0.0,0.683939311681359,0.5009970706785543,0.0,0.0,0.0,0.0,0.0,0.0,0.0,0.37965525333673716,0.0,0.8613183901408104,0.0,0.0,0.0,0.48485205799167175,0.6573133738609448,0.5152337866462148,0.0,0.0,0.0,0.7636326569946228,0.0,0.8954738265653936,0.46423441986621894,0.6021916527801982,0.0,0.0,0.11260495121807546,0.0,0.7979321026553958
0.0,0.0,0.6279709764536088,0.4675769870761001,0.7252530673044928,0.9069779301158507,0.7148623988414284,0.8302874544506982,0.5258933560311381,0.6878825127239541,0.631296059920675,0.08508335339669004,0.7106193395975526,0.8620685740625935,0.0,0.0,0.0,0.0,0.0,0.0,0.0,0.0,0.6201786622130445,0.0,0.0,0.0,0.8167534192449505,0.9031322857507287,0.0,0.0,0.9217646970438444,0.8831338806166595,-0.007676046217792609,0.9717726075834161,0.9268835805545041,0.7125886349796703,0.7909396185630707,0.7320016476237943,0.47129919826041755,0.0,0.0,0.0,0.8021595254119641,0.0,0.0,0.0,0.0,0.8793375467282032,0.0,0.01953673446131665,0.724312603264648,0.063540929495851,0.8474790961290832,0.7947932827362294,0.0,0.7506515621233907,0.0,0.058140099571729054,0.7450349120946437,0.0,0.0,0.0,0.0,0.7779151523831832,0.0,0.0,0.0,0.8362679581599161,0.0,0.0,0.0,0.7683304743934529,0.08787374223365929,0.0,0.0,0.0
0.7969902368672176,0.7449801456571169,0.0,-0.04860715436868901,0.7960117664492735,0.7738849242118917,0.6698576549595568,0.8309015437525553,0.896207900297371,1.0108732373892426e-05,0.0,0.0,0.6778962632000372,0.0,0.8451864262220421,0.6697532350932889,0.6245073496403978,0.6316548040092378,0.0,0.0,0.7178124689580763,0.7499066496300008,0.8263845005721437,0.7775969265897379,0.758249554332565,0.5892928787686006,0.6984151619506449,0.69845102402706,0.7557403493570033,0.8372864194628162,0.6613136152793181,0.6224241244868358,0.5241316262642892,0.6957016529788587,0.7967455189212942,0.8596092991546046,0.8605733230860034,0.0,0.6736412621876235,0.9257885821836604,0.8542848093517985,0.8484145447280413,-0.07907457884358016,0.0,0.0,0.0,0.6942023443133466,0.0,0.0,0.0,0.774528327553166,0.0,0.6314547222087814,0.0,0.0,0.0,0.0,0.7411832122545386,0.0,0.882224850736653,0.1667739421806505,0.0,0.04909049192248244,0.0,0.875360158917203,0.8888270284051585,0.8012104016902803,0.8307337149500891,0.0,0.18957060909894258,0.8567403176992128,0.8116556830428037,0.7686613387239726,0.9062920717921159,0.6781870814475586,0.7708668577271428
0.22036660020852777,0.6961389883674679,0.0,0.0,0.0,0.851250575550251,0.8020180512764803,0.4402464693368087,0.0,0.01741829482266649,0.0,-0.039655241219260895,0.8391451010335429,0.8051365966030473,0.5985743856325173,0.8777915168213168,0.0,0.8565709911920629,0.0,0.7178124689580763,0.0,0.6423472530628718,0.5942493184174801,0.3704577033729379,0.474538741907931,0.7255532353702375,0.6403224991287899,0.7872809511614866,0.6883189543210987,0.857154957963663,0.8642571398668399,0.40503110713806045,0.4605410279162099,0.5650586845812753,0.8712273899357479,0.8055546471780899,0.0,0.0,0.9493669840320162,0.8042714786178353,0.8345891669961147,0.871807947884186,0.0,0.0,0.0,0.6607619866492659,0.5309964620891542,0.0,0.0,0.0,0.8808587677806301,0.0,0.7461851286975196,0.0,0.0,0.0,0.0,0.7758818685094575,0.0,0.5589516407637879,-0.04202153687705246,0.0,0.0,0.0,0.8781695290666269,0.7429383517065417,0.809377933616652,0.7074154624518267,0.0,0.7038720590799871,0.6540803687486275,0.6997797484220086,0.9569817512073304,0.9620778653338409,0.0,0.7034931926279694
0.8260418967600411,0.7038279172190047,0.0,-0.05911130761438538,0.8041866509478631,0.7097049031682057,0.6550152609055586,0.8245269465997784,0.9407776282271143,0.5939891083331116,0.0,0.0,0.6484052903989284,0.0,0.7581930009332376,0.7239131531734656,0.8220608400900951,0.6936852993070309,0.0,0.7499066496300008,0.6423472530628718,0.0,0.732365523281381,0.8399417480974238,0.738759295165112,0.7306400027549066,0.6456502605572654,0.761087731337756,0.6591296150273123,0.839777577863578,0.7549585685094286,0.6022396253708202,0.5554044295093433,0.7134135606237528,0.7565857178611977,0.6222517361734097,-0.04688677558152743,0.0,0.7118264419412895,0.6659476753184845,0.6640942284346864,0.6981568598176134,0.0,0.0,0.0,0.8368833667642541,0.6450985678150235,0.0,0.0,0.0,0.9162144069508331,0.0,-0.06905244116780113,0.0,0.0,0.0,0.0,0.18830143851850956,0.0,0.6753608745237105,0.8054230100105079,0.0,0.07512643269161379,0.0,0.6769975192178608,0.7127949156175648,0.7200597440871258,0.7849508855793417,0.0,0.7299465691365606,0.6173536839917678,0.9154483073638011,0.6138890935866274,0.8836443207022643,0.0,0.8580161627628435
0.5375198420422553,0.7168157988271404,0.641059000483532,0.7823739189566241,0.5890162585210643,0.5556970886280671,0.8090188516427482,0.5300306452918063,0.6334164261220167,0.8258441926971212,0.34635132127218093,0.5767815947234051,0.7874378848493417,0.8149210665236413,0.5677051485831163,0.8729274069675015,0.0,0.8497851454155134,0.6201786622130445,0.8263845005721437,0.5942493184174801,0.732365523281381,0.0,0.8215942943061516,0.6742198044289118,0.5824885731589413,0.4679319335040522,0.6179939050314545,0.721323980041394,0.6280215093267882,0.6713494708748555,0.580369131373854,0.7713375536519663,0.6771074844436871,0.8813908774900558,0.553489887908553,0.9061098772683477,0.7702245835292676,0.6155466775580657,0.7591685161436622,0.8519494471531897,0.8626388401577032,0.875030209473662,-0.0010884826840285022,0.0,0.0,0.7856209230666905,0.7937748118346729,0.0,0.17903713262312582,0.6348092325226143,0.6009066869353847,0.5884523402146782,0.8112110923000531,0.0,0.6833046073518397,0.0,0.5952605984345036,0.8567729199079896,0.7103820470785334,0.17075202646650756,0.0,0.0,0.795329647812782,0.7319184043328677,0.7850302152678287,0.9378842990102011,0.7243007348871261,0.0,0.186774440097015,0.8034671186812231,0.5890573490572402,0.5926460771701213,0.6898583642332244,0.8591576788305741,0.5605998084686975
0.6300404487704201,0.0,0.0,0.0,0.04996274056497935,0.08604165495986293,-0.20182808447940215,0.34145912716220483,-0.028551453511234226,0.48441674035929994,-0.047825205887810474,0.3880660634273713,0.6164038340151363,0.0,0.6708776469760458,0.9019953031649734,0.9031573543333405,0.8057899719720567,0.0,0.7775969265897379,0.3704577033729379,0.8399417480974238,0.8215942943061516,0.0,0.7233952857864928,0.46956325722245845,0.7125202032445869,0.7237039808124704,0.0,0.0,0.8440758810721577,0.22530060513972355,0.27491771505603024,0.20852333380878046,0.6353412008933704,0.4463924907747992,0.4452146538936107,0.1986983665828648,0.5255235537622326,0.6496520161997159,0.6912409995114709,0.0,0.0,0.0,0.4334697972270271,0.746750644200399,0.7059777032813161,0.0,0.0,0.0,0.0,0.0,0.0,0.0,0.5267330399487714,0.0,0.5247445313998,0.0,0.0,0.0,0.7929611245727592,0.7725356585641764,0.530706282279285,0.0,0.0,0.0,0.0,0.0,0.4599996992007776,0.49136007913343255,0.643077100339647,0.0,0.0,0.0,0.0,0.7274678372329169
0.5076093847845334,0.5126641441934364,0.07477878880125405,0.0,0.6873729529426948,0.8384204172348264,0.8893256741653852,0.7944279298096601,0.668538555510486,0.7841148310796051,0.03868671812102753,0.8323613778417006,0.8064152678648994,0.0,0.8532328906115961,0.6469447646365063,0.6956620446674897,0.7542075848315255,0.0,0.758249554332565,0.474538741907931,0.738759295165112,0.6742198044289118,0.7233952857864928,0.0,0.4589335249196704,0.8285476442745238,0.5548344974438486,0.8035080897722232,0.0,0.6852476399844165,0.30378397350777153,0.5488280511281356,0.557415705937342,0.3366729316701599,0.0,0.0,0.5686178991272905,0.8140707617107692,0.42283142306887334,0.8003820353614783,0.8173987733039908,0.0,0.0,-0.014700708836668686,0.6231124867906243,0.7758791167397562,0.0,0.0,0.0,0.1953325166503489,0.0,0.0,0.0,0.23623736022216174,0.0,0.49046104943653906,0.08879194680926389,0.0,0.6717679122145983,0.4797053250900953,0.3442677461591175,0.5600292175159185,0.0,0.6899246101028629,0.7818103934453157,0.7531843504245375,0.12610408705258574,0.7765802900811071,0.47999582993033496,0.5759770208133133,0.08601001613803799,0.09294544284253342,0.7828624551615118,0.0,0.47756239884921053
0.7691792270283979,0.5517502914947747,0.7690047771969087,0.0,0.805966027506563,0.8945287681164269,0.9021705669204754,0.504825378026341,0.8269184729051007,0.6883672814718074,0.10951803367419405,0.5213819961383378,0.8149100800284396,0.78336485964963,0.9202623417859266,0.7310905825627394,0.8527526438207281,0.6694365261261075,0.0,0.5892928787686006,0.7255532353702375,0.7306400027549066,0.5824885731589413,0.46956325722245845,0.4589335249196704,0.0,0.6554119763669839,0.8241006557084604,0.805490313848812,0.0,0.6456134816312467,0.5612050530284982,0.5716148597258803,0.6157460203941194,0.6065499016388475,-0.03775657149880751,0.0,0.6422039174000015,0.6496242829758923,0.38724807799600125,0.5500332419943563,0.7867404998716219,0.0,0.0,-0.19787233999182963,0.5994172487022615,0.7964097735899218,0.0,0.0,0.0,0.7846528749502522,0.0,0.0,0.0,0.751096445105271,0.0,0.8476144009771565,0.13681369019937306,0.0,0.8476894021381545,0.4738592911875642,0.36741075913707544,0.521893739122363,0.0,0.8179410146553364,0.8700577220782408,0.8240627365973692,0.8220811360260432,0.6794841378495686,0.44387664301161034,0.5629461767536693,0.8262255291413564,0.03884227163767706,0.7385243876258776,0.0,0.470510210742192
0.8330685420808607,0.7960888946315763,0.6725515157854924,0.5267150953982472,0.6359174822432339,0.6198673293784513,0.6539368261226497,0.5888363514572202,0.6266295749882802,0.70801560491774,0.9213726651049466,0.6911662407255359,0.6685971020655667,0.8128471250752248,0.590383071182588,0.7432080619260609,0.0,0.9101716973365146,0.8167534192449505,0.6984151619506449,0.6403224991287899,0.6456502605572654,0.4679319335040522,0.7125202032445869,0.8285476442745238,0.6554119763669839,0.0,0.6255861378170406,0.7419146404123096,0.7131175428520127,0.7396551626534033,0.6390697335290555,0.4380038491947267,0.6996775655010621,0.7269897753293041,0.7419731958331918,0.8907551442963176,0.7275638657492223,0.6078622038660072,0.7150290399576331,0.862066526399554,0.8615008069199428,0.7972217996281137,0.07813195272466861,0.0,0.0,0.7013183805087045,0.90159664876096,0.0,0.06439503283155268,0.6157549507668524,0.6775524812689413,0.532152141624918,0.807035931555236,0.0,0.8290501693451147,0.0,0.7366255097652512,0.07203251593700133,0.8834512479091907,0.17054186363949564,0.0,0.0,0.7007100908036438,0.8150941944243042,0.7913475591129708,0.9010888422681023,0.5566855207447167,0.0,0.0,0.7387863187186792,0.6349314302511821,0.8627528614813191,0.8920935631290976,0.7606253754615598,0.736485173405517
0.8457393075553719,0.6709404239614227,0.8910262209698161,0.40765755055689906,0.630590452770363,0.6813672751932598,0.5574089819650587,0.5759556058607657,0.7707639579983158,0.5113083087859421,0.6605628853028385,0.7824359296408855,0.5798667299523355,0.664023108376068,0.8013215646431987,0.8915456629151498,0.8047889664580877,0.8818697861075689,0.9031322857507287,0.69845102402706,0.7872809511614866,0.761087731337756,0.6179939050314545,0.7237039808124704,0.5548344974438486,0.8241006557084604,0.6255861378170406,0.0,0.681530407581209,0.6581033947883121,0.5968483295806276,0.6075676576490908,0.6903991642857152,0.4919819575285523,0.9136738183890067,0.5947479683148001,0.5041673889737721,0.849154143192993,0.8312312659662018,0.0,0.7965721478824257,0.8378823558886165,0.6011695659812365,0.0,0.0,0.0,0.14400059544387078,0.034820451945715813,0.0,0.0,0.820608576006192,0.17046967467980118,0.7630463488931379,0.1593596740154139,0.7137805410440798,0.029675068046032926,0.6397855728455013,0.8287184877148535,0.0,0.8081578311061084,0.0,0.0,0.0,0.0,0.77000309551442,0.7671724130982517,0.8247243605495325,0.5900856129445241,0.0,0.6876123587304205,0.04152375195118585,0.6431015850183414,0.8317685948821101,0.774431073100794,0.1373859183450994,0.8431971720030258
0.901016250276109,0.7325677854652517,0.7631853723849922,0.0,0.817545183725145,0.5345250558525078,0.7769982735764815,0.6214227901602625,0.8840484221846042,0.6504021030534957,0.0,0.0,0.7620880396085532,0.0,0.9344387532417511,0.6911176994004297,-0.053195995800816576,0.6361613823433077,0.0,0.7557403493570033,0.6883189543210987,0.6591296150273123,0.721323980041394,0.0,0.8035080897722232,0.805490313848812,0.7419146404123096,0.681530407581209,0.0,0.6134247925898821,0.8127979577156023,0.5734116189254751,0.7332433611730607,0.7492967440061251,0.6972827448569291,0.4857297554426355,0.6394078475578084,0.0,0.8568221277775682,0.7928954025715587,0.8146204736494619,0.8589710854810856,0.6109517127119205,0.0,0.0,0.0,0.6620037060857346,0.5780740558189992,0.0,0.0,0.8434573981684229,0.12228978201118029,0.7978228239519586,0.007049983382812597,0.0,0.0,0.0,0.7969670083312159,0.0,0.8686086205396383,0.21717898711801104,0.0,0.07253339208567422,0.0,0.9000035852989444,0.8148822347253976,0.8993166236947635,0.6643529747907007,0.0,0.22221300404782068,0.8271572072477009,0.6893435625135509,0.8112731925602295,0.8302132230305345,0.7464741473084187,0.8213301852524442
0.0,0.0,0.8487804247594264,0.0,0.0,0.7966414236050571,0.06345807343702603,0.7815672517584638,0.7390880965916196,0.0,0.0,0.0,0.8075470959115277,0.0,0.7272794778302727,0.8185010075154461,0.0,0.7979803601099709,0.0,0.8372864194628162,0.857154957963663,0.839777577863578,0.6280215093267882,0.0,0.0,0.0,0.7131175428520127,0.6581033947883121,0.6134247925898821,0.0,0.8017405397453804,0.7036675858535326,0.49012259689627496,0.9560916024801523,0.862277079342065,0.016139723789335814,0.0,0.0,0.9667461030196053,0.0,0.0,0.0,0.0,0.0,0.0,0.0,0.0,0.0,0.0,0.0,0.8713311126783665,0.0,0.0,0.0,0.0,0.0,0.0,0.0,0.0,0.0,0.0,0.0,0.0,0.0,0.7489068935409394,0.0,0.0,0.7721837090516205,0.0,0.0,0.0,0.8331948039697363,0.11593648965939629,0.7429757030651073,0.0,0.0
0.8515569920369401,0.7322952091186327,0.9135578506386686,0.7063819461791236,0.8527843241756555,0.804413446606603,0.8825021642880235,0.8244005212451155,0.916623890509311,0.7912229188740744,0.8920114041447111,0.49724517942063107,0.5076952699223344,0.6879575784699024,0.9123602562868829,0.8186921144950096,0.8192111186444032,0.7317176741655386,0.9217646970438444,0.6613136152793181,0.8642571398668399,0.7549585685094286,0.6713494708748555,0.8440758810721577,0.6852476399844165,0.6456134816312467,0.7396551626534033,0.5968483295806276,0.8127979577156023,0.8017405397453804,0.0,0.8198068522053645,0.6148422383249437,0.5709476068110453,0.8204152830928046,0.8199211759204589,0.8360067701605107,0.40900761199157276,0.864467073490639,0.7389996825300074,0.8246178656537032,0.8506363051887094,0.0,0.0,0.0,0.7955836070505303,0.8330425661768418,0.01897819333235079,0.0,0.0,0.8203502432525486,0.0,0.7830473474039292,0.07439087967339525,0.8484099406317449,0.0,0.8798877003353196,0.26111470333387765,0.0,0.9111149367416358,0.8424374903602433,0.808456102064354,0.8964130316744479,0.0,0.6883832924943167,0.8277274980402816,0.681270423994891,0.8493216095922035,0.7652732846135291,0.6005111553605886,0.8824340853542741,0.6979795517316524,0.23070082235787143,0.8773026344246575,0.0,0.1567053407512224
0.5463903358848723,0.8510935677838851,0.8849816707360683,0.7449785844789659,0.754313302028928,0.6427187269230888,0.7926804798235072,0.6003156747161811,0.8009125282761851,0.14958933033622485,0.7114307595416253,0.6287796665114362,0.5957002833045064,0.39222642172319544,0.5104937886845933,0.8485538495370768,0.8637060093124083,0.8802311579047067,0.8831338806166595,0.6224241244868358,0.40503110713806045,0.6022396253708202,0.580369131373854,0.22530060513972355,0.30378397350777153,0.5612050530284982,0.6390697335290555,0.6075676576490908,0.5734116189254751,0.7036675858535326,0.8198068522053645,0.0,0.021018548035619367,0.23970543673576847,0.7032464978372895,0.4203668702009148,0.5148491450577339,0.3148398697032865,0.2401517515645008,0.6423055013483236,0.6999224357046498,0.7559351550682559,0.45463591526979763,0.7410961072548334,0.7094422378231773,0.8283763833242966,0.38795890756859186,0.634201750817739,0.0,0.7894511703708358,0.829743322755857,0.055522031028214625,0.7859435472781138,0.6848041466246249,0.5548622049338454,0.5240726995623975,0.4815887022269298,0.7900673305620561,0.0,0.6296020502797754,0.7003947284207241,-0.12053679478105883,0.7954333085037997,0.509216436128688,0.6558528741087619,0.8492364687621088,0.6248712823642273,0.8430504469181613,0.5272358374715044,0.8101593366431703,0.590314876827525,0.8414639927648389,0.8517636143306281,0.8307051650919003,0.8777682021037922,0.8692229761460409
0.5467773227038547,0.42941116047986,0.0,0.0,-0.06476029460684507,0.9333414430479572,0.6392132871914542,0.5983368108982245,-0.17041058132444775,0.5027652273569909,-0.010371217976664848,0.2850192328779918,0.7274607730863555,0.0,0.6178081479664363,0.39473621483322946,0.694977737253994,0.6744278429481969,-0.007676046217792609,0.5241316262642892,0.4605410279162099,0.5554044295093433,0.7713375536519663,0.27491771505603024,0.5488280511281356,0.5716148597258803,0.4380038491947267,0.6903991642857152,0.7332433611730607,0.49012259689627496,0.6148422383249437,0.021018548035619367,0.0,0.5331815743843241,0.25592299900010174,0.4536771672971227,0.5955441437958839,0.10637844043248318,0.550675075249019,0.5329771625410002,0.7571668340802843,0.7923190333535559,0.0,0.0,0.6245428360119337,0.8196510797270335,0.25051339660017974,0.0,0.0,0.0,0.0,0.0,0.0,0.0,0.19339237281616178,0.0,0.3546389198191141,0.01344393934125504,0.0,0.6860609959628895,0.28722732824750413,0.8090020209409354,0.8019018314200631,0.0,0.8392417168773811,0.8758126510122293,0.5887966166645727,0.6717885018852026,0.8641882458753627,0.5418663066189038,0.608117850940117,0.7178146510628237,-0.04180690275391369,0.7518678906915395,0.0,0.7808557732146566
0.8176713529058766,0.6784038154931322,0.9378419547911766,0.5612195704337443,0.9365567503398707,0.7594961623211497,0.7162384256570016,0.8646616108162518,0.8813906620354884,0.5006791691566903,0.803801215891168,0.5061343478076152,0.45449630760081644,0.7847448988291928,0.5758969358546946,0.5569993169071866,0.6383308806263024,0.7809829667278309,0.9717726075834161,0.6957016529788587,0.5650586845812753,0.7134135606237528,0.6771074844436871,0.20852333380878046,0.557415705937342,0.6157460203941194,0.6996775655010621,0.4919819575285523,0.7492967440061251,0.9560916024801523,0.5709476068110453,0.23970543673576847,0.5331815743843241,0.0,0.22622503972340033,0.3323584011306694,0.27766745249202995,0.3468920422860723,0.7812387202366904,0.7636400357643344,0.7368902816813523,0.6898470838084819,0.5526302129296645,-0.08952608217351726,0.6020225683873516,0.8246554095177465,0.4069631786557507,0.06159047043247712,0.0,0.0,0.8435980661280933,0.15166184970789326,0.8642274980247521,0.06294067151672833,0.8991103464583388,0.0,0.8818449702425525,0.07984010782093554,0.0,0.6997009493474327,0.3689362156953394,0.7967872461226018,0.8473601916972773,0.0,0.894289929834091,0.9026820998825491,0.6877021493465072,0.8710754370952624,0.7818917087810235,0.5030595808500536,0.5949751316258095,0.9336332305521052,0.8902854491442166,0.8627917360096947,0.0,0.8715205656367487
0.7989654121947458,0.8354077672621782,0.960346806641825,0.7047770173407111,0.8899373803554381,0.9512342107836318,0.9703678715932135,0.844591830385004,0.9799223741517399,0.4763162994319695,0.9235424295794709,0.7778019981470382,0.8694653073398575,0.0,0.6401813598153239,0.815855532657027,0.8291050190212945,0.8337926608435033,0.9268835805545041,0.7967455189212942,0.8712273899357479,0.7565857178611977,0.8813908774900558,0.6353412008933704,0.3366729316701599,0.6065499016388475,0.7269897753293041,0.9136738183890067,0.6972827448569291,0.862277079342065,0.8204152830928046,0.7032464978372895,0.25592299900010174,0.22622503972340033,0.0,0.5494776638155652,0.7576593995199394,0.9282859492149221,0.6782309342751139,0.6896353879018154,0.6177899134736898,0.7383908318321414,0.5853965727659942,-0.14673519902756182,0.7237702263940691,0.0,0.7399504413531863,0.0,0.0,0.0,0.846015577692772,-0.01168530422452374,0.0,0.0,0.8581762632758213,0.0,0.5672233760239578,0.08238298967351554,0.0,0.7146602258368687,0.3018481511209451,0.0,0.24242713770677032,0.0,0.8956354032301639,0.9510921114567119,0.8030107041972724,0.91209794918296,0.0,0.8016682885333754,0.5935819107527759,0.9248156184060905,0.025342918412263327,0.8877742212163995,0.0,0.0
0.0,0.0,0.886819336823744,0.24733194643236628,0.2756305871281599,0.616014693895707,0.7619233655083703,0.2770792606265667,0.8857926946960444,0.5331530185343956,0.3179549342552873,0.67358800191224,0.5285732098145364,0.23334764049485449,-0.29632521824480584,0.0,0.0,0.0,0.7125886349796703,0.8596092991546046,0.8055546471780899,0.6222517361734097,0.553489887908553,0.4463924907747992,0.0,-0.03775657149880751,0.7419731958331918,0.5947479683148001,0.4857297554426355,0.016139723789335814,0.8199211759204589,0.4203668702009148,0.4536771672971227,0.3323584011306694,0.5494776638155652,0.0,0.5491753969651906,0.7192677395979387,0.4784691983920587,0.0,0.47143536014728643,0.5438084075967475,0.41559971436398613,-0.10103834360912373,0.0,0.0,0.0,0.5650055426058286,0.0,-0.1545089086883772,0.5502904470535362,0.6628586336974552,0.6313367907888561,0.46854236923301656,0.0,0.6103657451061701,0.0,0.5863701686523671,-0.03186120056398628,0.0,0.0,0.0,0.0,0.468897678454668,0.6619761164986033,0.0,0.0,0.7672248590038308,0.0,0.0,0.0,0.7224418855048371,0.6006341981125504,0.4956644106859668,0.0,0.0
0.0,0.0,0.7300440186999542,0.2989332323972003,0.45631041702436004,0.8233468570485525,0.6881931334835443,0.5365366108441875,0.9233212874718558,0.561592671893794,0.8491289953302886,0.5849035652736461,0.37415318222986577,0.29097989839241595,-0.02571477299477193,0.0,0.0,0.0,0.7909396185630707,0.8605733230860034,0.0,-0.04688677558152743,0.9061098772683477,0.4452146538936107,0.0,0.0,0.8907551442963176,0.5041673889737721,0.6394078475578084,0.0,0.8360067701605107,0.5148491450577339,0.5955441437958839,0.27766745249202995,0.7576593995199394,0.5491753969651906,0.0,0.7344877993273382,0.5608676078033228,0.0,0.5152584971841203,0.6659093933332556,-0.036233309306653416,0.004052746667303431,0.0,0.0,0.0,0.0,0.0,0.0,0.0,0.0,0.0,0.0,0.0,0.0,0.0,0.0,0.0,0.0,0.0,0.0,0.0,0.0,0.0,0.0,0.0,0.0319064424131833,0.0,0.0,0.0,0.054022561856182316,0.0,0.0,0.0,0.0
-0.04608600223821335,0.0,0.0,0.6146843411625287,0.7136586783367054,0.7809706643836951,0.8508090886700836,0.0,0.8759335279283883,0.5024657165312604,0.733421133598411,0.26264785659884005,0.7916219334657745,0.0,0.0,0.0,0.6034574921759666,0.6413251790729131,0.7320016476237943,0.0,0.0,0.0,0.7702245835292676,0.1986983665828648,0.5686178991272905,0.6422039174000015,0.7275638657492223,0.849154143192993,0.0,0.0,0.40900761199157276,0.3148398697032865,0.10637844043248318,0.3468920422860723,0.9282859492149221,0.7192677395979387,0.7344877993273382,0.0,0.5177264923032923,0.72490956358506,0.5513164894872101,0.5655154900603321,0.0,0.0,0.6731637074333894,0.0,0.0,0.0,0.0,0.0,0.0,0.0,0.0,0.0,0.6349696548484889,0.0,0.572728883791089,0.0,0.0,0.0,0.0,0.0,0.0,0.0,0.0,0.0,0.0,0.0,0.5138859772444889,0.6311580277662335,0.8242291902722337,0.0,-0.09071977554563204,0.0,0.0,-0.01510077613746369
0.9131252739490129,0.6754854051118119,0.7067176311777358,0.0,0.6651061296158192,0.8578258416996392,0.7024532032945555,0.7738500872759877,0.6499308708114954,0.7029050342850413,0.5229808304972579,0.5479564836372289,0.7306848413994913,0.0,0.6529928430312018,0.8640036649807099,0.8006931267778289,0.8046641003901329,0.47129919826041755,0.6736412621876235,0.9493669840320162,0.7118264419412895,0.6155466775580657,0.5255235537622326,0.8140707617107692,0.6496242829758923,0.6078622038660072,0.8312312659662018,0.8568221277775682,0.9667461030196053,0.864467073490639,0.2401517515645008,0.550675075249019,0.7812387202366904,0.6782309342751139,0.4784691983920587,0.5608676078033228,0.5177264923032923,0.0,0.4694523420811942,0.41189320491351944,0.8342386672969199,0.394051487154924,0.5549080367889047,0.44443113669340895,0.7509486957885958,0.69116702079988,0.9053115474737136,0.8279644450114714,0.8447618514201126,0.8790926765373964,0.6087776469004251,0.5639824006223356,0.9071076450856483,0.266316154256207,0.6309121364481279,0.35516087959633486,0.6682180936147306,0.5441664757656703,0.47475385222156585,0.5540722755388086,0.845518860250321,0.6129630220961765,0.7489126003473646,0.7481546397624356,0.6050965555529535,0.6233541521788173,0.5184352596260351,0.6489574400272706,0.5800680371926927,0.6360726271667871,0.7796205400263521,0.6462497086396697,0.770658520100801,0.8294123117053672,0.4950543680462719
0.6339573449988923,0.46907821646703374,0.0,0.0,0.0,0.0,0.0,0.0,0.0,0.48080213663233445,0.0,0.7410103240375671,0.5070686154722239,0.0,0.9499852884918141,0.31571354738055685,0.8470134764346022,0.7230365556584963,0.0,0.9257885821836604,0.8042714786178353,0.6659476753184845,0.7591685161436622,0.6496520161997159,0.42283142306887334,0.38724807799600125,0.7150290399576331,0.0,0.7928954025715587,0.0,0.7389996825300074,0.6423055013483236,0.5329771625410002,0.7636400357643344,0.6896353879018154,0.0,0.0,0.72490956358506,0.4694523420811942,0.0,0.2575501640307254,0.28425574551401217,0.2895494237051179,0.5185742201510978,0.20635749209563975,0.8065589932685263,0.469637326848026,0.03400206399350436,0.0,-0.17948488480160674,0.9513719552884538,1.005381099958995,0.5287136255687888,0.7079646637302859,0.5645622068170091,0.45462902118743104,0.36793492883916823,0.9125656632703574,0.0,0.5774063819148909,0.5854961518443603,0.7374278795270324,0.6851358647499716,-0.07981924321104888,0.8065111049549168,0.824543182886853,0.654623933348973,0.5031410717241326,0.5082983316428631,0.46999541992110105,0.5578838027351343,0.8222243370772533,0.8277169857521144,0.9820125763672022,-0.3429135137300513,0.44566496591255567
0.8417375645608702,0.8846297188135228,0.7910835364213136,0.0,0.0,0.852634707704384,0.0614194894424675,0.6489659040840601,0.11017618900527931,0.8422987972476209,0.0,0.7429376836633304,0.6075499639552425,0.0,0.9217926725219969,0.5667032291835401,0.8834110144064811,0.7292016449503366,0.0,0.8542848093517985,0.8345891669961147,0.6640942284346864,0.8519494471531897,0.6912409995114709,0.8003820353614783,0.5500332419943563,0.862066526399554,0.7965721478824257,0.8146204736494619,0.0,0.8246178656537032,0.6999224357046498,0.7571668340802843,0.7368902816813523,0.6177899134736898,0.47143536014728643,0.5152584971841203,0.5513164894872101,0.41189320491351944,0.2575501640307254,0.0,0.345224619897835,0.43766127460629645,0.3758961268955272,0.24657153997763018,0.8797908072125052,0.5878047761252637,0.9070988083944367,0.5490765642578878,0.8738674972820593,0.7306262112098711,0.7207454927481972,0.8081936880927495,0.738844678140534,0.45693465694409857,0.8636035546424187,0.4266202434027062,0.9071723716184144,0.6471128325977915,0.5644084876721733,0.3687096394622372,0.5693953985317941,0.6305033404714359,0.86485176891125,0.6946074185072123,0.7911338761072703,0.6418893280539286,0.6101651987340223,0.8193236983391435,0.44607302700554635,0.4647165791780402,0.7367810252512558,0.7051159257126633,0.7070093450177812,0.8407291637509892,0.28101744321410815
0.0,0.8843570571088313,0.0,0.0,0.0,0.7963151737704095,0.0,0.0,0.0,0.6027825649421289,0.0,0.5494155968386406,0.034355596033496416,0.0,0.9471839803785005,0.7974884099484741,0.0,0.8146886895912516,0.0,0.8484145447280413,0.871807947884186,0.6981568598176134,0.8626388401577032,0.0,0.8173987733039908,0.7867404998716219,0.8615008069199428,0.8378823558886165,0.8589710854810856,0.0,0.8506363051887094,0.7559351550682559,0.7923190333535559,0.6898470838084819,0.7383908318321414,0.5438084075967475,0.6659093933332556,0.5655154900603321,0.8342386672969199,0.28425574551401217,0.345224619897835,0.0,0.5334265471700311,0.6060499312473479,0.7904326030847495,0.2539840405351299,0.8820796228223,0.818137700448987,0.6033163940565469,0.7395461320488684,0.9401529471565383,0.8103464265194558,0.6960010038672834,0.8643846553213332,0.49027716962605095,0.7802958257729723,0.7798260187720008,0.9063649954094345,0.0,0.576597330876546,0.6909161088305007,0.8061272756730219,0.660160850216604,0.8814022677787541,0.75099294965532,0.8495225986898998,0.6087835054171016,0.8516845543425231,0.6635289099586484,0.46193863637417143,0.5302980353450919,0.979299101573359,0.7427329883435271,0.7264759596299061,0.8321000655120421,0.7039466169847352
0.0,0.0,0.7789922521165482,0.0,0.5828875750931529,0.7929125297419465,0.5900214196915923,0.7577882183305313,0.6938970669706526,0.0,0.6394537235221156,0.0,0.6828203767082379,-0.08561984015983026,0.0,0.0,0.0,0.0,0.8021595254119641,-0.07907457884358016,0.0,0.0,0.875030209473662,0.0,0.0,0.0,0.7972217996281137,0.6011695659812365,0.6109517127119205,0.0,0.0,0.45463591526979763,0.0,0.5526302129296645,0.5853965727659942,0.41559971436398613,-0.036233309306653416,0.0,0.394051487154924,0.2895494237051179,0.43766127460629645,0.5334265471700311,0.0,0.4586901771501835,0.7323250296331358,0.0,0.0,0.7316995716873211,0.48295804936934106,0.3889869159030756,0.5653671606568634,0.7281360448647357,0.5295011681237026,0.8651969592606628,0.61494507072322,0.5061516048999696,0.72848203866334,0.7873550114437234,0.3635541368475032,0.08473870450301368,0.0,0.667938393265535,-0.05478271235254761,0.627488470490431,0.645792198282226,0.6198576467540996,0.6364015397897218,0.5535929330345233,0.5666624859998626,0.6835265489846774,0.6775362998768121,0.4228112258057538,0.559462703575874,0.6279401985803591,0.0,0.6340724175474426
0.0,0.0,0.0,0.0,0.0,0.0,0.0,0.0,0.0,0.0,0.0,0.0,0.0,0.0,0.0,0.0,0.0,0.0,0.0,0.0,0.0,0.0,-0.0010884826840285022,0.0,0.0,0.0,0.07813195272466861,0.0,0.0,0.0,0.0,0.7410961072548334,0.0,-0.08952608217351726,-0.14673519902756182,-0.10103834360912373,0.004052746667303431,0.0,0.5549080367889047,0.5185742201510978,0.3758961268955272,0.6060499312473479,0.4586901771501835,0.0,0.7855026552790971,0.0,0.0,0.8504729698897857,0.6636611719457456,0.5873758257989868,0.8741438880370866,0.884605779253063,0.6385644542083969,0.9067104516504352,0.554050357234249,0.7720435746805876,0.6837100940814141,0.8214972103267959,0.5505848469701221,0.0,0.0,0.0,0.0,0.8431651039949706,0.7563731720996503,0.0,0.0,0.7071692167329074,0.0,0.0,0.0,0.8483633338687261,0.6466919716095347,0.6231991883601925,0.0,0.78245794153532
0.0,0.0,0.0,0.0,0.0,0.0,0.0,0.0,0.0,0.4836221377114602,0.0,0.424245113418672,0.0,0.0,0.0,0.0,0.0,0.0,0.0,0.0,0.0,0.0,0.0,0.4334697972270271,-0.014700708836668686,-0.19787233999182963,0.0,0.0,0.0,0.0,0.0,0.7094422378231773,0.6245428360119337,0.6020225683873516,0.7237702263940691,0.0,0.0,0.6731637074333894,0.44443113669340895,0.20635749209563975,0.24657153997763018,0.7904326030847495,0.7323250296331358,0.7855026552790971,0.0,0.5607216368154305,0.0,0.0,0.0,-0.13528233475172036,0.7289514550813522,-0.24755849798892315,0.0,0.7671430901120354,0.34865288329232547,0.4584217703054826,0.2180081015733575,0.7374094738766719,0.0,0.0,0.0,0.543529153904329,0.7097492613493962,0.6549816983673636,0.0,0.0,0.0,-0.06602707277139164,0.37960366862630324,0.5708402641366923,0.6559314310526858,0.5994888509972374,0.8322489647386603,0.0,0.0,0.6838583982838222
0.5136630863671673,0.8298369324017638,0.0,0.0,0.0,0.0,0.0,0.0,0.0,0.7986477147212243,0.0,0.762506984900778,0.0,0.0,0.0,0.8612082550635692,0.0,0.683939311681359,0.0,0.0,0.6607619866492659,0.8368833667642541,0.0,0.746750644200399,0.6231124867906243,0.5994172487022615,0.0,0.0,0.0,0.0,0.7955836070505303,0.8283763833242966,0.8196510797270335,0.8246554095177465,0.0,0.0,0.0,0.0,0.7509486957885958,0.8065589932685263,0.8797908072125052,0.2539840405351299,0.0,0.0,0.5607216368154305,0.0,0.6774356993041247,0.0,0.0,0.0,0.9141574679987984,0.0,0.5436318437904675,0.0,0.8428485720367987,0.0,0.8933661253227907,0.15089399400302483,0.7856468272957926,0.8164817371379685,0.6134661260422372,0.04662524830869952,0.5198466848039737,0.0,0.8911571894231525,0.5687681019754721,0.8888584060344401,0.5051459371062588,0.5341989033822389,0.5970083311028432,0.633659750010246,0.8584794641632283,0.2890221758641817,0.9231079594510796,0.0,0.8322661861519944
0.5152075181417942,0.8400924878089812,0.0,0.0,0.0,0.7223956426961358,0.0,0.0,0.0,0.0,0.0,0.0,0.20879136399970882,0.0,0.8676287974447252,0.6262941157170607,0.0,0.5009970706785543,0.0,0.6942023443133466,0.5309964620891542,0.6450985678150235,0.7856209230666905,0.7059777032813161,0.7758791167397562,0.7964097735899218,0.7013183805087045,0.14400059544387078,0.6620037060857346,0.0,0.8330425661768418,0.38795890756859186,0.25051339660017974,0.4069631786557507,0.7399504413531863,0.0,0.0,0.0,0.69116702079988,0.469637326848026,0.5878047761252637,0.8820796228223,0.0,0.0,0.0,0.6774356993041247,0.0,0.7593870761015195,0.0,-0.020725495806846794,0.8798958081969896,0.9080830985916958,0.7925579025138748,0.8549279686560453,0.7607063584257969,0.0,0.0,0.9364721605755202,0.0,0.5415388095805524,0.4906876451658597,0.6740285370289647,0.45776154814570225,0.0,0.7914342879938385,0.614251807628004,0.645675518047331,0.5094241418975023,0.0,0.575599764989062,0.6263873753236577,0.9065168161701163,0.895430104426574,0.8940131920939565,0.0,0.8660610559500012
0.0,0.0,0.5803521641345885,0.0,0.7132739712589159,0.896888902036928,0.07414936957812135,0.898753895268755,0.9180087899562466,0.0,0.925358587226007,0.0,0.7608706592870673,-0.08821168032061044,0.0,0.0,0.0,0.0,0.8793375467282032,0.0,0.0,0.0,0.7937748118346729,0.0,0.0,0.0,0.90159664876096,0.034820451945715813,0.5780740558189992,0.0,0.01897819333235079,0.634201750817739,0.0,0.06159047043247712,0.0,0.5650055426058286,0.0,0.0,0.9053115474737136,0.03400206399350436,0.9070988083944367,0.818137700448987,0.7316995716873211,0.8504729698897857,0.0,0.0,0.7593870761015195,0.0,0.7698162230957958,0.8072096802455218,0.7336576613976034,0.707927574640793,0.7476652013713498,0.7876757240880028,0.7876666039825363,0.5113794577324167,0.7263441417133217,0.7218470696818675,0.7163383330500473,0.0,0.0,0.0,0.0,0.6117485618769819,0.0,0.7264174727878954,0.7867780227322996,0.810520914901477,0.0,0.15454558669020146,0.7235403256978816,0.7886373299962829,0.8635015049196604,0.7918829661524979,0.7976594584960922,0.8481011098058997
0.0,0.0,0.0,0.0,0.0,0.0,0.0,0.0,0.0,0.0,0.0,0.0,0.0,0.0,0.0,0.0,0.0,0.0,0.0,0.0,0.0,0.0,0.0,0.0,0.0,0.0,0.0,0.0,0.0,0.0,0.0,0.0,0.0,0.0,0.0,0.0,0.0,0.0,0.8279644450114714,0.0,0.5490765642578878,0.6033163940565469,0.48295804936934106,0.6636611719457456,0.0,0.0,0.0,0.7698162230957958,0.0,0.7134172443214875,0.8213732020066109,0.8515402828269651,0.6517676137607114,0.85557184569399,0.0,0.7367684683939926,0.0,0.8253481573719504,0.5527574035199099,0.0,0.0,0.0,0.0,0.7694242779557299,0.0,0.0,0.0,0.7743233363465355,0.0,0.0,0.0,0.7596949474550827,0.8434618056646785,0.0,0.0,0.7509977712620233
0.0,0.0,0.08767011624666654,0.0,0.010078107097943156,0.098293352759516,0.0,-0.03955944290533364,0.10790531589595997,0.0,0.7752860525509552,0.0,0.0,0.0,0.0,0.0,0.0,0.0,0.01953673446131665,0.0,0.0,0.0,0.17903713262312582,0.0,0.0,0.0,0.06439503283155268,0.0,0.0,0.0,0.0,0.7894511703708358,0.0,0.0,0.0,-0.1545089086883772,0.0,0.0,0.8447618514201126,-0.17948488480160674,0.8738674972820593,0.7395461320488684,0.3889869159030756,0.5873758257989868,-0.13528233475172036,0.0,-0.020725495806846794,0.8072096802455218,0.7134172443214875,0.0,0.6732762569892765,0.7160701408912393,0.702752465439445,0.7584211771239138,0.7864380027533788,0.7227403077827044,0.06477485204261935,0.5556490429202025,0.6349886098834728,0.0,0.0,0.0,0.0,0.7623634050379465,0.0,0.0,0.8374110048266152,0.7614597964258296,0.0,0.006360179910237407,0.07806850724235687,0.9106412662598969,0.5716539246790093,-0.00474538069058994,0.0,0.8579093285980353
-0.005351538978728476,0.762873176813187,0.8507909652445818,0.0,0.7716639643405055,0.5660395702755332,0.8470985323026451,0.822391222073661,0.8491072033084196,0.0,0.6862757796294191,0.0,0.8433635641672157,0.0,0.7929658139774687,0.12720124460961052,0.0,0.0,0.724312603264648,0.774528327553166,0.8808587677806301,0.9162144069508331,0.6348092325226143,0.0,0.1953325166503489,0.7846528749502522,0.6157549507668524,0.820608576006192,0.8434573981684229,0.8713311126783665,0.8203502432525486,0.829743322755857,0.0,0.8435980661280933,0.846015577692772,0.5502904470535362,0.0,0.0,0.8790926765373964,0.9513719552884538,0.7306262112098711,0.9401529471565383,0.5653671606568634,0.8741438880370866,0.7289514550813522,0.9141574679987984,0.8798958081969896,0.7336576613976034,0.8213732020066109,0.6732762569892765,0.0,0.6750602510639362,0.6816066865053474,0.6706466362939305,0.8312140424006866,0.5768777337267994,0.7384463799526731,0.6534667792665966,0.805268349343898,0.8313445550702211,0.9350652709776578,0.681349825531449,0.9147742628810241,0.7586243188463401,0.8619121245056824,0.8782232861940605,0.8410356396453444,0.5200789740982618,-0.0070674185726349315,0.9684255743301519,0.8398493944861678,0.5831553555124305,0.7135399062539541,0.6939110885012633,0.8031884912106636,0.662213509782255
0.0,0.0,0.1528492461535753,0.0,0.057775689377801864,0.8459152026157979,0.08424383013647524,-0.047149983889140934,0.13294669937577486,0.0,0.05982064516041641,0.0,0.1358827103975061,0.0,0.0,0.0,0.0,0.0,0.063540929495851,0.0,0.0,0.0,0.6009066869353847,0.0,0.0,0.0,0.6775524812689413,0.17046967467980118,0.12228978201118029,0.0,0.0,0.055522031028214625,0.0,0.15166184970789326,-0.01168530422452374,0.6628586336974552,0.0,0.0,0.6087776469004251,1.005381099958995,0.7207454927481972,0.8103464265194558,0.7281360448647357,0.884605779253063,-0.24755849798892315,0.0,0.9080830985916958,0.707927574640793,0.8515402828269651,0.7160701408912393,0.6750602510639362,0.0,0.5079957367790174,0.7275511272459796,0.6810478235211643,0.6632112685891739,0.7675771028434443,0.6487167301539343,0.6305691376872287,0.0,0.8905180918503994,0.7270693806102707,-0.13205527048324117,0.8330968707163886,0.9483961112188581,0.16614198402616254,0.9645937959605966,0.6705120960721136,-0.1280715838205534,0.8360755949263208,0.9639988427863008,0.6886823527533391,0.4152215723062867,0.8806348438893667,0.0,0.5448728556852129
0.0,0.0,0.9280489747620102,0.0,0.5618447173630677,0.6046002282655467,0.09979245447215568,0.48305871337041534,0.9680266323299174,0.0,0.7727660760469369,0.0,0.8189261401300236,-0.052062416980719284,0.6868166668329874,0.0,0.0,0.0,0.8474790961290832,0.6314547222087814,0.7461851286975196,-0.06905244116780113,0.5884523402146782,0.0,0.0,0.0,0.532152141624918,0.7630463488931379,0.7978228239519586,0.0,0.7830473474039292,0.7859435472781138,0.0,0.8642274980247521,0.0,0.6313367907888561,0.0,0.0,0.5639824006223356,0.5287136255687888,0.8081936880927495,0.6960010038672834,0.5295011681237026,0.6385644542083969,0.0,0.5436318437904675,0.7925579025138748,0.7476652013713498,0.6517676137607114,0.702752465439445,0.6816066865053474,0.5079957367790174,0.0,0.7599842654735987,0.034234708949924475,0.1836018616779878,0.0010274333863007357,0.5546113645028312,0.5247213275040865,0.7236223680851258,0.08875422469952943,0.0,0.677597946689668,0.7623875802159862,0.8629663487037823,0.2559047779205404,0.195885518271402,0.33409521051842495,0.8499052161735744,0.727645713105283,0.5067335627447348,0.43739634697360985,0.40939855504838957,0.8939916497539107,0.14025758341415806,0.7661809257999844
0.0,0.0,0.9215413407436418,0.0,0.6623701960334358,0.813456968320922,0.01340589020119587,0.8396084533458066,0.8550696333350836,0.0,0.8592534395663363,0.0,0.19229398470809278,-0.09325943632721662,0.0,0.0,0.0,0.0,0.7947932827362294,0.0,0.0,0.0,0.8112110923000531,0.0,0.0,0.0,0.807035931555236,0.1593596740154139,0.007049983382812597,0.0,0.07439087967339525,0.6848041466246249,0.0,0.06294067151672833,0.0,0.46854236923301656,0.0,0.0,0.9071076450856483,0.7079646637302859,0.738844678140534,0.8643846553213332,0.8651969592606628,0.9067104516504352,0.7671430901120354,0.0,0.8549279686560453,0.7876757240880028,0.85557184569399,0.7584211771239138,0.6706466362939305,0.7275511272459796,0.7599842654735987,0.0,0.748976653812281,0.77548731617307,0.7728266211499653,0.7303400713054603,0.9336009938896993,0.0,0.0,0.08605632345187708,0.08233130845245323,0.7759872058702657,0.8613031128593875,0.0,0.8824823899865146,0.6948670488065547,0.06625097501837923,0.7068647067642633,0.7539299729828839,0.6825754411551614,0.8759446452711956,0.8849831231451859,0.7006585969326157,0.6690632774685052
0.7361645166848666,0.0,0.0,0.0,0.0,0.0,0.0,0.0,0.0,0.508273352054429,0.0,0.5680762128653474,0.6986581401577048,0.0,0.0,0.0,0.28532022622160264,0.37965525333673716,0.0,0.0,0.0,0.0,0.0,0.5267330399487714,0.23623736022216174,0.751096445105271,0.0,0.7137805410440798,0.0,0.0,0.8484099406317449,0.5548622049338454,0.19339237281616178,0.8991103464583388,0.8581762632758213,0.0,0.0,0.6349696548484889,0.266316154256207,0.5645622068170091,0.45693465694409857,0.49027716962605095,0.61494507072322,0.554050357234249,0.34865288329232547,0.8428485720367987,0.7607063584257969,0.7876666039825363,0.0,0.7864380027533788,0.8312140424006866,0.6810478235211643,0.034234708949924475,0.748976653812281,0.0,0.7356775246131861,0.5626400708287862,0.7760777984809346,0.6167597446353392,0.0,0.8091656700175609,0.5784033595018276,0.6394164603335324,0.7493806737569755,0.6955176398542842,0.0,0.7821983116193605,0.8307934215533419,0.6082303907135229,0.5742005481905338,0.6439539457344833,0.7419325452553208,0.455636510308975,0.6593067318476653,0.0,0.6216500812223448
0.0,0.0,0.8137972023651749,0.0,0.5759076526543516,0.7755152950875546,0.05255522066038315,0.6226848023914611,0.9135730088288296,0.0,0.8745353534173124,0.0,0.7743843293594441,-0.0016554576226285311,0.0,0.0,0.0,0.0,0.7506515621233907,0.0,0.0,0.0,0.6833046073518397,0.0,0.0,0.0,0.8290501693451147,0.029675068046032926,0.0,0.0,0.0,0.5240726995623975,0.0,0.0,0.0,0.6103657451061701,0.0,0.0,0.6309121364481279,0.45462902118743104,0.8636035546424187,0.7802958257729723,0.5061516048999696,0.7720435746805876,0.4584217703054826,0.0,0.0,0.5113794577324167,0.7367684683939926,0.7227403077827044,0.5768777337267994,0.6632112685891739,0.1836018616779878,0.77548731617307,0.7356775246131861,0.0,0.6817509006551569,0.619091076255449,0.4783393276054914,0.0,0.0,0.6231737078035144,-0.014250492801675063,0.7383443783013703,0.0,0.0,0.0,0.5198777522374894,-0.007648635243868163,0.6049021096224435,0.055612044287571494,0.9447156334370137,0.7019180693622831,0.0,0.0,0.755562309713859
0.0,0.0,0.0,0.0,0.0,0.0,0.0,0.0,0.0,0.533486373773782,0.0,0.5838516559118473,0.6842065363935999,0.0,0.0,0.0,0.7984752654144615,0.8613183901408104,0.0,0.0,0.0,0.0,0.0,0.5247445313998,0.49046104943653906,0.8476144009771565,0.0,0.6397855728455013,0.0,0.0,0.8798877003353196,0.4815887022269298,0.3546389198191141,0.8818449702425525,0.5672233760239578,0.0,0.0,0.572728883791089,0.35516087959633486,0.36793492883916823,0.4266202434027062,0.7798260187720008,0.72848203866334,0.6837100940814141,0.2180081015733575,0.8933661253227907,0.0,0.7263441417133217,0.0,0.06477485204261935,0.7384463799526731,0.7675771028434443,0.0010274333863007357,0.7728266211499653,0.5626400708287862,0.6817509006551569,0.0,0.7575153598398444,0.0,0.0,0.9038477952442532,0.7519010040339396,0.8243103252143786,0.7849827972608908,0.0,0.7550528681104023,0.7768613985363936,0.7335269906674722,0.7301647389535848,0.7138971368797769,0.589522820832697,0.7051295497066261,0.869676890583374,0.8325249736624586,0.0,0.6958723025151888
0.0,0.20905679920348086,0.1056906612710754,0.0,0.14847212974717677,0.8526684857422863,0.13337326235555713,0.8092163751586062,0.09200752543187807,0.6731565894898044,-0.021274331337770125,-0.08995077405793073,0.21069179177123493,0.0,0.7114117205175938,0.0,0.0,0.0,0.058140099571729054,0.7411832122545386,0.7758818685094575,0.18830143851850956,0.5952605984345036,0.0,0.08879194680926389,0.13681369019937306,0.7366255097652512,0.8287184877148535,0.7969670083312159,0.0,0.26111470333387765,0.7900673305620561,0.01344393934125504,0.07984010782093554,0.08238298967351554,0.5863701686523671,0.0,0.0,0.6682180936147306,0.9125656632703574,0.9071723716184144,0.9063649954094345,0.7873550114437234,0.8214972103267959,0.7374094738766719,0.15089399400302483,0.9364721605755202,0.7218470696818675,0.8253481573719504,0.5556490429202025,0.6534667792665966,0.6487167301539343,0.5546113645028312,0.7303400713054603,0.7760777984809346,0.619091076255449,0.7575153598398444,0.0,0.8770540828523012,0.8172501447963239,0.9131209890232115,0.7505511549801526,0.8563857215728506,0.8458776439838319,0.8985212177953434,0.8550761830496096,0.7879362983045692,0.6561022061146541,0.6247899577735886,0.8564085773665926,0.9145315566641559,0.6738639583070868,0.5848925358402957,0.6460222087951161,0.8083266896000595,0.7565966839010674
0.0,0.0,0.7146643575487961,0.0,0.0,0.0,0.0,0.6747285630906388,0.6848620611364596,0.0,0.7384431675130085,0.0,0.0,0.0,0.0,0.0,0.0,0.0,0.7450349120946437,0.0,0.0,0.0,0.8567729199079896,0.0,0.0,0.0,0.07203251593700133,0.0,0.0,0.0,0.0,0.0,0.0,0.0,0.0,-0.03186120056398628,0.0,0.0,0.5441664757656703,0.0,0.6471128325977915,0.0,0.3635541368475032,0.5505848469701221,0.0,0.7856468272957926,0.0,0.7163383330500473,0.5527574035199099,0.6349886098834728,0.805268349343898,0.6305691376872287,0.5247213275040865,0.9336009938896993,0.6167597446353392,0.4783393276054914,0.0,0.8770540828523012,0.0,0.0,0.0,0.0,0.0,0.5661073460105546,0.0,0.7185116402971081,0.0,0.598946891856575,0.0,0.0,0.6051930905321741,0.7957912278768792,0.8850808917874246,0.0,0.0,0.7255551799015227
0.0,0.8614885138613397,0.0,0.0,0.0,0.7720639313250881,0.0,0.7745064480033451,0.0,0.0,0.0,0.0,0.0524907268335017,0.0,0.6660466674671051,0.8663079335812962,0.0,0.0,0.0,0.882224850736653,0.5589516407637879,0.6753608745237105,0.7103820470785334,0.0,0.6717679122145983,0.8476894021381545,0.8834512479091907,0.8081578311061084,0.8686086205396383,0.0,0.9111149367416358,0.6296020502797754,0.6860609959628895,0.6997009493474327,0.7146602258368687,0.0,0.0,0.0,0.47475385222156585,0.5774063819148909,0.5644084876721733,0.576597330876546,0.08473870450301368,0.0,0.0,0.8164817371379685,0.5415388095805524,0.0,0.0,0.0,0.8313445550702211,0.0,0.7236223680851258,0.0,0.0,0.0,0.0,0.8172501447963239,0.0,0.0,0.8029252428306732,0.0,0.6941942978531548,0.0,0.5636669308695804,0.5261910153307096,0.5848075384129693,0.552151974798881,0.8315200733484134,0.6176889278451381,0.579317528135865,0.5797125305004417,0.805354022979705,0.8924372994245496,0.7449729915297745,0.8468378423046952
0.6026763515430683,0.5461769216992002,0.0,0.0,0.0,0.19990884963179056,0.0,0.0,0.0,0.8967789477796331,0.0,0.0,0.0,0.0,0.06760455835051793,0.5706932665908182,0.0,0.48485205799167175,0.0,0.1667739421806505,-0.04202153687705246,0.8054230100105079,0.17075202646650756,0.7929611245727592,0.4797053250900953,0.4738592911875642,0.17054186363949564,0.0,0.21717898711801104,0.0,0.8424374903602433,0.7003947284207241,0.28722732824750413,0.3689362156953394,0.3018481511209451,0.0,0.0,0.0,0.5540722755388086,0.5854961518443603,0.3687096394622372,0.6909161088305007,0.0,0.0,0.0,0.6134661260422372,0.4906876451658597,0.0,0.0,0.0,0.9350652709776578,0.8905180918503994,0.08875422469952943,0.0,0.8091656700175609,0.0,0.9038477952442532,0.9131209890232115,0.0,0.8029252428306732,0.0,0.8475593503654566,0.5474029873905453,0.0,0.6026944976189067,0.8037495839680014,0.6623788318038049,0.7596017142538245,0.8289735807335958,0.4306308618406497,0.5511205520848759,0.9467929554198086,0.8012736356784207,0.8942422370992075,0.0,0.5129705628551308
0.0,0.0,0.0,0.0,0.0,0.0,0.0,0.0,0.0,0.8011295797052617,0.0,0.755091425663816,0.0,0.0,0.0,0.0,0.6112084936005954,0.6573133738609448,0.0,0.0,0.0,0.0,0.0,0.7725356585641764,0.3442677461591175,0.36741075913707544,0.0,0.0,0.0,0.0,0.808456102064354,-0.12053679478105883,0.8090020209409354,0.7967872461226018,0.0,0.0,0.0,0.0,0.845518860250321,0.7374278795270324,0.5693953985317941,0.8061272756730219,0.667938393265535,0.0,0.543529153904329,0.04662524830869952,0.6740285370289647,0.0,0.0,0.0,0.681349825531449,0.7270693806102707,0.0,0.08605632345187708,0.5784033595018276,0.6231737078035144,0.7519010040339396,0.7505511549801526,0.0,0.0,0.8475593503654566,0.0,0.6685055801945837,0.0,0.723839366695741,0.0,0.8654913467074189,0.10027696032541622,0.597371326737102,0.5703795571802145,0.6478370715304212,0.6824527579064281,0.6903270250322757,0.7861683372426684,0.0,0.6454478227487354
0.7835270697450952,0.8184645372940043,0.0,0.0,0.0,0.0,0.0,0.0,0.0,0.8889272841795717,0.0,0.851275765878394,0.0,0.0,0.0,0.8458002407263852,0.7941475689011684,0.5152337866462148,0.0,0.04909049192248244,0.0,0.07512643269161379,0.0,0.530706282279285,0.5600292175159185,0.521893739122363,0.0,0.0,0.07253339208567422,0.0,0.8964130316744479,0.7954333085037997,0.8019018314200631,0.8473601916972773,0.24242713770677032,0.0,0.0,0.0,0.6129630220961765,0.6851358647499716,0.6305033404714359,0.660160850216604,-0.05478271235254761,0.0,0.7097492613493962,0.5198466848039737,0.45776154814570225,0.0,0.0,0.0,0.9147742628810241,-0.13205527048324117,0.677597946689668,0.08233130845245323,0.6394164603335324,-0.014250492801675063,0.8243103252143786,0.8563857215728506,0.0,0.6941942978531548,0.5474029873905453,0.6685055801945837,0.0,0.0,0.8934453469610154,0.7757358095655924,0.6006005749907527,0.7140366090167514,0.6605202168460576,0.5323325841191251,0.5274955687053445,0.9185961901591567,0.8418071274827751,0.9234681350217763,0.0,0.667141801536202
0.0,0.0,0.573397307319097,0.0,0.6112908089530844,0.6883187630919887,-0.02222414691522956,0.7532671320896075,0.7472657981187112,0.0,0.8679989817652018,0.0,0.018850620869352075,-0.017096844136727962,0.0,0.0,0.0,0.0,0.7779151523831832,0.0,0.0,0.0,0.795329647812782,0.0,0.0,0.0,0.7007100908036438,0.0,0.0,0.0,0.0,0.509216436128688,0.0,0.0,0.0,0.468897678454668,0.0,0.0,0.7489126003473646,-0.07981924321104888,0.86485176891125,0.8814022677787541,0.627488470490431,0.8431651039949706,0.6549816983673636,0.0,0.0,0.6117485618769819,0.7694242779557299,0.7623634050379465,0.7586243188463401,0.8330968707163886,0.7623875802159862,0.7759872058702657,0.7493806737569755,0.7383443783013703,0.7849827972608908,0.8458776439838319,0.5661073460105546,0.0,0.0,0.0,0.0,0.0,0.0,0.0,0.0,0.7090736655518776,0.0,0.03786051629835496,0.10473508848160085,0.7709027597788257,0.856288070891245,0.0,0.0,0.8401123777988659
0.0,0.7306001746498116,0.0,0.0,0.0,0.7480232835059039,0.0,0.8208490117655596,0.0,0.0,0.0,0.0,0.7451152487446722,0.0,0.8515420193738273,0.6446051690944649,0.0,0.0,0.0,0.875360158917203,0.8781695290666269,0.6769975192178608,0.7319184043328677,0.0,0.6899246101028629,0.8179410146553364,0.8150941944243042,0.77000309551442,0.9000035852989444,0.7489068935409394,0.6883832924943167,0.6558528741087619,0.8392417168773811,0.894289929834091,0.8956354032301639,0.6619761164986033,0.0,0.0,0.7481546397624356,0.8065111049549168,0.6946074185072123,0.75099294965532,0.645792198282226,0.7563731720996503,0.0,0.8911571894231525,0.7914342879938385,0.0,0.0,0.0,0.8619121245056824,0.9483961112188581,0.8629663487037823,0.8613031128593875,0.6955176398542842,0.0,0.0,0.8985212177953434,0.0,0.5636669308695804,0.6026944976189067,0.723839366695741,0.8934453469610154,0.0,0.0,0.6045415482491979,0.6405528990438607,0.8260323929735239,0.06788112022572462,0.8751316809150581,0.7234828774928581,0.8362523912604597,0.9232261655706488,0.7701407945925554,0.8706361110123437,0.7817588538390816
-0.12021140956808118,0.8488282946870394,0.0,0.0,0.0,0.7730641689063408,0.0,0.5653615349414718,0.0,0.0,0.0,0.0,0.0,0.0,0.6352765975273739,0.7384115689629265,0.0,0.0,0.0,0.8888270284051585,0.7429383517065417,0.7127949156175648,0.7850302152678287,0.0,0.7818103934453157,0.8700577220782408,0.7913475591129708,0.7671724130982517,0.8148822347253976,0.0,0.8277274980402816,0.8492364687621088,0.8758126510122293,0.9026820998825491,0.9510921114567119,0.0,0.0,0.0,0.6050965555529535,0.824543182886853,0.7911338761072703,0.8495225986898998,0.6198576467540996,0.0,0.0,0.5687681019754721,0.614251807628004,0.7264174727878954,0.0,0.0,0.8782232861940605,0.16614198402616254,0.2559047779205404,0.0,0.0,0.0,0.7550528681104023,0.8550761830496096,0.7185116402971081,0.5261910153307096,0.8037495839680014,0.0,0.7757358095655924,0.0,0.6045415482491979,0.0,0.7350709489061332,0.4230792488124336,0.8964449386801235,0.6833881833538462,0.5997658819809101,0.5192595206681139,0.851214839506979,0.8262057854123401,0.859811596630485,0.7561486984981185
0.8722136304899523,0.922571883504783,0.0,0.0,0.0,0.868736627687562,0.0,0.0,0.0,0.0,0.0,0.0,0.7395159115987879,0.0,0.8190772227200795,0.6429953614650601,0.0,0.7636326569946228,0.0,0.8012104016902803,0.809377933616652,0.7200597440871258,0.9378842990102011,0.0,0.7531843504245375,0.8240627365973692,0.9010888422681023,0.8247243605495325,0.8993166236947635,0.0,0.681270423994891,0.6248712823642273,0.5887966166645727,0.6877021493465072,0.8030107041972724,0.0,0.0,0.0,0.6233541521788173,0.654623933348973,0.6418893280539286,0.6087835054171016,0.6364015397897218,0.0,0.0,0.8888584060344401,0.645675518047331,0.7867780227322996,0.0,0.8374110048266152,0.8410356396453444,0.9645937959605966,0.195885518271402,0.8824823899865146,0.7821983116193605,0.0,0.7768613985363936,0.7879362983045692,0.0,0.5848075384129693,0.6623788318038049,0.8654913467074189,0.6006005749907527,0.0,0.6405528990438607,0.7350709489061332,0.0,0.6696135737345312,0.0,0.6464015354780707,0.6827376105749424,0.7351033666427407,0.8730886676021686,0.8004446450130129,0.04792285035557514,0.6199830892468399
0.0,0.7065017464429344,0.8892424179416208,0.0,0.8409817616996891,0.5527627288261514,0.8511998233420026,0.62419920117396,0.896004761837249,0.0,0.8568910205083426,0.0,0.6883014592510721,-0.22452129077370264,0.7794304529289235,0.13563878106555843,0.0,0.0,0.8362679581599161,0.8307337149500891,0.7074154624518267,0.7849508855793417,0.7243007348871261,0.0,0.12610408705258574,0.8220811360260432,0.5566855207447167,0.5900856129445241,0.6643529747907007,0.7721837090516205,0.8493216095922035,0.8430504469181613,0.6717885018852026,0.8710754370952624,0.91209794918296,0.7672248590038308,0.0319064424131833,0.0,0.5184352596260351,0.5031410717241326,0.6101651987340223,0.8516845543425231,0.5535929330345233,0.7071692167329074,-0.06602707277139164,0.5051459371062588,0.5094241418975023,0.810520914901477,0.7743233363465355,0.7614597964258296,0.5200789740982618,0.6705120960721136,0.33409521051842495,0.6948670488065547,0.8307934215533419,0.5198777522374894,0.7335269906674722,0.6561022061146541,0.598946891856575,0.552151974798881,0.7596017142538245,0.10027696032541622,0.7140366090167514,0.7090736655518776,0.8260323929735239,0.4230792488124336,0.6696135737345312,0.0,0.8362513022835174,0.6715567060613234,0.5233390612636099,0.5342903596533185,0.6299060213235168,0.6134930501065403,0.5777180407147114,0.5768021153947022
0.6298203361394379,0.0,0.0,0.0,0.0,0.0,0.0,0.0,0.0,0.8197989583380078,0.0,0.7752449713897424,0.0,0.0,0.0,0.0,0.8731445405688685,0.8954738265653936,0.0,0.0,0.0,0.0,0.0,0.4599996992007776,0.7765802900811071,0.6794841378495686,0.0,0.0,0.0,0.0,0.7652732846135291,0.5272358374715044,0.8641882458753627,0.7818917087810235,0.0,0.0,0.0,0.5138859772444889,0.6489574400272706,0.5082983316428631,0.8193236983391435,0.6635289099586484,0.5666624859998626,0.0,0.37960366862630324,0.5341989033822389,0.0,0.0,0.0,0.0,-0.0070674185726349315,-0.1280715838205534,0.8499052161735744,0.06625097501837923,0.6082303907135229,-0.007648635243868163,0.7301647389535848,0.6247899577735886,0.0,0.8315200733484134,0.8289735807335958,0.597371326737102,0.6605202168460576,0.0,0.06788112022572462,0.8964449386801235,0.0,0.8362513022835174,0.0,0.6197180532308426,0.6468153165461863,0.8682480224946976,0.7335784334175378,0.0,0.0,0.81317099843794
0.4983894733362738,0.7165561447487379,0.0,0.0,0.0,0.11892296049849743,0.0,0.0,0.0,0.8363356300623983,0.0,0.8481506580009307,0.688082708286083,0.0,0.009065922273687188,0.6220848349595607,0.7979015455448876,0.46423441986621894,0.0,0.18957060909894258,0.7038720590799871,0.7299465691365606,0.186774440097015,0.49136007913343255,0.47999582993033496,0.44387664301161034,0.0,0.6876123587304205,0.22221300404782068,0.0,0.6005111553605886,0.8101593366431703,0.5418663066189038,0.5030595808500536,0.8016682885333754,0.0,0.0,0.6311580277662335,0.5800680371926927,0.46999541992110105,0.44607302700554635,0.46193863637417143,0.6835265489846774,0.0,0.5708402641366923,0.5970083311028432,0.575599764989062,0.15454558669020146,0.0,0.006360179910237407,0.9684255743301519,0.8360755949263208,0.727645713105283,0.7068647067642633,0.5742005481905338,0.6049021096224435,0.7138971368797769,0.8564085773665926,0.0,0.6176889278451381,0.4306308618406497,0.5703795571802145,0.5323325841191251,0.03786051629835496,0.8751316809150581,0.6833881833538462,0.6464015354780707,0.6715567060613234,0.6197180532308426,0.0,0.5811884867438398,0.9592417463693494,0.8187302456709966,0.9177696275527442,0.0,0.4938253268349585
0.5865387882388353,0.887373452889707,0.0,0.0,0.0,0.8440378191887056,0.07995196000404153,0.0,0.0,0.8692330983861842,0.0,0.8639795360835048,0.6895433743699775,0.0,0.8390876296582268,0.692016850114855,0.6594976565461131,0.6021916527801982,0.0,0.8567403176992128,0.6540803687486275,0.6173536839917678,0.8034671186812231,0.643077100339647,0.5759770208133133,0.5629461767536693,0.7387863187186792,0.04152375195118585,0.8271572072477009,0.0,0.8824340853542741,0.590314876827525,0.608117850940117,0.5949751316258095,0.5935819107527759,0.0,0.0,0.8242291902722337,0.6360726271667871,0.5578838027351343,0.4647165791780402,0.5302980353450919,0.6775362998768121,0.0,0.6559314310526858,0.633659750010246,0.6263873753236577,0.7235403256978816,0.0,0.07806850724235687,0.8398493944861678,0.9639988427863008,0.5067335627447348,0.7539299729828839,0.6439539457344833,0.055612044287571494,0.589522820832697,0.9145315566641559,0.6051930905321741,0.579317528135865,0.5511205520848759,0.6478370715304212,0.5274955687053445,0.10473508848160085,0.7234828774928581,0.5997658819809101,0.6827376105749424,0.5233390612636099,0.6468153165461863,0.5811884867438398,0.0,0.6768631415172187,0.48972847311744927,0.895606271013299,0.0,0.4955437357141704
0.0,0.6937896066232692,0.8872567050708321,0.0,0.6884867579069298,0.6009807271454506,0.7920147051560422,0.7351181626813882,0.8446680371837836,0.0,0.7663466903781639,0.0,0.8731481455417365,-0.17112039608787188,0.756058256317894,0.5783127096249056,0.0,0.0,0.7683304743934529,0.8116556830428037,0.6997797484220086,0.9154483073638011,0.5890573490572402,0.0,0.08601001613803799,0.8262255291413564,0.6349314302511821,0.6431015850183414,0.6893435625135509,0.8331948039697363,0.6979795517316524,0.8414639927648389,0.7178146510628237,0.9336332305521052,0.9248156184060905,0.7224418855048371,0.054022561856182316,0.0,0.7796205400263521,0.8222243370772533,0.7367810252512558,0.979299101573359,0.4228112258057538,0.8483633338687261,0.5994888509972374,0.8584794641632283,0.9065168161701163,0.7886373299962829,0.7596949474550827,0.9106412662598969,0.5831553555124305,0.6886823527533391,0.43739634697360985,0.6825754411551614,0.7419325452553208,0.9447156334370137,0.7051295497066261,0.6738639583070868,0.7957912278768792,0.5797125305004417,0.9467929554198086,0.6824527579064281,0.9185961901591567,0.7709027597788257,0.8362523912604597,0.5192595206681139,0.7351033666427407,0.5342903596533185,0.8682480224946976,0.9592417463693494,0.6768631415172187,0.0,0.5981866231219634,0.8479826323818276,0.5936960059744154,0.6960291799732038
0.0,0.11316249702090242,0.12048013125359658,0.0,0.12168859224159578,0.8690814549579262,0.21207423475910497,0.8395924238010696,0.15837389958730658,0.6278330907566754,-0.04970150511740923,0.6586057230912234,0.18603010535148173,0.0,0.6039350328590474,0.0,0.0,0.0,0.08787374223365929,0.7686613387239726,0.9569817512073304,0.6138890935866274,0.5926460771701213,0.0,0.09294544284253342,0.03884227163767706,0.8627528614813191,0.8317685948821101,0.8112731925602295,0.11593648965939629,0.23070082235787143,0.8517636143306281,-0.04180690275391369,0.8902854491442166,0.025342918412263327,0.6006341981125504,0.0,-0.09071977554563204,0.6462497086396697,0.8277169857521144,0.7051159257126633,0.7427329883435271,0.559462703575874,0.6466919716095347,0.8322489647386603,0.2890221758641817,0.895430104426574,0.8635015049196604,0.8434618056646785,0.5716539246790093,0.7135399062539541,0.4152215723062867,0.40939855504838957,0.8759446452711956,0.455636510308975,0.7019180693622831,0.869676890583374,0.5848925358402957,0.8850808917874246,0.805354022979705,0.8012736356784207,0.6903270250322757,0.8418071274827751,0.856288070891245,0.9232261655706488,0.851214839506979,0.8730886676021686,0.6299060213235168,0.7335784334175378,0.8187302456709966,0.48972847311744927,0.5981866231219634,0.0,0.6899287550754495,0.6899009525398452,0.5772864748966837
0.0,0.7453421455618332,0.0,0.0,0.0,0.8529446962734644,0.135878252942981,0.8571478499324041,0.018012448083860377,0.0,0.0,0.0,0.7583627709991944,0.0,0.839845166228168,0.6671652422865797,0.0,0.11260495121807546,0.0,0.9062920717921159,0.9620778653338409,0.8836443207022643,0.6898583642332244,0.0,0.7828624551615118,0.7385243876258776,0.8920935631290976,0.774431073100794,0.8302132230305345,0.7429757030651073,0.8773026344246575,0.8307051650919003,0.7518678906915395,0.8627917360096947,0.8877742212163995,0.4956644106859668,0.0,0.0,0.770658520100801,0.9820125763672022,0.7070093450177812,0.7264759596299061,0.6279401985803591,0.6231991883601925,0.0,0.9231079594510796,0.8940131920939565,0.7918829661524979,0.0,-0.00474538069058994,0.6939110885012633,0.8806348438893667,0.8939916497539107,0.8849831231451859,0.6593067318476653,0.0,0.8325249736624586,0.6460222087951161,0.0,0.8924372994245496,0.8942422370992075,0.7861683372426684,0.9234681350217763,0.0,0.7701407945925554,0.8262057854123401,0.8004446450130129,0.6134930501065403,0.0,0.9177696275527442,0.895606271013299,0.8479826323818276,0.6899287550754495,0.0,0.8376462120458863,0.80152876242257
0.0,0.0,0.0,0.0,0.0,0.07434558677417402,0.0,0.0,0.0,0.0,0.0,0.0,0.0,0.0,0.0,0.0,0.0,0.0,0.0,0.6781870814475586,0.0,0.0,0.8591576788305741,0.0,0.0,0.0,0.7606253754615598,0.1373859183450994,0.7464741473084187,0.0,0.0,0.8777682021037922,0.0,0.0,0.0,0.0,0.0,0.0,0.8294123117053672,-0.3429135137300513,0.8407291637509892,0.8321000655120421,0.0,0.0,0.0,0.0,0.0,0.7976594584960922,0.0,0.0,0.8031884912106636,0.0,0.14025758341415806,0.7006585969326157,0.0,0.0,0.0,0.8083266896000595,0.0,0.7449729915297745,0.0,0.0,0.0,0.0,0.8706361110123437,0.859811596630485,0.04792285035557514,0.5777180407147114,0.0,0.0,0.0,0.5936960059744154,0.6899009525398452,0.8376462120458863,0.0,0.6541874157914469
0.1323741901308133,0.8531300620713061,0.029507496962084656,0.0,0.0,0.8060359582027712,0.09925682052491686,0.7825535988972482,0.14690347809424326,0.8252572600381206,0.0,0.6887159203165255,0.1554102166178753,0.0,0.8136780457451267,0.8231143898497897,0.8938312278964221,0.7979321026553958,0.0,0.7708668577271428,0.7034931926279694,0.8580161627628435,0.5605998084686975,0.7274678372329169,0.47756239884921053,0.470510210742192,0.736485173405517,0.8431971720030258,0.8213301852524442,0.0,0.1567053407512224,0.8692229761460409,0.7808557732146566,0.8715205656367487,0.0,0.0,0.0,-0.01510077613746369,0.4950543680462719,0.44566496591255567,0.28101744321410815,0.7039466169847352,0.6340724175474426,0.78245794153532,0.6838583982838222,0.8322661861519944,0.8660610559500012,0.8481011098058997,0.7509977712620233,0.8579093285980353,0.662213509782255,0.5448728556852129,0.7661809257999844,0.6690632774685052,0.6216500812223448,0.755562309713859,0.6958723025151888,0.7565966839010674,0.7255551799015227,0.8468378423046952,0.5129705628551308,0.6454478227487354,0.667141801536202,0.8401123777988659,0.7817588538390816,0.7561486984981185,0.6199830892468399,0.5768021153947022,0.81317099843794,0.4938253268349585,0.4955437357141704,0.6960291799732038,0.5772864748966837,0.80152876242257,0.6541874157914469,0.0
