0.0,0.516272160304971,0.0,0.0,0.0,0.8077999933835723,0.0,0.2941915240676762,0.0,0.8089448790156685,0.0,0.7770780623604661,0.7815388457793075,0.20883025031484703,0.3848967810135894,0.5454989408093194,0.20455516116574546,0.505011709320002,0.0,0.7169318104916075,0.26756862241752855,0.6823228145865654,0.3778840433683299,0.47943607906843977,0.4276160030058571,0.5339520258977597,0.6135141821362022,0.7772099197859877,0.7596228333358674,0.0,0.644883637090608,0.47865692477224325,0.2948862596607101,0.5174877591791592,0.7837901431837954,0.0,0.0,0.7309498330262157,0.8519399858846978,0.7618681680684065,0.8172984306857429,0.0,0.0,0.0,0.0,0.7506928002818329,0.43293090147859886,0.0,0.0,0.0,0.6637839526347284,0.0,0.0,0.0,0.8489253737258673,0.0,0.0,0.0,0.0,0.0,0.49022088505343053,0.0,0.6639948363088427,0.0,0.0,0.7153690979024756,0.6794193961993504,0.0,0.7651437363478806,0.49826498811748554,0.4714863633169444,0.0,0.0,0.0,0.0,0.7473406874447643
0.516272160304971,0.0,0.02955208850618252,0.0,0.22660468544355034,0.40327859359427853,0.43988585338707836,0.8303114853031809,0.5484638839167894,0.2060391803647859,0.0,0.0,0.3220577987731484,0.0,0.3779250965353556,0.5586882730298752,0.7438673098868277,0.5521289802261569,0.0,0.35517705321378795,0.4786392454338426,0.44950931600762173,0.5144697240328246,0.0,0.46910901372932695,0.42337239278728556,0.3363756972050791,0.33756682058747367,0.3419214793133063,0.0,0.4440654412318364,0.6630582557566108,0.27116824833984643,0.39566552939222155,0.5890005415502033,0.0,0.0,0.0,0.1625107022129756,0.45339388568432126,0.6169147302346023,0.8023961675186337,0.0,0.0,0.0,0.74178545638105,0.6781790213589614,0.0,0.0,0.0,0.7515794045356621,0.0,0.0,0.0,0.0,0.0,0.0,0.7698928401087053,0.0,0.8367057194358638,0.4210409521093681,0.0,0.7634481745350582,0.0,0.7750000831151083,0.6882122035102276,0.6716752981125285,0.6106635087339536,0.0,0.7238255727925595,0.6871248426950818,0.6761350505409521,0.34315340852655607,0.7012299888079938,0.0,0.6780181272357536
0.0,0.02955208850618252,0.0,0.6730825090192779,0.7059322135243882,0.4932555061426425,0.738780364380291,0.581391104046485,0.2763344748926384,0.7009862431753845,0.5074810688495884,0.5072221204103333,0.7090774764770108,0.7696017856984623,0.0,0.0,0.0,0.0,0.437101638073901,0.0,0.0,0.0,0.29294105345814103,0.0,0.0,0.0670048429050084,0.27200035679823203,0.7341236200909171,0.7198987695312717,0.6807656229247918,0.797071125017466,0.6970588742436565,0.0,0.6987344869667718,0.8465487425112528,0.7448681505392083,0.6644560461991768,0.0,0.038803834467963816,0.0,0.08090657489533963,0.0,0.7387403844541631,0.0,0.0,0.0,0.0,0.33865644988448895,0.0,0.710170369422309,0.7303690835614489,0.5020679651494941,0.6978483741689644,0.8423741665167972,0.0,0.6655593396099485,0.0,0.7355567456635406,0.6720659032492375,0.0,0.0,0.0,0.0,0.5416894759163319,0.0,0.0,0.0,0.6639656472136768,0.0,0.0,0.0,0.6969796237115495,0.7150113932808202,0.0,0.0,0.6511532709753931
0.0,0.0,0.6730825090192779,0.0,0.5795312591704569,0.5171642124107084,0.6521975698281979,0.7161710580463951,0.7947325991005071,0.4529232816478285,0.8042597640662867,0.5914233494424018,0.7132561387170354,0.6886005675314673,0.0,0.0,0.0,0.0,0.7178413140264559,0.03763040467316967,0.0,0.046164273110017556,0.7855553339374821,0.0,0.0,0.0,0.4824932452533747,0.4721296392949383,0.0,0.0,0.8034187296921297,0.6408590493699121,0.0,0.6593378716498172,0.7097495713489296,0.43284143645454043,0.4512110766021764,0.08308077811038175,0.0,0.0,0.0,0.0,0.0,0.0,0.0,0.0,0.0,0.0,0.0,0.0,0.0,0.0,0.0,0.0,0.0,0.0,0.0,0.0,0.0,0.0,0.0,0.0,0.0,0.0,0.0,0.0,0.0,0.0,0.0,0.0,0.0,0.0,0.0,0.0,0.0,0.0
0.0,0.22660468544355034,0.7059322135243882,0.5795312591704569,0.0,0.29396562996612136,0.3875026235138255,0.648481268234929,0.30918052471573276,0.5922487456685224,0.3863020990429391,0.772309478444689,0.5096763097321902,0.5142945784651795,0.0,0.0201324732545662,0.0,0.05226828354356239,0.32011968605722096,0.1473691423327756,0.0,0.35108933207529197,0.3456219689183715,0.7608889194232813,0.19634298658062407,0.7679203676140729,0.35628899358688165,0.40892792291651553,0.7187024812741397,0.0,0.7513712059113953,0.5684589042063477,0.0,0.6900616419756794,0.8645593355108167,0.4302151187012888,0.5984393434201576,0.8044362439549942,0.21837806151471878,0.0,0.0,0.0,0.1885315912605885,0.0,0.0,0.0,0.0,0.6161187951846762,0.0,0.6070502422313815,0.7035314706621371,0.546883122231998,0.6476041299521824,0.6453600357572478,0.0,0.6860293769904432,0.0,0.4643518405344163,0.0,0.0,0.0,0.0,0.0,0.6275273226318656,0.0,0.0,0.0,0.769893387459494,0.0,0.0,0.0,0.6999117345567565,0.07306743125865775,0.0,0.0,0.0
0.8077999933835723,0.40327859359427853,0.4932555061426425,0.5171642124107084,0.29396562996612136,0.0,0.33818142844626753,0.48204131582218424,0.34760250406270893,0.7659607963436517,0.39494937262525714,0.6435923096004625,0.4294911565366502,0.8427153303634002,0.6922663526343531,0.3751906118869714,0.4571818398404138,0.7309166035904318,0.5862407249169925,0.3563800360447874,0.74004981683207,0.30631683949268,0.4284513511167039,0.7237835649850778,0.4141212602385907,0.4861633727900695,0.4528355063554346,0.5603420073610776,0.44451706978597116,0.46009329155094353,0.5462872772036438,0.4287075748434342,0.7972351339687714,0.4873640364352338,0.7545692431542641,0.5034749524610085,0.6946595703662594,0.7486643314607341,0.6793126917870921,0.0,0.8263337548414423,0.8083077343158943,0.8088052870694882,0.0,0.0,0.0,0.6794032264587313,0.7572553952489056,0.0,0.7511311576334951,0.44700780336197915,0.6788043454312699,0.5297032917382871,0.7481573004050929,0.0,0.7847037371778353,0.0,0.7396101212061263,0.0,0.7923130168058601,0.7769009583491198,0.0,0.0,0.752092847650313,0.7010744771892983,0.7226682739924446,0.6435887149630656,0.424571368543797,0.0,0.8070367107432461,0.7839160069122726,0.4193714926762978,0.7479014870340415,0.731389089776263,0.7988751138782306,0.7793981909602616
0.0,0.43988585338707836,0.738780364380291,0.6521975698281979,0.3875026235138255,0.33818142844626753,0.0,0.7317352074209316,0.48625364905565976,0.5192986265322681,0.4912696348631046,0.8087620478022248,0.378838785840356,0.5939001312334586,0.0,0.6165110015998073,0.7108082702454077,0.8563754488358765,0.49390496425545405,0.2951404124723303,0.7742230435252677,0.3747555472887504,0.4167080285168921,0.770408638912152,0.6988946853216461,0.6792517469085357,0.36054270112155185,0.37888803847777847,0.4240348616728464,0.2436645634848223,0.7193106969406944,0.5489816964432492,0.626781864415817,0.2691846046708215,0.7477654848721231,0.6437468934187666,0.5495624174621822,0.845806277011566,0.538352464663368,0.0,0.43332720813862513,0.0,0.609773545500677,0.0,0.0,0.0,0.0,0.7256621408144686,0.0,0.0,0.8111836766799818,0.6100387285291344,0.8304494664072122,0.6787522320304147,0.0,0.6288078250145287,0.0,0.6113125240669708,0.0,0.0,0.0,0.0,0.0,0.5847504851325761,0.0,0.0,0.0,0.8115051567135498,0.0,0.0,0.823233038451165,0.6685879081465217,0.6590798348239366,0.6421433145289073,0.0,0.13398936343827886
0.2941915240676762,0.8303114853031809,0.581391104046485,0.7161710580463951,0.648481268234929,0.48204131582218424,0.7317352074209316,0.0,0.5465022962435484,0.6872717365565181,0.5614249050906407,0.7710106226830004,0.42855150124405056,0.6283705198079482,0.7306240987232924,0.8474737940227465,0.0,0.19419452381783836,0.5185501406581488,0.8312236736722124,0.42539911244874296,0.7979644014903116,0.5456997927658325,0.2810803207116494,0.6297748191358845,0.3841612471982677,0.4676718254148753,0.40174736210786716,0.4879540374361729,0.7262107025692921,0.7866505118951732,0.5407839443320404,0.2262039265071407,0.7903906558557036,0.8707777250146351,0.15685193146318566,0.495991621721702,0.0,0.658144106434076,0.0,0.767181861273985,0.0,0.24866712229982738,0.0,0.0,0.0,0.0,0.7078381855615656,0.0,0.6198671306351977,0.6971937120956687,0.7490228678928693,0.465027271174443,0.7779668156013456,0.0,0.6869781028736316,0.0,0.8133226570338652,0.3279804866651176,0.14066211804300355,0.0,0.0,0.0,0.7619269334142696,0.2997378848537748,0.8012707516883104,0.0,0.4680293333009539,0.0,0.0,0.0,0.6472472326183599,0.7835207717591677,0.6987380561027182,0.0,0.15059965249221383
0.0,0.5484638839167894,0.2763344748926384,0.7947325991005071,0.30918052471573276,0.34760250406270893,0.48625364905565976,0.5465022962435484,0.0,0.6315782583363068,0.25493371265609205,0.715660879025954,0.39170442720099075,0.4565736961027127,0.0,0.7737137171409976,0.5161249805286786,0.5348863747531408,0.2503382280594766,0.0668943809018237,0.0,0.2453887036101772,0.4569229497478392,0.6549311949994854,0.6474812495188316,0.8352761038648147,0.42981920994217027,0.5428951340439919,0.7157543642819685,0.6513010609232722,0.7299930694395586,0.5855121342947298,0.7312512373257276,0.537836115284938,0.7213071350860737,0.7375775085683625,0.7144328572966999,0.6885609778862587,0.6021991399237785,0.0,0.4959086306229584,0.0,0.0,0.0,0.0,0.0,0.0,0.6899538942568999,0.0,0.6912726335091386,0.7789087981077772,0.7005395176659186,0.8257822038148762,0.8273640873307099,0.0,0.8013435358180601,0.0,0.675706752783293,0.685874664776215,0.0,0.0,0.0,0.0,0.7377758483913802,0.0,0.0,0.0,0.6942109787221371,0.0,0.0,0.0,0.6767067347842997,0.7442303994276347,0.06356409564214349,0.0,0.5535829061278831
0.8089448790156685,0.2060391803647859,0.7009862431753845,0.4529232816478285,0.5922487456685224,0.7659607963436517,0.5192986265322681,0.6872717365565181,0.6315782583363068,0.0,0.7830894456272375,0.3512222558951874,0.41429968523232336,0.6919697810726964,0.0,0.8393974314203683,0.40983169950720977,0.6316526947511116,0.7397341413422313,0.6392884185445142,0.8971508078270268,0.6858051722780341,0.7179130409239254,0.2596503470397009,0.542944857644183,0.5226543139098715,0.6548268619651103,0.5797299614119455,0.6695547329963369,0.0,0.5009433895421534,0.25272574669374703,0.43353473926321556,0.23914839837346713,0.3141893193027675,0.6027496624095438,0.7015719993280982,0.40850527595493935,0.5873501385677327,0.3526460295385098,0.6721686542601555,0.6795190733693265,0.0,0.0,0.763826092820973,0.80271893305779,0.0,0.0,0.0,0.0,0.0,0.0,0.0,0.0,0.4103953616688659,0.0,0.39894267233460834,0.7665171116943935,0.0,0.0,0.1234412085762614,0.6227825781314096,0.627379519934558,0.0,0.0,0.0,0.0,0.0,0.6489145486562068,0.7005675080337751,0.6933095240983871,0.0,0.7995136208904587,0.0,0.0,0.7091504877607571
0.0,0.0,0.5074810688495884,0.8042597640662867,0.3863020990429391,0.39494937262525714,0.4912696348631046,0.5614249050906407,0.25493371265609205,0.7830894456272375,0.0,0.7203350083519613,0.4531243060849391,0.5892410201378713,0.0,0.0,0.12130547338604007,0.08109963661974982,0.37810959504245495,0.0,0.0,0.0,0.36733081054173355,0.7105461882015872,0.6096022055540422,0.4655669615093589,0.7934871080704577,0.48438285129945907,0.0,0.0,0.7071155769837212,0.7050382066343259,0.6936772023555057,0.5316257652990559,0.8151904959641335,0.56334853399392,0.8472259085227041,0.7426200606634259,0.12813596923862292,0.0,0.0,0.0,0.5654309851110652,0.0,0.0,0.0,0.0,0.6639989729127033,0.0,0.630847150712396,0.77916073072844,0.6603527665812277,0.7133762927903664,0.7773506835742152,0.0,0.23510046792020262,0.0,0.6228916221691448,0.7190801789792327,0.0,0.0,0.0,0.0,0.4936355722645527,0.0,0.0,0.0,0.6515609237927358,0.0,0.0,0.0,0.749558716325622,0.4975574478141779,0.0,0.0,0.0
0.7770780623604661,0.0,0.5072221204103333,0.5914233494424018,0.772309478444689,0.6435923096004625,0.8087620478022248,0.7710106226830004,0.715660879025954,0.3512222558951874,0.7203350083519613,0.0,0.49747072407878334,0.0,0.0,0.0,0.5468623196986584,0.6405132469292192,0.6602334694702316,0.0,0.7829898657562503,0.0,0.5923314277394996,0.2949488072465142,0.6571234374480837,0.4708356627785702,0.6158112744768117,0.7023236844524955,0.0,0.0,0.3784688264692885,0.5443835513326302,0.44753596105457205,0.3388294367974307,0.6657472513387318,0.6637573983867846,0.6712372962447931,0.4207665648475388,0.5884359528587473,0.6404197551792581,0.7405649288707782,0.7818055826971854,0.0,0.0,0.7820447664746489,0.0,0.0,0.0,0.0,0.0,0.0,0.0,0.0,0.0,0.37057684980375455,0.0,0.43846220537878505,0.7037080343234381,0.0,0.0,0.0,0.5479277699604745,0.6931599086858113,0.0,0.0,0.0,0.0,0.0,0.6525906994287399,0.7064832591940607,0.7009909878863795,0.0,0.8361451173832983,0.0,0.0,0.7484989153835611
0.7815388457793075,0.3220577987731484,0.7090774764770108,0.7132561387170354,0.5096763097321902,0.4294911565366502,0.378838785840356,0.42855150124405056,0.39170442720099075,0.41429968523232336,0.4531243060849391,0.49747072407878334,0.0,0.6490099862196528,0.8299421956809321,0.36891643733400714,0.7672585361869777,0.6202880935545827,0.494734608001398,0.3035260159991585,0.6793399842245991,0.387799392398821,0.4627227466064247,0.5803823506697123,0.4214368523573652,0.5548448899717808,0.390698051488073,0.32037171316268187,0.4484619173973863,0.8596793043419101,0.3916396084033331,0.4964179556208902,0.6850959891355126,0.3356039859767386,0.7381251722318313,0.5779824850161159,0.5254038772945417,0.6783292997998618,0.5744018873223802,0.5946221387666938,0.6724164649168378,0.6494405423726151,0.6638644702247318,0.0,0.0,0.0,0.8686843812100076,0.7292046388407862,0.0,0.0,0.6741993954250115,0.7356675517955058,0.8736557934495474,0.7288331385583919,0.831224999620799,0.6423625359058436,0.15521797597844356,0.4216684106812527,0.0,0.6301394684866417,0.0,0.0,0.0,0.6788511331009864,0.739542965271087,0.0,0.5789445454616382,0.4190429686384895,0.0,0.5219849292303795,0.619970653373317,0.6487937752832061,0.48499330836075655,0.7441168055111007,0.0,0.6432703272113445
0.20883025031484703,0.0,0.7696017856984623,0.6886005675314673,0.5142945784651795,0.8427153303634002,0.5939001312334586,0.6283705198079482,0.4565736961027127,0.6919697810726964,0.5892410201378713,0.0,0.6490099862196528,0.0,0.0,0.0,0.0,0.0,0.7023719841000002,0.0,0.23328873551099624,0.0,0.8050098118446778,0.0,0.0,0.13570625679887477,0.8396258745257502,0.7191600770898426,0.0,0.0,0.09345091879673455,0.46527364452051173,0.0,0.8234291343421996,0.0,0.35842590814137965,0.38551220457619917,0.0,0.0,0.0,0.0,0.0,0.16738186649128817,0.0,0.0,0.0,0.0,0.7117611270907163,0.0,0.0,0.0,0.0,0.8253482707384368,0.8628035680464563,0.0,0.7525342855054342,0.0,0.0,0.0,0.0,0.0,0.0,0.0,0.697518937740192,0.0,0.0,0.0,0.7466207131946324,0.0,0.0,0.0,0.14390779867609135,0.0,0.0,0.0,0.0
0.3848967810135894,0.3779250965353556,0.0,0.0,0.0,0.6922663526343531,0.0,0.7306240987232924,0.0,0.0,0.0,0.0,0.8299421956809321,0.0,0.0,0.640868714256439,0.0,0.8218844904039267,0.0,0.39823724676752814,0.384637215903364,0.28775083788718175,0.3861039681697699,0.5995984276272823,0.6055187882001781,0.5695213510816514,0.4984652561069428,0.773927508479983,0.6541582249661494,0.7521560782954256,0.6067867149212319,0.2003968588348699,0.5128502042342804,0.29169737878363855,0.41489295920738295,0.4119245388621517,0.08845402890308512,0.0,0.2856174826643237,0.7193104764866373,0.6905592637249098,0.7954052655574261,0.0,0.0,0.0,0.0,0.8612613531268294,0.0,0.0,0.0,0.8148106617847758,0.0,0.13392316127289303,0.0,0.0,0.0,0.0,0.6126289234197456,0.0,0.545035908726856,0.864028418099185,0.0,0.0,0.0,0.6615637968845965,0.41657840898127907,0.6216111722831579,0.6550456084594638,0.0,0.7335034598220764,0.6573935191474989,0.5193699898729836,0.6532019522619044,0.7672838118046018,0.0,0.7415529638754124
0.5454989408093194,0.5586882730298752,0.0,0.0,0.0201324732545662,0.3751906118869714,0.6165110015998073,0.8474737940227465,0.7737137171409976,0.8393974314203683,0.0,0.0,0.36891643733400714,0.0,0.640868714256439,0.0,0.7545438469409966,0.5486901703548301,0.0,0.4597993601912913,0.6629659484428713,0.5505608773488224,0.6512288935963534,0.8979676143937912,0.4630945787140378,0.46346407961743114,0.36453361097757625,0.6705739168087574,0.4542442095926305,0.6246970284044814,0.6275214950992855,0.6930011726340174,0.16184559853468908,0.29604394686017355,0.6864799625106767,0.0,0.0,0.0,0.6743480969467158,0.46313912773424115,0.39439279587045695,0.860596829993332,0.0,0.0,0.0,0.7744795131878608,0.4839542515179067,0.0,0.0,0.0,0.46881442132697254,0.0,0.0,0.0,0.0,0.0,0.0,0.0,0.0,0.8703567442547983,0.5016997089166003,0.0,0.6974741417932578,0.0,0.729651966134496,0.0,0.4174025873097846,0.6070248686059543,0.0,0.5377504969980628,0.5389839202895713,0.6941548734552319,0.0,0.6935436211521087,0.0,0.7847492713568248
0.20455516116574546,0.7438673098868277,0.0,0.0,0.0,0.4571818398404138,0.7108082702454077,0.0,0.5161249805286786,0.40983169950720977,0.12130547338604007,0.5468623196986584,0.7672585361869777,0.0,0.0,0.7545438469409966,0.0,0.5405357647864321,0.0,0.5318347933899789,0.0,0.8397910758420215,0.0,0.4048486421979268,0.44262305014473224,0.6218346191766329,0.0,0.7610278769558254,0.636269416839952,0.0,0.3670375274347979,0.7612192062128654,0.4823406486836512,0.4212951350800383,0.798981812233093,0.0,0.0,0.6705243306043518,0.7138955973615486,0.8456545023832958,0.8893712688237919,0.0,0.0,0.0,0.0,0.0,0.0,0.0,0.0,0.0,0.0,0.0,0.0,0.0,0.36279028968050053,0.0,0.6191538588271788,0.0,0.0,0.0,0.0,0.6671971531128404,0.7325585630966116,0.0,0.0,0.0,0.0,0.0,0.8266198326511252,0.6742712234056001,0.44858462645637087,0.0,0.0,0.0,0.0,0.836083629395946
0.505011709320002,0.5521289802261569,0.0,0.0,0.05226828354356239,0.7309166035904318,0.8563754488358765,0.19419452381783836,0.5348863747531408,0.6316526947511116,0.08109963661974982,0.6405132469292192,0.6202880935545827,0.0,0.8218844904039267,0.5486901703548301,0.5405357647864321,0.0,0.0,0.5204540783230431,0.7643293832381522,0.5407623824993018,0.7454874604342293,0.5276748505432162,0.5087955851812715,0.48987562577344196,0.7058247979395302,0.7027786374986934,0.4552636808343768,0.0,0.49265386228899366,0.6847469519461089,0.41162785003299546,0.4951549550158624,0.7598778906619544,0.0,0.0,0.6704151769900757,0.8315149807190767,0.6886121915848855,0.6565586725057712,0.8355370146941149,0.0,0.0,0.0,0.5581636260299075,0.5062137374236616,0.0,0.0,0.0,0.0,0.0,0.0,0.0,0.5734978389208554,0.0,0.6963689956675885,0.0,0.0,0.0,0.470869620619433,0.7008809035197435,0.4794579976944924,0.0,0.0,0.0,0.7766464276776657,0.0,0.6826907941845144,0.49359279751952695,0.5213609041316842,0.0,0.0,0.45343275569992036,0.0,0.8101739902874925
0.0,0.0,0.437101638073901,0.7178413140264559,0.32011968605722096,0.5862407249169925,0.49390496425545405,0.5185501406581488,0.2503382280594766,0.7397341413422313,0.37810959504245495,0.6602334694702316,0.494734608001398,0.7023719841000002,0.0,0.0,0.0,0.0,0.0,0.0,0.0,0.0,0.3372015062200122,0.0,0.0,0.0,0.41169274523057925,0.7386783403041439,0.0,0.0,0.8111661803868226,0.8358618510768074,0.0132604812307896,0.6957556150108022,0.15657565781513327,0.5829302589208245,0.7446161925738031,0.7333561625811518,0.06491686814208147,0.0,0.0,0.0,0.7417470967305199,0.0,0.0,0.0,0.0,0.5360653175667776,0.0,0.7021879998447964,0.7505578740578753,0.605490143865633,0.7080673607989102,0.7690002391233469,0.0,0.8037454623711578,0.0,0.6244089391805893,0.7812627307439766,0.0,0.0,0.0,0.0,0.7882254552934713,0.0,0.0,0.0,0.6360372400037111,0.0,0.0,0.0,0.6641143303071876,0.5414152426355656,0.0,0.0,0.0
0.7169318104916075,0.35517705321378795,0.0,0.03763040467316967,0.1473691423327756,0.3563800360447874,0.2951404124723303,0.8312236736722124,0.0668943809018237,0.6392884185445142,0.0,0.0,0.3035260159991585,0.0,0.39823724676752814,0.4597993601912913,0.5318347933899789,0.5204540783230431,0.0,0.0,0.405908670273406,0.33800983565185283,0.24834941087860354,0.15672673292902584,0.4281811676544626,0.28696954369115485,0.27640544425606384,0.33578283808922876,0.38191457279296964,0.7675429532227278,0.5342419681673906,0.24025791451144884,0.3517782181130814,0.3814854569602684,0.47178302483386625,0.8503291385554979,0.7039600366732727,0.0,0.2930513817693781,0.7823694186223379,0.5187539427821557,0.8460501225179555,0.5780044641743799,0.0,0.0,0.0,0.6962253187960364,0.0,0.0,0.0,0.799667259065598,0.0,0.7559616252079568,0.0,0.0,0.0,0.0,0.6326879725502415,0.0,0.6316926076107232,0.6902828361350882,0.0,0.2428078166066797,0.0,0.6581772488123899,0.6427147864124021,0.4568148090853794,0.6389216866465053,0.0,0.5655184085626644,0.7265662578277419,0.73314239577772,0.451327646956079,0.5993731046787407,0.555688592479167,0.7239026125283141
0.26756862241752855,0.4786392454338426,0.0,0.0,0.0,0.74004981683207,0.7742230435252677,0.42539911244874296,0.0,0.8971508078270268,0.0,0.7829898657562503,0.6793399842245991,0.23328873551099624,0.384637215903364,0.6629659484428713,0.0,0.7643293832381522,0.0,0.405908670273406,0.0,0.35006472780897013,0.5210365822642183,0.3118031317878573,0.3546574633644323,0.4825434181395088,0.4728535351757017,0.7551474955517238,0.37633357741180995,0.8995688093060543,0.7578118331987874,0.276021708374766,0.32848304487481567,0.28222091413535866,0.7858439858389781,0.2136532036194362,0.0,0.0,0.6005028562499506,0.7022296418560967,0.6636583552826527,0.1792749915457425,0.0,0.0,0.0,0.6137769665305955,0.324170071185608,0.0,0.0,0.0,0.8535828555421504,0.0,0.6160067690469562,0.0,0.0,0.0,0.0,0.7254434966204991,0.0,0.3429486723812568,0.7100480126665218,0.0,0.0,0.0,0.4461418573549658,0.6340885640124677,0.43353062882621035,0.374977147825428,0.0,0.6917369037248273,0.43404837175885747,0.3871424952480195,0.8308740296314883,0.7549128517835287,0.0,0.6901904027870036
0.6823228145865654,0.44950931600762173,0.0,0.046164273110017556,0.35108933207529197,0.30631683949268,0.3747555472887504,0.7979644014903116,0.2453887036101772,0.6858051722780341,0.0,0.0,0.387799392398821,0.0,0.28775083788718175,0.5505608773488224,0.8397910758420215,0.5407623824993018,0.0,0.33800983565185283,0.35006472780897013,0.0,0.28521925284887445,0.7772230457784749,0.5470911981501574,0.4006200875361853,0.23532962388957557,0.1872648039216398,0.36791294768623545,0.6818355422783726,0.6311805852175133,0.3847330251164298,0.33858032009514466,0.44125210118032265,0.5538512422955834,0.6184283037175807,0.6963810579660656,0.0,0.16825989838023758,0.3452204589361134,0.3426560821866792,0.34367394178039073,0.0,0.0,0.0,0.77298971399585,0.39201474180587476,0.0,0.0,0.0,0.7599390026877099,0.0,0.05949402121140098,0.0,0.0,0.0,0.0,0.47370316350480957,0.0,0.4508532353049727,0.6160871632638215,0.0,0.7676956068898689,0.0,0.3373811323380728,0.3972025730432707,0.4714663325577822,0.4123609599211241,0.0,0.47705567169467583,0.3561911500128654,0.6545315984637357,0.5851415168056959,0.722521451211874,0.0,0.762278918015955
0.3778840433683299,0.5144697240328246,0.29294105345814103,0.7855553339374821,0.3456219689183715,0.4284513511167039,0.4167080285168921,0.5456997927658325,0.4569229497478392,0.7179130409239254,0.36733081054173355,0.5923314277394996,0.4627227466064247,0.8050098118446778,0.3861039681697699,0.6512288935963534,0.0,0.7454874604342293,0.3372015062200122,0.24834941087860354,0.5210365822642183,0.28521925284887445,0.0,0.6732326412122318,0.4591255628292106,0.3312163214250812,0.2479479399368309,0.4479863099137907,0.4617634781522523,0.5002630986562719,0.5497439921919318,0.4511454374549344,0.6659056848626878,0.5182771191515463,0.717055921260155,0.5674886732060246,0.6684243595371276,0.6900688097178688,0.447847465246803,0.36926198183212344,0.6821651040438323,0.8710676553910713,0.6936555958250944,0.6118353404421714,0.0,0.0,0.7723226639300594,0.4922490595021702,0.0,0.7126531149049382,0.4488925545536,0.44823612739111773,0.4996310337631508,0.6600011231590404,0.0,0.7430034382927936,0.0,0.44006376613223513,0.9063238435950433,0.45658336825416646,0.5705558449845651,0.0,0.0,0.7416881908598102,0.49553629098197777,0.6872396736730657,0.721727912564438,0.606739306860257,0.0,0.5445421763268237,0.516735335974656,0.3858555354766638,0.42698517837686806,0.4587913816789944,0.7945924620558982,0.46784534470379147
0.47943607906843977,0.0,0.0,0.0,0.7608889194232813,0.7237835649850778,0.770408638912152,0.2810803207116494,0.6549311949994854,0.2596503470397009,0.7105461882015872,0.2949488072465142,0.5803823506697123,0.0,0.5995984276272823,0.8979676143937912,0.4048486421979268,0.5276748505432162,0.0,0.15672673292902584,0.3118031317878573,0.7772230457784749,0.6732326412122318,0.0,0.6100242932382975,0.47966678254560446,0.6152354735108401,0.8062980202872552,0.0,0.0,0.7953197238206914,0.711059299545377,0.32191079363832525,0.23591272288628332,0.8331108873982064,0.15429828789224648,0.5102242516977266,0.35603954198277016,0.8279787183309024,0.49267557127410244,0.7999874495727911,0.0,0.0,0.0,0.6737990966372871,0.7745799643164261,0.8358274520981601,0.0,0.0,0.0,0.0,0.0,0.0,0.0,0.443283426421773,0.0,0.5679438685394307,0.0,0.0,0.0,0.8037467761192731,0.838516683350174,0.4642437965337175,0.0,0.0,0.0,0.0,0.0,0.5283312141187775,0.49945717474887175,0.5622282788964159,0.0,0.0,0.0,0.0,0.7983334052768774
0.4276160030058571,0.46910901372932695,0.0,0.0,0.19634298658062407,0.4141212602385907,0.6988946853216461,0.6297748191358845,0.6474812495188316,0.542944857644183,0.6096022055540422,0.6571234374480837,0.4214368523573652,0.0,0.6055187882001781,0.4630945787140378,0.44262305014473224,0.5087955851812715,0.0,0.4281811676544626,0.3546574633644323,0.5470911981501574,0.4591255628292106,0.6100242932382975,0.0,0.3194447017857095,0.4459968165494801,0.393150172295972,0.4131212153356206,0.0,0.4886982975078166,0.26442950446944036,0.48474646940492183,0.4228146138318882,0.38867625503292696,0.0,0.0,0.6034007905456292,0.6627470545683627,0.4881180268196344,0.6982294095172698,0.6752626953308245,0.0,0.0,0.7951244275103828,0.5779748477358704,0.6856386571444901,0.0,0.0,0.0,0.5267869865970587,0.0,0.0,0.0,0.4531802803199876,0.0,0.43849546272760126,0.5978199006033454,0.0,0.7970473471637227,0.48538844917909707,0.5285945665384812,0.5092471359160398,0.0,0.6299129262865361,0.7709119925886068,0.679815848364369,0.6391552863339066,0.4713894968611806,0.504780517992295,0.4862951773209543,0.19770739320502714,0.6757119642599307,0.6280313335636807,0.0,0.4906265942408695
0.5339520258977597,0.42337239278728556,0.0670048429050084,0.0,0.7679203676140729,0.4861633727900695,0.6792517469085357,0.3841612471982677,0.8352761038648147,0.5226543139098715,0.4655669615093589,0.4708356627785702,0.5548448899717808,0.13570625679887477,0.5695213510816514,0.46346407961743114,0.6218346191766329,0.48987562577344196,0.0,0.28696954369115485,0.4825434181395088,0.4006200875361853,0.3312163214250812,0.47966678254560446,0.3194447017857095,0.0,0.3731655206896816,0.6585237915409733,0.47838019389945785,0.0,0.45390882609800365,0.3637910467736429,0.4243119745076601,0.40345261861742204,0.42827356723553217,0.7731209024337149,0.0,0.6635475531310367,0.2994447061165261,0.36241770428780035,0.41396352291197985,0.55226708879439,0.0,0.0,0.7900826780981023,0.5029821065501543,0.661428974220141,0.0,0.0,0.0,0.6249080763578108,0.0,0.0,0.0,0.7059643473488325,0.0,0.698932054717333,0.6989767604701308,0.0,0.7447426479257676,0.470700122897155,0.511316734404118,0.46224644730630404,0.0,0.6360012019899631,0.8281960975082914,0.5233007377688962,0.7071247010927149,0.48525174697289675,0.43406677905956736,0.3654443456882172,0.8044157463346008,0.59394913594795,0.6974134050501949,0.0,0.4724467499447883
0.6135141821362022,0.3363756972050791,0.27200035679823203,0.4824932452533747,0.35628899358688165,0.4528355063554346,0.36054270112155185,0.4676718254148753,0.42981920994217027,0.6548268619651103,0.7934871080704577,0.6158112744768117,0.390698051488073,0.8396258745257502,0.4984652561069428,0.36453361097757625,0.0,0.7058247979395302,0.41169274523057925,0.27640544425606384,0.4728535351757017,0.23532962388957557,0.2479479399368309,0.6152354735108401,0.4459968165494801,0.3731655206896816,0.0,0.417633715020198,0.4033295803455115,0.41619678838524066,0.37052387642216567,0.2912340473355034,0.3463447029578937,0.32225168711939733,0.3909899850359785,0.6183938458267174,0.713540894848339,0.669385986275353,0.39433630447408535,0.15735346581587772,0.764204483154512,0.8397708232495702,0.8194527032938768,0.45886320380139645,0.0,0.0,0.7012878034919253,0.8022419757799476,0.0,0.5937159910415984,0.4169383961735072,0.684938822032855,0.4314004542411132,0.7002956414362349,0.0,0.8062248028770906,0.0,0.5412356984904746,0.20808382712314596,0.825102629813567,0.8239463073619115,0.0,0.0,0.7032144929372925,0.694283938942823,0.8257955920256321,0.5573279043873535,0.37943038077951025,0.0,0.0,0.7247709198709982,0.3762360830351802,0.7023643861596565,0.6289385440097635,0.751409668387031,0.7558904948293581
0.7772099197859877,0.33756682058747367,0.7341236200909171,0.4721296392949383,0.40892792291651553,0.5603420073610776,0.37888803847777847,0.40174736210786716,0.5428951340439919,0.5797299614119455,0.48438285129945907,0.7023236844524955,0.32037171316268187,0.7191600770898426,0.773927508479983,0.6705739168087574,0.7610278769558254,0.7027786374986934,0.7386783403041439,0.33578283808922876,0.7551474955517238,0.1872648039216398,0.4479863099137907,0.8062980202872552,0.393150172295972,0.6585237915409733,0.417633715020198,0.0,0.4568541434999879,0.5477017891179071,0.558869330866628,0.5623576130492262,0.748405876929054,0.4076172805304127,0.9518884825161658,0.6657531786069844,0.5549232659160822,0.8196181032195495,0.3749042473362421,0.0,0.6923340139143365,0.5179831791778279,0.7258563244401287,0.0,0.0,0.0,0.8220022029878468,0.6776896482131793,0.0,0.0,0.6892965688611159,0.7086177391505621,0.614161315065088,0.7280254211244209,0.1485113532433458,0.5513784773585269,0.18587722531698153,0.4819180997962943,0.0,0.8287093389606046,0.0,0.0,0.0,0.0,0.7635220818884435,0.8191121655278852,0.6697701163294242,0.4390707671087164,0.0,0.6020468491286004,0.7726564428631947,0.38793818404717406,0.6324445856590362,0.518798003509408,0.12487695178558769,0.8398417393468647
0.7596228333358674,0.3419214793133063,0.7198987695312717,0.0,0.7187024812741397,0.44451706978597116,0.4240348616728464,0.4879540374361729,0.7157543642819685,0.6695547329963369,0.0,0.0,0.4484619173973863,0.0,0.6541582249661494,0.4542442095926305,0.636269416839952,0.4552636808343768,0.0,0.38191457279296964,0.37633357741180995,0.36791294768623545,0.4617634781522523,0.0,0.4131212153356206,0.47838019389945785,0.4033295803455115,0.4568541434999879,0.0,0.5607538951957699,0.5256590448637315,0.27033581137062423,0.7961608821250392,0.42901395053767266,0.40532804937560546,0.6927290757303606,0.6757149358987314,0.0,0.736692196106394,0.7567237801700133,0.6333763748286655,0.8641263776096031,0.6246100641874648,0.0,0.0,0.0,0.719098503188699,0.5832474971029973,0.0,0.0,0.6228630300642001,0.6859889931091917,0.7219169870196339,0.46259919343774963,0.0,0.0,0.0,0.6236453211687042,0.0,0.7292210278732645,0.4855177088985827,0.0,0.7963085841310343,0.0,0.5722906818328807,0.7180174214541526,0.4950734462892989,0.46314699103299656,0.0,0.4626807205305137,0.7621195402533885,0.4052326125095536,0.48545205124903373,0.7116232057540048,0.7380996713045628,0.8024757618399154
0.0,0.0,0.6807656229247918,0.0,0.0,0.46009329155094353,0.2436645634848223,0.7262107025692921,0.6513010609232722,0.0,0.0,0.0,0.8596793043419101,0.0,0.7521560782954256,0.6246970284044814,0.0,0.0,0.0,0.7675429532227278,0.8995688093060543,0.6818355422783726,0.5002630986562719,0.0,0.0,0.0,0.41619678838524066,0.5477017891179071,0.5607538951957699,0.0,0.5613347767352502,0.7075575076636984,0.04514173721458508,0.7104537699768511,0.8684568466856228,0.1822814366613675,0.0,0.0,0.8768608448377191,0.0,0.0,0.0,0.0,0.0,0.0,0.0,0.0,0.0,0.0,0.0,0.8175876885870051,0.0,0.0,0.0,0.0,0.0,0.0,0.0,0.0,0.0,0.0,0.0,0.0,0.0,0.7163036478595823,0.0,0.0,0.6755138046098645,0.0,0.0,0.0,0.8220368785988876,0.6337765865046248,0.709064406077415,0.0,0.0
0.644883637090608,0.4440654412318364,0.797071125017466,0.8034187296921297,0.7513712059113953,0.5462872772036438,0.7193106969406944,0.7866505118951732,0.7299930694395586,0.5009433895421534,0.7071155769837212,0.3784688264692885,0.3916396084033331,0.09345091879673455,0.6067867149212319,0.6275214950992855,0.3670375274347979,0.49265386228899366,0.8111661803868226,0.5342419681673906,0.7578118331987874,0.6311805852175133,0.5497439921919318,0.7953197238206914,0.4886982975078166,0.45390882609800365,0.37052387642216567,0.558869330866628,0.5256590448637315,0.5613347767352502,0.0,0.621702478024099,0.3447350255318179,0.11340859752309679,0.4618758035705685,1.0,0.8355090859956852,0.23493548473208,0.832484862486001,0.45250822572501426,0.806272807052509,0.7679137312392402,0.0,0.0,0.0,0.8693404167951627,0.6799472427593987,0.6350529176851905,0.0,0.0,0.8315268188518778,0.0,0.9154004749224732,0.39136216709517613,0.7040975378559249,0.0,0.8171525608753686,0.7770230251737702,0.0,0.8320411227293851,0.6487036665062282,0.8391624414126511,0.8139966316885939,0.0,0.710497174249423,0.7795912791141798,0.4291435952639182,0.7334287981325228,0.30289467643732254,0.426979874427204,0.7286383643833587,0.4771486179889697,0.884646419813851,0.7955024571667975,0.0,0.6401425386300886
0.47865692477224325,0.6630582557566108,0.6970588742436565,0.6408590493699121,0.5684589042063477,0.4287075748434342,0.5489816964432492,0.5407839443320404,0.5855121342947298,0.25272574669374703,0.7050382066343259,0.5443835513326302,0.4964179556208902,0.46527364452051173,0.2003968588348699,0.6930011726340174,0.7612192062128654,0.6847469519461089,0.8358618510768074,0.24025791451144884,0.276021708374766,0.3847330251164298,0.4511454374549344,0.711059299545377,0.26442950446944036,0.3637910467736429,0.2912340473355034,0.5623576130492262,0.27033581137062423,0.7075575076636984,0.621702478024099,0.0,0.2531885024678968,0.2701345983857444,0.6556263058423275,0.41479618453811856,0.36241595887191547,0.2815072516609549,0.15005670384796338,0.44820636695708616,0.46515172551728307,0.5012965514990122,0.5502413881913297,0.5073367584697689,0.7211151324497248,0.8169859365903137,0.335571381776982,0.5961261908571207,0.0,0.6086923021160655,0.6966626805560575,0.6670448812604832,0.8407225337721395,0.7371282363091933,0.5761168030161788,0.7482298751988458,0.5915421012124765,0.7144483609635958,0.0,0.40136296526032555,0.5662865136949276,0.10162552288838697,0.3981259736442174,0.7255101849914374,0.3269549799938007,0.6764338865278399,0.39719925422012686,0.7065555790841772,0.1849533193298929,0.6093748097562539,0.39034731863122374,0.7050336430647819,0.6827807667516808,0.6739105401096168,0.07840231406748906,0.5901920302082327
0.2948862596607101,0.27116824833984643,0.0,0.0,0.0,0.7972351339687714,0.626781864415817,0.2262039265071407,0.7312512373257276,0.43353473926321556,0.6936772023555057,0.44753596105457205,0.6850959891355126,0.0,0.5128502042342804,0.16184559853468908,0.4823406486836512,0.41162785003299546,0.0132604812307896,0.3517782181130814,0.32848304487481567,0.33858032009514466,0.6659056848626878,0.32191079363832525,0.48474646940492183,0.4243119745076601,0.3463447029578937,0.748405876929054,0.7961608821250392,0.04514173721458508,0.3447350255318179,0.2531885024678968,0.0,0.3532407559449821,0.4679399473890957,0.4687414795262482,0.5175518664646155,0.2597088068188135,0.4172973805442212,0.4898524109266803,0.637071525313604,0.7274775782302096,0.0,0.0,0.7809706358157087,0.8627756307284157,0.36253858682930734,0.0,0.0,0.0,0.0,0.0,0.0,0.0,0.4290561369063714,0.0,0.4997628599368323,0.5787354027291448,0.0,0.4774052755543041,0.37274411873331204,0.5996786926311809,0.5581089324295829,0.0,0.7961291829840347,0.9156262747178621,0.5736371534409508,0.6901584970756793,0.6582535963798833,0.4224339805099153,0.33738208811621584,0.7690525448513501,0.7508857500740259,0.7959224489226346,0.0,0.7494911960574376
0.5174877591791592,0.39566552939222155,0.6987344869667718,0.6593378716498172,0.6900616419756794,0.4873640364352338,0.2691846046708215,0.7903906558557036,0.537836115284938,0.23914839837346713,0.5316257652990559,0.3388294367974307,0.3356039859767386,0.8234291343421996,0.29169737878363855,0.29604394686017355,0.4212951350800383,0.4951549550158624,0.6957556150108022,0.3814854569602684,0.28222091413535866,0.44125210118032265,0.5182771191515463,0.23591272288628332,0.4228146138318882,0.40345261861742204,0.32225168711939733,0.4076172805304127,0.42901395053767266,0.7104537699768511,0.11340859752309679,0.2701345983857444,0.3532407559449821,0.0,0.3713320499351663,0.36745381616609674,0.48652306757378383,0.33910987725899494,0.5584111824614806,0.6735957873737186,0.5424206067037802,0.6594631678077929,0.660337868442972,0.65091580433543,0.6384316629122093,0.896842110331474,0.3446896326598136,0.5637804611155928,0.0,0.0,0.6572433925944652,0.5878203011889658,0.8958776583305201,0.4277940625216402,0.7032905708358794,0.0,0.718061748305197,0.5630916292602355,0.0,0.45958447368687394,0.2736810144774719,0.9034930234142319,0.7394220264121104,0.0,0.6737347576870827,0.8180723876260017,0.40292862992170836,0.7209116174954069,0.23862091140690112,0.3612424756847703,0.4089051678940809,0.7333556083131897,0.5991885239033988,0.7254581006431993,0.0,0.5593601230590727
0.7837901431837954,0.5890005415502033,0.8465487425112528,0.7097495713489296,0.8645593355108167,0.7545692431542641,0.7477654848721231,0.8707777250146351,0.7213071350860737,0.3141893193027675,0.8151904959641335,0.6657472513387318,0.7381251722318313,0.0,0.41489295920738295,0.6864799625106767,0.798981812233093,0.7598778906619544,0.15657565781513327,0.47178302483386625,0.7858439858389781,0.5538512422955834,0.717055921260155,0.8331108873982064,0.38867625503292696,0.42827356723553217,0.3909899850359785,0.9518884825161658,0.40532804937560546,0.8684568466856228,0.4618758035705685,0.6556263058423275,0.4679399473890957,0.3713320499351663,0.0,0.6968944692440632,0.6979517259990007,0.7368883604626205,0.4773267317854004,0.6110539386313975,0.6644629278613227,0.7629369671971235,0.6212937731511615,0.8004375978484091,0.7855283680160305,0.0,0.6761305750890017,0.0,0.0,0.0,0.8286828108276992,0.46666393259095296,0.0,0.0,0.6216973300734724,0.0,0.6102301338514522,0.6191453433499466,0.0,0.5230396247707821,0.8467506014205504,0.0,0.38795584665722416,0.0,0.7268050579361521,0.8238260568849214,0.401650146346417,0.8619528433855427,0.0,0.82617762805617,0.43096915293678795,0.847963560000289,0.6475803112335621,0.8505654173536823,0.0,0.0
0.0,0.0,0.7448681505392083,0.43284143645454043,0.4302151187012888,0.5034749524610085,0.6437468934187666,0.15685193146318566,0.7375775085683625,0.6027496624095438,0.56334853399392,0.6637573983867846,0.5779824850161159,0.35842590814137965,0.4119245388621517,0.0,0.0,0.0,0.5829302589208245,0.8503291385554979,0.2136532036194362,0.6184283037175807,0.5674886732060246,0.15429828789224648,0.0,0.7731209024337149,0.6183938458267174,0.6657531786069844,0.6927290757303606,0.1822814366613675,1.0,0.41479618453811856,0.4687414795262482,0.36745381616609674,0.6968944692440632,0.0,0.4799431072966811,0.6203849109354005,0.49360550870853764,0.0,0.48538120899683745,0.5787390926249174,0.6400553786211755,0.6806592047057444,0.0,0.0,0.0,0.6842520409161522,0.0,0.26796831199650595,0.7866610210414274,0.7385305416831492,0.7465340625097401,0.7690366266927011,0.0,0.7085502974424303,0.0,0.6526211493904012,0.2172197474306673,0.0,0.0,0.0,0.0,0.7075269300192785,0.16452771798964533,0.0,0.0,0.734755016610371,0.0,0.0,0.0,0.8020469115641872,0.7165067455361745,0.66799555438179,0.0,0.0
0.0,0.0,0.6644560461991768,0.4512110766021764,0.5984393434201576,0.6946595703662594,0.5495624174621822,0.495991621721702,0.7144328572966999,0.7015719993280982,0.8472259085227041,0.6712372962447931,0.5254038772945417,0.38551220457619917,0.08845402890308512,0.0,0.0,0.0,0.7446161925738031,0.7039600366732727,0.0,0.6963810579660656,0.6684243595371276,0.5102242516977266,0.0,0.0,0.713540894848339,0.5549232659160822,0.6757149358987314,0.0,0.8355090859956852,0.36241595887191547,0.5175518664646155,0.48652306757378383,0.6979517259990007,0.4799431072966811,0.0,0.6096455079885015,0.5222469568844667,0.0,0.6162869812524222,0.784015635720338,0.6969582082364402,0.723568668246122,0.0,0.0,0.0,0.0,0.0,0.0,0.0,0.0,0.0,0.0,0.0,0.0,0.0,0.0,0.0,0.0,0.0,0.0,0.0,0.0,0.0,0.0,0.0,0.5797497950773616,0.0,0.0,0.0,0.577182910825973,0.0,0.0,0.0,0.0
0.7309498330262157,0.0,0.0,0.08308077811038175,0.8044362439549942,0.7486643314607341,0.845806277011566,0.0,0.6885609778862587,0.40850527595493935,0.7426200606634259,0.4207665648475388,0.6783292997998618,0.0,0.0,0.0,0.6705243306043518,0.6704151769900757,0.7333561625811518,0.0,0.0,0.0,0.6900688097178688,0.35603954198277016,0.6034007905456292,0.6635475531310367,0.669385986275353,0.8196181032195495,0.0,0.0,0.23493548473208,0.2815072516609549,0.2597088068188135,0.33910987725899494,0.7368883604626205,0.6203849109354005,0.6096455079885015,0.0,0.6026079158407148,0.8309970942126141,0.586217570300759,0.7079622053683848,0.0,0.0,0.7248485439833104,0.0,0.0,0.0,0.0,0.0,0.0,0.0,0.0,0.0,0.7557950922655853,0.0,0.7502419667728526,0.0,0.0,0.0,0.0,0.0,0.0,0.0,0.0,0.0,0.0,0.0,0.6576087087270894,0.699621493084893,0.9404744883982796,0.0,0.6196657060855615,0.0,0.0,0.5552436100849425
0.8519399858846978,0.1625107022129756,0.038803834467963816,0.0,0.21837806151471878,0.6793126917870921,0.538352464663368,0.658144106434076,0.6021991399237785,0.5873501385677327,0.12813596923862292,0.5884359528587473,0.5744018873223802,0.0,0.2856174826643237,0.6743480969467158,0.7138955973615486,0.8315149807190767,0.06491686814208147,0.2930513817693781,0.6005028562499506,0.16825989838023758,0.447847465246803,0.8279787183309024,0.6627470545683627,0.2994447061165261,0.39433630447408535,0.3749042473362421,0.736692196106394,0.8768608448377191,0.832484862486001,0.15005670384796338,0.4172973805442212,0.5584111824614806,0.4773267317854004,0.49360550870853764,0.5222469568844667,0.6026079158407148,0.0,0.43437764848157195,0.2507296219396956,0.6790652358603373,0.40502836745129334,0.3667561347583798,0.30024784616941097,0.20227523520950594,0.2290938675251624,0.6668140963238802,0.6838997857570063,0.7027493187552026,0.6839828595867186,0.5266971547808402,0.7623934171207813,0.7069596168388494,0.24580386427097942,0.5518567726535265,0.16516697292158095,0.5647494082760157,0.5810159478899428,0.20512449654198153,0.2296466751491914,0.6441329248153214,0.33499398448027,0.7877796933071176,0.30490673286465486,0.1861321529081758,0.29179101042832184,0.35477490498197356,0.6676631533280102,0.1836425905451074,0.3033170736022574,0.37669135232671097,0.5829848854173322,0.30626739182068474,0.7949391255949559,0.36528015403453906
0.7618681680684065,0.45339388568432126,0.0,0.0,0.0,0.0,0.0,0.0,0.0,0.3526460295385098,0.0,0.6404197551792581,0.5946221387666938,0.0,0.7193104764866373,0.46313912773424115,0.8456545023832958,0.6886121915848855,0.0,0.7823694186223379,0.7022296418560967,0.3452204589361134,0.36926198183212344,0.49267557127410244,0.4881180268196344,0.36241770428780035,0.15735346581587772,0.0,0.7567237801700133,0.0,0.45250822572501426,0.44820636695708616,0.4898524109266803,0.6735957873737186,0.6110539386313975,0.0,0.0,0.8309970942126141,0.43437764848157195,0.0,0.2672218673352163,0.5029972205621092,0.5668651197707394,0.31923366872015346,0.2639185591845084,0.1977729888092793,0.17979622026458897,0.4930168702411527,0.0,0.8109952647499235,0.6867644168284824,0.7911064842752349,0.26517729838878157,0.634941888643404,0.5173785314370171,0.622410402311715,0.34984695970899066,0.6003909975027659,0.0,0.34371962858024424,0.19235616324840726,0.4070369408958965,0.400939435688096,0.09879879908533065,0.29534474820309664,0.5404441523471224,0.2784572580317013,0.13578852690765966,0.5988743848014683,0.2537101519530811,0.43943611374121433,0.2296296471497309,0.6551233619557233,0.7264723131236874,0.7534003281897578,0.24616016701378202
0.8172984306857429,0.6169147302346023,0.08090657489533963,0.0,0.0,0.8263337548414423,0.43332720813862513,0.767181861273985,0.4959086306229584,0.6721686542601555,0.0,0.7405649288707782,0.6724164649168378,0.0,0.6905592637249098,0.39439279587045695,0.8893712688237919,0.6565586725057712,0.0,0.5187539427821557,0.6636583552826527,0.3426560821866792,0.6821651040438323,0.7999874495727911,0.6982294095172698,0.41396352291197985,0.764204483154512,0.6923340139143365,0.6333763748286655,0.0,0.806272807052509,0.46515172551728307,0.637071525313604,0.5424206067037802,0.6644629278613227,0.48538120899683745,0.6162869812524222,0.586217570300759,0.2507296219396956,0.2672218673352163,0.0,0.44608967314057396,0.634609281183987,0.46830311911998046,0.3627741490583928,0.6577210729904941,0.275321421389026,0.6696962521741249,0.6793577780317055,0.6700080427296276,0.3812111454519135,0.4086063570412548,0.6531438816986688,0.5602651210563914,0.5259309258126394,0.7744076487731852,0.365031371084248,0.39538172307283426,0.8837836367750587,0.3394346560682983,0.3229793333615494,0.44670170982055674,0.4646666150053756,0.8184863890017068,0.32914891509240723,0.5385435879928219,0.3890360700068407,0.3685972211809239,0.706410704989716,0.35502357116750466,0.3294178365301061,0.3173442392043916,0.42506940893305634,0.338427770647671,0.7835888063209538,0.22064675853537621
0.0,0.8023961675186337,0.0,0.0,0.0,0.8083077343158943,0.0,0.0,0.0,0.6795190733693265,0.0,0.7818055826971854,0.6494405423726151,0.0,0.7954052655574261,0.860596829993332,0.0,0.8355370146941149,0.0,0.8460501225179555,0.1792749915457425,0.34367394178039073,0.8710676553910713,0.0,0.6752626953308245,0.55226708879439,0.8397708232495702,0.5179831791778279,0.8641263776096031,0.0,0.7679137312392402,0.5012965514990122,0.7274775782302096,0.6594631678077929,0.7629369671971235,0.5787390926249174,0.784015635720338,0.7079622053683848,0.6790652358603373,0.5029972205621092,0.44608967314057396,0.0,0.7878263940465876,0.6157279395345887,0.5861166340203396,0.8499589168414337,0.609071888514795,0.6370151292893462,0.8103284638444224,0.3599352563045093,0.6466519664939301,0.685795344070501,0.7592553055075335,0.7579851473293449,0.2885255979227552,0.8163547019256964,0.6913377970541419,0.6809569412518851,0.0,0.3195663935329638,0.7496984423902636,0.7810339595090979,0.624673350142841,0.8441278391133307,0.2539372328878157,0.5302821203204212,0.33116080649552737,0.6509176135366561,0.11255088702954011,0.42868798822896453,0.2392829455391344,0.6648704206163137,0.6321160392722763,0.29200330233728183,0.8736503453547442,0.5193727755303916
0.0,0.0,0.7387403844541631,0.0,0.1885315912605885,0.8088052870694882,0.609773545500677,0.24866712229982738,0.0,0.0,0.5654309851110652,0.0,0.6638644702247318,0.16738186649128817,0.0,0.0,0.0,0.0,0.7417470967305199,0.5780044641743799,0.0,0.0,0.6936555958250944,0.0,0.0,0.0,0.8194527032938768,0.7258563244401287,0.6246100641874648,0.0,0.0,0.5502413881913297,0.0,0.660337868442972,0.6212937731511615,0.6400553786211755,0.6969582082364402,0.0,0.40502836745129334,0.5668651197707394,0.634609281183987,0.7878263940465876,0.0,0.3981836998532204,0.6499132083431962,0.0,0.0,0.44986293282497675,0.49521002805696457,0.5561661755492866,0.48733096231185946,0.6664940054672328,0.519043685628645,0.6179199343812507,0.832156865593964,0.3637635248234189,0.68551408714437,0.7652117088069849,0.4676500008061832,0.6477550101147459,0.0,0.8221982045200688,0.07893744216801549,0.5271907761611703,0.5954623101558804,0.14603756126065467,0.7011935254093445,0.47402467592767783,0.08751427285316327,0.2525610660024575,0.7554691098095537,0.4277978294125412,0.44515580592424214,0.6261684881141936,0.0,0.8342099054574742
0.0,0.0,0.0,0.0,0.0,0.0,0.0,0.0,0.0,0.0,0.0,0.0,0.0,0.0,0.0,0.0,0.0,0.0,0.0,0.0,0.0,0.0,0.6118353404421714,0.0,0.0,0.0,0.45886320380139645,0.0,0.0,0.0,0.0,0.5073367584697689,0.0,0.65091580433543,0.8004375978484091,0.6806592047057444,0.723568668246122,0.0,0.3667561347583798,0.31923366872015346,0.46830311911998046,0.6157279395345887,0.3981836998532204,0.0,0.28605682510551894,0.0,0.0,0.721606466261749,0.4596851674093402,0.5178373886341531,0.7095999330771808,0.7008381547306952,0.7675816201641181,0.7407360329524906,0.12825312716743262,0.6675756180334351,0.8205690280482523,0.7699716344969416,0.37753885730177195,0.0,0.0,0.0,0.0,0.7788189873831052,0.6402237443780312,0.0,0.0,0.5276222795024887,0.0,0.0,0.0,0.6684428915587668,0.34417920040647565,0.7420420398771921,0.0,0.7834532874882705
0.0,0.0,0.0,0.0,0.0,0.0,0.0,0.0,0.0,0.763826092820973,0.0,0.7820447664746489,0.0,0.0,0.0,0.0,0.0,0.0,0.0,0.0,0.0,0.0,0.0,0.6737990966372871,0.7951244275103828,0.7900826780981023,0.0,0.0,0.0,0.0,0.0,0.7211151324497248,0.7809706358157087,0.6384316629122093,0.7855283680160305,0.0,0.0,0.7248485439833104,0.30024784616941097,0.2639185591845084,0.3627741490583928,0.5861166340203396,0.6499132083431962,0.28605682510551894,0.0,0.669576857009101,0.0,0.0,0.0,0.794345338245897,0.6743115968903404,0.8425721154264754,0.0,0.7988272077481411,0.5996367272253277,0.6977492810021031,0.4378992008406795,0.5595610892204783,0.0,0.0,0.0,0.7014313544433652,0.6007094308986175,0.26279236233018444,0.0,0.0,0.0,0.7052797951580575,0.5986830226333625,0.7736358919322872,0.5953448864336219,0.07700943609346939,0.6383844609795088,0.0,0.0,0.5585969845017585
0.7506928002818329,0.74178545638105,0.0,0.0,0.0,0.0,0.0,0.0,0.0,0.80271893305779,0.0,0.0,0.0,0.0,0.0,0.7744795131878608,0.0,0.5581636260299075,0.0,0.0,0.6137769665305955,0.77298971399585,0.0,0.7745799643164261,0.5779748477358704,0.5029821065501543,0.0,0.0,0.0,0.0,0.8693404167951627,0.8169859365903137,0.8627756307284157,0.896842110331474,0.0,0.0,0.0,0.0,0.20227523520950594,0.1977729888092793,0.6577210729904941,0.8499589168414337,0.0,0.0,0.669576857009101,0.0,0.4453203392212976,0.0,0.0,0.0,0.8174017519147042,0.0,0.3516294713896073,0.0,0.7953754232841178,0.0,0.876639815181694,0.8028257285905134,0.9245184643655024,0.6222497234276922,0.41408606070646126,0.10736721267729786,0.3825459638752015,0.0,0.7710349790218132,0.2655159286854302,0.5542804259296779,0.29204325163351597,0.3853377987758222,0.3570128819624454,0.49671276643850504,0.6546999213367548,0.7798999939003048,0.6642926932682827,0.0,0.7141151854048258
0.43293090147859886,0.6781790213589614,0.0,0.0,0.0,0.6794032264587313,0.0,0.0,0.0,0.0,0.0,0.0,0.8686843812100076,0.0,0.8612613531268294,0.4839542515179067,0.0,0.5062137374236616,0.0,0.6962253187960364,0.324170071185608,0.39201474180587476,0.7723226639300594,0.8358274520981601,0.6856386571444901,0.661428974220141,0.7012878034919253,0.8220022029878468,0.719098503188699,0.0,0.6799472427593987,0.335571381776982,0.36253858682930734,0.3446896326598136,0.6761305750890017,0.0,0.0,0.0,0.2290938675251624,0.17979622026458897,0.275321421389026,0.609071888514795,0.0,0.0,0.0,0.4453203392212976,0.0,0.5874176118665639,0.0,0.1386923335261303,0.27333347547602677,0.650172135709902,0.8294831870716485,0.8080927622057535,0.7553454109425363,0.0,0.0,0.47917912039658145,0.0,0.40203748283199986,0.3813770068814684,0.23563280579911067,0.2576518956590173,0.0,0.5451040321825,0.4393574297655498,0.5210665868139499,0.2772288843443243,0.0,0.40574858742619224,0.5951308104041909,0.3133678529984387,0.6822768708068427,0.32166975339545295,0.0,0.6741817160848893
0.0,0.0,0.33865644988448895,0.0,0.6161187951846762,0.7572553952489056,0.7256621408144686,0.7078381855615656,0.6899538942568999,0.0,0.6639989729127033,0.0,0.7292046388407862,0.7117611270907163,0.0,0.0,0.0,0.0,0.5360653175667776,0.0,0.0,0.0,0.4922490595021702,0.0,0.0,0.0,0.8022419757799476,0.6776896482131793,0.5832474971029973,0.0,0.6350529176851905,0.5961261908571207,0.0,0.5637804611155928,0.0,0.6842520409161522,0.0,0.0,0.6668140963238802,0.4930168702411527,0.6696962521741249,0.6370151292893462,0.44986293282497675,0.721606466261749,0.0,0.0,0.5874176118665639,0.0,0.7843036791540836,0.5556996610358345,0.5715918913246902,0.5100764416219247,0.348060924859265,0.5275674952318542,0.7562686294152146,0.5008240339898048,0.6318882318564039,0.48438442664785786,0.4549879479476544,0.0,0.0,0.0,0.0,0.47981920278829393,0.0,0.7610794873511061,0.6337544104523211,0.3409947387733811,0.0,0.461421599165157,0.756941096348279,0.4258388053197983,0.6453785403385528,0.7923553124592363,0.7330692979448992,0.7530896075038821
0.0,0.0,0.0,0.0,0.0,0.0,0.0,0.0,0.0,0.0,0.0,0.0,0.0,0.0,0.0,0.0,0.0,0.0,0.0,0.0,0.0,0.0,0.0,0.0,0.0,0.0,0.0,0.0,0.0,0.0,0.0,0.0,0.0,0.0,0.0,0.0,0.0,0.0,0.6838997857570063,0.0,0.6793577780317055,0.8103284638444224,0.49521002805696457,0.4596851674093402,0.0,0.0,0.0,0.7843036791540836,0.0,0.5498475968070191,0.8438957844711806,0.7607893233379903,0.17287612280128928,0.8364056478379124,0.0,0.8286652074841366,0.0,0.7933832525783784,0.5228526743761449,0.0,0.0,0.0,0.0,0.674267335602976,0.0,0.0,0.0,0.8300449347330059,0.0,0.0,0.0,0.7422398042984457,0.7458697610151872,0.0,0.0,0.07670084659449143
0.0,0.0,0.710170369422309,0.0,0.6070502422313815,0.7511311576334951,0.0,0.6198671306351977,0.6912726335091386,0.0,0.630847150712396,0.0,0.0,0.0,0.0,0.0,0.0,0.0,0.7021879998447964,0.0,0.0,0.0,0.7126531149049382,0.0,0.0,0.0,0.5937159910415984,0.0,0.0,0.0,0.0,0.6086923021160655,0.0,0.0,0.0,0.26796831199650595,0.0,0.0,0.7027493187552026,0.8109952647499235,0.6700080427296276,0.3599352563045093,0.5561661755492866,0.5178373886341531,0.794345338245897,0.0,0.1386923335261303,0.5556996610358345,0.5498475968070191,0.0,0.3897640565258266,0.5147568740203496,0.6951215659976223,0.49233501600359675,0.8314069508590008,0.604497548260384,0.8851072452996641,0.7203935149720913,0.6132907701138359,0.0,0.0,0.0,0.0,0.6926322310241534,0.0,0.0,0.6881968447257559,0.3803853131875177,0.0,0.14398698568484747,0.7776614479959834,0.7131401913091382,0.3142827037172753,0.049161192801920835,0.0,0.8580580009631924
0.6637839526347284,0.7515794045356621,0.7303690835614489,0.0,0.7035314706621371,0.44700780336197915,0.8111836766799818,0.6971937120956687,0.7789087981077772,0.0,0.77916073072844,0.0,0.6741993954250115,0.0,0.8148106617847758,0.46881442132697254,0.0,0.0,0.7505578740578753,0.799667259065598,0.8535828555421504,0.7599390026877099,0.4488925545536,0.0,0.5267869865970587,0.6249080763578108,0.4169383961735072,0.6892965688611159,0.6228630300642001,0.8175876885870051,0.8315268188518778,0.6966626805560575,0.0,0.6572433925944652,0.8286828108276992,0.7866610210414274,0.0,0.0,0.6839828595867186,0.6867644168284824,0.3812111454519135,0.6466519664939301,0.48733096231185946,0.7095999330771808,0.6743115968903404,0.8174017519147042,0.27333347547602677,0.5715918913246902,0.8438957844711806,0.3897640565258266,0.0,0.48691465046756627,0.42827818842437204,0.43285272198112557,0.6816387690446495,0.5293020860369106,0.7242312624541337,0.45408129127835606,0.7569095765548789,0.7146370459308323,0.6678307934948685,0.7522793678626829,0.6382634062438416,0.777722730249403,0.5294545126110191,0.8002059160574191,0.3866952485892181,0.42315051979291535,0.7161256131231937,0.621402889693432,0.399305161912965,0.343626191553656,0.5482069172155046,0.3646705472913145,0.6849277536190376,0.49051171536085947
0.0,0.0,0.5020679651494941,0.0,0.546883122231998,0.6788043454312699,0.6100387285291344,0.7490228678928693,0.7005395176659186,0.0,0.6603527665812277,0.0,0.7356675517955058,0.0,0.0,0.0,0.0,0.0,0.605490143865633,0.0,0.0,0.0,0.44823612739111773,0.0,0.0,0.0,0.684938822032855,0.7086177391505621,0.6859889931091917,0.0,0.0,0.6670448812604832,0.0,0.5878203011889658,0.46666393259095296,0.7385305416831492,0.0,0.0,0.5266971547808402,0.7911064842752349,0.4086063570412548,0.685795344070501,0.6664940054672328,0.7008381547306952,0.8425721154264754,0.0,0.650172135709902,0.5100764416219247,0.7607893233379903,0.5147568740203496,0.48691465046756627,0.0,0.4906651324678453,0.7367810445691652,0.6103421869144945,0.6167074170540467,0.8760333992535532,0.6665083811951446,0.5509491255819459,0.0,0.7787191319759162,0.8118880265597914,0.777478473597991,0.8205623640997415,0.6790156216644885,0.8232067814707237,0.575768153626137,0.4433207891742507,0.8267247227882482,0.7566721206345227,0.5518084694943735,0.4872725468696323,0.5669597667932877,0.7329917378100699,0.0,0.5720281653513993
0.0,0.0,0.6978483741689644,0.0,0.6476041299521824,0.5297032917382871,0.8304494664072122,0.465027271174443,0.8257822038148762,0.0,0.7133762927903664,0.0,0.8736557934495474,0.8253482707384368,0.13392316127289303,0.0,0.0,0.0,0.7080673607989102,0.7559616252079568,0.6160067690469562,0.05949402121140098,0.4996310337631508,0.0,0.0,0.0,0.4314004542411132,0.614161315065088,0.7219169870196339,0.0,0.9154004749224732,0.8407225337721395,0.0,0.8958776583305201,0.0,0.7465340625097401,0.0,0.0,0.7623934171207813,0.26517729838878157,0.6531438816986688,0.7592553055075335,0.519043685628645,0.7675816201641181,0.0,0.3516294713896073,0.8294831870716485,0.348060924859265,0.17287612280128928,0.6951215659976223,0.42827818842437204,0.4906651324678453,0.0,0.5058824455981588,0.6955320718271776,0.6541582253078927,0.6848553138669098,0.4817668287158623,0.46762780466352716,0.8025709179663983,0.7588150645148088,0.0,0.12348379424239556,0.7399990390238179,0.8600086136310394,0.41056656658827995,0.8121485858592002,0.41791526939765694,0.7244338393789664,0.4775987378581404,0.3487088684781478,0.3541393200267655,0.45976730260690163,0.6234510567194332,0.0,0.7134261304439204
0.0,0.0,0.8423741665167972,0.0,0.6453600357572478,0.7481573004050929,0.6787522320304147,0.7779668156013456,0.8273640873307099,0.0,0.7773506835742152,0.0,0.7288331385583919,0.8628035680464563,0.0,0.0,0.0,0.0,0.7690002391233469,0.0,0.0,0.0,0.6600011231590404,0.0,0.0,0.0,0.7002956414362349,0.7280254211244209,0.46259919343774963,0.0,0.39136216709517613,0.7371282363091933,0.0,0.4277940625216402,0.0,0.7690366266927011,0.0,0.0,0.7069596168388494,0.634941888643404,0.5602651210563914,0.7579851473293449,0.6179199343812507,0.7407360329524906,0.7988272077481411,0.0,0.8080927622057535,0.5275674952318542,0.8364056478379124,0.49233501600359675,0.43285272198112557,0.7367810445691652,0.5058824455981588,0.0,0.830018139646143,0.46287812961145924,0.8387263638778517,0.6170968718254433,0.7497760023218765,0.0,0.0,0.6198897027567679,0.6262489030261911,0.45293864466688644,0.804909063410583,0.0,0.8316151972222696,0.4314576735774282,0.5961960792520844,0.6458877875434166,0.7087099311050218,0.4285110466591604,0.693676367145417,0.827203230938326,0.8367131839322872,0.5653105040969154
0.8489253737258673,0.0,0.0,0.0,0.0,0.0,0.0,0.0,0.0,0.4103953616688659,0.0,0.37057684980375455,0.831224999620799,0.0,0.0,0.0,0.36279028968050053,0.5734978389208554,0.0,0.0,0.0,0.0,0.0,0.443283426421773,0.4531802803199876,0.7059643473488325,0.0,0.1485113532433458,0.0,0.0,0.7040975378559249,0.5761168030161788,0.4290561369063714,0.7032905708358794,0.6216973300734724,0.0,0.0,0.7557950922655853,0.24580386427097942,0.5173785314370171,0.5259309258126394,0.2885255979227552,0.832156865593964,0.12825312716743262,0.5996367272253277,0.7953754232841178,0.7553454109425363,0.7562686294152146,0.0,0.8314069508590008,0.6816387690446495,0.6103421869144945,0.6955320718271776,0.830018139646143,0.0,0.7224030136672404,0.5112209638168053,0.6156322883206475,0.25814146169622704,0.0,0.7024567641083072,0.4269142764397834,0.3394930458393865,0.8246176631089647,0.7636456008372667,0.0,0.5361608547233416,0.740807856999507,0.5227871351699934,0.5532127530167911,0.5654812666368298,0.6792711799107196,0.3837809750789474,0.6911720771797899,0.0,0.4720290436227562
0.0,0.0,0.6655593396099485,0.0,0.6860293769904432,0.7847037371778353,0.6288078250145287,0.6869781028736316,0.8013435358180601,0.0,0.23510046792020262,0.0,0.6423625359058436,0.7525342855054342,0.0,0.0,0.0,0.0,0.8037454623711578,0.0,0.0,0.0,0.7430034382927936,0.0,0.0,0.0,0.8062248028770906,0.5513784773585269,0.0,0.0,0.0,0.7482298751988458,0.0,0.0,0.0,0.7085502974424303,0.0,0.0,0.5518567726535265,0.622410402311715,0.7744076487731852,0.8163547019256964,0.3637635248234189,0.6675756180334351,0.6977492810021031,0.0,0.0,0.5008240339898048,0.8286652074841366,0.604497548260384,0.5293020860369106,0.6167074170540467,0.6541582253078927,0.46287812961145924,0.7224030136672404,0.0,0.796776661179974,0.6645579801275828,0.5870424036021565,0.0,0.0,0.7428458123519669,0.7129080339129971,0.5357760813266468,0.0,0.0,0.0,0.644146598295832,0.7529888048428685,0.7317477085993764,0.7664699378901751,0.8238485571365577,0.6627467306511882,0.0,0.0,0.6454294554820457
0.0,0.0,0.0,0.0,0.0,0.0,0.0,0.0,0.0,0.39894267233460834,0.0,0.43846220537878505,0.15521797597844356,0.0,0.0,0.0,0.6191538588271788,0.6963689956675885,0.0,0.0,0.0,0.0,0.0,0.5679438685394307,0.43849546272760126,0.698932054717333,0.0,0.18587722531698153,0.0,0.0,0.8171525608753686,0.5915421012124765,0.4997628599368323,0.718061748305197,0.6102301338514522,0.0,0.0,0.7502419667728526,0.16516697292158095,0.34984695970899066,0.365031371084248,0.6913377970541419,0.68551408714437,0.8205690280482523,0.4378992008406795,0.876639815181694,0.0,0.6318882318564039,0.0,0.8851072452996641,0.7242312624541337,0.8760333992535532,0.6848553138669098,0.8387263638778517,0.5112209638168053,0.796776661179974,0.0,0.6111296950969414,0.0,0.0,0.0940515631968202,0.6689797807721829,0.7675981106042444,0.7468881714008868,0.0,0.7372735745587987,0.1259647806056841,0.7116993751831476,0.517465663740002,0.6346529163114382,0.47674631961373404,0.716668918212768,0.8662861699279037,0.16985456245086464,0.0,0.44795664898724386
0.0,0.7698928401087053,0.7355567456635406,0.0,0.4643518405344163,0.7396101212061263,0.6113125240669708,0.8133226570338652,0.675706752783293,0.7665171116943935,0.6228916221691448,0.7037080343234381,0.4216684106812527,0.0,0.6126289234197456,0.0,0.0,0.0,0.6244089391805893,0.6326879725502415,0.7254434966204991,0.47370316350480957,0.44006376613223513,0.0,0.5978199006033454,0.6989767604701308,0.5412356984904746,0.4819180997962943,0.6236453211687042,0.0,0.7770230251737702,0.7144483609635958,0.5787354027291448,0.5630916292602355,0.6191453433499466,0.6526211493904012,0.0,0.0,0.5647494082760157,0.6003909975027659,0.39538172307283426,0.6809569412518851,0.7652117088069849,0.7699716344969416,0.5595610892204783,0.8028257285905134,0.47917912039658145,0.48438442664785786,0.7933832525783784,0.7203935149720913,0.45408129127835606,0.6665083811951446,0.4817668287158623,0.6170968718254433,0.6156322883206475,0.6645579801275828,0.6111296950969414,0.0,0.7583026642837805,0.7954974361212104,0.6751553488049122,0.7007008801666921,0.6217007048292574,0.8101508375368094,0.5294446924346663,0.7984077745537836,0.33798174921745205,0.440220167023803,0.8576584599155856,0.7118844530081854,0.6395690240267289,0.41983689614420505,0.5742887357074126,0.39514669460144863,0.8366133720754512,0.5409014655451324
0.0,0.0,0.6720659032492375,0.0,0.0,0.0,0.0,0.3279804866651176,0.685874664776215,0.0,0.7190801789792327,0.0,0.0,0.0,0.0,0.0,0.0,0.0,0.7812627307439766,0.0,0.0,0.0,0.9063238435950433,0.0,0.0,0.0,0.20808382712314596,0.0,0.0,0.0,0.0,0.0,0.0,0.0,0.0,0.2172197474306673,0.0,0.0,0.5810159478899428,0.0,0.8837836367750587,0.0,0.4676500008061832,0.37753885730177195,0.0,0.9245184643655024,0.0,0.4549879479476544,0.5228526743761449,0.6132907701138359,0.7569095765548789,0.5509491255819459,0.46762780466352716,0.7497760023218765,0.25814146169622704,0.5870424036021565,0.0,0.7583026642837805,0.0,0.0,0.0,0.0,0.0,0.5040369876801719,0.0,0.895806404633895,0.0,0.4723745214834061,0.0,0.0,0.8127422914879839,0.7806443127969355,0.6815970362095439,0.0,0.0,0.1913961123562905
0.0,0.8367057194358638,0.0,0.0,0.0,0.7923130168058601,0.0,0.14066211804300355,0.0,0.0,0.0,0.0,0.6301394684866417,0.0,0.545035908726856,0.8703567442547983,0.0,0.0,0.0,0.6316926076107232,0.3429486723812568,0.4508532353049727,0.45658336825416646,0.0,0.7970473471637227,0.7447426479257676,0.825102629813567,0.8287093389606046,0.7292210278732645,0.0,0.8320411227293851,0.40136296526032555,0.4774052755543041,0.45958447368687394,0.5230396247707821,0.0,0.0,0.0,0.20512449654198153,0.34371962858024424,0.3394346560682983,0.3195663935329638,0.6477550101147459,0.0,0.0,0.6222497234276922,0.40203748283199986,0.0,0.0,0.0,0.7146370459308323,0.0,0.8025709179663983,0.0,0.0,0.0,0.0,0.7954974361212104,0.0,0.0,0.803504645487266,0.0,0.17342991607938482,0.0,0.22984481799598874,0.3486073396746541,0.4100178872262364,0.33264777136844986,0.7952287159120103,0.6510231748237325,0.31165128696669625,0.3714584459848672,0.7906979477188251,0.6290350424288631,0.745084941066579,0.7704459637602001
0.49022088505343053,0.4210409521093681,0.0,0.0,0.0,0.7769009583491198,0.0,0.0,0.0,0.1234412085762614,0.0,0.0,0.0,0.0,0.864028418099185,0.5016997089166003,0.0,0.470869620619433,0.0,0.6902828361350882,0.7100480126665218,0.6160871632638215,0.5705558449845651,0.8037467761192731,0.48538844917909707,0.470700122897155,0.8239463073619115,0.0,0.4855177088985827,0.0,0.6487036665062282,0.5662865136949276,0.37274411873331204,0.2736810144774719,0.8467506014205504,0.0,0.0,0.0,0.2296466751491914,0.19235616324840726,0.3229793333615494,0.7496984423902636,0.0,0.0,0.0,0.41408606070646126,0.3813770068814684,0.0,0.0,0.0,0.6678307934948685,0.7787191319759162,0.7588150645148088,0.0,0.7024567641083072,0.0,0.0940515631968202,0.6751553488049122,0.0,0.803504645487266,0.0,0.6969062491255219,0.4902752789213265,0.0,0.5109390343087626,0.5050743586978722,0.5016630185934858,0.644507334920317,0.8112798624720607,0.2908360447287084,0.3963917764267886,0.695030164488015,0.7255558968190456,0.6802088662351168,0.0,0.5559138389766872
0.0,0.0,0.0,0.0,0.0,0.0,0.0,0.0,0.0,0.6227825781314096,0.0,0.5479277699604745,0.0,0.0,0.0,0.0,0.6671971531128404,0.7008809035197435,0.0,0.0,0.0,0.0,0.0,0.838516683350174,0.5285945665384812,0.511316734404118,0.0,0.0,0.0,0.0,0.8391624414126511,0.10162552288838697,0.5996786926311809,0.9034930234142319,0.0,0.0,0.0,0.0,0.6441329248153214,0.4070369408958965,0.44670170982055674,0.7810339595090979,0.8221982045200688,0.0,0.7014313544433652,0.10736721267729786,0.23563280579911067,0.0,0.0,0.0,0.7522793678626829,0.8118880265597914,0.0,0.6198897027567679,0.4269142764397834,0.7428458123519669,0.6689797807721829,0.7007008801666921,0.0,0.0,0.6969062491255219,0.0,0.41181233764716346,0.0,0.6849731800350771,0.0,0.7555894186266555,0.4249907516208054,0.515500117541885,0.4522853651039393,0.5598524146265794,0.0,0.5786081525459302,0.7429900768505578,0.0,0.34340738705675417
0.6639948363088427,0.7634481745350582,0.0,0.0,0.0,0.0,0.0,0.0,0.0,0.627379519934558,0.0,0.6931599086858113,0.0,0.0,0.0,0.6974741417932578,0.7325585630966116,0.4794579976944924,0.0,0.2428078166066797,0.0,0.7676956068898689,0.0,0.4642437965337175,0.5092471359160398,0.46224644730630404,0.0,0.0,0.7963085841310343,0.0,0.8139966316885939,0.3981259736442174,0.5581089324295829,0.7394220264121104,0.38795584665722416,0.0,0.0,0.0,0.33499398448027,0.400939435688096,0.4646666150053756,0.624673350142841,0.07893744216801549,0.0,0.6007094308986175,0.3825459638752015,0.2576518956590173,0.0,0.0,0.0,0.6382634062438416,0.777478473597991,0.12348379424239556,0.6262489030261911,0.3394930458393865,0.7129080339129971,0.7675981106042444,0.6217007048292574,0.0,0.17342991607938482,0.4902752789213265,0.41181233764716346,0.0,0.0,0.6291557808268131,0.7465864204709918,0.28487148794806016,0.617612376952295,0.4744053785247376,0.36355642824001194,0.34055146639982475,0.5843067984297354,0.6252953962448664,0.6763177381298785,0.0,0.39306171822987096
0.0,0.0,0.5416894759163319,0.0,0.6275273226318656,0.752092847650313,0.5847504851325761,0.7619269334142696,0.7377758483913802,0.0,0.4936355722645527,0.0,0.6788511331009864,0.697518937740192,0.0,0.0,0.0,0.0,0.7882254552934713,0.0,0.0,0.0,0.7416881908598102,0.0,0.0,0.0,0.7032144929372925,0.0,0.0,0.0,0.0,0.7255101849914374,0.0,0.0,0.0,0.7075269300192785,0.0,0.0,0.7877796933071176,0.09879879908533065,0.8184863890017068,0.8441278391133307,0.5271907761611703,0.7788189873831052,0.26279236233018444,0.0,0.0,0.47981920278829393,0.674267335602976,0.6926322310241534,0.777722730249403,0.8205623640997415,0.7399990390238179,0.45293864466688644,0.8246176631089647,0.5357760813266468,0.7468881714008868,0.8101508375368094,0.5040369876801719,0.0,0.0,0.0,0.0,0.0,0.0,0.0,0.0,0.41349628701177943,0.0,0.4349055869406726,0.4655335171770527,0.5673045517527562,0.7121829705643813,0.0,0.0,0.7929749009038471
0.0,0.7750000831151083,0.0,0.0,0.0,0.7010744771892983,0.0,0.2997378848537748,0.0,0.0,0.0,0.0,0.739542965271087,0.0,0.6615637968845965,0.729651966134496,0.0,0.0,0.0,0.6581772488123899,0.4461418573549658,0.3373811323380728,0.49553629098197777,0.0,0.6299129262865361,0.6360012019899631,0.694283938942823,0.7635220818884435,0.5722906818328807,0.7163036478595823,0.710497174249423,0.3269549799938007,0.7961291829840347,0.6737347576870827,0.7268050579361521,0.16452771798964533,0.0,0.0,0.30490673286465486,0.29534474820309664,0.32914891509240723,0.2539372328878157,0.5954623101558804,0.6402237443780312,0.0,0.7710349790218132,0.5451040321825,0.0,0.0,0.0,0.5294545126110191,0.6790156216644885,0.8600086136310394,0.804909063410583,0.7636456008372667,0.0,0.0,0.5294446924346663,0.0,0.22984481799598874,0.5109390343087626,0.6849731800350771,0.6291557808268131,0.0,0.0,0.3655909846248663,0.35533566498389085,0.14166274977969415,0.7681445520447088,0.6241934790298239,0.35346053462019494,0.2800382441719217,0.6464928978109181,0.40056615131165935,0.7704736765456498,0.6228907948473964
0.7153690979024756,0.6882122035102276,0.0,0.0,0.0,0.7226682739924446,0.0,0.8012707516883104,0.0,0.0,0.0,0.0,0.0,0.0,0.41657840898127907,0.0,0.0,0.0,0.0,0.6427147864124021,0.6340885640124677,0.3972025730432707,0.6872396736730657,0.0,0.7709119925886068,0.8281960975082914,0.8257955920256321,0.8191121655278852,0.7180174214541526,0.0,0.7795912791141798,0.6764338865278399,0.9156262747178621,0.8180723876260017,0.8238260568849214,0.0,0.0,0.0,0.1861321529081758,0.5404441523471224,0.5385435879928219,0.5302821203204212,0.14603756126065467,0.0,0.0,0.2655159286854302,0.4393574297655498,0.7610794873511061,0.0,0.0,0.8002059160574191,0.8232067814707237,0.41056656658827995,0.0,0.0,0.0,0.7372735745587987,0.7984077745537836,0.895806404633895,0.3486073396746541,0.5050743586978722,0.0,0.7465864204709918,0.0,0.3655909846248663,0.0,0.4328954786077567,0.3771958447271642,0.638441981073669,0.6263144634822716,0.4710785882585381,0.3524396046213704,0.6785169518220548,0.36347221659642714,0.3054040349772553,0.7416876570414872
0.6794193961993504,0.6716752981125285,0.0,0.0,0.0,0.6435887149630656,0.0,0.0,0.0,0.0,0.0,0.0,0.5789445454616382,0.0,0.6216111722831579,0.4174025873097846,0.0,0.7766464276776657,0.0,0.4568148090853794,0.43353062882621035,0.4714663325577822,0.721727912564438,0.0,0.679815848364369,0.5233007377688962,0.5573279043873535,0.6697701163294242,0.4950734462892989,0.0,0.4291435952639182,0.39719925422012686,0.5736371534409508,0.40292862992170836,0.401650146346417,0.0,0.0,0.0,0.29179101042832184,0.2784572580317013,0.3890360700068407,0.33116080649552737,0.7011935254093445,0.0,0.0,0.5542804259296779,0.5210665868139499,0.6337544104523211,0.0,0.6881968447257559,0.3866952485892181,0.575768153626137,0.8121485858592002,0.8316151972222696,0.5361608547233416,0.0,0.1259647806056841,0.33798174921745205,0.0,0.4100178872262364,0.5016630185934858,0.7555894186266555,0.28487148794806016,0.0,0.35533566498389085,0.4328954786077567,0.0,0.3420414626523022,0.0,0.36053255309266075,0.4282020831022947,0.3029150769512923,0.7174302639350119,0.35780119862207294,0.12913640415385533,0.5430433529793709
0.0,0.6106635087339536,0.6639656472136768,0.0,0.769893387459494,0.424571368543797,0.8115051567135498,0.4680293333009539,0.6942109787221371,0.0,0.6515609237927358,0.0,0.4190429686384895,0.7466207131946324,0.6550456084594638,0.6070248686059543,0.0,0.0,0.6360372400037111,0.6389216866465053,0.374977147825428,0.4123609599211241,0.606739306860257,0.0,0.6391552863339066,0.7071247010927149,0.37943038077951025,0.4390707671087164,0.46314699103299656,0.6755138046098645,0.7334287981325228,0.7065555790841772,0.6901584970756793,0.7209116174954069,0.8619528433855427,0.734755016610371,0.5797497950773616,0.0,0.35477490498197356,0.13578852690765966,0.3685972211809239,0.6509176135366561,0.47402467592767783,0.5276222795024887,0.7052797951580575,0.29204325163351597,0.2772288843443243,0.3409947387733811,0.8300449347330059,0.3803853131875177,0.42315051979291535,0.4433207891742507,0.41791526939765694,0.4314576735774282,0.740807856999507,0.644146598295832,0.7116993751831476,0.440220167023803,0.4723745214834061,0.33264777136844986,0.644507334920317,0.4249907516208054,0.617612376952295,0.41349628701177943,0.14166274977969415,0.3771958447271642,0.3420414626523022,0.0,0.6055144303786563,0.5263707448229944,0.34570789258277573,0.4732076368887079,0.4116553267077802,0.2832461950164649,0.3963728021320221,0.38693985047820945
0.7651437363478806,0.0,0.0,0.0,0.0,0.0,0.0,0.0,0.0,0.6489145486562068,0.0,0.6525906994287399,0.0,0.0,0.0,0.0,0.8266198326511252,0.6826907941845144,0.0,0.0,0.0,0.0,0.0,0.5283312141187775,0.4713894968611806,0.48525174697289675,0.0,0.0,0.0,0.0,0.30289467643732254,0.1849533193298929,0.6582535963798833,0.23862091140690112,0.0,0.0,0.0,0.6576087087270894,0.6676631533280102,0.5988743848014683,0.706410704989716,0.11255088702954011,0.08751427285316327,0.0,0.5986830226333625,0.3853377987758222,0.0,0.0,0.0,0.0,0.7161256131231937,0.8267247227882482,0.7244338393789664,0.5961960792520844,0.5227871351699934,0.7529888048428685,0.517465663740002,0.8576584599155856,0.0,0.7952287159120103,0.8112798624720607,0.515500117541885,0.4744053785247376,0.0,0.7681445520447088,0.638441981073669,0.0,0.6055144303786563,0.0,0.5797891793370499,0.4971805519507056,0.8514808725727764,0.7956097181531221,0.0,0.0,0.71415248155773
0.49826498811748554,0.7238255727925595,0.0,0.0,0.0,0.8070367107432461,0.0,0.0,0.0,0.7005675080337751,0.0,0.7064832591940607,0.5219849292303795,0.0,0.7335034598220764,0.5377504969980628,0.6742712234056001,0.49359279751952695,0.0,0.5655184085626644,0.6917369037248273,0.47705567169467583,0.5445421763268237,0.49945717474887175,0.504780517992295,0.43406677905956736,0.0,0.6020468491286004,0.4626807205305137,0.0,0.426979874427204,0.6093748097562539,0.4224339805099153,0.3612424756847703,0.82617762805617,0.0,0.0,0.699621493084893,0.1836425905451074,0.2537101519530811,0.35502357116750466,0.42868798822896453,0.2525610660024575,0.0,0.7736358919322872,0.3570128819624454,0.40574858742619224,0.461421599165157,0.0,0.14398698568484747,0.621402889693432,0.7566721206345227,0.4775987378581404,0.6458877875434166,0.5532127530167911,0.7317477085993764,0.6346529163114382,0.7118844530081854,0.0,0.6510231748237325,0.2908360447287084,0.4522853651039393,0.36355642824001194,0.4349055869406726,0.6241934790298239,0.6263144634822716,0.36053255309266075,0.5263707448229944,0.5797891793370499,0.0,0.47267990329393256,0.7163741881016849,0.6943735843115173,0.6323588680613522,0.0,0.4026577722790837
0.4714863633169444,0.6871248426950818,0.0,0.0,0.0,0.7839160069122726,0.823233038451165,0.0,0.0,0.6933095240983871,0.0,0.7009909878863795,0.619970653373317,0.0,0.6573935191474989,0.5389839202895713,0.44858462645637087,0.5213609041316842,0.0,0.7265662578277419,0.43404837175885747,0.3561911500128654,0.516735335974656,0.5622282788964159,0.4862951773209543,0.3654443456882172,0.7247709198709982,0.7726564428631947,0.7621195402533885,0.0,0.7286383643833587,0.39034731863122374,0.33738208811621584,0.4089051678940809,0.43096915293678795,0.0,0.0,0.9404744883982796,0.3033170736022574,0.43943611374121433,0.3294178365301061,0.2392829455391344,0.7554691098095537,0.0,0.5953448864336219,0.49671276643850504,0.5951308104041909,0.756941096348279,0.0,0.7776614479959834,0.399305161912965,0.5518084694943735,0.3487088684781478,0.7087099311050218,0.5654812666368298,0.7664699378901751,0.47674631961373404,0.6395690240267289,0.8127422914879839,0.31165128696669625,0.3963917764267886,0.5598524146265794,0.34055146639982475,0.4655335171770527,0.35346053462019494,0.4710785882585381,0.4282020831022947,0.34570789258277573,0.4971805519507056,0.47267990329393256,0.0,0.2909853294052698,0.3386264172484073,0.4032775714815904,0.0,0.39871955447945207
0.0,0.6761350505409521,0.6969796237115495,0.0,0.6999117345567565,0.4193714926762978,0.6685879081465217,0.6472472326183599,0.6767067347842997,0.0,0.749558716325622,0.0,0.6487937752832061,0.14390779867609135,0.5193699898729836,0.6941548734552319,0.0,0.0,0.6641143303071876,0.73314239577772,0.3871424952480195,0.6545315984637357,0.3858555354766638,0.0,0.19770739320502714,0.8044157463346008,0.3762360830351802,0.38793818404717406,0.4052326125095536,0.8220368785988876,0.4771486179889697,0.7050336430647819,0.7690525448513501,0.7333556083131897,0.847963560000289,0.8020469115641872,0.577182910825973,0.0,0.37669135232671097,0.2296296471497309,0.3173442392043916,0.6648704206163137,0.4277978294125412,0.6684428915587668,0.07700943609346939,0.6546999213367548,0.3133678529984387,0.4258388053197983,0.7422398042984457,0.7131401913091382,0.343626191553656,0.4872725468696323,0.3541393200267655,0.4285110466591604,0.6792711799107196,0.8238485571365577,0.716668918212768,0.41983689614420505,0.7806443127969355,0.3714584459848672,0.695030164488015,0.0,0.5843067984297354,0.5673045517527562,0.2800382441719217,0.3524396046213704,0.3029150769512923,0.4732076368887079,0.8514808725727764,0.7163741881016849,0.2909853294052698,0.0,0.33013776721472643,0.4740848286133768,0.32965946393684986,0.3261432761733758
0.0,0.34315340852655607,0.7150113932808202,0.0,0.07306743125865775,0.7479014870340415,0.6590798348239366,0.7835207717591677,0.7442303994276347,0.7995136208904587,0.4975574478141779,0.8361451173832983,0.48499330836075655,0.0,0.6532019522619044,0.0,0.0,0.0,0.5414152426355656,0.451327646956079,0.8308740296314883,0.5851415168056959,0.42698517837686806,0.0,0.6757119642599307,0.59394913594795,0.7023643861596565,0.6324445856590362,0.48545205124903373,0.6337765865046248,0.884646419813851,0.6827807667516808,0.7508857500740259,0.5991885239033988,0.6475803112335621,0.7165067455361745,0.0,0.6196657060855615,0.5829848854173322,0.6551233619557233,0.42506940893305634,0.6321160392722763,0.44515580592424214,0.34417920040647565,0.6383844609795088,0.7798999939003048,0.6822768708068427,0.6453785403385528,0.7458697610151872,0.3142827037172753,0.5482069172155046,0.5669597667932877,0.45976730260690163,0.693676367145417,0.3837809750789474,0.6627467306511882,0.8662861699279037,0.5742887357074126,0.6815970362095439,0.7906979477188251,0.7255558968190456,0.5786081525459302,0.6252953962448664,0.7121829705643813,0.6464928978109181,0.6785169518220548,0.7174302639350119,0.4116553267077802,0.7956097181531221,0.6943735843115173,0.3386264172484073,0.33013776721472643,0.0,0.5178284853802304,0.5437088245188458,0.5746373632917218
0.0,0.7012299888079938,0.0,0.0,0.0,0.731389089776263,0.6421433145289073,0.6987380561027182,0.06356409564214349,0.0,0.0,0.0,0.7441168055111007,0.0,0.7672838118046018,0.6935436211521087,0.0,0.45343275569992036,0.0,0.5993731046787407,0.7549128517835287,0.722521451211874,0.4587913816789944,0.0,0.6280313335636807,0.6974134050501949,0.6289385440097635,0.518798003509408,0.7116232057540048,0.709064406077415,0.7955024571667975,0.6739105401096168,0.7959224489226346,0.7254581006431993,0.8505654173536823,0.66799555438179,0.0,0.0,0.30626739182068474,0.7264723131236874,0.338427770647671,0.29200330233728183,0.6261684881141936,0.7420420398771921,0.0,0.6642926932682827,0.32166975339545295,0.7923553124592363,0.0,0.049161192801920835,0.3646705472913145,0.7329917378100699,0.6234510567194332,0.827203230938326,0.6911720771797899,0.0,0.16985456245086464,0.39514669460144863,0.0,0.6290350424288631,0.6802088662351168,0.7429900768505578,0.6763177381298785,0.0,0.40056615131165935,0.36347221659642714,0.35780119862207294,0.2832461950164649,0.0,0.6323588680613522,0.4032775714815904,0.4740848286133768,0.5178284853802304,0.0,0.7251190061467023,0.588689915850575
0.0,0.0,0.0,0.0,0.0,0.7988751138782306,0.0,0.0,0.0,0.0,0.0,0.0,0.0,0.0,0.0,0.0,0.0,0.0,0.0,0.555688592479167,0.0,0.0,0.7945924620558982,0.0,0.0,0.0,0.751409668387031,0.12487695178558769,0.7380996713045628,0.0,0.0,0.07840231406748906,0.0,0.0,0.0,0.0,0.0,0.0,0.7949391255949559,0.7534003281897578,0.7835888063209538,0.8736503453547442,0.0,0.0,0.0,0.0,0.0,0.7330692979448992,0.0,0.0,0.6849277536190376,0.0,0.0,0.8367131839322872,0.0,0.0,0.0,0.8366133720754512,0.0,0.745084941066579,0.0,0.0,0.0,0.0,0.7704736765456498,0.3054040349772553,0.12913640415385533,0.3963728021320221,0.0,0.0,0.0,0.32965946393684986,0.5437088245188458,0.7251190061467023,0.0,0.4968344443003644
0.7473406874447643,0.6780181272357536,0.6511532709753931,0.0,0.0,0.7793981909602616,0.13398936343827886,0.15059965249221383,0.5535829061278831,0.7091504877607571,0.0,0.7484989153835611,0.6432703272113445,0.0,0.7415529638754124,0.7847492713568248,0.836083629395946,0.8101739902874925,0.0,0.7239026125283141,0.6901904027870036,0.762278918015955,0.46784534470379147,0.7983334052768774,0.4906265942408695,0.4724467499447883,0.7558904948293581,0.8398417393468647,0.8024757618399154,0.0,0.6401425386300886,0.5901920302082327,0.7494911960574376,0.5593601230590727,0.0,0.0,0.0,0.5552436100849425,0.36528015403453906,0.24616016701378202,0.22064675853537621,0.5193727755303916,0.8342099054574742,0.7834532874882705,0.5585969845017585,0.7141151854048258,0.6741817160848893,0.7530896075038821,0.07670084659449143,0.8580580009631924,0.49051171536085947,0.5720281653513993,0.7134261304439204,0.5653105040969154,0.4720290436227562,0.6454294554820457,0.44795664898724386,0.5409014655451324,0.1913961123562905,0.7704459637602001,0.5559138389766872,0.34340738705675417,0.39306171822987096,0.7929749009038471,0.6228907948473964,0.7416876570414872,0.5430433529793709,0.38693985047820945,0.71415248155773,0.4026577722790837,0.39871955447945207,0.3261432761733758,0.5746373632917218,0.588689915850575,0.4968344443003644,0.0
