0.0,0.5367284786104317,0.0,0.0,0.0,0.8730777485454828,0.0,0.3465258574102277,0.0,0.9286029994296461,0.0,0.8109037492765416,0.9091562871639731,0.7922720934043198,0.3607903184542732,0.6176784660255895,0.6758879511904645,0.6036558042612467,0.0,0.8772931204612524,0.2794321921450797,0.7345040389076815,0.3993834502661126,0.4783907203292811,0.48693936065921245,0.5743640033467996,0.743948989141195,0.8021734575515258,0.8141370982103269,0.0,0.64299334294366,0.3898035621425963,0.4525715035492201,0.4576624633073,0.7472535216607189,0.0,0.0,0.30117887833490553,0.8267858735953624,0.7200339655472159,0.7474289866509304,0.0,0.0,0.0,0.0,0.6435566032884783,0.5683426426128375,0.0,0.0,0.0,0.2277461531659301,0.0,0.0,0.0,0.44558648664623807,0.0,0.0,0.0,0.0,0.0,0.44754565756277453,0.0,0.7135539811033287,0.0,0.0,0.7283083574722654,0.7013575364029072,0.0,0.18774115738248984,0.6123617488323997,0.5983520632015725,0.0,0.0,0.0,0.0,0.41251571845952884
0.5367284786104317,0.0,0.23105126185216618,0.0,0.8488112055805558,0.4136212711723639,0.5876039191823275,0.866447374852318,0.7230324734956717,0.4102392464569932,0.0,0.0,0.4142753614689504,0.0,0.41148059855413005,0.6365818546490137,0.27937466509988046,0.6881128900852617,0.0,0.5689543061269448,0.6228849817126991,0.6443548790566057,0.5873692433075025,0.0,0.6699695002046975,0.5155798741906725,0.5150519945667423,0.38781748966638846,0.39257834447515244,0.0,0.4872785850993643,0.5541609905373445,0.36123471172009214,0.3681026706899948,0.5514734729112025,0.0,0.0,0.0,0.24032427828598085,0.42893059030216074,0.5499257131479629,0.7530207890719004,0.0,0.0,0.0,0.8430662312240869,0.8145468445076087,0.0,0.0,0.0,0.8621121053348291,0.0,0.0,0.0,0.0,0.0,0.0,0.7042694583841412,0.0,0.8466402570505078,0.41750580098796763,0.0,0.8379991489688513,0.0,0.8054585828330627,0.8658053351582178,0.7314018495402763,0.8955243407802786,0.0,0.8640280961082176,0.7999611511533953,0.797041327140239,0.2757438565198861,0.8280419694903254,0.0,0.8187809147102415
0.0,0.23105126185216618,0.0,0.9000706489586399,0.8336819634722681,0.6680676451217518,0.8200835178965393,0.8655782655802381,0.6929879478152432,0.9224228016736647,0.6904589707352177,0.8746394263216217,0.784877007309741,0.8550279773743623,0.0,0.0,0.0,0.0,0.6284707396027587,0.0,0.0,0.0,0.5584719739099064,0.0,0.33801401522157504,0.2880592444466225,0.7528135824328512,0.8001449286091933,0.848942597120667,0.9282762963203953,0.8131656781062505,0.7630097639349174,0.0,0.750252499454879,0.9126749893935333,0.8690826688542377,0.8724306888342261,0.0,0.8976121699742876,0.0,0.9875865026850742,0.0,0.890642214116717,0.0,0.0,0.0,0.0,0.7334120972559951,0.0,0.8744020005395028,0.855322114718353,0.7566751324455387,0.8220210517919588,0.9333765711998692,0.0,0.6503145642614746,0.0,0.9070437496507551,0.787206537694827,0.0,0.0,0.0,0.0,0.359413427777586,0.0,0.0,0.0,0.8067896512304509,0.0,0.0,0.0,0.8390534478615617,0.9129798129441267,0.0,0.0,0.33564344051223216
0.0,0.0,0.9000706489586399,0.0,0.42439708312265645,0.707893068936974,0.6934166056842287,0.7914217793935964,0.8419278600149142,0.5939145916732851,0.719354759389496,0.7759680948799675,0.6654791093693713,0.3582596814243023,0.0,0.0,0.0,0.0,0.8300573934179392,0.8312652624566046,0.0,0.6941643637103107,0.8279129144959362,0.0,0.0,0.0,0.8017458415442599,0.36345291294380333,0.0,0.0,0.5747865468479648,0.6536817699045695,0.0,0.7005413997498062,0.6725970711746231,0.4072137256575169,0.34110215692184737,0.7323565033432902,0.0,0.0,0.0,0.0,0.0,0.0,0.0,0.0,0.0,0.0,0.0,0.0,0.0,0.0,0.0,0.0,0.0,0.0,0.0,0.0,0.0,0.0,0.0,0.0,0.0,0.0,0.0,0.0,0.0,0.0,0.0,0.0,0.0,0.0,0.0,0.0,0.0,0.0
0.0,0.8488112055805558,0.8336819634722681,0.42439708312265645,0.0,0.6269256198655448,0.5640736924487811,0.7620536307637766,0.5434622545234712,0.5594601294604987,0.5203766034510198,0.8516483023440421,0.5917971590430777,0.3242156394469403,0.0,0.8592098345526574,0.0,0.2695951565060494,0.5170804985855494,0.7974122145530101,0.0,0.8359591951368703,0.5736706827731033,0.18840200444547278,0.8342499028651058,0.828579150323105,0.6554351158120493,0.3863825745961201,0.8491864666682926,0.0,0.6975048056221096,0.47152707497198354,0.8436125740459817,0.6287861250302157,0.746314268396361,0.3236220272945284,0.5076554991054727,0.8934560801062336,0.801167006134894,0.0,0.0,0.0,0.8301824765702006,0.0,0.0,0.0,0.0,0.761446338828382,0.0,0.32126967852489924,0.8584882674098813,0.3370761118682389,0.727397001684817,0.9052568776250631,0.0,0.814820764405791,0.0,0.36630548282359665,0.0,0.0,0.0,0.0,0.0,0.7829270469555373,0.0,0.0,0.0,0.85122323405179,0.0,0.0,0.0,0.8495341124949551,0.3495397505544856,0.0,0.0,0.0
0.8730777485454828,0.4136212711723639,0.6680676451217518,0.707893068936974,0.6269256198655448,0.0,0.6579481692910121,0.5056437841320248,0.6368137097161787,0.8481539036239014,0.6384163542684662,0.9467818833785115,0.7185941323225895,0.8521663305757066,0.7894760551674631,0.5448653893893861,0.32354558809652384,0.7962635261522466,0.7382053874142291,0.5522525256925108,0.8506444486324646,0.4608753478721421,0.6139907953109872,0.9180464489705746,0.3809926617385946,0.618334686286436,0.6409760774010561,0.6236360808933215,0.43374491293660555,0.5854072925733309,0.5471745795573708,0.4094362348178597,0.8835829963747603,0.524746806982055,0.7507621616297377,0.5201249769087426,0.7601321169328845,0.9226512124450346,0.7687271969831674,0.0,0.8930318079957456,0.8763707984275659,0.8548672792729456,0.0,0.0,0.0,0.9336500991779634,0.8247518944197176,0.0,0.8922269663618612,0.6146677007296324,0.8509061388015567,0.6658075869484967,0.8978743078065402,0.0,0.891430545677988,0.0,0.8651469881128353,0.0,0.9350323270806822,0.7175623484906895,0.0,0.0,0.7863502383758026,0.8368305057287696,0.8429390924521434,0.882143638418935,0.6301470615669604,0.0,0.6518497194176242,0.9426759772747568,0.6038321297820807,0.8071242577942506,0.7933639556934284,0.38219680445331794,0.8680755191657133
0.0,0.5876039191823275,0.8200835178965393,0.6934166056842287,0.5640736924487811,0.6579481692910121,0.0,0.7532190424150103,0.6715782753787632,0.6356912018986063,0.5234904236928173,0.8579267464948731,0.4705063573603734,0.6339148842857192,0.0,0.7715376728813075,0.8946559831726512,0.9176112540503261,0.512624989170576,0.4839947854278284,0.2919008335695843,0.47816475341930004,0.5190601144190763,0.8827032473161684,0.7955743677879138,0.8013551960885921,0.5338720597063882,0.41678806327018153,0.6210259025409504,0.2182932368974469,0.755108125023731,0.5909517683833737,0.8051433167953392,0.4053510322247629,0.7069440752615969,0.723964580955804,0.6063908870424931,0.8710181901469786,0.8267366658102517,0.0,0.8444372794284413,0.0,0.8700975296221025,0.0,0.0,0.0,0.0,0.8890256780068936,0.0,0.0,0.9177309270370617,0.9236268892954016,0.8971093944269104,0.9366142018364221,0.0,0.3706316923513289,0.0,0.9000892846297613,0.0,0.0,0.0,0.0,0.0,0.9076399071999396,0.0,0.0,0.0,0.8066570009929291,0.0,0.0,0.5999996174639205,0.7320758812362463,0.51901320788548,0.9197327444161668,0.0,0.29517937065493033
0.3465258574102277,0.866447374852318,0.8655782655802381,0.7914217793935964,0.7620536307637766,0.5056437841320248,0.7532190424150103,0.0,0.855999188535916,0.9008238156830859,0.7947385699585306,0.8127242091628882,0.5414477699818138,0.7918833688310453,0.018388039098355444,0.8763079255142586,0.0,0.8314326086766202,0.7425960628687732,0.8155043464461772,0.3254315533676022,0.8879869075337526,0.5617784067222359,0.36302955029877965,0.6549955443905546,0.4612461610496649,0.5480712821677479,0.4858413608740925,0.4167898851146993,0.759827189193003,0.7280196601435105,0.5464006500863177,0.8071175125116273,0.7527289737914681,0.8034803295626716,0.6468953926851799,0.20098771863096912,0.0,0.7283934751562868,0.0,0.7764093076700823,0.0,0.7399128061597603,0.0,0.0,0.0,0.0,0.8206411755202566,0.0,0.22770829741918025,0.7854375955694607,0.8461468203396113,0.4357438275324307,0.8640589604569228,0.0,0.7741119750716646,0.0,0.8703316016078989,0.11969337243077913,0.16402665047579176,0.0,0.0,0.0,0.8104828568208464,0.853508648974968,0.6037548081690294,0.0,0.5668070586887348,0.0,0.0,0.0,0.7690901713339099,0.862973623235897,0.8577022710100378,0.0,0.8626105337394339
0.0,0.7230324734956717,0.6929879478152432,0.8419278600149142,0.5434622545234712,0.6368137097161787,0.6715782753787632,0.855999188535916,0.0,0.7231281530341167,0.5933566016301586,0.8864897205245935,0.5707010413863277,0.5908290933698055,0.0,0.41767018650757026,0.34989798149030327,0.4463870419054634,0.6228605698655573,0.8451220369961236,0.0,0.8997128264547375,0.6484555394967129,0.458249964165345,0.5280089153081615,0.6088038653995769,0.8140077725099067,0.4970951961793517,0.7328332999657788,0.833018689128726,0.6640462851236419,0.5153559429475054,0.9554075090592138,0.49097324687362504,0.7464649615923737,0.7763899272256964,0.7050224723391977,0.8210591288721055,0.9255575011731217,0.0,0.3901692247135292,0.0,0.8661307155306827,0.0,0.0,0.0,0.0,0.8981652546125161,0.0,0.9221892764343427,0.8523524791430318,0.913718746069742,0.9283451768876027,0.8954283251092249,0.0,0.9006698052763673,0.0,0.9298781932190923,0.8406608354671524,0.0,0.0,0.0,0.0,0.8150436131504827,0.0,0.0,0.0,0.834820432954047,0.0,0.0,0.0,0.8046353360571237,0.9532034761927659,0.3261983948024171,0.0,0.4250589856767708
0.9286029994296461,0.4102392464569932,0.9224228016736647,0.5939145916732851,0.5594601294604987,0.8481539036239014,0.6356912018986063,0.9008238156830859,0.7231281530341167,0.0,0.8421901703017136,0.4405377265298864,0.4389985497961103,0.8407827788455505,0.0,0.8833412394746636,0.677716882160159,0.7448843251361157,0.8640606270217221,0.9132446091941075,0.8911002087498375,0.8755196457129665,0.8687260338054441,0.48287004632437175,0.7246809716090508,0.5794582360579033,0.8919732960102411,0.6305465060759062,0.44602930591952883,0.0,0.6566023324095774,0.31456137149998664,0.5994105282447005,0.47155213144485886,0.4586242602741797,0.6917183705001441,0.6463510303019084,0.4761119073440706,0.6106566550464061,0.3086981064731685,0.6099176259845123,0.5918410085255283,0.0,0.0,0.6401702715294924,0.9259044250462416,0.0,0.0,0.0,0.0,0.0,0.0,0.0,0.0,0.5020497421739194,0.0,0.4881421318608988,0.3411322290561094,0.0,0.0,0.9755755687521246,0.7782714592551162,0.8376642842386521,0.0,0.0,0.0,0.0,0.0,0.7534686610266336,0.9061608761074953,0.8201226384987842,0.0,0.881851301631885,0.0,0.0,0.7941781275462074
0.0,0.0,0.6904589707352177,0.719354759389496,0.5203766034510198,0.6384163542684662,0.5234904236928173,0.7947385699585306,0.5933566016301586,0.8421901703017136,0.0,0.8755623590973851,0.4500037139915359,0.6903208394016663,0.0,0.0,0.8957534741366969,0.9107055910314144,0.4830261315894351,0.0,0.0,0.0,0.6979558513931722,0.9183445711242979,0.3032439991588079,0.36844333138023105,0.8420964408088384,0.49640396178659246,0.0,0.0,0.6412747605479983,0.7176547390738037,0.9329363611432938,0.5344128030708459,0.7848357626445609,0.5050189403557547,0.8522833955368394,0.8710520482899329,0.8965255689451109,0.0,0.0,0.0,0.8554868034589649,0.0,0.0,0.0,0.0,0.8788259729245386,0.0,0.9257849757328204,0.9158364511726473,0.9496650209622464,0.8388817798243337,0.9079911221098225,0.0,0.48488435238987176,0.0,0.9335467903937364,0.2413122197662228,0.0,0.0,0.0,0.0,0.7521239468495301,0.0,0.0,0.0,0.8204475268466078,0.0,0.0,0.0,0.8415190145273439,0.47427474075820725,0.0,0.0,0.0
0.8109037492765416,0.0,0.8746394263216217,0.7759680948799675,0.8516483023440421,0.9467818833785115,0.8579267464948731,0.8127242091628882,0.8864897205245935,0.4405377265298864,0.8755623590973851,0.0,0.643430794449589,0.0,0.0,0.0,0.6891467198475696,0.7415749808285749,0.8856003575942124,0.0,0.9132879951975524,0.0,0.8515953879748623,0.6172858683024692,0.7837758864117434,0.5626560563453891,0.9150431964797365,0.7236126781528984,0.0,0.0,0.5470202722586512,0.5732306245444976,0.5927513012227139,0.41275811033334253,0.6889790626838873,0.7108159725103729,0.6646670177896895,0.2828178960602587,0.6698125960515453,0.7186114476847472,0.7372583092953174,0.689892595964537,0.0,0.0,0.7217215543178237,0.26904637527951925,0.0,0.0,0.0,0.0,0.0,0.0,0.0,0.0,0.5788229487432979,0.0,0.6310482405547606,0.26801934842334996,0.0,0.0,0.0,0.7765439494750724,0.8259488196781233,0.0,0.0,0.0,0.0,0.0,0.8193490895943671,0.8816661618412834,0.845171821195312,0.0,0.3353418506481829,0.0,0.0,0.8621785018482646
0.9091562871639731,0.4142753614689504,0.784877007309741,0.6654791093693713,0.5917971590430777,0.7185941323225895,0.4705063573603734,0.5414477699818138,0.5707010413863277,0.4389985497961103,0.4500037139915359,0.643430794449589,0.0,0.7703893727346326,0.766847029866012,0.6292201217104486,0.8951020278901238,0.8011004342385035,0.4392515433207227,0.5384965627997608,0.8123533112450171,0.5374037268326521,0.5129327512710729,0.7608941527367464,0.5665419789761624,0.6307768592065702,0.5507289171512015,0.5758034542561552,0.6329824052475898,0.8273293535069709,0.4482406545597889,0.49249772907789724,0.8586582888043378,0.5309815162921102,0.7618033665117633,0.5077508915053195,0.3661865818132233,0.7720446241305547,0.6610905011542537,0.8472581119100805,0.8376956882613116,0.8980837356178504,0.9210427733201678,0.0,0.0,0.0,0.7689958009672022,0.9318781510999397,0.0,0.0,0.8069575069281952,0.9418110459793494,0.9037594159263451,0.9438311112506278,0.20313618040871656,0.9099256286753825,0.7671998992425862,0.9220775432362152,0.0,0.8777306475636205,0.0,0.0,0.0,0.9117419806593245,0.9056722761685838,0.0,0.9674591835821986,0.5947195480317757,0.0,0.37838212900010904,0.5235147387255611,0.7964388678727954,0.8770790353848656,0.9099248197058407,0.0,0.5676810791234337
0.7922720934043198,0.0,0.8550279773743623,0.3582596814243023,0.3242156394469403,0.8521663305757066,0.6339148842857192,0.7918833688310453,0.5908290933698055,0.8407827788455505,0.6903208394016663,0.0,0.7703893727346326,0.0,0.0,0.0,0.0,0.0,0.8373764477619281,0.0,0.7144087202616586,0.0,0.8305199931966705,0.0,0.0,0.8710069239975342,0.8151555895569338,0.9279892530213162,0.0,0.0,0.7218401977941468,0.5990502315015773,0.0,0.9122864573433324,0.0,0.2713372322601444,0.22641708507751032,0.0,0.0,0.0,0.0,0.0,0.8422213994402252,0.0,0.0,0.0,0.0,0.9252718476095343,0.0,0.0,0.0,0.0,0.8335696787939929,0.9239249573478261,0.0,0.861103441964354,0.0,0.0,0.0,0.0,0.0,0.0,0.0,0.8325201945663282,0.0,0.0,0.0,0.8536008843930573,0.0,0.0,0.0,0.7989659763313852,0.0,0.0,0.0,0.0
0.3607903184542732,0.41148059855413005,0.0,0.0,0.0,0.7894760551674631,0.0,0.018388039098355444,0.0,0.0,0.0,0.0,0.766847029866012,0.0,0.0,0.45859272389777395,0.0,0.7440219600343927,0.0,0.6259609408790037,0.47894254361198796,0.2560646358416557,0.5541995495449467,0.738413686999423,0.5172813051008162,0.7135586164861839,0.49329411152889224,0.7137616667494842,0.5956024208690999,0.8244258532027642,0.5150470715161769,0.22126710781746958,0.3905552731842833,0.23858020431725455,0.3232679433824857,0.8456748872865986,0.14090669026399927,0.0,0.437831100287461,0.6965855764198338,0.7399571714028992,0.7718768158295635,0.0,0.0,0.0,0.0,0.9026707065821967,0.0,0.0,0.0,0.8556874866337016,0.0,0.7878549066922567,0.0,0.0,0.0,0.0,0.9187451119759771,0.0,0.8049470247578643,0.9297460988177071,0.0,0.0,0.0,0.8169581869518959,0.6803424994753916,0.7269913067540702,0.7987646127838326,0.0,0.9174637588228265,0.7622010268840583,0.7318574845156588,0.862709411857328,0.8192530037496406,0.0,0.8745314609562791
0.6176784660255895,0.6365818546490137,0.0,0.0,0.8592098345526574,0.5448653893893861,0.7715376728813075,0.8763079255142586,0.41767018650757026,0.8833412394746636,0.0,0.0,0.6292201217104486,0.0,0.45859272389777395,0.0,0.8106372773510109,0.6695302022659548,0.0,0.6419666393212167,0.5941228899653764,0.6239352221869888,0.6011515627229439,0.8591003379235614,0.7160133420776016,0.5230367555932259,0.497383715825829,0.8225024355616137,0.5477667095586121,0.8426618044931766,0.702289011619138,0.7045211064945899,0.3796397374451877,0.4133479819413101,0.6207279601614802,0.0,0.0,0.0,0.46885034346107546,0.30633966910773924,0.2313413259327044,0.7795390710636698,0.0,0.0,0.0,0.7980703187292562,0.6128935725027349,0.0,0.0,0.0,0.3357393993929327,0.0,0.0,0.0,0.0,0.0,0.0,0.0,0.0,0.8780850090061653,0.42470751525154216,0.0,0.7321452188135505,0.0,0.8102184276492488,0.1374124094142294,0.2727056447299491,0.5032815932450494,0.0,0.6206542230733395,0.5831787441507753,0.5170001572508054,0.0,0.8275003552752207,0.0,0.7943672862725708
0.6758879511904645,0.27937466509988046,0.0,0.0,0.0,0.32354558809652384,0.8946559831726512,0.0,0.34989798149030327,0.677716882160159,0.8957534741366969,0.6891467198475696,0.8951020278901238,0.0,0.0,0.8106372773510109,0.0,0.85007397251966,0.0,0.8307670673098665,0.0,0.8736381027147406,0.0,0.5932167797520012,0.720471449182177,0.742137182091859,0.0,0.8716627331660675,0.81604766190773,0.0,0.6030433870104687,0.7868285388502032,0.5472235831695038,0.4528389900548665,0.6769806617541212,0.0,0.0,0.802384258494947,0.15911225501803725,0.7625252453014161,0.8043568486354997,0.0,0.0,0.0,0.0,0.0,0.0,0.0,0.0,0.0,0.0,0.0,0.0,0.0,0.3262492125535397,0.0,0.656294673715762,0.0,0.0,0.0,0.0,0.7409115721044288,0.8574415181725806,0.0,0.0,0.0,0.0,0.0,0.8427380527005287,0.8311211921600365,0.5982089078274054,0.0,0.0,0.0,0.0,0.8293857528682853
0.6036558042612467,0.6881128900852617,0.0,0.0,0.2695951565060494,0.7962635261522466,0.9176112540503261,0.8314326086766202,0.4463870419054634,0.7448843251361157,0.9107055910314144,0.7415749808285749,0.8011004342385035,0.0,0.7440219600343927,0.6695302022659548,0.85007397251966,0.0,0.0,0.7029992164665032,0.7275359054588765,0.7031718716199074,0.7288858399646085,0.6211166687352865,0.71651127136158,0.5371316115701716,0.7872871528433383,0.8047837141269573,0.5773258066636697,0.8283276596175713,0.6703366362558338,0.805294778541044,0.46352888255806896,0.5779567816000614,0.7386072517390051,0.0,0.0,0.9066243097424002,0.7787749765744814,0.6445373638050287,0.5670944233550886,0.772183273797183,0.0,0.0,0.0,0.6886665620972223,0.6678755522611585,0.0,0.0,0.0,0.0,0.0,0.0,0.0,0.40649500493792445,0.0,0.643766956233035,0.0,0.0,0.0,0.49838010098343893,0.7019068800704417,0.5943274184368261,0.0,0.0,0.0,0.7242708210480726,0.0,0.6981961984812317,0.6992595010794603,0.6900161426153305,0.0,0.0,0.3542459640588468,0.0,0.8298735254108675
0.0,0.0,0.6284707396027587,0.8300573934179392,0.5170804985855494,0.7382053874142291,0.512624989170576,0.7425960628687732,0.6228605698655573,0.8640606270217221,0.4830261315894351,0.8856003575942124,0.4392515433207227,0.8373764477619281,0.0,0.0,0.0,0.0,0.0,0.0,0.0,0.0,0.4795154583054025,0.0,0.0,0.0,0.7188604456812231,0.6954224072595021,0.0,0.0,0.7628435429999508,0.7978754678679914,0.9103694762647648,0.7215207756248372,0.7732405114575871,0.6767931535655062,0.811869419463183,0.8934673892090699,0.8482591505407296,0.0,0.0,0.0,0.8743037381248434,0.0,0.0,0.0,0.0,0.844542796319632,0.0,0.9712688772300048,0.8332213369177758,0.8692998180742348,0.787343113183212,0.8639197046512905,0.0,0.767403653017685,0.0,0.876401593961045,0.2397713282119416,0.0,0.0,0.0,0.0,0.7810020987567354,0.0,0.0,0.0,0.755218879953771,0.0,0.0,0.0,0.8218314484011535,0.37363191967025666,0.0,0.0,0.0
0.8772931204612524,0.5689543061269448,0.0,0.8312652624566046,0.7974122145530101,0.5522525256925108,0.4839947854278284,0.8155043464461772,0.8451220369961236,0.9132446091941075,0.0,0.0,0.5384965627997608,0.0,0.6259609408790037,0.6419666393212167,0.8307670673098665,0.7029992164665032,0.0,0.0,0.6720873032982159,0.776282956955234,0.4441881790259137,0.3527590190844623,0.6206041023988915,0.5163790099288794,0.7078698034324801,0.554565238341489,0.6225462270027292,0.744126566940715,0.6837419028341363,0.33049985484733474,0.319480587413744,0.5066918949344036,0.4542478422356364,0.8975164932525738,0.8735544479804009,0.0,0.5194231075857474,0.8842401600327647,0.6751421132746684,0.89396148386019,0.8339591381270027,0.0,0.0,0.0,0.824638504602425,0.0,0.0,0.0,0.8932952034905531,0.0,0.9289288217926077,0.0,0.0,0.0,0.0,0.468669192985187,0.0,0.8229846828535595,0.9176562380767677,0.0,0.5961236601399014,0.0,0.8132791198408303,0.8018152089939727,0.6028137512424726,0.8132973266363058,0.0,0.9873469894201001,0.8340013760603524,0.8079088765545518,0.75214780258572,0.7177785188319097,0.3664049406537865,0.875701418116881
0.2794321921450797,0.6228849817126991,0.0,0.0,0.0,0.8506444486324646,0.2919008335695843,0.3254315533676022,0.0,0.8911002087498375,0.0,0.9132879951975524,0.8123533112450171,0.7144087202616586,0.47894254361198796,0.5941228899653764,0.0,0.7275359054588765,0.0,0.6720873032982159,0.0,0.5561773536022574,0.5626508959993073,0.34832819674218835,0.46806440439414104,0.6027074968614482,0.616817892350842,0.8203364565081506,0.5182034072263353,0.8347961870644347,0.7597895347625551,0.256742546380093,0.3200715069729303,0.37110457297324817,0.6923808207013278,0.14431373834960798,0.0,0.0,0.6350006443414227,0.30832942225384385,0.8268789387519565,0.870240562027972,0.0,0.0,0.0,0.7664045962654344,0.6526985731069027,0.0,0.0,0.0,0.8864983461093132,0.0,0.9041194894884319,0.0,0.0,0.0,0.0,0.37126863547942474,0.0,0.6833070621211689,0.8503875128513969,0.0,0.0,0.0,0.869639343774085,0.7961142986897135,0.6926090157527115,0.7029652655624528,0.0,0.8830532006816942,0.6781962544076716,0.7282009033560028,0.9286340245571205,0.8342395956134736,0.0,0.4743282407780773
0.7345040389076815,0.6443548790566057,0.0,0.6941643637103107,0.8359591951368703,0.4608753478721421,0.47816475341930004,0.8879869075337526,0.8997128264547375,0.8755196457129665,0.0,0.0,0.5374037268326521,0.0,0.2560646358416557,0.6239352221869888,0.8736381027147406,0.7031718716199074,0.0,0.776282956955234,0.5561773536022574,0.0,0.5223576906836989,0.32387692279090285,0.7184832783359278,0.6026829885161206,0.576950510296094,0.5782150187575034,0.466299695579877,0.6971350040672364,0.5276154479635254,0.3183168534559602,0.32556708865481304,0.33886853663031075,0.4133422265736452,0.7848991358991767,0.809602156111792,0.0,0.22661945435177,0.22807862045295993,0.31027521758435445,0.2559472243904341,0.0,0.0,0.0,0.8461478992847458,0.5045628991988033,0.0,0.0,0.0,0.8253080515010829,0.0,0.07641042292091402,0.0,0.0,0.0,0.0,0.42396103912552585,0.0,0.6806049526238552,0.6898331347348505,0.0,0.895448392883932,0.0,0.45877973506303715,0.7110824063037808,0.5233203297130531,0.6720248549525326,0.0,0.6969063677925824,0.4817041157492287,0.8348866703924294,0.8546297683494359,0.8219546071511025,0.0,0.8254339483403043
0.3993834502661126,0.5873692433075025,0.5584719739099064,0.8279129144959362,0.5736706827731033,0.6139907953109872,0.5190601144190763,0.5617784067222359,0.6484555394967129,0.8687260338054441,0.6979558513931722,0.8515953879748623,0.5129327512710729,0.8305199931966705,0.5541995495449467,0.6011515627229439,0.0,0.7288858399646085,0.4795154583054025,0.4441881790259137,0.5626508959993073,0.5223576906836989,0.0,0.711505208222092,0.5062671361991481,0.41812087123501585,0.46409751505512264,0.5151939054092486,0.4712831880928039,0.5129161073658525,0.5413928274868838,0.4293416602850753,0.6745992286389961,0.520482384234541,0.7460221073718005,0.5800969031439752,0.6985821447098183,0.890768911217827,0.6185271106886296,0.8572619035387199,0.6204307866951131,0.8229048596766799,0.7602026253287747,0.3819968998774761,0.0,0.0,0.935189974798397,0.8033025420452014,0.0,0.8764414425569226,0.6260208314483275,0.6496805125864136,0.6840705339190675,0.8527055933128375,0.0,0.8316349762711103,0.0,0.6188080119087436,0.23134662017276522,0.7712145088739949,0.4908530652297416,0.0,0.0,0.8402053283325774,0.7732922898205836,0.7959639711063848,0.8643441105044916,0.7426314640318731,0.0,0.46649371093010716,0.8059682073297301,0.5980217807159129,0.5899441679386314,0.7000944309281177,0.8352197719055402,0.6032201743775923
0.4783907203292811,0.0,0.0,0.0,0.18840200444547278,0.9180464489705746,0.8827032473161684,0.36302955029877965,0.458249964165345,0.48287004632437175,0.9183445711242979,0.6172858683024692,0.7608941527367464,0.0,0.738413686999423,0.8591003379235614,0.5932167797520012,0.6211166687352865,0.0,0.3527590190844623,0.34832819674218835,0.32387692279090285,0.711505208222092,0.0,0.6818130887320974,0.48938834102137047,0.9124187996087194,0.8546346588875193,0.0,0.0,0.7863535038363317,0.39290735975930086,0.488435771704845,0.15283249738002452,0.40768336995076326,0.8359277680752415,0.259720571716324,0.3189332776314938,0.7634319013392027,0.6789945472529274,0.8472083383677513,0.0,0.0,0.0,0.6848279067791576,0.7030722878480241,0.10458698981917208,0.0,0.0,0.0,0.0,0.0,0.0,0.0,0.47315378855571266,0.0,0.5899288526870959,0.0,0.0,0.0,0.8633538771680466,0.9128887412840222,0.5809215507174076,0.0,0.0,0.0,0.0,0.0,0.5215385396710346,0.6473981573480327,0.6494672311260506,0.0,0.0,0.0,0.0,0.764928741569192
0.48693936065921245,0.6699695002046975,0.33801401522157504,0.0,0.8342499028651058,0.3809926617385946,0.7955743677879138,0.6549955443905546,0.5280089153081615,0.7246809716090508,0.3032439991588079,0.7837758864117434,0.5665419789761624,0.0,0.5172813051008162,0.7160133420776016,0.720471449182177,0.71651127136158,0.0,0.6206041023988915,0.46806440439414104,0.7184832783359278,0.5062671361991481,0.6818130887320974,0.0,0.4166458074195796,0.5043925230154976,0.4572324512318423,0.48474816696626283,0.0,0.5590132200512127,0.3342037940813395,0.5378004636558444,0.4511548249954988,0.2904778722262309,0.0,0.0,0.7469964661139215,0.671474683531204,0.6203603588597209,0.6735649768112385,0.6352396390195114,0.0,0.0,0.7617110012641204,0.6485500618633735,0.8423152840047221,0.0,0.0,0.0,0.4485509109860963,0.0,0.0,0.0,0.3885240623309332,0.0,0.39914724289386383,0.4710129039007521,0.0,0.7167301883524129,0.5624673280330409,0.543616747541995,0.7233944997230735,0.0,0.7850010104763907,0.8885577062954071,0.7709973372357621,0.4842195837240243,0.5480360639643136,0.8013483021910552,0.7197475942205214,0.4132734906119266,0.35428488549589043,0.8331545505280089,0.0,0.6399149821510332
0.5743640033467996,0.5155798741906725,0.2880592444466225,0.0,0.828579150323105,0.618334686286436,0.8013551960885921,0.4612461610496649,0.6088038653995769,0.5794582360579033,0.36844333138023105,0.5626560563453891,0.6307768592065702,0.8710069239975342,0.7135586164861839,0.5230367555932259,0.742137182091859,0.5371316115701716,0.0,0.5163790099288794,0.6027074968614482,0.6026829885161206,0.41812087123501585,0.48938834102137047,0.4166458074195796,0.0,0.59437363569502,0.7395302117812007,0.5204564339144874,0.0,0.4724784444822535,0.3345631291554531,0.4135408052229489,0.3542394719811187,0.3967253362150387,0.8005274709403435,0.0,0.6953259879715673,0.4430694097264952,0.47622496787732377,0.484006875419187,0.5010973111846507,0.0,0.0,0.7508985101022256,0.562650045573891,0.7978383722107247,0.0,0.0,0.0,0.8026861289481944,0.0,0.0,0.0,0.7154040062299571,0.0,0.7454182059834429,0.5648313207900456,0.0,0.8117160673110206,0.5034771899153101,0.554023911736367,0.6222217198405255,0.0,0.6593125946308628,0.9029168705256234,0.623821991115098,0.8580747137929884,0.48290783798516346,0.6775909005888991,0.5916994362675669,0.868558560520676,0.41152772090789047,0.8717674746401847,0.0,0.5129519762214027
0.743948989141195,0.5150519945667423,0.7528135824328512,0.8017458415442599,0.6554351158120493,0.6409760774010561,0.5338720597063882,0.5480712821677479,0.8140077725099067,0.8919732960102411,0.8420964408088384,0.9150431964797365,0.5507289171512015,0.8151555895569338,0.49329411152889224,0.497383715825829,0.0,0.7872871528433383,0.7188604456812231,0.7078698034324801,0.616817892350842,0.576950510296094,0.46409751505512264,0.9124187996087194,0.5043925230154976,0.59437363569502,0.0,0.5634394017167638,0.5885028569701316,0.5330041087417349,0.5621519209349674,0.3878556196139188,0.39821639605068354,0.4928598493460038,0.4699485693356089,0.6967458539083888,0.8018907805388199,0.947988870128771,0.6238388566617652,0.8467106326028052,0.8034830250799155,0.8313366127097439,0.8690940629476143,0.33033509119830595,0.0,0.0,0.9348063310869011,0.9050769227377196,0.0,0.8844865621315113,0.6104208103215291,0.8264656319944779,0.6174588149328526,0.8976523847800488,0.0,0.8830570636272669,0.0,0.7611690134877732,0.8971350712992683,0.8979763079853438,0.710855034910304,0.0,0.0,0.8007095839369335,0.8617283248397485,0.8985698496842427,0.7680201354205084,0.6142099120683581,0.0,0.0,0.8477175504394145,0.6100590940577636,0.8154412175640502,0.7980832150987278,0.8891720420782727,0.8618786915946424
0.8021734575515258,0.38781748966638846,0.8001449286091933,0.36345291294380333,0.3863825745961201,0.6236360808933215,0.41678806327018153,0.4858413608740925,0.4970951961793517,0.6305465060759062,0.49640396178659246,0.7236126781528984,0.5758034542561552,0.9279892530213162,0.7137616667494842,0.8225024355616137,0.8716627331660675,0.8047837141269573,0.6954224072595021,0.554565238341489,0.8203364565081506,0.5782150187575034,0.5151939054092486,0.8546346588875193,0.4572324512318423,0.7395302117812007,0.5634394017167638,0.0,0.5898045613802485,0.6348208567428048,0.6051257902764694,0.576629121903282,0.8211501763913273,0.5364263358690072,0.8038051642290018,0.6488043159826066,0.40728306402913284,0.8528824671372075,0.6655004743552995,0.0,0.7748655634026673,0.7497673950377317,0.4712820482019875,0.0,0.0,0.0,0.6551571109624954,0.9000689986048027,0.0,0.0,0.8260103877572498,0.951057814177077,0.7806464841613712,0.5947773276703994,0.20669085943626742,0.27093808524890245,0.786930291162749,0.9273866884083313,0.0,0.9252571242192127,0.0,0.0,0.0,0.0,0.8301943486743287,0.8884196977152075,0.8903382442715178,0.6824315737043957,0.0,0.4242626580530001,0.8888403953873647,0.6580111345137641,0.8260900753501275,0.7447780650345246,0.3402333556106113,0.9405675254521995
0.8141370982103269,0.39257834447515244,0.848942597120667,0.0,0.8491864666682926,0.43374491293660555,0.6210259025409504,0.4167898851146993,0.7328332999657788,0.44602930591952883,0.0,0.0,0.6329824052475898,0.0,0.5956024208690999,0.5477667095586121,0.81604766190773,0.5773258066636697,0.0,0.6225462270027292,0.5182034072263353,0.466299695579877,0.4712831880928039,0.0,0.48474816696626283,0.5204564339144874,0.5885028569701316,0.5898045613802485,0.0,0.450973790556222,0.48367279256060053,0.21756786070123638,0.772048199924926,0.42399808041136167,0.34426000080898594,0.7667508004629591,0.8256574326626466,0.0,0.7676375786553873,0.9353863548791013,0.7306042977209136,0.8899684801545827,0.8112246627138928,0.0,0.0,0.0,0.8811896670744079,0.4202530077415606,0.0,0.0,0.7808706831785981,0.9197446085769765,0.9097663593480771,0.31707466681743524,0.0,0.0,0.0,0.8966630629381998,0.0,0.871778518004379,0.43802770711216754,0.0,0.5133025887694291,0.0,0.738306419248802,0.8212008210897872,0.686866719395675,0.6706602368861212,0.0,0.9999999999999999,0.8514164537194114,0.6344812755620949,0.6950236757233841,0.8510869320495464,0.8980488011501657,0.8883935947564192
0.0,0.0,0.9282762963203953,0.0,0.0,0.5854072925733309,0.2182932368974469,0.759827189193003,0.833018689128726,0.0,0.0,0.0,0.8273293535069709,0.0,0.8244258532027642,0.8426618044931766,0.0,0.8283276596175713,0.0,0.744126566940715,0.8347961870644347,0.6971350040672364,0.5129161073658525,0.0,0.0,0.0,0.5330041087417349,0.6348208567428048,0.450973790556222,0.0,0.5317822460971338,0.6348786646381765,0.6518277839044453,0.686600174561761,0.849602234759623,0.29050500246889244,0.0,0.0,0.8654401807005276,0.0,0.0,0.0,0.0,0.0,0.0,0.0,0.0,0.0,0.0,0.0,0.4190831719280188,0.0,0.0,0.0,0.0,0.0,0.0,0.0,0.0,0.0,0.0,0.0,0.0,0.0,0.873466962426425,0.0,0.0,0.8656719555170397,0.0,0.0,0.0,0.9109359010765371,0.43728483786956923,0.9177136847818695,0.0,0.0
0.64299334294366,0.4872785850993643,0.8131656781062505,0.5747865468479648,0.6975048056221096,0.5471745795573708,0.755108125023731,0.7280196601435105,0.6640462851236419,0.6566023324095774,0.6412747605479983,0.5470202722586512,0.4482406545597889,0.7218401977941468,0.5150470715161769,0.702289011619138,0.6030433870104687,0.6703366362558338,0.7628435429999508,0.6837419028341363,0.7597895347625551,0.5276154479635254,0.5413928274868838,0.7863535038363317,0.5590132200512127,0.4724784444822535,0.5621519209349674,0.6051257902764694,0.48367279256060053,0.5317822460971338,0.0,0.5316744426334861,0.5269106285872588,0.34095521296882964,0.48704183921924066,0.7858043820076641,0.7814480881262771,0.4142191785897404,0.7890031228146128,0.722573170195814,0.0,0.08909598318073819,0.0,0.0,0.0,0.015151446893923178,0.7289762956663359,0.3540932808418138,0.0,0.0,0.8982256909364335,0.0,0.842162226685249,1.0,0.77460410210458,0.0,0.7445640677687667,0.9929733981036899,0.0,0.8585014360517611,0.6143001475676413,0.21378755862169105,0.8396930675558208,0.0,0.811617616040077,0.7423278496744683,0.4878713221289725,0.7872879766355642,0.7081097871236256,0.6147987265816808,0.7719224314129034,0.6484445711439052,0.9414205577258788,0.8637461651778117,0.0,0.8860195212895419
0.3898035621425963,0.5541609905373445,0.7630097639349174,0.6536817699045695,0.47152707497198354,0.4094362348178597,0.5909517683833737,0.5464006500863177,0.5153559429475054,0.31456137149998664,0.7176547390738037,0.5732306245444976,0.49249772907789724,0.5990502315015773,0.22126710781746958,0.7045211064945899,0.7868285388502032,0.805294778541044,0.7978754678679914,0.33049985484733474,0.256742546380093,0.3183168534559602,0.4293416602850753,0.39290735975930086,0.3342037940813395,0.3345631291554531,0.3878556196139188,0.576629121903282,0.21756786070123638,0.6348786646381765,0.5316744426334861,0.0,0.14436538966081533,0.39576496932700544,0.633299063545389,0.5646132582581188,0.6779365210858342,0.3247555044716237,0.2816228539555673,0.4802001044094,0.3896378057093676,0.47589348180097063,0.6983117820768217,0.6870832424349171,0.8593961653291434,0.8309523241504949,0.32667051288269383,0.7822488218165322,0.0,0.853533939395914,0.702337900919695,0.8825055017760661,0.8247185482100536,0.8823039950676531,0.6141638693917795,0.87810510896485,0.7270454245241493,0.8242591439007347,0.0,0.6188992723631024,0.6519868575017216,0.7025607288765552,0.7094157245451883,0.8838419364600235,0.6225210584122072,0.758320836917187,0.42951802200304295,0.752381956434674,0.16125241025394016,0.7815486397152842,0.38005648805100345,0.7450194467507099,0.6449277287076663,0.6864320382011548,0.7990936852090351,0.7212950056735877
0.4525715035492201,0.36123471172009214,0.0,0.0,0.8436125740459817,0.8835829963747603,0.8051433167953392,0.8071175125116273,0.9554075090592138,0.5994105282447005,0.9329363611432938,0.5927513012227139,0.8586582888043378,0.0,0.3905552731842833,0.3796397374451877,0.5472235831695038,0.46352888255806896,0.9103694762647648,0.319480587413744,0.3200715069729303,0.32556708865481304,0.6745992286389961,0.488435771704845,0.5378004636558444,0.4135408052229489,0.39821639605068354,0.8211501763913273,0.772048199924926,0.6518277839044453,0.5269106285872588,0.14436538966081533,0.0,0.24553698022701664,0.2828059762285051,0.5281294253563182,0.5670735946089328,0.17496398964461993,0.280867372500634,0.1683482124557419,0.5352957434249931,0.6458988688320744,0.0,0.0,0.6139740340207257,0.8295268616504161,0.3764650992923783,0.0,0.0,0.0,0.0,0.0,0.0,0.0,0.3795231455128834,0.0,0.40917902748215673,0.295225591563836,0.0,0.6622331557945416,0.20367569090738682,0.8376689057193125,0.7088498194814804,0.0,0.791977772559336,0.8595953922324955,0.25824806933215383,0.895050249251105,0.7268836259108756,0.7390277483337029,0.5991520909925385,0.8117682752760812,0.8099583561098049,0.7320656356483526,0.0,0.8301126201269702
0.4576624633073,0.3681026706899948,0.750252499454879,0.7005413997498062,0.6287861250302157,0.524746806982055,0.4053510322247629,0.7527289737914681,0.49097324687362504,0.47155213144485886,0.5344128030708459,0.41275811033334253,0.5309815162921102,0.9122864573433324,0.23858020431725455,0.4133479819413101,0.4528389900548665,0.5779567816000614,0.7215207756248372,0.5066918949344036,0.37110457297324817,0.33886853663031075,0.520482384234541,0.15283249738002452,0.4511548249954988,0.3542394719811187,0.4928598493460038,0.5364263358690072,0.42399808041136167,0.686600174561761,0.34095521296882964,0.39576496932700544,0.24553698022701664,0.0,0.23827707637074907,0.48546243260504773,0.4184618747562233,0.2981960898490181,0.36946318289040697,0.5470252874411429,0.47082109269028993,0.5556399727474262,0.8242281469869506,0.8018345305115356,0.6060963710509735,0.7838997509488724,0.4010057319261095,0.41501503515586824,0.0,0.0,0.780235314058434,0.487389146633337,0.8467602672119452,0.32647007310747056,0.6637762456982454,0.0,0.7050174699600995,0.8778775010421161,0.0,0.6361702168322991,0.182453834613732,0.23062893788888392,0.7228741016744868,0.0,0.757133740641015,0.8385599490415198,0.41210951926887934,0.7400298997806378,0.7297437697731183,0.5732156598058947,0.4677908500440758,0.7525047150564957,0.7249248980978098,0.7968795039663841,0.0,0.7879623374701993
0.7472535216607189,0.5514734729112025,0.9126749893935333,0.6725970711746231,0.746314268396361,0.7507621616297377,0.7069440752615969,0.8034803295626716,0.7464649615923737,0.4586242602741797,0.7848357626445609,0.6889790626838873,0.7618033665117633,0.0,0.3232679433824857,0.6207279601614802,0.6769806617541212,0.7386072517390051,0.7732405114575871,0.4542478422356364,0.6923808207013278,0.4133422265736452,0.7460221073718005,0.40768336995076326,0.2904778722262309,0.3967253362150387,0.4699485693356089,0.8038051642290018,0.34426000080898594,0.849602234759623,0.48704183921924066,0.633299063545389,0.2828059762285051,0.23827707637074907,0.0,0.6175859730248341,0.6379801530217322,0.6372707607654545,0.43040418318223184,0.5624667820010704,0.5563854701251818,0.7316198001896175,0.7652899168887305,0.9244818632080726,0.7952019587061112,0.0,0.6833967473365563,0.0,0.0,0.0,0.9170297369457464,0.2316208434184348,0.0,0.0,0.6131067309123575,0.0,0.7612290516898278,0.8896429367932559,0.0,0.5949803620112349,0.799619312718914,0.0,0.7395398296261128,0.0,0.7891303315086394,0.7552948721206926,0.5031796327048367,0.8694486135441559,0.0,0.8347658457091522,0.3558466842928108,0.7787579279148062,0.7984857488286943,0.8996653751210788,0.0,0.0
0.0,0.0,0.8690826688542377,0.4072137256575169,0.3236220272945284,0.5201249769087426,0.723964580955804,0.6468953926851799,0.7763899272256964,0.6917183705001441,0.5050189403557547,0.7108159725103729,0.5077508915053195,0.2713372322601444,0.8456748872865986,0.0,0.0,0.0,0.6767931535655062,0.8975164932525738,0.14431373834960798,0.7848991358991767,0.5800969031439752,0.8359277680752415,0.0,0.8005274709403435,0.6967458539083888,0.6488043159826066,0.7667508004629591,0.29050500246889244,0.7858043820076641,0.5646132582581188,0.5281294253563182,0.48546243260504773,0.6175859730248341,0.0,0.6211836024614854,0.7679051954141298,0.6066549694536921,0.0,0.6297649541463479,0.6613625252030704,0.7754376625305119,0.820578953629763,0.0,0.0,0.0,0.8731091314023057,0.0,0.8678720583220312,0.7548827169354517,0.8965892763417915,0.8868167591398077,0.8672471956807761,0.0,0.8403229712460172,0.0,0.8888224244652784,0.6950360639699157,0.0,0.0,0.0,0.0,0.7805520087979865,0.7576265340749639,0.0,0.0,0.8348950328210025,0.0,0.0,0.0,0.805664198741334,0.8924883529922705,0.8532016437547885,0.0,0.0
0.0,0.0,0.8724306888342261,0.34110215692184737,0.5076554991054727,0.7601321169328845,0.6063908870424931,0.20098771863096912,0.7050224723391977,0.6463510303019084,0.8522833955368394,0.6646670177896895,0.3661865818132233,0.22641708507751032,0.14090669026399927,0.0,0.0,0.0,0.811869419463183,0.8735544479804009,0.0,0.809602156111792,0.6985821447098183,0.259720571716324,0.0,0.0,0.8018907805388199,0.40728306402913284,0.8256574326626466,0.0,0.7814480881262771,0.6779365210858342,0.5670735946089328,0.4184618747562233,0.6379801530217322,0.6211836024614854,0.0,0.6684370324431345,0.029109495750883917,0.0,0.6939304479722582,0.8494610828078848,0.7756973186508221,0.8107621833616558,0.0,0.0,0.0,0.0,0.0,0.0,0.0,0.0,0.0,0.0,0.0,0.0,0.0,0.0,0.0,0.0,0.0,0.0,0.0,0.0,0.0,0.0,0.0,0.37347942086902486,0.0,0.0,0.0,0.35074677478083516,0.0,0.0,0.0,0.0
0.30117887833490553,0.0,0.0,0.7323565033432902,0.8934560801062336,0.9226512124450346,0.8710181901469786,0.0,0.8210591288721055,0.4761119073440706,0.8710520482899329,0.2828178960602587,0.7720446241305547,0.0,0.0,0.0,0.802384258494947,0.9066243097424002,0.8934673892090699,0.0,0.0,0.0,0.890768911217827,0.3189332776314938,0.7469964661139215,0.6953259879715673,0.947988870128771,0.8528824671372075,0.0,0.0,0.4142191785897404,0.3247555044716237,0.17496398964461993,0.2981960898490181,0.6372707607654545,0.7679051954141298,0.6684370324431345,0.0,0.6203001259421561,0.7107428528147859,0.6659629133086263,0.774067269019652,0.0,0.0,0.6304258916141033,0.0,0.0,0.0,0.0,0.0,0.0,0.0,0.0,0.0,0.6645844574137342,0.0,0.6568599628730434,0.0,0.0,0.0,0.0,0.0,0.0,0.0,0.0,0.0,0.0,0.0,0.7274185059697067,0.2806323046184978,0.82004292445138,0.0,0.7378656089822551,0.0,0.0,0.19616423475888142
0.8267858735953624,0.24032427828598085,0.8976121699742876,0.0,0.801167006134894,0.7687271969831674,0.8267366658102517,0.7283934751562868,0.9255575011731217,0.6106566550464061,0.8965255689451109,0.6698125960515453,0.6610905011542537,0.0,0.437831100287461,0.46885034346107546,0.15911225501803725,0.7787749765744814,0.8482591505407296,0.5194231075857474,0.6350006443414227,0.22661945435177,0.6185271106886296,0.7634319013392027,0.671474683531204,0.4430694097264952,0.6238388566617652,0.6655004743552995,0.7676375786553873,0.8654401807005276,0.7890031228146128,0.2816228539555673,0.280867372500634,0.36946318289040697,0.43040418318223184,0.6066549694536921,0.029109495750883917,0.6203001259421561,0.0,0.32678931183027315,0.05724984053077134,0.513180282110113,0.6329827479442237,0.6534475957807707,0.35579300588490775,0.24769167736596623,0.13633394259826778,0.6142192822551642,0.8029830077834416,0.6145581427649595,0.5423064667885866,0.4322565153450002,0.7071426035258426,0.6813781595971999,0.2828953080377141,0.6134044674785036,0.4098023962409123,0.48168285452864756,0.7849565305024706,0.26195767452744206,0.1749291279110907,0.5036732542852227,0.3117504802253829,0.7564089601214949,0.31988689783753915,0.2533992951347819,0.1972942396404488,0.25740249202932686,0.5710503485687788,0.18436737911306547,0.24366655952098293,0.28084112668206973,0.49874318048592,0.25691881345534356,0.7313393663085638,0.4557581334539201
0.7200339655472159,0.42893059030216074,0.0,0.0,0.0,0.0,0.0,0.0,0.0,0.3086981064731685,0.0,0.7186114476847472,0.8472581119100805,0.0,0.6965855764198338,0.30633966910773924,0.7625252453014161,0.6445373638050287,0.0,0.8842401600327647,0.30832942225384385,0.22807862045295993,0.8572619035387199,0.6789945472529274,0.6203603588597209,0.47622496787732377,0.8467106326028052,0.0,0.9353863548791013,0.0,0.722573170195814,0.4802001044094,0.1683482124557419,0.5470252874411429,0.5624667820010704,0.0,0.0,0.7107428528147859,0.32678931183027315,0.0,0.12007458744705633,0.4134243096804727,0.7608823820619857,0.6735955957479269,0.2945143769985254,0.5718856077240971,0.29620859402652666,0.3236570177033039,0.0,0.2793456434387996,0.6574200476382562,0.8637732670836094,0.8247122084498442,0.7896342284197871,0.4242080307378049,0.8186260312110342,0.5462732082861356,0.6906839206495904,0.0,0.4743515658227279,0.18007182773334832,0.40268882387226157,0.4138569767842758,0.37608157830100075,0.31528171344541234,0.6312174364368849,0.22920137327069104,0.3529880867531265,0.5634889696271729,0.3084772647420939,0.4280738772916536,0.1657131562089623,0.7274566162335256,0.6050068466806519,0.7508257466410995,0.19359786655371336
0.7474289866509304,0.5499257131479629,0.9875865026850742,0.0,0.0,0.8930318079957456,0.8444372794284413,0.7764093076700823,0.3901692247135292,0.6099176259845123,0.0,0.7372583092953174,0.8376956882613116,0.0,0.7399571714028992,0.2313413259327044,0.8043568486354997,0.5670944233550886,0.0,0.6751421132746684,0.8268789387519565,0.31027521758435445,0.6204307866951131,0.8472083383677513,0.6735649768112385,0.484006875419187,0.8034830250799155,0.7748655634026673,0.7306042977209136,0.0,0.0,0.3896378057093676,0.5352957434249931,0.47082109269028993,0.5563854701251818,0.6297649541463479,0.6939304479722582,0.6659629133086263,0.05724984053077134,0.12007458744705633,0.0,0.14642469300247113,0.7057415209751652,0.5187828539340971,0.387282804266843,0.5110738520914289,0.1342138159101513,0.6169788107235171,0.7001422954266969,0.5235998499356053,0.4041704283696068,0.44998629052376093,0.5857302284024319,0.5419784221674813,0.45396669391535277,0.7542990969550989,0.4175128870147419,0.476693086420912,0.30799603832850325,0.33759061980863525,0.1464187220733588,0.31382357667283156,0.30234597280116704,0.786347832656258,0.2742545943288104,0.6154215886221007,0.2664182914844267,0.34598896193220885,0.49809867372468497,0.24991155364617906,0.18671124097117642,0.3137722145083874,0.36200503565142794,0.2893779669241688,0.7257301970294796,0.2709124266009132
0.0,0.7530207890719004,0.0,0.0,0.0,0.8763707984275659,0.0,0.0,0.0,0.5918410085255283,0.0,0.689892595964537,0.8980837356178504,0.0,0.7718768158295635,0.7795390710636698,0.0,0.772183273797183,0.0,0.89396148386019,0.870240562027972,0.2559472243904341,0.8229048596766799,0.0,0.6352396390195114,0.5010973111846507,0.8313366127097439,0.7497673950377317,0.8899684801545827,0.0,0.08909598318073819,0.47589348180097063,0.6458988688320744,0.5556399727474262,0.7316198001896175,0.6613625252030704,0.8494610828078848,0.774067269019652,0.513180282110113,0.4134243096804727,0.14642469300247113,0.0,0.9141303467477685,0.6065048241845443,0.6040601624748048,0.7120851029775157,0.4359861424388125,0.6649084599129204,0.6896426982672134,0.8198522789772374,0.6134743360477364,0.6591238790405544,0.8461865935027258,0.749467579452314,0.45281320551261256,0.8202047283670114,0.7745465677167296,0.6214583415240597,0.0,0.4079493430713165,0.6704329195283455,0.5141270772158734,0.35420667526514427,0.8183238853285982,0.34063431854326437,0.6372952286881264,0.3018563582857078,0.5432622841896995,0.27199066280194206,0.2451142664357452,0.22928563230620128,0.6038173797053671,0.6590208029088266,0.3552737260652047,0.7065960357691298,0.46403326758404057
0.0,0.0,0.890642214116717,0.0,0.8301824765702006,0.8548672792729456,0.8700975296221025,0.7399128061597603,0.8661307155306827,0.0,0.8554868034589649,0.0,0.9210427733201678,0.8422213994402252,0.0,0.0,0.0,0.0,0.8743037381248434,0.8339591381270027,0.0,0.0,0.7602026253287747,0.0,0.0,0.0,0.8690940629476143,0.4712820482019875,0.8112246627138928,0.0,0.0,0.6983117820768217,0.0,0.8242281469869506,0.7652899168887305,0.7754376625305119,0.7756973186508221,0.0,0.6329827479442237,0.7608823820619857,0.7057415209751652,0.9141303467477685,0.0,0.7206863288248594,0.7958326998104902,0.0,0.0,0.5228243733480363,0.6505619443211049,0.3526576588458434,0.4228547329223697,0.5959379311553428,0.578301730404032,0.5483083919823106,0.7302435873686838,0.6170093266439248,0.7148994637745125,0.6188767561060549,0.5979175276030075,0.8060297083390947,0.0,0.2959205070489481,0.06652920505972743,0.46800345446373176,0.8254588735716933,0.7413014069803769,0.8616732199379189,0.40688567656820573,0.8620032519277834,0.1473743069570151,0.8373644987237026,0.4483564596352832,0.531922492283389,0.8674212176977136,0.0,0.8848508117567029
0.0,0.0,0.0,0.0,0.0,0.0,0.0,0.0,0.0,0.0,0.0,0.0,0.0,0.0,0.0,0.0,0.0,0.0,0.0,0.0,0.0,0.0,0.3819968998774761,0.0,0.0,0.0,0.33033509119830595,0.0,0.0,0.0,0.0,0.6870832424349171,0.0,0.8018345305115356,0.9244818632080726,0.820578953629763,0.8107621833616558,0.0,0.6534475957807707,0.6735955957479269,0.5187828539340971,0.6065048241845443,0.7206863288248594,0.0,0.7841774529992418,0.0,0.0,0.7667876810657189,0.5997958096371513,0.48196644988611514,0.6787566959897297,0.7266052572898338,0.7649386878063917,0.7374254541746582,0.607537150315358,0.6838778410859535,0.8706744854817593,0.49354802299301576,0.461075554621637,0.0,0.0,0.0,0.0,0.7981864131887324,0.808071743359675,0.0,0.0,0.4658361621454593,0.0,0.0,0.0,0.6663833495500655,0.4593874471013184,0.8745966360766944,0.0,0.7952069428388308
0.0,0.0,0.0,0.0,0.0,0.0,0.0,0.0,0.0,0.6401702715294924,0.0,0.7217215543178237,0.0,0.0,0.0,0.0,0.0,0.0,0.0,0.0,0.0,0.0,0.0,0.6848279067791576,0.7617110012641204,0.7508985101022256,0.0,0.0,0.0,0.0,0.0,0.8593961653291434,0.6139740340207257,0.6060963710509735,0.7952019587061112,0.0,0.0,0.6304258916141033,0.35579300588490775,0.2945143769985254,0.387282804266843,0.6040601624748048,0.7958326998104902,0.7841774529992418,0.0,0.847380083763463,0.0,0.0,0.0,0.7880651568274029,0.8711120297334947,0.9311769930640024,0.0,0.9068732284931738,0.4660777050141301,0.8646607043820249,0.48090009455767907,0.7313098676520581,0.0,0.0,0.0,0.7902837339698681,0.2494769771563322,0.9489031434643335,0.0,0.0,0.0,0.8198564395843397,0.5734360829473689,0.8655977048668643,0.6680072377855436,0.8958746969421063,0.7724663366448845,0.0,0.0,0.7733824286921711
0.6435566032884783,0.8430662312240869,0.0,0.0,0.0,0.0,0.0,0.0,0.0,0.9259044250462416,0.0,0.26904637527951925,0.0,0.0,0.0,0.7980703187292562,0.0,0.6886665620972223,0.0,0.0,0.7664045962654344,0.8461478992847458,0.0,0.7030722878480241,0.6485500618633735,0.562650045573891,0.0,0.0,0.0,0.0,0.015151446893923178,0.8309523241504949,0.8295268616504161,0.7838997509488724,0.0,0.0,0.0,0.0,0.24769167736596623,0.5718856077240971,0.5110738520914289,0.7120851029775157,0.0,0.0,0.847380083763463,0.0,0.5694034138058355,0.0,0.0,0.0,0.785816646241198,0.0,0.44402535131840126,0.0,0.8906029931142602,0.0,0.9179512035160924,0.8452469795125119,0.18189297664826404,0.5128865444763417,0.3878240972119156,0.23001812449337142,0.5149915631468411,0.0,0.7174619279780537,0.3847110000290283,0.5650353812815161,0.43298182791061873,0.4153324965323724,0.5651976143533349,0.5403831553421227,0.6716324592545375,0.7471959747529854,0.7269227005296797,0.0,0.7524765004254322
0.5683426426128375,0.8145468445076087,0.0,0.0,0.0,0.9336500991779634,0.0,0.0,0.0,0.0,0.0,0.0,0.7689958009672022,0.0,0.9026707065821967,0.6128935725027349,0.0,0.6678755522611585,0.0,0.824638504602425,0.6526985731069027,0.5045628991988033,0.935189974798397,0.10458698981917208,0.8423152840047221,0.7978383722107247,0.9348063310869011,0.6551571109624954,0.8811896670744079,0.0,0.7289762956663359,0.32667051288269383,0.3764650992923783,0.4010057319261095,0.6833967473365563,0.0,0.0,0.0,0.13633394259826778,0.29620859402652666,0.1342138159101513,0.4359861424388125,0.0,0.0,0.0,0.5694034138058355,0.0,0.2888908271923205,0.0,0.919948152341262,0.3461882080242715,0.8670976727655391,0.8520593624100558,0.8682894004591717,0.7453918242584229,0.0,0.0,0.7111455035935468,0.0,0.4700597099315904,0.3868424617639985,0.174995054626189,0.36848344798893856,0.0,0.5326322089063801,0.6570728203844487,0.5511260221128516,0.4495467008046985,0.0,0.6235991379472376,0.566163227331009,0.3357290233942604,0.8334146634805448,0.3458820669655472,0.0,0.6317423366043098
0.0,0.0,0.7334120972559951,0.0,0.761446338828382,0.8247518944197176,0.8890256780068936,0.8206411755202566,0.8981652546125161,0.0,0.8788259729245386,0.0,0.9318781510999397,0.9252718476095343,0.0,0.0,0.0,0.0,0.844542796319632,0.0,0.0,0.0,0.8033025420452014,0.0,0.0,0.0,0.9050769227377196,0.9000689986048027,0.4202530077415606,0.0,0.3540932808418138,0.7822488218165322,0.0,0.41501503515586824,0.0,0.8731091314023057,0.0,0.0,0.6142192822551642,0.3236570177033039,0.6169788107235171,0.6649084599129204,0.5228243733480363,0.7667876810657189,0.0,0.0,0.2888908271923205,0.0,0.7993526909325566,0.6257516368632462,0.8373241538669894,0.5379803802632391,0.6456069932977061,0.8556809962961234,0.9420403343349777,0.48518431145802743,0.4157819144409334,0.5312291312857234,0.6295303265451752,0.0,0.0,0.0,0.0,0.7418058636781607,0.0,0.20338367273210073,0.18858633423218246,0.625964336371887,0.0,0.41194497831313315,0.5537876261450843,0.648739736342143,0.6048526264893384,0.8438054991672287,0.6481549256307345,0.7523877129015125
0.0,0.0,0.0,0.0,0.0,0.0,0.0,0.0,0.0,0.0,0.0,0.0,0.0,0.0,0.0,0.0,0.0,0.0,0.0,0.0,0.0,0.0,0.0,0.0,0.0,0.0,0.0,0.0,0.0,0.0,0.0,0.0,0.0,0.0,0.0,0.0,0.0,0.0,0.8029830077834416,0.0,0.7001422954266969,0.6896426982672134,0.6505619443211049,0.5997958096371513,0.0,0.0,0.0,0.7993526909325566,0.0,0.5281106284651516,0.833433072761498,0.8046202377613405,0.8222597557416977,0.8118601697233847,0.0,0.8431035104175088,0.0,0.7647518084046372,0.5640868288305848,0.0,0.0,0.0,0.0,0.8005363281887841,0.0,0.0,0.0,0.8420861920227092,0.0,0.0,0.0,0.7873473473370703,0.8444769256632253,0.0,0.0,0.6624381999863921
0.0,0.0,0.8744020005395028,0.0,0.32126967852489924,0.8922269663618612,0.0,0.22770829741918025,0.9221892764343427,0.0,0.9257849757328204,0.0,0.0,0.0,0.0,0.0,0.0,0.0,0.9712688772300048,0.0,0.0,0.0,0.8764414425569226,0.0,0.0,0.0,0.8844865621315113,0.0,0.0,0.0,0.0,0.853533939395914,0.0,0.0,0.0,0.8678720583220312,0.0,0.0,0.6145581427649595,0.2793456434387996,0.5235998499356053,0.8198522789772374,0.3526576588458434,0.48196644988611514,0.7880651568274029,0.0,0.919948152341262,0.6257516368632462,0.5281106284651516,0.0,0.5958498357389598,0.4430137648202228,0.7286132546290058,0.5575886170033029,0.7943419027541969,0.5213553392599285,0.876756141495106,0.4566666429688042,0.4478188452409219,0.0,0.0,0.0,0.0,0.5187128529148906,0.0,0.0,0.7864298247467839,0.3633657729217324,0.0,0.2188390624694888,0.8709041589877091,0.7989393195233914,0.37176760584087765,0.8793177184856439,0.0,0.8290295746903467
0.2277461531659301,0.8621121053348291,0.855322114718353,0.0,0.8584882674098813,0.6146677007296324,0.9177309270370617,0.7854375955694607,0.8523524791430318,0.0,0.9158364511726473,0.0,0.8069575069281952,0.0,0.8556874866337016,0.3357393993929327,0.0,0.0,0.8332213369177758,0.8932952034905531,0.8864983461093132,0.8253080515010829,0.6260208314483275,0.0,0.4485509109860963,0.8026861289481944,0.6104208103215291,0.8260103877572498,0.7808706831785981,0.4190831719280188,0.8982256909364335,0.702337900919695,0.0,0.780235314058434,0.9170297369457464,0.7548827169354517,0.0,0.0,0.5423064667885866,0.6574200476382562,0.4041704283696068,0.6134743360477364,0.4228547329223697,0.6787566959897297,0.8711120297334947,0.785816646241198,0.3461882080242715,0.8373241538669894,0.833433072761498,0.5958498357389598,0.0,0.5974312227646055,0.3501314109147057,0.7375344329294176,0.7563946563433428,0.49844870400685987,0.9082297179091046,0.6793492130703349,0.7616388272551426,0.8095309614157349,0.6074513109676402,0.8771844620162155,0.6466530242994958,0.7743982620869471,0.5548142317848793,0.8293650524444264,0.4997421089099565,0.35993558906698486,0.7743430567838887,0.6137374372824116,0.4010883031735947,0.5543219898986125,0.6149186015873811,0.7836491114984344,0.5887660863454977,0.5113838348437948
0.0,0.0,0.7566751324455387,0.0,0.3370761118682389,0.8509061388015567,0.9236268892954016,0.8461468203396113,0.913718746069742,0.0,0.9496650209622464,0.0,0.9418110459793494,0.0,0.0,0.0,0.0,0.0,0.8692998180742348,0.0,0.0,0.0,0.6496805125864136,0.0,0.0,0.0,0.8264656319944779,0.951057814177077,0.9197446085769765,0.0,0.0,0.8825055017760661,0.0,0.487389146633337,0.2316208434184348,0.8965892763417915,0.0,0.0,0.4322565153450002,0.8637732670836094,0.44998629052376093,0.6591238790405544,0.5959379311553428,0.7266052572898338,0.9311769930640024,0.0,0.8670976727655391,0.5379803802632391,0.8046202377613405,0.4430137648202228,0.5974312227646055,0.0,0.49867846537496946,0.6721331462540745,0.6230061869819968,0.3885363506873937,0.8538182792910363,0.5454229494275267,0.49877423732500903,0.0,0.8636147786395653,0.3755896624676913,0.9135589568075373,0.7112897851367503,0.7599582048913416,0.3286474485817842,0.7018241064246322,0.4378941195627341,0.2724520159620259,0.8883010898414044,0.726086577809091,0.5401297938990631,0.5087492526603961,0.8724173083988875,0.0,0.5693939372685256
0.0,0.0,0.8220210517919588,0.0,0.727397001684817,0.6658075869484967,0.8971093944269104,0.4357438275324307,0.9283451768876027,0.0,0.8388817798243337,0.0,0.9037594159263451,0.8335696787939929,0.7878549066922567,0.0,0.0,0.0,0.787343113183212,0.9289288217926077,0.9041194894884319,0.07641042292091402,0.6840705339190675,0.0,0.0,0.0,0.6174588149328526,0.7806464841613712,0.9097663593480771,0.0,0.842162226685249,0.8247185482100536,0.0,0.8467602672119452,0.0,0.8868167591398077,0.0,0.0,0.7071426035258426,0.8247122084498442,0.5857302284024319,0.8461865935027258,0.578301730404032,0.7649386878063917,0.0,0.44402535131840126,0.8520593624100558,0.6456069932977061,0.8222597557416977,0.7286132546290058,0.3501314109147057,0.49867846537496946,0.0,0.7165627113451549,0.936685260084723,0.5594742559440645,0.9177572087588485,0.5190553113656345,0.6015414173589231,0.8250211345892384,0.8910878390829539,0.0,0.8760566547670344,0.77349296885521,0.857510615286849,0.48717947635233627,0.8338280514262358,0.49036489925387006,0.729445338551224,0.7418429246965197,0.4886299776873128,0.3711671680365128,0.4396154036580712,0.7489834062357372,0.8132246728632463,0.6870756914464995
0.0,0.0,0.9333765711998692,0.0,0.9052568776250631,0.8978743078065402,0.9366142018364221,0.8640589604569228,0.8954283251092249,0.0,0.9079911221098225,0.0,0.9438311112506278,0.9239249573478261,0.0,0.0,0.0,0.0,0.8639197046512905,0.0,0.0,0.0,0.8527055933128375,0.0,0.0,0.0,0.8976523847800488,0.5947773276703994,0.31707466681743524,0.0,1.0,0.8823039950676531,0.0,0.32647007310747056,0.0,0.8672471956807761,0.0,0.0,0.6813781595971999,0.7896342284197871,0.5419784221674813,0.749467579452314,0.5483083919823106,0.7374254541746582,0.9068732284931738,0.0,0.8682894004591717,0.8556809962961234,0.8118601697233847,0.5575886170033029,0.7375344329294176,0.6721331462540745,0.7165627113451549,0.0,0.8600236265265009,0.6744609437251774,0.9105742603870592,0.680381897971703,0.6741642300450107,0.0,0.0,0.8915760036344563,0.9336511637763203,0.8136492473949177,0.17606216468025668,0.0,0.23525087018422497,0.5820431792520907,0.9463991287214781,0.9407417675988636,0.881850004979662,0.7807330465730592,0.6686165421374445,0.8893382133571646,0.8237021089246159,0.5829022973998932
0.44558648664623807,0.0,0.0,0.0,0.0,0.0,0.0,0.0,0.0,0.5020497421739194,0.0,0.5788229487432979,0.20313618040871656,0.0,0.0,0.0,0.3262492125535397,0.40649500493792445,0.0,0.0,0.0,0.0,0.0,0.47315378855571266,0.3885240623309332,0.7154040062299571,0.0,0.20669085943626742,0.0,0.0,0.77460410210458,0.6141638693917795,0.3795231455128834,0.6637762456982454,0.6131067309123575,0.0,0.0,0.6645844574137342,0.2828953080377141,0.4242080307378049,0.45396669391535277,0.45281320551261256,0.7302435873686838,0.607537150315358,0.4660777050141301,0.8906029931142602,0.7453918242584229,0.9420403343349777,0.0,0.7943419027541969,0.7563946563433428,0.6230061869819968,0.936685260084723,0.8600236265265009,0.0,0.746698190916625,0.6921676505330621,0.7406823076377227,0.3151104453218757,0.0,0.6505027569842472,0.5628342165026573,0.5608966980449215,0.8404476424476263,0.8402275149294001,0.0,0.7468527595270736,0.861099157944005,0.507617787902364,0.67996377040274,0.5762132258379125,0.9228021394938084,0.4550313931453236,0.7617346674255169,0.0,0.5381804168340548
0.0,0.0,0.6503145642614746,0.0,0.814820764405791,0.891430545677988,0.3706316923513289,0.7741119750716646,0.9006698052763673,0.0,0.48488435238987176,0.0,0.9099256286753825,0.861103441964354,0.0,0.0,0.0,0.0,0.767403653017685,0.0,0.0,0.0,0.8316349762711103,0.0,0.0,0.0,0.8830570636272669,0.27093808524890245,0.0,0.0,0.0,0.87810510896485,0.0,0.0,0.0,0.8403229712460172,0.0,0.0,0.6134044674785036,0.8186260312110342,0.7542990969550989,0.8202047283670114,0.6170093266439248,0.6838778410859535,0.8646607043820249,0.0,0.0,0.48518431145802743,0.8431035104175088,0.5213553392599285,0.49844870400685987,0.3885363506873937,0.5594742559440645,0.6744609437251774,0.746698190916625,0.0,0.8760267300810212,0.5632975314631018,0.5868727080020844,0.0,0.0,0.4432611848998624,0.8723042420854548,0.5947641153289994,0.0,0.0,0.0,0.5802091567735163,0.9132616405154751,0.427322352941237,0.46588593362562913,0.7815770460029694,0.6005319524570417,0.0,0.0,0.6405274347806404
0.0,0.0,0.0,0.0,0.0,0.0,0.0,0.0,0.0,0.4881421318608988,0.0,0.6310482405547606,0.7671998992425862,0.0,0.0,0.0,0.656294673715762,0.643766956233035,0.0,0.0,0.0,0.0,0.0,0.5899288526870959,0.39914724289386383,0.7454182059834429,0.0,0.786930291162749,0.0,0.0,0.7445640677687667,0.7270454245241493,0.40917902748215673,0.7050174699600995,0.7612290516898278,0.0,0.0,0.6568599628730434,0.4098023962409123,0.5462732082861356,0.4175128870147419,0.7745465677167296,0.7148994637745125,0.8706744854817593,0.48090009455767907,0.9179512035160924,0.0,0.4157819144409334,0.0,0.876756141495106,0.9082297179091046,0.8538182792910363,0.9177572087588485,0.9105742603870592,0.6921676505330621,0.8760267300810212,0.0,0.7222986160231861,0.0,0.0,0.7639748950346598,0.7574196202642931,0.831712830028245,0.9466790441964816,0.0,0.9481894591631693,0.6677492534927266,0.9378753590045297,0.5959813734655767,0.7261319566724632,0.5457235384834177,0.9197326520358173,0.8584684038889969,0.2525617745539757,0.0,0.5738763573110852
0.0,0.7042694583841412,0.9070437496507551,0.0,0.36630548282359665,0.8651469881128353,0.9000892846297613,0.8703316016078989,0.9298781932190923,0.3411322290561094,0.9335467903937364,0.26801934842334996,0.9220775432362152,0.0,0.9187451119759771,0.0,0.0,0.0,0.876401593961045,0.468669192985187,0.37126863547942474,0.42396103912552585,0.6188080119087436,0.0,0.4710129039007521,0.5648313207900456,0.7611690134877732,0.9273866884083313,0.8966630629381998,0.0,0.9929733981036899,0.8242591439007347,0.295225591563836,0.8778775010421161,0.8896429367932559,0.8888224244652784,0.0,0.0,0.48168285452864756,0.6906839206495904,0.476693086420912,0.6214583415240597,0.6188767561060549,0.49354802299301576,0.7313098676520581,0.8452469795125119,0.7111455035935468,0.5312291312857234,0.7647518084046372,0.4566666429688042,0.6793492130703349,0.5454229494275267,0.5190553113656345,0.680381897971703,0.7406823076377227,0.5632975314631018,0.7222986160231861,0.0,0.8160251832811247,0.8194203669996749,0.701711232352537,0.8278972719460833,0.7630122446411319,0.7691605138542843,0.6607035271497198,0.9008192476375352,0.5795446295618031,0.4773290945065842,0.8797564241983873,0.7697281769502935,0.6868683383513328,0.5033596611982607,0.6032662601224297,0.7084404634054431,0.8765981405104535,0.6926285429292041
0.0,0.0,0.787206537694827,0.0,0.0,0.0,0.0,0.11969337243077913,0.8406608354671524,0.0,0.2413122197662228,0.0,0.0,0.0,0.0,0.0,0.0,0.0,0.2397713282119416,0.0,0.0,0.0,0.23134662017276522,0.0,0.0,0.0,0.8971350712992683,0.0,0.0,0.0,0.0,0.0,0.0,0.0,0.0,0.6950360639699157,0.0,0.0,0.7849565305024706,0.0,0.30799603832850325,0.0,0.5979175276030075,0.461075554621637,0.0,0.18189297664826404,0.0,0.6295303265451752,0.5640868288305848,0.4478188452409219,0.7616388272551426,0.49877423732500903,0.6015414173589231,0.6741642300450107,0.3151104453218757,0.5868727080020844,0.0,0.8160251832811247,0.0,0.0,0.0,0.0,0.0,0.48784578630912523,0.0,0.8206610766442807,0.0,0.5003460862795748,0.0,0.0,0.8698148815204619,0.692365870651712,0.7187047830396176,0.0,0.0,0.6818855352973421
0.0,0.8466402570505078,0.0,0.0,0.0,0.9350323270806822,0.0,0.16402665047579176,0.0,0.0,0.0,0.0,0.8777306475636205,0.0,0.8049470247578643,0.8780850090061653,0.0,0.0,0.0,0.8229846828535595,0.6833070621211689,0.6806049526238552,0.7712145088739949,0.0,0.7167301883524129,0.8117160673110206,0.8979763079853438,0.9252571242192127,0.871778518004379,0.0,0.8585014360517611,0.6188992723631024,0.6622331557945416,0.6361702168322991,0.5949803620112349,0.0,0.0,0.0,0.26195767452744206,0.4743515658227279,0.33759061980863525,0.4079493430713165,0.8060297083390947,0.0,0.0,0.5128865444763417,0.4700597099315904,0.0,0.0,0.0,0.8095309614157349,0.0,0.8250211345892384,0.0,0.0,0.0,0.0,0.8194203669996749,0.0,0.0,0.810480928488403,0.0,0.8704645082195162,0.0,0.6482262415486985,0.6415993761891496,0.6464479333321143,0.5624519220610671,0.7417784305583023,0.7465316389249784,0.522495058207703,0.6368724308740039,0.8603909823599742,0.6389848099513027,0.24511590505045477,0.8474880680391089
0.44754565756277453,0.41750580098796763,0.0,0.0,0.0,0.7175623484906895,0.0,0.0,0.0,0.9755755687521246,0.0,0.0,0.0,0.0,0.9297460988177071,0.42470751525154216,0.0,0.49838010098343893,0.0,0.9176562380767677,0.8503875128513969,0.6898331347348505,0.4908530652297416,0.8633538771680466,0.5624673280330409,0.5034771899153101,0.710855034910304,0.0,0.43802770711216754,0.0,0.6143001475676413,0.6519868575017216,0.20367569090738682,0.182453834613732,0.799619312718914,0.0,0.0,0.0,0.1749291279110907,0.18007182773334832,0.1464187220733588,0.6704329195283455,0.0,0.0,0.0,0.3878240972119156,0.3868424617639985,0.0,0.0,0.0,0.6074513109676402,0.8636147786395653,0.8910878390829539,0.0,0.6505027569842472,0.0,0.7639748950346598,0.701711232352537,0.0,0.810480928488403,0.0,0.6652812175541659,0.44457077028409087,0.0,0.33002973787493317,0.6508916090107111,0.4577236025006942,0.7380435544256355,0.7152787311296803,0.3523741111529384,0.37075350021133846,0.5466405474528528,0.7090127354934401,0.5666770372897952,0.0,0.3599591136122747
0.0,0.0,0.0,0.0,0.0,0.0,0.0,0.0,0.0,0.7782714592551162,0.0,0.7765439494750724,0.0,0.0,0.0,0.0,0.7409115721044288,0.7019068800704417,0.0,0.0,0.0,0.0,0.0,0.9128887412840222,0.543616747541995,0.554023911736367,0.0,0.0,0.0,0.0,0.21378755862169105,0.7025607288765552,0.8376689057193125,0.23062893788888392,0.0,0.0,0.0,0.0,0.5036732542852227,0.40268882387226157,0.31382357667283156,0.5141270772158734,0.2959205070489481,0.0,0.7902837339698681,0.23001812449337142,0.174995054626189,0.0,0.0,0.0,0.8771844620162155,0.3755896624676913,0.0,0.8915760036344563,0.5628342165026573,0.4432611848998624,0.7574196202642931,0.8278972719460833,0.0,0.0,0.6652812175541659,0.0,0.36711463383540244,0.0,0.8184452780843077,0.0,0.844881695621222,0.31693433965239437,0.587588103910632,0.6389357630178528,0.6286067126352918,0.4706300057248979,0.7533108488456052,0.8479383138108089,0.0,0.438550975364926
0.7135539811033287,0.8379991489688513,0.0,0.0,0.0,0.0,0.0,0.0,0.0,0.8376642842386521,0.0,0.8259488196781233,0.0,0.0,0.0,0.7321452188135505,0.8574415181725806,0.5943274184368261,0.0,0.5961236601399014,0.0,0.895448392883932,0.0,0.5809215507174076,0.7233944997230735,0.6222217198405255,0.0,0.0,0.5133025887694291,0.0,0.8396930675558208,0.7094157245451883,0.7088498194814804,0.7228741016744868,0.7395398296261128,0.0,0.0,0.0,0.3117504802253829,0.4138569767842758,0.30234597280116704,0.35420667526514427,0.06652920505972743,0.0,0.2494769771563322,0.5149915631468411,0.36848344798893856,0.0,0.0,0.0,0.6466530242994958,0.9135589568075373,0.8760566547670344,0.9336511637763203,0.5608966980449215,0.8723042420854548,0.831712830028245,0.7630122446411319,0.0,0.8704645082195162,0.44457077028409087,0.36711463383540244,0.0,0.0,0.583421315258237,0.893219457187372,0.34406240005776817,0.8213456335566464,0.6396894341391592,0.5843543575729753,0.4429604381016861,0.7679248236289902,0.701290751181959,0.6574681658951865,0.0,0.46626445616842227
0.0,0.0,0.359413427777586,0.0,0.7829270469555373,0.7863502383758026,0.9076399071999396,0.8104828568208464,0.8150436131504827,0.0,0.7521239468495301,0.0,0.9117419806593245,0.8325201945663282,0.0,0.0,0.0,0.0,0.7810020987567354,0.0,0.0,0.0,0.8402053283325774,0.0,0.0,0.0,0.8007095839369335,0.0,0.0,0.0,0.0,0.8838419364600235,0.0,0.0,0.0,0.7805520087979865,0.0,0.0,0.7564089601214949,0.37608157830100075,0.786347832656258,0.8183238853285982,0.46800345446373176,0.7981864131887324,0.9489031434643335,0.0,0.0,0.7418058636781607,0.8005363281887841,0.5187128529148906,0.7743982620869471,0.7112897851367503,0.77349296885521,0.8136492473949177,0.8404476424476263,0.5947641153289994,0.9466790441964816,0.7691605138542843,0.48784578630912523,0.0,0.0,0.0,0.0,0.0,0.0,0.0,0.0,0.4055162010393872,0.0,0.26889967208934423,0.3320013697936508,0.7096100757847527,0.6598812262382193,0.0,0.0,0.7807583984091813
0.0,0.8054585828330627,0.0,0.0,0.0,0.8368305057287696,0.0,0.853508648974968,0.0,0.0,0.0,0.0,0.9056722761685838,0.0,0.8169581869518959,0.8102184276492488,0.0,0.0,0.0,0.8132791198408303,0.869639343774085,0.45877973506303715,0.7732922898205836,0.0,0.7850010104763907,0.6593125946308628,0.8617283248397485,0.8301943486743287,0.738306419248802,0.873466962426425,0.811617616040077,0.6225210584122072,0.791977772559336,0.757133740641015,0.7891303315086394,0.7576265340749639,0.0,0.0,0.31988689783753915,0.31528171344541234,0.2742545943288104,0.34063431854326437,0.8254588735716933,0.808071743359675,0.0,0.7174619279780537,0.5326322089063801,0.0,0.0,0.0,0.5548142317848793,0.7599582048913416,0.857510615286849,0.17606216468025668,0.8402275149294001,0.0,0.0,0.6607035271497198,0.0,0.6482262415486985,0.33002973787493317,0.8184452780843077,0.583421315258237,0.0,0.0,0.6882361084475317,0.48616087763695226,0.33618564429670716,0.6912184429455132,0.582494349937576,0.5456710599465837,0.5230912422236256,0.8513917124670904,0.5637787846510144,0.79137265081673,0.579687304800663
0.7283083574722654,0.8658053351582178,0.0,0.0,0.0,0.8429390924521434,0.0,0.6037548081690294,0.0,0.0,0.0,0.0,0.0,0.0,0.6803424994753916,0.1374124094142294,0.0,0.0,0.0,0.8018152089939727,0.7961142986897135,0.7110824063037808,0.7959639711063848,0.0,0.8885577062954071,0.9029168705256234,0.8985698496842427,0.8884196977152075,0.8212008210897872,0.0,0.7423278496744683,0.758320836917187,0.8595953922324955,0.8385599490415198,0.7552948721206926,0.0,0.0,0.0,0.2533992951347819,0.6312174364368849,0.6154215886221007,0.6372952286881264,0.7413014069803769,0.0,0.0,0.3847110000290283,0.6570728203844487,0.20338367273210073,0.0,0.0,0.8293650524444264,0.3286474485817842,0.48717947635233627,0.0,0.0,0.0,0.9481894591631693,0.9008192476375352,0.8206610766442807,0.6415993761891496,0.6508916090107111,0.0,0.893219457187372,0.0,0.6882361084475317,0.0,0.6702858083581182,0.5688674787537721,0.7528143801912677,0.7936490112017777,0.6656571412108717,0.5831846443197793,0.7625670964307008,0.4599482235472694,0.8867094909239022,0.8448321593981516
0.7013575364029072,0.7314018495402763,0.0,0.0,0.0,0.882143638418935,0.0,0.0,0.0,0.0,0.0,0.0,0.9674591835821986,0.0,0.7269913067540702,0.2727056447299491,0.0,0.7242708210480726,0.0,0.6028137512424726,0.6926090157527115,0.5233203297130531,0.8643441105044916,0.0,0.7709973372357621,0.623821991115098,0.7680201354205084,0.8903382442715178,0.686866719395675,0.0,0.4878713221289725,0.42951802200304295,0.25824806933215383,0.41210951926887934,0.5031796327048367,0.0,0.0,0.0,0.1972942396404488,0.22920137327069104,0.2664182914844267,0.3018563582857078,0.8616732199379189,0.0,0.0,0.5650353812815161,0.5511260221128516,0.18858633423218246,0.0,0.7864298247467839,0.4997421089099565,0.7018241064246322,0.8338280514262358,0.23525087018422497,0.7468527595270736,0.0,0.6677492534927266,0.5795446295618031,0.0,0.6464479333321143,0.4577236025006942,0.844881695621222,0.34406240005776817,0.0,0.48616087763695226,0.6702858083581182,0.0,0.49863806303999114,0.0,0.5432724245775263,0.5233566208217922,0.42348696275894826,0.7542055033856114,0.31468591956460557,0.08626874774437145,0.3620818413254304
0.0,0.8955243407802786,0.8067896512304509,0.0,0.85122323405179,0.6301470615669604,0.8066570009929291,0.5668070586887348,0.834820432954047,0.0,0.8204475268466078,0.0,0.5947195480317757,0.8536008843930573,0.7987646127838326,0.5032815932450494,0.0,0.0,0.755218879953771,0.8132973266363058,0.7029652655624528,0.6720248549525326,0.7426314640318731,0.0,0.4842195837240243,0.8580747137929884,0.6142099120683581,0.6824315737043957,0.6706602368861212,0.8656719555170397,0.7872879766355642,0.752381956434674,0.895050249251105,0.7400298997806378,0.8694486135441559,0.8348950328210025,0.37347942086902486,0.0,0.25740249202932686,0.3529880867531265,0.34598896193220885,0.5432622841896995,0.40688567656820573,0.4658361621454593,0.8198564395843397,0.43298182791061873,0.4495467008046985,0.625964336371887,0.8420861920227092,0.3633657729217324,0.35993558906698486,0.4378941195627341,0.49036489925387006,0.5820431792520907,0.861099157944005,0.5802091567735163,0.9378753590045297,0.4773290945065842,0.5003460862795748,0.5624519220610671,0.7380435544256355,0.31693433965239437,0.8213456335566464,0.4055162010393872,0.33618564429670716,0.5688674787537721,0.49863806303999114,0.0,0.7373564269108744,0.7700821608371304,0.5131702125787616,0.4680939170834053,0.4195938727087477,0.3947261562887705,0.3858674643553599,0.40077061598176333
0.18774115738248984,0.0,0.0,0.0,0.0,0.0,0.0,0.0,0.0,0.7534686610266336,0.0,0.8193490895943671,0.0,0.0,0.0,0.0,0.8427380527005287,0.6981961984812317,0.0,0.0,0.0,0.0,0.0,0.5215385396710346,0.5480360639643136,0.48290783798516346,0.0,0.0,0.0,0.0,0.7081097871236256,0.16125241025394016,0.7268836259108756,0.7297437697731183,0.0,0.0,0.0,0.7274185059697067,0.5710503485687788,0.5634889696271729,0.49809867372468497,0.27199066280194206,0.8620032519277834,0.0,0.5734360829473689,0.4153324965323724,0.0,0.0,0.0,0.0,0.7743430567838887,0.2724520159620259,0.729445338551224,0.9463991287214781,0.507617787902364,0.9132616405154751,0.5959813734655767,0.8797564241983873,0.0,0.7417784305583023,0.7152787311296803,0.587588103910632,0.6396894341391592,0.0,0.6912184429455132,0.7528143801912677,0.0,0.7373564269108744,0.0,0.6786276023539821,0.6140154562846175,0.7807602999391917,0.8336242528745873,0.0,0.0,0.7719557249263789
0.6123617488323997,0.8640280961082176,0.0,0.0,0.0,0.6518497194176242,0.0,0.0,0.0,0.9061608761074953,0.0,0.8816661618412834,0.37838212900010904,0.0,0.9174637588228265,0.6206542230733395,0.8311211921600365,0.6992595010794603,0.0,0.9873469894201001,0.8830532006816942,0.6969063677925824,0.46649371093010716,0.6473981573480327,0.8013483021910552,0.6775909005888991,0.0,0.4242626580530001,0.9999999999999999,0.0,0.6147987265816808,0.7815486397152842,0.7390277483337029,0.5732156598058947,0.8347658457091522,0.0,0.0,0.2806323046184978,0.18436737911306547,0.3084772647420939,0.24991155364617906,0.2451142664357452,0.1473743069570151,0.0,0.8655977048668643,0.5651976143533349,0.6235991379472376,0.41194497831313315,0.0,0.2188390624694888,0.6137374372824116,0.8883010898414044,0.7418429246965197,0.9407417675988636,0.67996377040274,0.427322352941237,0.7261319566724632,0.7697281769502935,0.0,0.7465316389249784,0.3523741111529384,0.6389357630178528,0.5843543575729753,0.26889967208934423,0.582494349937576,0.7936490112017777,0.5432724245775263,0.7700821608371304,0.6786276023539821,0.0,0.49858870708517944,0.7290960456900839,0.7567899888151652,0.6304741890980986,0.0,0.45669263000565063
0.5983520632015725,0.7999611511533953,0.0,0.0,0.0,0.9426759772747568,0.5999996174639205,0.0,0.0,0.8201226384987842,0.0,0.845171821195312,0.5235147387255611,0.0,0.7622010268840583,0.5831787441507753,0.5982089078274054,0.6900161426153305,0.0,0.8340013760603524,0.6781962544076716,0.4817041157492287,0.8059682073297301,0.6494672311260506,0.7197475942205214,0.5916994362675669,0.8477175504394145,0.8888403953873647,0.8514164537194114,0.0,0.7719224314129034,0.38005648805100345,0.5991520909925385,0.4677908500440758,0.3558466842928108,0.0,0.0,0.82004292445138,0.24366655952098293,0.4280738772916536,0.18671124097117642,0.22928563230620128,0.8373644987237026,0.0,0.6680072377855436,0.5403831553421227,0.566163227331009,0.5537876261450843,0.0,0.8709041589877091,0.4010883031735947,0.726086577809091,0.4886299776873128,0.881850004979662,0.5762132258379125,0.46588593362562913,0.5457235384834177,0.6868683383513328,0.8698148815204619,0.522495058207703,0.37075350021133846,0.6286067126352918,0.4429604381016861,0.3320013697936508,0.5456710599465837,0.6656571412108717,0.5233566208217922,0.5131702125787616,0.6140154562846175,0.49858870708517944,0.0,0.5576695556470642,0.3340255883292885,0.37697008671279564,0.0,0.29608812955462677
0.0,0.797041327140239,0.8390534478615617,0.0,0.8495341124949551,0.6038321297820807,0.7320758812362463,0.7690901713339099,0.8046353360571237,0.0,0.8415190145273439,0.0,0.7964388678727954,0.7989659763313852,0.7318574845156588,0.5170001572508054,0.0,0.0,0.8218314484011535,0.8079088765545518,0.7282009033560028,0.8348866703924294,0.5980217807159129,0.0,0.4132734906119266,0.868558560520676,0.6100590940577636,0.6580111345137641,0.6344812755620949,0.9109359010765371,0.6484445711439052,0.7450194467507099,0.8117682752760812,0.7525047150564957,0.7787579279148062,0.805664198741334,0.35074677478083516,0.0,0.28084112668206973,0.1657131562089623,0.3137722145083874,0.6038173797053671,0.4483564596352832,0.6663833495500655,0.8958746969421063,0.6716324592545375,0.3357290233942604,0.648739736342143,0.7873473473370703,0.7989393195233914,0.5543219898986125,0.5401297938990631,0.3711671680365128,0.7807330465730592,0.9228021394938084,0.7815770460029694,0.9197326520358173,0.5033596611982607,0.692365870651712,0.6368724308740039,0.5466405474528528,0.4706300057248979,0.7679248236289902,0.7096100757847527,0.5230912422236256,0.5831846443197793,0.42348696275894826,0.4680939170834053,0.7807602999391917,0.7290960456900839,0.5576695556470642,0.0,0.3475399837069375,0.5695939239981223,0.3301469876170219,0.3880040640683811
0.0,0.2757438565198861,0.9129798129441267,0.0,0.3495397505544856,0.8071242577942506,0.51901320788548,0.862973623235897,0.9532034761927659,0.881851301631885,0.47427474075820725,0.3353418506481829,0.8770790353848656,0.0,0.862709411857328,0.0,0.0,0.0,0.37363191967025666,0.75214780258572,0.9286340245571205,0.8546297683494359,0.5899441679386314,0.0,0.35428488549589043,0.41152772090789047,0.8154412175640502,0.8260900753501275,0.6950236757233841,0.43728483786956923,0.9414205577258788,0.6449277287076663,0.8099583561098049,0.7249248980978098,0.7984857488286943,0.8924883529922705,0.0,0.7378656089822551,0.49874318048592,0.7274566162335256,0.36200503565142794,0.6590208029088266,0.531922492283389,0.4593874471013184,0.7724663366448845,0.7471959747529854,0.8334146634805448,0.6048526264893384,0.8444769256632253,0.37176760584087765,0.6149186015873811,0.5087492526603961,0.4396154036580712,0.6686165421374445,0.4550313931453236,0.6005319524570417,0.8584684038889969,0.6032662601224297,0.7187047830396176,0.8603909823599742,0.7090127354934401,0.7533108488456052,0.701290751181959,0.6598812262382193,0.8513917124670904,0.7625670964307008,0.7542055033856114,0.4195938727087477,0.8336242528745873,0.7567899888151652,0.3340255883292885,0.3475399837069375,0.0,0.6513588139836731,0.5953144069605236,0.6405145342028383
0.0,0.8280419694903254,0.0,0.0,0.0,0.7933639556934284,0.9197327444161668,0.8577022710100378,0.3261983948024171,0.0,0.0,0.0,0.9099248197058407,0.0,0.8192530037496406,0.8275003552752207,0.0,0.3542459640588468,0.0,0.7177785188319097,0.8342395956134736,0.8219546071511025,0.7000944309281177,0.0,0.8331545505280089,0.8717674746401847,0.7980832150987278,0.7447780650345246,0.8510869320495464,0.9177136847818695,0.8637461651778117,0.6864320382011548,0.7320656356483526,0.7968795039663841,0.8996653751210788,0.8532016437547885,0.0,0.0,0.25691881345534356,0.6050068466806519,0.2893779669241688,0.3552737260652047,0.8674212176977136,0.8745966360766944,0.0,0.7269227005296797,0.3458820669655472,0.8438054991672287,0.0,0.8793177184856439,0.7836491114984344,0.8724173083988875,0.7489834062357372,0.8893382133571646,0.7617346674255169,0.0,0.2525617745539757,0.7084404634054431,0.0,0.6389848099513027,0.5666770372897952,0.8479383138108089,0.6574681658951865,0.0,0.5637787846510144,0.4599482235472694,0.31468591956460557,0.3947261562887705,0.0,0.6304741890980986,0.37697008671279564,0.5695939239981223,0.6513588139836731,0.0,0.7765291693239347,0.5273504719379953
0.0,0.0,0.0,0.0,0.0,0.38219680445331794,0.0,0.0,0.0,0.0,0.0,0.0,0.0,0.0,0.0,0.0,0.0,0.0,0.0,0.3664049406537865,0.0,0.0,0.8352197719055402,0.0,0.0,0.0,0.8891720420782727,0.3402333556106113,0.8980488011501657,0.0,0.0,0.7990936852090351,0.0,0.0,0.0,0.0,0.0,0.0,0.7313393663085638,0.7508257466410995,0.7257301970294796,0.7065960357691298,0.0,0.0,0.0,0.0,0.0,0.6481549256307345,0.0,0.0,0.5887660863454977,0.0,0.8132246728632463,0.8237021089246159,0.0,0.0,0.0,0.8765981405104535,0.0,0.24511590505045477,0.0,0.0,0.0,0.0,0.79137265081673,0.8867094909239022,0.08626874774437145,0.3858674643553599,0.0,0.0,0.0,0.3301469876170219,0.5953144069605236,0.7765291693239347,0.0,0.5367323958802862
0.41251571845952884,0.8187809147102415,0.33564344051223216,0.0,0.0,0.8680755191657133,0.29517937065493033,0.8626105337394339,0.4250589856767708,0.7941781275462074,0.0,0.8621785018482646,0.5676810791234337,0.0,0.8745314609562791,0.7943672862725708,0.8293857528682853,0.8298735254108675,0.0,0.875701418116881,0.4743282407780773,0.8254339483403043,0.6032201743775923,0.764928741569192,0.6399149821510332,0.5129519762214027,0.8618786915946424,0.9405675254521995,0.8883935947564192,0.0,0.8860195212895419,0.7212950056735877,0.8301126201269702,0.7879623374701993,0.0,0.0,0.0,0.19616423475888142,0.4557581334539201,0.19359786655371336,0.2709124266009132,0.46403326758404057,0.8848508117567029,0.7952069428388308,0.7733824286921711,0.7524765004254322,0.6317423366043098,0.7523877129015125,0.6624381999863921,0.8290295746903467,0.5113838348437948,0.5693939372685256,0.6870756914464995,0.5829022973998932,0.5381804168340548,0.6405274347806404,0.5738763573110852,0.6926285429292041,0.6818855352973421,0.8474880680391089,0.3599591136122747,0.438550975364926,0.46626445616842227,0.7807583984091813,0.579687304800663,0.8448321593981516,0.3620818413254304,0.40077061598176333,0.7719557249263789,0.45669263000565063,0.29608812955462677,0.3880040640683811,0.6405145342028383,0.5273504719379953,0.5367323958802862,0.0
