edge_idx,source,target,control,ms,delta
1382,68,61,0.31717715,0.2949638,0.02221334
906,11,10,0.2971641,0.27597076,0.021193355
535,29,71,0.3061342,0.28547004,0.020664155
916,37,10,0.29564157,0.27658173,0.019059837
294,15,70,0.2870189,0.26919308,0.017825812
1369,63,54,0.28775626,0.269947,0.017809272
860,57,7,0.28445196,0.2673847,0.017067254
532,29,50,0.30933085,0.29240936,0.01692149
1183,74,26,0.29863238,0.28194526,0.016687125
330,18,63,0.28449452,0.26823562,0.016258895
1303,55,39,0.2861564,0.2699537,0.016202688
346,19,64,0.2872762,0.2718911,0.015385121
370,20,46,0.28579873,0.27103212,0.014766604
279,14,69,0.28591514,0.27119693,0.014718205
53,2,49,0.28807738,0.27374187,0.014335513
182,8,34,0.28255245,0.2682514,0.014301062
1131,60,23,0.30178648,0.2874898,0.014296681
1010,68,17,0.29979643,0.28588402,0.01391241
816,18,6,0.2854085,0.27182242,0.013586074
33,1,69,0.29128307,0.27789715,0.013385922
337,19,39,0.28292337,0.27011615,0.01280722
537,29,73,0.30052066,0.28798664,0.012534022
56,2,52,0.2829577,0.27057993,0.012377769
647,49,63,0.2881346,0.27576366,0.012370944
1018,35,18,0.28396162,0.2716062,0.012355417
123,6,31,0.2795627,0.2672323,0.012330413
887,50,8,0.28580862,0.27363122,0.012177408
298,16,54,0.2888922,0.27692625,0.01196596
882,37,8,0.2874267,0.27549115,0.011935562
717,22,1,0.28259432,0.27084243,0.01175189
1372,57,55,0.28338158,0.27176178,0.011619806
1383,68,62,0.29677692,0.28523773,0.011539191
512,28,41,0.285976,0.27445728,0.011518717
368,20,34,0.28737321,0.27594492,0.011428297
798,49,5,0.28888068,0.2774556,0.011425078
1204,74,27,0.30105332,0.28968948,0.011363834
649,49,72,0.28368524,0.2723316,0.011353642
412,22,40,0.28259772,0.27132815,0.011269569
1301,50,39,0.28058395,0.26931876,0.011265188
450,25,46,0.2848641,0.2736839,0.011180192
1086,60,21,0.2893704,0.27832583,0.011044562
79,4,33,0.28422982,0.27321053,0.0110192895
262,14,17,0.2813082,0.27041167,0.010896534
563,32,46,0.28979287,0.2790913,0.010701567
1083,46,21,0.2748362,0.2642135,0.01062271
669,53,74,0.2889968,0.27837473,0.010622054
1259,73,31,0.2813766,0.27085626,0.010520339
677,55,70,0.28270766,0.27226472,0.010442942
907,12,10,0.28275743,0.2723789,0.01037854
215,10,32,0.28261653,0.27227232,0.010344207
1296,51,38,0.2820345,0.2717032,0.010331273
632,44,53,0.28619924,0.2759233,0.01027593
750,49,2,0.28405705,0.27382487,0.01023218
942,55,12,0.28302318,0.2728352,0.0101879835
44,2,29,0.28176546,0.27164868,0.010116786
505,27,72,0.27751222,0.2674845,0.010027736
666,53,56,0.28707746,0.27705836,0.010019094
49,2,35,0.2803412,0.270414,0.009927213
836,71,6,0.28147832,0.2715712,0.009907126
1042,60,19,0.28656802,0.27679703,0.009770989
722,46,1,0.27589175,0.2661717,0.009720057
423,22,60,0.28517917,0.27550775,0.00967142
309,17,45,0.28394866,0.2743063,0.009642363
1136,46,24,0.2795636,0.26992458,0.009639025
1306,65,39,0.28612044,0.27649033,0.009630114
704,23,0,0.28151414,0.2719375,0.0095766485
1056,23,20,0.28296328,0.273443,0.0095202625
1025,53,18,0.27610514,0.2666793,0.009425849
287,15,27,0.2789974,0.26960188,0.00939551
156,7,34,0.2815658,0.27231008,0.009255707
1045,66,19,0.285125,0.27595174,0.009173244
985,45,15,0.2875434,0.27837282,0.009170562
724,60,1,0.2867194,0.27755463,0.00916478
1295,49,38,0.29163003,0.28246558,0.009164453
1377,63,56,0.28462803,0.27547887,0.009149164
381,21,27,0.28084978,0.27171144,0.009138346
121,6,20,0.28438267,0.27525902,0.009123653
997,61,16,0.27846125,0.2693837,0.009077549
754,53,2,0.28105736,0.27202964,0.0090277195
1343,57,49,0.2818993,0.27287582,0.009023488
68,4,9,0.2776669,0.2686438,0.0090231
515,28,51,0.28061265,0.27161884,0.008993804
1182,73,26,0.28238484,0.273397,0.008987844
1190,51,27,0.27757972,0.26871225,0.008867472
393,21,66,0.27986997,0.2710651,0.0088048875
897,73,8,0.27487105,0.26609343,0.008777618
1186,35,27,0.27879804,0.2700988,0.008699238
633,44,55,0.293453,0.28484523,0.008607775
1125,70,22,0.28109607,0.27254856,0.008547515
672,54,63,0.28346124,0.27493498,0.008526266
312,17,66,0.27717385,0.2686813,0.008492559
741,29,2,0.2922503,0.28377497,0.008475333
1390,73,65,0.27501664,0.26658055,0.008436084
369,20,38,0.28080088,0.2724386,0.008362293
93,5,20,0.27872106,0.27037305,0.008348018
753,52,2,0.27599236,0.2676477,0.00834465
1123,65,22,0.28043914,0.27210277,0.008336365
583,34,66,0.28123504,0.272919,0.00831604
776,33,4,0.2890444,0.28076503,0.008279383
353,19,72,0.28082404,0.27260998,0.0082140565
526,28,70,0.28274608,0.2745346,0.008211464
442,24,64,0.28102073,0.27283224,0.008188486
1284,39,35,0.2824554,0.2742992,0.00815621
646,49,57,0.29062688,0.2824726,0.008154273
687,63,67,0.2834787,0.27538067,0.008098036
1236,47,30,0.2778977,0.26990998,0.007987708
1093,71,21,0.28005338,0.2720726,0.007980764
814,10,6,0.2809546,0.27299386,0.007960737
455,25,66,0.28089988,0.2729677,0.007932186
664,52,75,0.27405342,0.2661339,0.00791952
974,66,14,0.27623296,0.26837224,0.00786072
994,23,16,0.28412578,0.27628466,0.00784111
285,15,20,0.27982932,0.27200156,0.007827759
357,20,21,0.27538913,0.26758605,0.0078030825
106,5,59,0.28215852,0.27443632,0.007722199
1149,60,25,0.29021505,0.2825119,0.0077031553
737,7,2,0.28248748,0.27482617,0.007661313
893,63,8,0.27785316,0.27021292,0.0076402426
710,46,0,0.28225082,0.27463382,0.0076169968
63,2,73,0.27838725,0.27081153,0.0075757205
780,47,4,0.28056672,0.27303535,0.0075313747
1386,72,63,0.27823448,0.27078015,0.0074543357
446,24,73,0.2817373,0.27429086,0.007446438
842,12,7,0.28229004,0.27487782,0.007412225
257,13,18,0.2773198,0.269913,0.007406801
408,22,35,0.286444,0.27906758,0.0073764324
944,59,12,0.27991217,0.2726165,0.007295668
58,2,57,0.28138703,0.27412063,0.0072664022
214,10,31,0.2842034,0.27693942,0.0072639883
207,9,62,0.28201947,0.2748041,0.0072153807
1195,59,27,0.2792808,0.27215928,0.007121533
524,28,67,0.28049916,0.27337992,0.0071192384
995,54,16,0.283188,0.27608126,0.0071067214
1029,71,18,0.27813977,0.27104226,0.0070975125
1170,53,26,0.27993044,0.2728394,0.0070910454
389,21,60,0.284099,0.27701518,0.007083833
431,22,73,0.27501863,0.26800573,0.0070129037
1196,63,27,0.2793207,0.27243218,0.006888509
1366,74,53,0.28647783,0.279595,0.0068828464
818,20,6,0.27984652,0.27299035,0.0068561733
26,1,59,0.2838764,0.2770267,0.0068496764
139,6,71,0.27768397,0.27086437,0.006819606
120,6,19,0.2793818,0.27264336,0.006738454
186,8,40,0.28336027,0.27663362,0.0067266524
274,14,60,0.2808909,0.27418545,0.006705463
226,11,62,0.28504083,0.27836007,0.006680757
1168,49,26,0.2833124,0.2766371,0.006675303
1224,71,28,0.28532326,0.27865094,0.0066723228
542,30,52,0.28087443,0.2743038,0.006570637
443,24,66,0.27721098,0.2706898,0.006521195
118,6,13,0.27935565,0.2728639,0.0064917505
382,21,39,0.27872568,0.27223802,0.0064876676
422,22,59,0.28240147,0.2759199,0.006481558
221,10,51,0.2799864,0.2735295,0.0064569116
1193,55,27,0.27436072,0.26793554,0.006425172
521,28,64,0.27838755,0.27201203,0.0063755214
378,20,72,0.27751017,0.27122742,0.006282747
32,1,67,0.27933073,0.27310303,0.006227702
642,47,75,0.27989984,0.27368423,0.006215602
341,19,50,0.27498847,0.26877448,0.006213993
391,21,64,0.27451196,0.268304,0.0062079728
1145,41,25,0.28342962,0.2772237,0.0062059164
833,66,6,0.27912092,0.27292112,0.006199807
86,4,57,0.27396062,0.26786977,0.0060908496
618,41,53,0.27948758,0.2734068,0.0060807765
819,22,6,0.28257218,0.27649656,0.0060756207
1373,61,55,0.27836904,0.2723122,0.006056845
765,9,4,0.2777053,0.27166063,0.006044686
1002,20,17,0.28109962,0.27510884,0.0059907734
758,71,2,0.27556485,0.26958108,0.00598377
127,6,47,0.28417695,0.27821407,0.0059628785
1344,63,49,0.2878031,0.28185025,0.005952865
639,47,57,0.28309217,0.27714065,0.005951524
803,59,5,0.27669236,0.2708108,0.005881548
1228,75,28,0.28170845,0.27585045,0.005858004
383,21,40,0.28465056,0.27883965,0.0058109164
1217,60,28,0.28945675,0.28366166,0.0057950914
651,50,65,0.27896258,0.27318293,0.005779654
475,26,57,0.2781809,0.2724981,0.0056827962
319,18,33,0.27836987,0.27270225,0.005667627
1227,74,28,0.29570854,0.29008693,0.005621612
946,64,12,0.2767056,0.27110973,0.005595863
1140,66,24,0.27873036,0.27314517,0.0055851936
667,53,61,0.2809486,0.2753647,0.005583912
1250,73,30,0.27924368,0.2736703,0.005573392
430,22,72,0.28147823,0.27591503,0.0055631995
637,47,54,0.28320265,0.27764118,0.005561471
602,38,63,0.27791002,0.27235273,0.0055572987
977,70,14,0.27334452,0.26783463,0.005509883
101,5,49,0.28004962,0.2745799,0.0054697096
1098,27,22,0.27978492,0.2743366,0.0054483116
269,14,40,0.28181243,0.27637368,0.005438745
779,37,4,0.28499466,0.27956548,0.0054291785
82,4,37,0.2839579,0.2785765,0.0053814054
178,8,30,0.27935946,0.27399805,0.005361408
514,28,50,0.27980748,0.2744538,0.005353689
318,18,32,0.27334923,0.2680317,0.005317539
1023,51,18,0.28577095,0.280479,0.005291939
28,1,62,0.2808039,0.27551833,0.005285561
404,22,31,0.28624982,0.28096834,0.005281478
35,1,71,0.27348983,0.26821092,0.005278915
275,14,64,0.2824363,0.27718905,0.005247265
405,22,32,0.2804449,0.27519804,0.005246848
1030,72,18,0.27858835,0.27337995,0.005208403
60,2,67,0.27528366,0.27008247,0.0052011907
1273,66,33,0.28001446,0.27482253,0.005191922
335,19,27,0.2747901,0.2696063,0.005183816
952,73,12,0.27839893,0.27321833,0.0051805973
954,18,13,0.279168,0.27402568,0.005142331
199,8,72,0.28196344,0.2768445,0.0051189363
277,14,66,0.27301586,0.26789975,0.005116105
1267,50,33,0.2786883,0.27357662,0.0051116943
1198,66,27,0.27445778,0.26936057,0.0050972104
1288,53,35,0.2846897,0.27960986,0.0050798357
67,4,7,0.2789776,0.27391383,0.005063772
1258,71,31,0.27823657,0.2731829,0.005053669
1108,39,22,0.2794321,0.27437985,0.0050522387
845,18,7,0.27304178,0.26799017,0.005051613
1034,39,19,0.27937567,0.27432743,0.005048245
1197,64,27,0.27880108,0.27375624,0.0050448477
634,45,62,0.2756304,0.27058834,0.005042076
124,6,33,0.27937105,0.27434433,0.005026728
89,4,71,0.27551016,0.27049345,0.0050167143
941,53,12,0.27538675,0.2704103,0.0049764514
595,35,67,0.27387622,0.26890564,0.0049705803
69,4,10,0.2778085,0.27284056,0.004967928
196,8,63,0.2760652,0.2711423,0.0049228966
1051,73,19,0.27834055,0.2734202,0.0049203336
387,21,50,0.27894482,0.2740474,0.0048974156
523,28,66,0.2827893,0.27791116,0.0048781335
584,34,67,0.2789635,0.27411637,0.004847139
990,67,15,0.28244397,0.27759698,0.00484699
21,1,27,0.2825596,0.27772868,0.0048309267
1095,73,21,0.27784303,0.27302563,0.0048173964
668,53,72,0.2786708,0.27385527,0.004815519
88,4,67,0.27906603,0.2742535,0.0048125386
372,20,59,0.28096116,0.2761579,0.00480327
1038,50,19,0.2779387,0.27317226,0.0047664344
684,58,75,0.28868237,0.2839249,0.004757464
516,28,52,0.2769544,0.27219957,0.0047548413
939,51,12,0.28124428,0.27650255,0.0047417283
932,32,12,0.2810744,0.2763355,0.004738897
30,1,65,0.2731055,0.2683676,0.0047379136
1308,47,40,0.2829247,0.27819124,0.004733473
198,8,71,0.27822968,0.2735035,0.0047261715
456,25,67,0.27090195,0.2661929,0.004709035
1081,41,21,0.27758083,0.2728728,0.004708022
332,18,71,0.2756435,0.27093726,0.0047062337
1326,71,42,0.2756818,0.2709825,0.00469929
80,4,34,0.27544487,0.27075243,0.0046924353
13,0,46,0.28076264,0.27608317,0.0046794713
1238,51,30,0.28219494,0.27752343,0.004671514
1121,63,22,0.279563,0.2748994,0.0046636164
490,27,42,0.2773126,0.2726499,0.0046626925
934,35,12,0.27645895,0.27181032,0.004648626
854,38,7,0.28222296,0.27759343,0.0046295226
548,30,64,0.28077006,0.2761415,0.004628569
621,42,47,0.27728802,0.27268603,0.004601985
715,7,1,0.27637812,0.27179366,0.0045844615
1334,54,47,0.2790167,0.2744537,0.004563004
440,24,59,0.2762722,0.27172,0.0045522153
352,19,71,0.27942464,0.27488545,0.0045391917
25,1,46,0.2806062,0.27607778,0.004528433
955,22,13,0.27416137,0.26963505,0.004526317
212,10,27,0.2771725,0.2726651,0.0045073926
533,29,64,0.29634348,0.29186165,0.0044818223
193,8,53,0.27942464,0.27497345,0.0044511855
1154,70,25,0.27843595,0.27399033,0.0044456124
326,18,51,0.27646902,0.27202758,0.00444144
452,25,60,0.28441694,0.2800294,0.0043875575
1363,56,53,0.27539706,0.2710345,0.0043625534
967,41,14,0.28512672,0.28077614,0.004350573
886,49,8,0.2791938,0.2748507,0.0043430924
674,55,56,0.28879076,0.28446844,0.00432232
1077,75,20,0.2754085,0.2711104,0.0042981207
728,66,1,0.27586666,0.27157822,0.004288435
119,6,18,0.27942568,0.27517286,0.004252821
282,14,72,0.27889845,0.27464768,0.004250765
176,8,27,0.27542958,0.27118483,0.004244745
76,4,30,0.27130413,0.26709428,0.0042098463
1342,52,49,0.28000572,0.2757967,0.004209012
190,8,50,0.28086114,0.27665237,0.0042087734
295,15,71,0.27967772,0.27547136,0.0042063594
695,67,74,0.27551267,0.27131474,0.0041979253
165,7,64,0.28016105,0.27596524,0.0041958094
1053,75,19,0.27746773,0.27327833,0.004189402
248,12,63,0.2787274,0.27454358,0.004183829
1088,64,21,0.27957347,0.27540505,0.004168421
9,0,27,0.27932224,0.27517378,0.0041484535
777,34,4,0.2825127,0.27837422,0.0041384697
342,19,52,0.2776665,0.27353457,0.004131943
1274,67,33,0.27765775,0.27353817,0.004119575
1315,53,41,0.2816073,0.2774894,0.004117906
964,38,14,0.2790096,0.27489427,0.004115343
795,38,5,0.2850824,0.28097674,0.0041056573
587,35,39,0.27841452,0.27431142,0.0041030943
1141,67,24,0.28732634,0.2832243,0.0041020215
1173,59,26,0.2827553,0.27870163,0.0040536523
462,26,27,0.27665818,0.2726184,0.0040397644
420,22,55,0.27705148,0.2730474,0.004004091
300,16,61,0.2744807,0.27048093,0.0039997697
598,38,49,0.27985024,0.27588078,0.0039694607
899,10,9,0.28073925,0.27677104,0.003968209
1156,72,25,0.28159657,0.2776286,0.0039679706
471,26,49,0.27946937,0.27550474,0.0039646327
885,47,8,0.28183594,0.27790195,0.003933996
1244,61,30,0.27924708,0.27532142,0.0039256513
1205,75,27,0.2825154,0.2786315,0.0038838983
908,16,10,0.2772189,0.27334753,0.0038713813
981,75,14,0.2813375,0.27747732,0.0038601756
210,10,12,0.2764775,0.27261883,0.0038586557
225,11,18,0.28652313,0.2827081,0.003815025
657,52,54,0.2805235,0.27673143,0.0037920773
1302,53,39,0.28003713,0.2762687,0.003768444
458,25,71,0.27726027,0.27350286,0.0037574172
1279,64,34,0.2771163,0.27337366,0.0037426353
891,55,8,0.28245047,0.2787189,0.0037315786
457,25,70,0.27905342,0.27532426,0.0037291646
1104,34,22,0.2746417,0.27092493,0.0037167668
1090,66,21,0.27118748,0.26749307,0.003694415
350,19,69,0.28042847,0.27677205,0.0036564171
1138,61,24,0.27851033,0.27485612,0.0036542118
4,0,17,0.2740789,0.27043754,0.003641367
145,7,12,0.27292833,0.2692988,0.0036295354
1041,59,19,0.27955654,0.27596593,0.0035906136
87,4,63,0.2773131,0.2737314,0.0035817027
739,12,2,0.28114867,0.277568,0.0035806596
877,32,8,0.2789028,0.27536437,0.0035384297
683,57,67,0.2792477,0.27574044,0.0035072565
1271,64,33,0.27463582,0.27116036,0.0034754574
1392,74,67,0.29126468,0.2878197,0.0034449697
1146,45,25,0.27476293,0.27132365,0.0034392774
169,7,73,0.27218252,0.26876563,0.0034168959
599,38,51,0.28792065,0.28450996,0.003410697
268,14,39,0.27841386,0.2750375,0.0033763647
181,8,33,0.27511087,0.27173814,0.0033727288
873,27,8,0.27401128,0.27065063,0.003360659
110,5,70,0.2763246,0.27296862,0.00335598
348,19,66,0.2820602,0.2787077,0.003352493
740,27,2,0.2767792,0.27342808,0.0033511221
1036,41,19,0.28264102,0.27929422,0.0033468008
109,5,66,0.27842888,0.27511978,0.0033091009
843,13,7,0.28313375,0.27984312,0.0032906234
232,12,20,0.27473846,0.27145502,0.003283441
1151,65,25,0.27673042,0.27345344,0.003276974
1118,57,22,0.28199852,0.2787406,0.0032579005
424,22,63,0.28584042,0.2825832,0.003257215
506,27,73,0.2774848,0.2742698,0.003215015
85,4,55,0.27818608,0.2749879,0.0031981766
1150,64,25,0.27570018,0.27250525,0.0031949282
1122,64,22,0.27826765,0.27508637,0.0031812787
797,47,5,0.27693608,0.2737571,0.003178984
17,0,75,0.2750723,0.2719096,0.0031627119
1006,45,17,0.27940956,0.27626115,0.0031484067
331,18,67,0.27875593,0.27560905,0.0031468868
434,23,60,0.28663012,0.28349623,0.003133893
1164,41,26,0.2798627,0.27673265,0.0031300485
813,9,6,0.28178498,0.27870047,0.0030845106
1137,59,24,0.2782147,0.27514935,0.0030653477
390,21,62,0.27481532,0.2717519,0.0030634105
1304,59,39,0.28090847,0.2779029,0.0030055642
482,26,67,0.27985504,0.2768504,0.0030046403
1076,73,20,0.27721635,0.2742167,0.0029996336
386,21,46,0.2764974,0.2735275,0.0029698908
929,20,12,0.27987525,0.27691048,0.0029647648
951,72,12,0.28195915,0.2790472,0.0029119551
1353,53,52,0.27583098,0.27292758,0.0029034019
936,42,12,0.27717584,0.27427408,0.0029017627
708,32,0,0.2764781,0.27361763,0.0028604865
1218,64,28,0.28005663,0.27720344,0.002853185
1265,71,32,0.27768582,0.27483925,0.0028465688
104,5,55,0.27684194,0.27400494,0.0028370023
1067,46,20,0.27420416,0.27137452,0.002829641
574,33,64,0.28616163,0.2833386,0.002823025
660,52,63,0.27783164,0.27501523,0.0028164089
1049,71,19,0.2753011,0.27250665,0.0027944446
260,13,33,0.27548409,0.27271998,0.0027641058
1143,73,24,0.28201002,0.27924907,0.0027609468
111,5,72,0.27329522,0.27055958,0.0027356446
211,10,16,0.27878767,0.2760534,0.0027342737
70,4,11,0.27610216,0.27339542,0.0027067363
23,1,41,0.28498188,0.2822862,0.0026956797
1349,52,51,0.27449983,0.27181894,0.0026808977
202,9,10,0.27905488,0.27643317,0.0026217103
160,7,51,0.27849758,0.27589074,0.002606839
648,49,67,0.27358696,0.27099186,0.0025950968
230,12,17,0.2799484,0.2773583,0.0025901198
522,28,65,0.273088,0.270506,0.0025820136
327,18,52,0.2735644,0.27098405,0.0025803447
399,21,75,0.27483696,0.27228183,0.002555132
752,51,2,0.28251857,0.27998257,0.0025359988
591,35,53,0.28139493,0.27887005,0.0025248826
419,22,53,0.27927783,0.27676004,0.0025177896
209,10,11,0.28104466,0.27855188,0.0024927855
143,7,8,0.2744583,0.2719823,0.002475977
433,22,75,0.27632815,0.27385893,0.0024692118
1311,55,40,0.27930313,0.2768534,0.002449721
360,20,24,0.27810422,0.27565578,0.0024484396
566,32,66,0.28544888,0.28305885,0.002390027
1024,52,18,0.2809422,0.27856037,0.0023818314
747,36,2,0.27456275,0.27220482,0.00235793
334,19,20,0.2733089,0.270968,0.0023409128
1068,52,20,0.2754792,0.27315646,0.0023227334
1356,58,52,0.29106158,0.2887548,0.0023067892
1307,67,39,0.2755624,0.27327818,0.0022842288
869,11,8,0.28201205,0.27973202,0.0022800267
403,22,30,0.27559546,0.2733393,0.002256155
1283,73,34,0.2780744,0.27583042,0.0022439957
485,26,73,0.27779981,0.2755601,0.0022397041
99,5,46,0.27976358,0.27752978,0.0022338033
898,75,8,0.2793858,0.27715498,0.002230823
982,20,15,0.27883998,0.27662045,0.002219528
77,4,31,0.28160286,0.27938506,0.0022177994
83,4,47,0.27358538,0.27136767,0.00221771
857,51,7,0.27700943,0.27479228,0.0022171438
388,21,59,0.28076357,0.2785468,0.0022167563
276,14,65,0.2783836,0.276167,0.0022166073
536,29,72,0.2904139,0.28819984,0.0022140443
1249,72,30,0.27903143,0.2768378,0.0021936297
879,34,8,0.27546123,0.27326873,0.0021924973
1312,63,40,0.2806233,0.27845332,0.0021699667
239,12,42,0.2788805,0.27671745,0.0021630526
1110,41,22,0.2823139,0.28016585,0.002148062
324,18,42,0.27486444,0.2727195,0.0021449327
1335,56,47,0.28522465,0.28310114,0.0021235049
406,22,33,0.27947646,0.27735406,0.0021224022
253,12,71,0.27784157,0.27571988,0.002121687
329,18,57,0.2741455,0.272032,0.002113521
1316,55,41,0.28131318,0.27924344,0.0020697415
142,6,75,0.27571243,0.2736568,0.002055645
919,57,10,0.27684608,0.27479824,0.0020478368
281,14,71,0.2768153,0.27476844,0.0020468533
18,1,7,0.28150398,0.2795042,0.0019997656
735,4,2,0.27703026,0.27505887,0.0019713938
1111,42,22,0.27573293,0.27376536,0.0019675791
1157,73,25,0.2752453,0.2733355,0.0019098222
1174,60,26,0.27716368,0.27526852,0.0018951595
961,27,14,0.2774532,0.27557933,0.0018738806
585,34,71,0.27653414,0.27466407,0.0018700659
192,8,52,0.27366322,0.2718071,0.0018561184
1074,71,20,0.27893278,0.2770827,0.0018500686
71,4,12,0.2778622,0.2760232,0.0018389821
1114,49,22,0.28354862,0.2817358,0.0018128157
927,17,12,0.2800588,0.2782603,0.0017985106
317,18,31,0.27828005,0.2764958,0.0017842352
235,12,32,0.28039116,0.27860886,0.0017822981
59,2,58,0.27841458,0.2766384,0.0017761886
270,14,41,0.28071907,0.2789547,0.0017643571
1262,64,32,0.27859932,0.2768361,0.0017632246
146,7,13,0.28310823,0.28137705,0.0017311871
1354,54,52,0.2761276,0.2744149,0.0017127097
802,57,5,0.26994503,0.26826045,0.0016845763
94,5,30,0.27892402,0.27724326,0.0016807616
157,7,38,0.27848864,0.2768086,0.0016800463
1022,50,18,0.2741979,0.2725239,0.0016739964
159,7,47,0.28066114,0.27900293,0.0016582012
1293,42,38,0.27684554,0.27518776,0.001657784
531,28,75,0.2761146,0.27447307,0.0016415417
349,19,67,0.2779762,0.27633515,0.0016410649
1222,69,28,0.27477115,0.27315944,0.0016117096
195,8,57,0.28113326,0.2795244,0.0016088784
732,71,1,0.27532187,0.27372795,0.0015939176
168,7,72,0.27568004,0.2741006,0.0015794337
707,28,0,0.28087273,0.27930292,0.0015698075
786,71,4,0.27981532,0.27824855,0.0015667677
810,75,5,0.27801198,0.2764509,0.0015610754
1321,53,42,0.27209857,0.2705379,0.0015606582
152,7,27,0.27542987,0.27386937,0.0015605092
636,47,52,0.27193952,0.27038237,0.0015571415
519,28,59,0.2774929,0.27594134,0.0015515685
804,63,5,0.27227086,0.2707262,0.0015446544
1367,75,53,0.2812404,0.27970526,0.0015351474
760,73,2,0.2807757,0.279267,0.001508683
131,6,53,0.27920422,0.27770582,0.0014984012
606,39,55,0.2778893,0.27644083,0.0014484823
1314,47,41,0.28360406,0.2821678,0.0014362633
855,42,7,0.27674893,0.27534226,0.0014066696
935,36,12,0.28247428,0.28107476,0.0013995171
489,27,35,0.282722,0.28132942,0.0013925731
850,28,7,0.2800556,0.278691,0.0013646185
661,52,67,0.27015743,0.26883888,0.0013185441
784,63,4,0.27708554,0.27576974,0.0013158023
135,6,64,0.28020787,0.27889645,0.0013114214
1254,53,31,0.28396434,0.28267285,0.0012914836
607,39,59,0.27740768,0.2761237,0.0012839735
720,41,1,0.27728942,0.2760191,0.001270324
517,28,53,0.27347523,0.27222103,0.0012542009
224,10,72,0.2708244,0.26961383,0.0012105703
1073,70,20,0.27834627,0.27714482,0.0012014508
748,40,2,0.28299385,0.28180063,0.0011932254
989,66,15,0.27905098,0.27786055,0.001190424
552,30,72,0.278774,0.2775917,0.0011822879
1255,64,31,0.2738689,0.2726955,0.001173377
734,75,1,0.28327677,0.28210738,0.0011693835
1352,67,51,0.2835339,0.28237772,0.0011561811
454,25,65,0.27465308,0.27350637,0.001146704
52,2,42,0.2793428,0.27821535,0.0011274517
306,17,22,0.27751675,0.27639338,0.0011233687
1329,53,44,0.28233254,0.28121167,0.0011208653
302,16,69,0.28404006,0.28293356,0.0011065006
1043,64,19,0.2711639,0.27008313,0.0010807812
1089,65,21,0.27446362,0.27338302,0.0010806024
251,12,67,0.2779484,0.27687842,0.0010699928
273,14,59,0.2764747,0.27540916,0.0010655522
74,4,22,0.27136996,0.27030456,0.0010654032
188,8,47,0.27280706,0.27174413,0.0010629296
1031,20,19,0.27560213,0.27456892,0.0010332167
1,0,7,0.27709547,0.27607724,0.0010182261
237,12,35,0.28040034,0.279389,0.0010113418
481,26,66,0.27728423,0.27627754,0.0010066926
1211,50,28,0.2780304,0.27704668,0.000983715
1332,65,45,0.27981165,0.27883288,0.0009787679
812,8,6,0.27386874,0.2729135,0.00095525384
1231,67,29,0.28138432,0.28044063,0.00094369054
1021,42,18,0.27616358,0.27523202,0.000931561
701,17,0,0.27584618,0.2749217,0.00092449784
848,23,7,0.27801344,0.27709204,0.0009213984
447,25,40,0.27907148,0.27816188,0.0009095967
242,12,51,0.2784429,0.27753645,0.00090643764
973,65,14,0.27323198,0.2723345,0.00089749694
459,25,72,0.28017297,0.27931106,0.00086191297
227,12,13,0.27543706,0.2745836,0.0008534491
755,57,2,0.27686203,0.27602008,0.0008419454
738,9,2,0.27436626,0.2735307,0.0008355677
1246,66,30,0.27688536,0.27606374,0.0008216202
1005,27,17,0.2822334,0.2814118,0.0008215904
1243,59,30,0.2727282,0.271914,0.00081419945
1052,74,19,0.29200733,0.2911969,0.00081041455
1376,75,55,0.27998978,0.27918264,0.0008071363
829,55,6,0.27576435,0.27496865,0.0007956922
680,56,63,0.27677009,0.27597994,0.000790149
200,8,73,0.28125036,0.2804673,0.000783056
313,17,68,0.2796126,0.2788642,0.0007483959
5,0,20,0.27385277,0.27311504,0.0007377267
15,0,69,0.27909443,0.2783739,0.00072053075
476,26,59,0.27798337,0.27727905,0.0007043183
359,20,23,0.2765019,0.27580163,0.00070026517
926,15,12,0.2762503,0.2755837,0.00066658854
444,24,67,0.28102404,0.28037497,0.0006490648
3,0,16,0.27954096,0.27890697,0.0006339848
1269,59,33,0.28138214,0.28076383,0.0006183088
136,6,66,0.27713346,0.2765186,0.0006148517
889,52,8,0.27760977,0.27699557,0.00061419606
1371,56,55,0.2779845,0.27738753,0.0005969703
948,67,12,0.2861283,0.2855423,0.00058600307
1062,30,20,0.2765382,0.27595672,0.0005814731
1282,71,34,0.28109172,0.28053045,0.00056126714
1007,46,17,0.28208405,0.28154156,0.0005424917
493,27,51,0.27278343,0.27224118,0.00054225326
920,67,10,0.2880194,0.28748086,0.00053852797
624,42,53,0.2745803,0.27404466,0.00053563714
20,1,22,0.27411658,0.27359188,0.0005246997
597,38,47,0.27723852,0.27672192,0.00051659346
673,54,67,0.27901143,0.27851054,0.00050088763
790,20,5,0.27142572,0.27093664,0.0004890859
1027,63,18,0.27304232,0.2725596,0.00048270822
315,18,27,0.27625793,0.27578294,0.0004749894
177,8,29,0.27658525,0.27612683,0.00045841932
340,19,46,0.27622932,0.27577537,0.00045394897
1257,67,31,0.27878222,0.27834958,0.0004326403
379,20,73,0.27702194,0.27659088,0.0004310608
172,8,11,0.28361848,0.28328806,0.00033041835
238,12,36,0.28088135,0.28056118,0.00032016635
1328,75,42,0.27748284,0.2772232,0.00025963783
218,10,35,0.27807784,0.2778228,0.00025504827
518,28,57,0.27294233,0.27269715,0.0002451837
656,52,53,0.27160352,0.2713617,0.00024181604
468,26,42,0.2726468,0.2724207,0.00022611022
862,64,7,0.27821127,0.27799347,0.00021779537
841,9,7,0.27650794,0.2763259,0.00018203259
1120,60,22,0.2753057,0.275124,0.00018167496
1039,52,19,0.27937177,0.2791934,0.0001783669
568,32,71,0.27623883,0.2760732,0.00016564131
234,12,31,0.27659768,0.276439,0.00015866756
610,39,67,0.27482155,0.27467126,0.00015029311
643,48,51,0.27714977,0.27701515,0.00013461709
31,1,66,0.27762598,0.2774914,0.00013458729
1345,67,49,0.2760327,0.27591175,0.000120937824
1374,70,55,0.26987147,0.26975152,0.00011995435
445,24,71,0.27657866,0.27646032,0.00011834502
1268,52,33,0.27476493,0.27466646,9.846687e-05
671,54,55,0.27993625,0.27985746,7.879734e-05
866,73,7,0.2790782,0.2790143,6.389618e-05
986,46,15,0.27877182,0.27872518,4.6640635e-05
1232,71,29,0.2794674,0.27942902,3.838539e-05
283,14,73,0.27456516,0.27454355,2.1606684e-05
321,18,35,0.27541155,0.27539518,1.6361475e-05
570,33,50,0.28006187,0.28004715,1.4722347e-05
245,12,55,0.2760759,0.27608344,-7.5399876e-06
1278,59,34,0.27848107,0.27849343,-1.2367964e-05
296,15,75,0.27322704,0.27324927,-2.2232533e-05
240,12,47,0.27648294,0.27651823,-3.528595e-05
41,2,9,0.27680534,0.27684173,-3.6388636e-05
415,22,46,0.2788343,0.2788769,-4.258752e-05
460,25,73,0.2720209,0.27206713,-4.6223402e-05
236,12,33,0.27496338,0.27502897,-6.559491e-05
1175,63,26,0.2700779,0.27016655,-8.863211e-05
14,0,62,0.27028817,0.2703916,-0.00010344386
1261,59,32,0.2754219,0.27552673,-0.00010484457
216,10,33,0.27543974,0.27555078,-0.00011104345
727,65,1,0.27876025,0.27888644,-0.00012618303
51,2,40,0.27788118,0.2780081,-0.00012692809
868,9,8,0.2761783,0.27632266,-0.00014436245
384,21,41,0.2826345,0.28280377,-0.00016927719
112,5,73,0.2746408,0.27482355,-0.00018274784
764,7,4,0.27538955,0.2755811,-0.00019153953
492,27,50,0.28035447,0.28054798,-0.00019350648
81,4,35,0.2751456,0.27534547,-0.00019988418
1187,42,27,0.27423465,0.27443603,-0.00020137429
1184,75,26,0.28383383,0.28407103,-0.00023719668
144,7,9,0.27645072,0.27670282,-0.00025209785
596,38,42,0.28154024,0.28179643,-0.00025618076
742,30,2,0.27958733,0.2798472,-0.00025987625
11,0,32,0.27987686,0.28013897,-0.00026211143
1210,46,28,0.2757663,0.27604046,-0.00027415156
788,9,5,0.27716464,0.2774397,-0.00027507544
890,53,8,0.2695006,0.26978615,-0.00028553605
625,42,55,0.2777206,0.27801847,-0.0002978742
1178,66,26,0.27564603,0.2759846,-0.00033855438
19,1,20,0.27897564,0.27932265,-0.00034701824
203,9,18,0.27540505,0.27576315,-0.0003581047
1060,27,20,0.277631,0.2779954,-0.000364393
1017,34,18,0.2766189,0.2769978,-0.00037890673
794,35,5,0.2711406,0.27152693,-0.0003863275
844,17,7,0.27007055,0.27048433,-0.00041377544
252,12,70,0.2711638,0.27158463,-0.0004208386
745,34,2,0.27630323,0.27675337,-0.00045013428
138,6,70,0.27829805,0.27875102,-0.0004529655
806,66,5,0.27747056,0.27793813,-0.00046756864
1084,50,21,0.27511144,0.27558595,-0.00047451258
364,20,28,0.2717812,0.27225593,-0.0004747212
343,19,57,0.27169007,0.27217227,-0.00048220158
826,51,6,0.27541408,0.2758997,-0.00048562884
247,12,59,0.27482116,0.2753162,-0.0004950464
380,20,75,0.27373317,0.27423975,-0.0005065799
663,52,73,0.27581427,0.27632588,-0.00051161647
1129,74,22,0.28269497,0.28321356,-0.0005185902
180,8,32,0.2732735,0.2737992,-0.00052571297
603,38,67,0.27593625,0.27646944,-0.00053319335
316,18,30,0.2783315,0.2788936,-0.0005621016
105,5,57,0.27907723,0.27964047,-0.0005632341
1346,72,49,0.28323665,0.28381902,-0.0005823672
371,20,52,0.27360645,0.27419066,-0.0005842149
822,35,6,0.27619144,0.27678758,-0.00059613585
133,6,57,0.27275816,0.27335665,-0.00059849024
128,6,50,0.28226617,0.28286794,-0.0006017685
858,53,7,0.2751474,0.2757497,-0.00060230494
2,0,15,0.27783468,0.27844405,-0.0006093681
1256,65,31,0.27929088,0.27991527,-0.00062438846
662,52,72,0.2740779,0.2747081,-0.0006301999
1339,75,47,0.2761511,0.27678725,-0.0006361604
659,52,58,0.27729318,0.27793816,-0.00064498186
1219,65,28,0.27127612,0.27194428,-0.00066816807
1309,52,40,0.27497795,0.27564722,-0.00066927075
1338,72,47,0.27328524,0.27395725,-0.00067201257
594,35,63,0.27843282,0.27910846,-0.00067564845
601,38,57,0.27664346,0.2773392,-0.0006957352
84,4,53,0.277753,0.27848566,-0.0007326603
525,28,69,0.27778307,0.27851683,-0.000733763
965,39,14,0.27721062,0.2779585,-0.0007478893
323,18,37,0.2711808,0.2719375,-0.00075668097
1078,27,21,0.276682,0.27744535,-0.0007633567
508,27,75,0.27605352,0.27682605,-0.0007725358
718,27,1,0.27592212,0.27670938,-0.00078725815
1087,62,21,0.27431968,0.27516112,-0.00084143877
975,67,14,0.28047818,0.2813303,-0.000852108
928,18,12,0.27277333,0.27364784,-0.00087451935
265,14,28,0.27441552,0.27530846,-0.0008929372
678,55,72,0.27749565,0.27840135,-0.0009056926
140,6,72,0.27727732,0.27819684,-0.00091952085
113,5,75,0.27976555,0.28069043,-0.0009248853
1066,38,20,0.2793772,0.2803043,-0.00092712045
293,15,67,0.27175796,0.27268514,-0.00092718005
835,70,6,0.27829257,0.27923426,-0.0009416938
220,10,50,0.26879084,0.26973268,-0.0009418428
48,2,34,0.2759393,0.2769261,-0.0009868145
137,6,67,0.27243397,0.27342895,-0.0009949803
166,7,65,0.27867115,0.27967104,-0.0009998977
652,51,52,0.2789102,0.2799196,-0.0010094047
712,69,0,0.27747625,0.27849627,-0.0010200143
448,25,41,0.2786816,0.2797351,-0.0010534823
534,29,67,0.2751694,0.27624637,-0.0010769665
507,27,74,0.2784928,0.27960855,-0.0011157393
605,39,53,0.27608895,0.2772083,-0.0011193454
1245,64,30,0.26985276,0.27099335,-0.0011405945
847,21,7,0.2713512,0.2724984,-0.0011472106
39,2,6,0.2795028,0.28066227,-0.0011594594
223,10,67,0.2733861,0.2745515,-0.0011654198
730,69,1,0.27495754,0.276124,-0.0011664629
397,21,72,0.27765268,0.27881926,-0.0011665821
711,62,0,0.2772515,0.27843043,-0.0011789203
940,52,12,0.2763571,0.27755722,-0.0012001097
1287,51,35,0.2728008,0.27400398,-0.0012031794
766,10,4,0.27485234,0.27606747,-0.0012151301
638,47,56,0.2767658,0.2780057,-0.0012398958
787,72,4,0.27656344,0.2778073,-0.0012438595
362,20,26,0.2785481,0.27979407,-0.0012459755
1333,52,47,0.27526405,0.27652058,-0.0012565255
736,6,2,0.27896732,0.28022426,-0.0012569427
503,27,70,0.27875707,0.28001985,-0.001262784
367,20,33,0.27248126,0.27377224,-0.001290977
1161,35,26,0.27573362,0.2770263,-0.0012926757
376,20,70,0.27596307,0.2772587,-0.0012956262
805,64,5,0.274826,0.2761237,-0.0012977123
299,16,56,0.28568923,0.28699055,-0.0013013184
1102,32,22,0.27674678,0.27806455,-0.0013177693
846,20,7,0.27238214,0.27374852,-0.0013663769
925,14,12,0.27611157,0.27748856,-0.0013769865
963,32,14,0.27080992,0.27218965,-0.0013797283
115,6,8,0.27356955,0.2749844,-0.0014148355
949,70,12,0.27776822,0.2791857,-0.0014174879
968,46,14,0.2732839,0.27470663,-0.0014227331
130,6,52,0.2770473,0.27851576,-0.0014684498
971,60,14,0.28181168,0.28328162,-0.00146994
365,20,30,0.2775514,0.2790229,-0.0014714897
1128,73,22,0.2764684,0.27795586,-0.0014874637
1385,70,63,0.27293524,0.27444932,-0.0015140772
1166,46,26,0.26881173,0.27034158,-0.0015298426
504,27,71,0.2782948,0.27982503,-0.00153023
149,7,20,0.2736866,0.27522376,-0.001537174
1253,50,31,0.2707722,0.27231452,-0.0015423298
1357,63,52,0.27669206,0.2782496,-0.001557529
47,2,33,0.27197444,0.27356142,-0.0015869737
1117,55,22,0.27551326,0.2771076,-0.0015943348
675,55,57,0.2794608,0.28105906,-0.0015982687
1337,67,47,0.27052274,0.27213794,-0.0016151965
1252,47,31,0.27257973,0.27421883,-0.0016390979
1115,51,22,0.27583376,0.27747485,-0.0016410947
702,20,0,0.26915812,0.2708007,-0.0016425848
867,75,7,0.27362266,0.27528527,-0.001662612
811,7,6,0.27293876,0.27460235,-0.0016635954
729,67,1,0.28253108,0.28420237,-0.0016712844
78,4,32,0.2794836,0.28116208,-0.0016784966
308,17,27,0.27837095,0.28006437,-0.0016934276
1317,63,41,0.27417874,0.2758829,-0.0017041564
691,64,65,0.27320114,0.27496248,-0.001761347
54,2,50,0.2752499,0.277031,-0.001781106
1162,38,26,0.27148014,0.2732658,-0.0017856658
1171,55,26,0.274408,0.27620143,-0.0017934144
189,8,49,0.27727512,0.27908236,-0.0018072426
1391,72,67,0.27398363,0.2758043,-0.0018206835
284,14,75,0.27736703,0.2792033,-0.0018362701
609,39,65,0.28154764,0.28338477,-0.0018371344
837,72,6,0.27440917,0.2762652,-0.001856029
1260,46,32,0.2778961,0.2797534,-0.0018572807
1362,54,53,0.27476314,0.27662775,-0.0018646121
421,22,57,0.27634147,0.27821177,-0.0018703043
546,30,59,0.28401172,0.2858881,-0.001876384
1235,35,30,0.2781682,0.28008515,-0.001916945
1319,50,42,0.27371013,0.2756279,-0.0019177794
55,2,51,0.2735161,0.27544716,-0.0019310713
336,19,38,0.2763874,0.2783206,-0.001933217
1192,53,27,0.27671725,0.278651,-0.0019337535
593,35,57,0.27567416,0.27762297,-0.0019488037
1158,75,25,0.2768624,0.27887625,-0.0020138323
970,59,14,0.2764008,0.27842742,-0.0020266175
244,12,53,0.26934087,0.27136853,-0.0020276606
641,47,72,0.26989743,0.27193433,-0.0020368993
733,73,1,0.27586094,0.27790263,-0.0020416975
1172,57,26,0.27848375,0.28052625,-0.0020425022
1285,47,35,0.27305216,0.27510402,-0.00205186
922,18,11,0.28188223,0.28394115,-0.0020589232
1226,73,28,0.27497008,0.27702996,-0.002059877
173,8,12,0.27323624,0.27531323,-0.0020769835
162,7,55,0.2723596,0.27443746,-0.0020778477
1242,57,30,0.27369344,0.27578014,-0.002086699
418,22,51,0.27011302,0.27223638,-0.0021233559
116,6,9,0.27164063,0.27377278,-0.0021321476
1004,26,17,0.2803281,0.28246477,-0.0021366775
703,22,0,0.2805581,0.2826999,-0.0021418035
470,26,47,0.2778628,0.2800258,-0.0021630228
37,1,75,0.2750579,0.2772248,-0.002166897
631,42,75,0.27604622,0.27821976,-0.002173543
808,72,5,0.278244,0.28043392,-0.0021899343
953,75,12,0.2765989,0.27879107,-0.0021921694
10,0,28,0.27725786,0.27945969,-0.0022018254
1355,57,52,0.2721095,0.27434218,-0.0022326708
653,51,55,0.27337652,0.27562904,-0.0022525191
8,0,26,0.26936725,0.27162096,-0.0022537112
46,2,31,0.27341214,0.27568245,-0.0022703111
1127,72,22,0.2748507,0.2771511,-0.0023004115
856,47,7,0.2731974,0.2755019,-0.0023044944
914,34,10,0.27261287,0.27492714,-0.0023142695
280,14,70,0.27552417,0.2778393,-0.0023151338
743,31,2,0.28043723,0.28275403,-0.0023168027
1388,65,64,0.268953,0.2713051,-0.0023521185
243,12,52,0.27502012,0.2773775,-0.0023573637
286,15,22,0.27551472,0.2779083,-0.0023935735
904,62,9,0.280778,0.28318414,-0.00240615
1065,34,20,0.27372935,0.27614623,-0.002416879
1225,72,28,0.27438068,0.2768219,-0.0024412274
320,18,34,0.27427688,0.2767352,-0.0024583042
1094,72,21,0.27646947,0.2789414,-0.0024719238
208,9,75,0.27660623,0.27908444,-0.0024782121
480,26,65,0.27431554,0.27680197,-0.0024864376
1364,61,53,0.27288017,0.27538553,-0.002505362
1014,31,18,0.28437898,0.28688675,-0.002507776
578,33,71,0.2757247,0.27824527,-0.0025205612
913,33,10,0.28208703,0.28462082,-0.0025337934
351,19,70,0.2764736,0.27901694,-0.0025433302
1299,63,38,0.27146614,0.27401605,-0.0025499165
158,7,42,0.27537864,0.2779396,-0.0025609434
102,5,51,0.2736293,0.27620345,-0.0025741458
645,49,52,0.28031316,0.28290135,-0.0025881827
1112,46,22,0.2741899,0.27680212,-0.0026122332
1324,63,42,0.2770521,0.27966622,-0.0026141107
679,55,75,0.2794161,0.28203824,-0.0026221275
895,71,8,0.2787745,0.2813993,-0.0026248097
1072,67,20,0.27539632,0.27803126,-0.0026349425
1189,50,27,0.27781796,0.28047177,-0.0026538074
705,26,0,0.27426302,0.2769194,-0.0026563704
1080,40,21,0.28205666,0.2847149,-0.002658248
709,45,0,0.28496158,0.2876267,-0.0026651323
385,21,45,0.27714026,0.2798139,-0.002673626
849,27,7,0.27641523,0.27909404,-0.0026788116
407,22,34,0.28369755,0.28638244,-0.0026848912
658,52,57,0.2730485,0.27574378,-0.0026952922
912,32,10,0.27623641,0.2789324,-0.0026959777
217,10,34,0.27701136,0.27972132,-0.002709955
1368,55,54,0.2782679,0.2809966,-0.0027287006
62,2,72,0.27331242,0.27604806,-0.0027356446
731,70,1,0.27470678,0.27747494,-0.002768159
250,12,66,0.27386624,0.27669343,-0.0028271973
1113,47,22,0.27147037,0.27430502,-0.002834648
1037,46,19,0.27540153,0.2782555,-0.0028539598
1132,61,23,0.272266,0.27512702,-0.002861023
441,24,61,0.27405992,0.27692422,-0.0028643012
356,19,75,0.27595416,0.27885002,-0.0028958619
1216,59,28,0.27075246,0.27364856,-0.0028961003
194,8,55,0.27387702,0.27677444,-0.0028974116
1280,66,34,0.27756372,0.28046328,-0.0028995574
1241,54,30,0.27990213,0.28282568,-0.0029235482
938,50,12,0.27367526,0.2766022,-0.0029269457
90,4,72,0.27889752,0.2818329,-0.0029353797
894,67,8,0.2795836,0.28252122,-0.002937615
1169,51,26,0.27474213,0.27768257,-0.0029404461
398,21,73,0.2744723,0.2774265,-0.0029542148
427,22,66,0.2754312,0.27840206,-0.0029708743
1360,73,52,0.2742271,0.27719906,-0.0029719472
859,55,7,0.27367473,0.27665246,-0.0029777288
1099,28,22,0.27594018,0.2789361,-0.0029959083
1305,63,39,0.2766054,0.27961177,-0.0030063689
769,13,4,0.26996627,0.27297914,-0.0030128658
865,72,7,0.2783532,0.28136665,-0.003013432
980,73,14,0.2783514,0.28137124,-0.0030198395
0,0,1,0.2701619,0.2731865,-0.003024608
73,4,18,0.27112007,0.2741473,-0.0030272305
354,19,73,0.27927855,0.28231028,-0.0030317307
496,27,55,0.27619505,0.27922747,-0.003032416
402,22,28,0.27531594,0.27835,-0.0030340552
7,0,23,0.27589592,0.27898028,-0.0030843616
1058,25,20,0.27563205,0.27874655,-0.0031144917
1331,62,45,0.28287086,0.28599888,-0.003128022
148,7,18,0.27618578,0.27932683,-0.0031410456
801,55,5,0.27274007,0.2758835,-0.0031434298
473,26,53,0.27653217,0.27968132,-0.0031491518
782,55,4,0.2787503,0.2819111,-0.0031608045
213,10,30,0.27454725,0.2777088,-0.0031615496
75,4,27,0.27505907,0.27822217,-0.0031630993
872,23,8,0.27025643,0.27343395,-0.0031775236
50,2,36,0.27475733,0.27794152,-0.0031841993
117,6,10,0.26674595,0.26993275,-0.0031867921
486,26,74,0.2814098,0.28466016,-0.0032503605
721,45,1,0.28050426,0.2837756,-0.0032713413
254,12,72,0.27443334,0.2777114,-0.0032780468
241,12,50,0.2800917,0.28339052,-0.003298819
726,64,1,0.27431393,0.27761993,-0.0033060014
345,19,60,0.2777751,0.28110808,-0.0033329725
64,3,6,0.27507114,0.27844533,-0.0033741891
979,72,14,0.27191478,0.275296,-0.0033812225
903,35,9,0.27427843,0.2776826,-0.0034041703
545,30,57,0.27363974,0.2770665,-0.0034267604
767,11,4,0.2776981,0.28115922,-0.0034611225
551,30,71,0.2675018,0.27096802,-0.0034662187
999,69,16,0.27915013,0.28262997,-0.0034798384
449,25,45,0.27370405,0.27718627,-0.0034822226
1116,53,22,0.27929845,0.2827815,-0.003483057
122,6,22,0.27561158,0.27910846,-0.0034968853
1220,66,28,0.27351394,0.2770119,-0.0034979582
823,42,6,0.27755472,0.2810611,-0.0035063922
498,27,59,0.2775733,0.28111207,-0.0035387874
716,20,1,0.27063313,0.27418178,-0.003548652
880,35,8,0.27262554,0.2761742,-0.003548652
1165,42,26,0.27462944,0.27819392,-0.003564477
38,2,4,0.27575478,0.27934512,-0.0035903454
1160,34,26,0.27353978,0.27713108,-0.003591299
1155,71,25,0.27681085,0.28042543,-0.0036145747
1212,51,28,0.27648023,0.28010005,-0.0036198199
401,22,27,0.278367,0.2820005,-0.0036334991
1069,59,20,0.27641195,0.28004566,-0.0036337078
16,0,70,0.27736503,0.2810159,-0.003650874
655,51,67,0.27966225,0.28333098,-0.0036687255
1378,63,57,0.26872462,0.27240375,-0.0036791265
1336,57,47,0.27079418,0.2744752,-0.003681004
366,20,32,0.27524373,0.27894744,-0.0037037134
461,25,75,0.27825654,0.28196108,-0.0037045479
322,18,36,0.2776364,0.28134987,-0.0037134588
478,26,63,0.27655333,0.2802693,-0.0037159622
201,8,75,0.2706923,0.2744495,-0.0037572086
947,66,12,0.2731666,0.27692717,-0.0037605762
417,22,49,0.28053266,0.28430676,-0.0037741065
107,5,63,0.27462298,0.27840936,-0.003786385
161,7,53,0.27581108,0.27959976,-0.0037886798
289,15,46,0.27297562,0.27681333,-0.0038377047
263,14,24,0.2732391,0.27708498,-0.0038458705
435,23,61,0.27263027,0.276478,-0.0038477182
416,22,47,0.2723806,0.2762357,-0.0038551092
464,26,35,0.27519983,0.27906865,-0.0038688183
549,30,66,0.27586666,0.27974474,-0.0038780868
1032,27,19,0.27545053,0.27934024,-0.0038897097
304,16,75,0.26982656,0.27372548,-0.0038989186
957,33,13,0.28382355,0.28772634,-0.003902793
453,25,64,0.27305904,0.27699324,-0.0039342046
1001,75,16,0.27948222,0.2834245,-0.003942281
996,56,16,0.2768969,0.2808489,-0.0039519966
1092,70,21,0.27445823,0.27843273,-0.0039744973
958,15,14,0.27447382,0.27847603,-0.0040022135
972,64,14,0.27299306,0.27702716,-0.004034102
1147,46,25,0.27016503,0.2742066,-0.0040415823
1230,64,29,0.27938834,0.28343442,-0.0040460825
141,6,73,0.27461705,0.2786687,-0.0040516555
126,6,42,0.27475083,0.27882618,-0.0040753484
1047,69,19,0.27267766,0.27678415,-0.004106492
153,7,28,0.27109027,0.2752099,-0.0041196346
246,12,57,0.2797801,0.2839027,-0.004122615
1322,55,42,0.2791205,0.28324568,-0.004125178
377,20,71,0.2735201,0.27768266,-0.00416255
27,1,60,0.28156418,0.2857425,-0.0041783154
307,17,26,0.276869,0.2810623,-0.004193306
590,35,51,0.27167663,0.27587304,-0.0041964054
36,1,73,0.27334532,0.27754384,-0.0041985214
690,63,75,0.28038895,0.28459424,-0.0042052865
538,30,35,0.27549636,0.2797077,-0.0042113364
228,12,14,0.27440014,0.2786221,-0.004221946
1206,34,28,0.27613702,0.28036416,-0.0042271316
6,0,22,0.27214527,0.27638018,-0.00423491
1347,75,49,0.2769512,0.28119007,-0.0042388737
363,20,27,0.27767906,0.28192303,-0.00424397
45,2,30,0.27148962,0.2757529,-0.004263282
355,19,74,0.27374315,0.27804646,-0.0043033063
966,40,14,0.28087178,0.28517792,-0.0043061376
297,16,23,0.280443,0.28475082,-0.0043078065
528,28,72,0.27323666,0.27757594,-0.0043392777
851,30,7,0.2743561,0.27870765,-0.0043515563
290,15,59,0.27477494,0.2791739,-0.004398972
491,27,47,0.2737999,0.27820185,-0.004401952
1266,47,33,0.27293766,0.2773618,-0.0044241548
191,8,51,0.27228272,0.2767142,-0.004431486
43,2,27,0.27378413,0.27822244,-0.004438311
339,19,41,0.27235445,0.27679834,-0.004443884
581,34,59,0.27432227,0.2787807,-0.0044584274
1351,63,51,0.27459002,0.27907383,-0.004483819
154,7,30,0.27321282,0.27770835,-0.0044955313
266,14,32,0.27072158,0.27524805,-0.004526466
1071,66,20,0.27491537,0.2794649,-0.004549533
495,27,53,0.2721454,0.2767009,-0.0045555234
1298,57,38,0.27428123,0.2788568,-0.0045755804
863,65,7,0.27564734,0.2802277,-0.0045803487
654,51,63,0.27594084,0.2805321,-0.0045912564
1033,38,19,0.27348837,0.27808735,-0.004598975
620,41,63,0.27576208,0.2803616,-0.0045995116
1213,52,28,0.26927024,0.27388823,-0.004617989
832,64,6,0.2717909,0.27640903,-0.004618138
783,57,4,0.2718319,0.27648038,-0.004648477
513,28,46,0.2783753,0.28304166,-0.004666358
1119,59,22,0.26989684,0.27456337,-0.004666537
150,7,21,0.27416962,0.27886894,-0.0046993196
771,22,4,0.2754479,0.28015572,-0.0047078133
554,31,35,0.27988687,0.28459567,-0.0047087967
1350,55,51,0.2734127,0.27812356,-0.004710853
817,19,6,0.27646318,0.28119132,-0.0047281384
565,32,64,0.27705237,0.28178385,-0.0047314763
576,33,66,0.27906284,0.28380728,-0.0047444403
608,39,63,0.27634555,0.28109816,-0.004752606
896,72,8,0.28141847,0.28617904,-0.0047605634
1203,73,27,0.27214366,0.27692106,-0.0047774017
511,28,40,0.27505744,0.2798664,-0.0048089623
134,6,63,0.27568176,0.28049573,-0.004813969
344,19,59,0.27723223,0.28204778,-0.0048155487
439,24,46,0.2754378,0.28025484,-0.004817039
1325,67,42,0.27770886,0.28253496,-0.0048260987
749,42,2,0.28247413,0.28730702,-0.0048328936
1044,65,19,0.27023914,0.27507854,-0.0048393905
1091,67,21,0.28287327,0.28772312,-0.004849851
255,12,73,0.2744381,0.2792918,-0.0048536956
303,16,70,0.27268866,0.27756065,-0.0048719943
628,42,67,0.2764769,0.2813554,-0.004878521
1330,55,44,0.27972454,0.28461984,-0.0048952997
1223,70,28,0.272739,0.2776361,-0.0048971176
1103,33,22,0.27902892,0.28396812,-0.0049391985
959,17,14,0.27447167,0.27941597,-0.0049442947
917,50,10,0.2705456,0.2754936,-0.00494799
1144,40,25,0.280502,0.28550494,-0.0050029457
1019,36,18,0.27832606,0.2833519,-0.005025834
878,33,8,0.28421918,0.28924966,-0.005030483
414,22,42,0.2735052,0.27853674,-0.005031526
775,32,4,0.27638373,0.28141788,-0.0050341487
174,8,13,0.27911323,0.28416488,-0.0050516427
61,2,71,0.27558315,0.28064454,-0.005061388
840,8,7,0.27048284,0.27555162,-0.005068779
520,28,60,0.28323224,0.2883086,-0.005076349
992,71,15,0.27744517,0.28253663,-0.0050914586
564,32,59,0.27762046,0.28271696,-0.005096495
183,8,35,0.27319974,0.27829888,-0.0050991476
1237,50,30,0.2772126,0.28232032,-0.0051077306
271,14,46,0.2724249,0.2775362,-0.005111307
815,13,6,0.27721414,0.28234693,-0.0051327944
1070,64,20,0.26820913,0.27337447,-0.0051653385
529,28,73,0.27158612,0.2767558,-0.0051696897
1320,51,42,0.27151874,0.27673337,-0.0052146316
688,63,70,0.27694032,0.2821751,-0.005234778
901,22,9,0.27801767,0.28326792,-0.0052502453
871,13,8,0.2776261,0.28291076,-0.005284667
676,55,61,0.2638337,0.26912335,-0.005289644
1358,67,52,0.2738798,0.2792025,-0.005322695
1341,55,48,0.2782646,0.2835878,-0.0053232014
1234,73,29,0.27444002,0.27976766,-0.005327642
155,7,33,0.26906478,0.27439606,-0.005331278
697,1,0,0.27039203,0.27572483,-0.0053327978
72,4,13,0.27630636,0.28166193,-0.0053555667
723,59,1,0.2658492,0.27121836,-0.0053691566
902,26,9,0.2767136,0.28208488,-0.0053712726
479,26,64,0.27554357,0.28095704,-0.0054134727
861,63,7,0.27395314,0.27936986,-0.005416721
267,14,38,0.27108204,0.27651083,-0.005428791
1289,55,35,0.27485585,0.28028697,-0.0054311156
1215,57,28,0.2740345,0.27947783,-0.0054433346
1026,57,18,0.27488458,0.28034154,-0.0054569542
800,53,5,0.2731992,0.27866527,-0.0054660738
665,53,54,0.2801106,0.2856117,-0.0055010915
1009,66,17,0.27341607,0.27893272,-0.0055166483
1082,45,21,0.27702525,0.282543,-0.005517751
311,17,56,0.27581403,0.28133306,-0.0055190325
92,5,18,0.27317685,0.27872652,-0.0055496693
325,18,50,0.2701182,0.27567038,-0.0055521727
1097,25,22,0.27195463,0.27750814,-0.0055535138
1020,37,18,0.28138068,0.28693864,-0.0055579543
1327,72,42,0.27317145,0.2787419,-0.0055704415
171,8,9,0.27762094,0.2831946,-0.00557366
694,67,72,0.27826887,0.28388798,-0.0056191087
314,17,75,0.27407238,0.2796921,-0.0056197345
1079,39,21,0.27099118,0.2766111,-0.0056199133
288,15,45,0.27515084,0.2807789,-0.005628079
1050,72,19,0.27461955,0.28025547,-0.005635917
1365,72,53,0.27327767,0.2789206,-0.0056429207
1046,67,19,0.2751867,0.2808463,-0.00565961
892,57,8,0.273345,0.2790053,-0.0056602955
824,47,6,0.27674684,0.2824249,-0.0056780577
1247,67,30,0.27948773,0.28519106,-0.00570333
1061,28,20,0.27233738,0.27806216,-0.0057247877
502,27,67,0.26953095,0.2752633,-0.0057323575
1359,72,52,0.27115807,0.27689543,-0.0057373643
627,42,63,0.27654254,0.28230333,-0.005760789
361,20,25,0.26783127,0.27359673,-0.005765468
1348,65,50,0.26620725,0.2719889,-0.0057816505
1229,50,29,0.27548265,0.2812958,-0.0058131516
1361,75,52,0.27809566,0.28391525,-0.005819589
933,33,12,0.28877816,0.294598,-0.005819857
205,9,26,0.27192548,0.27776414,-0.0058386624
825,50,6,0.27070627,0.27659616,-0.0058898926
278,14,67,0.2737644,0.27965638,-0.0058919787
98,5,38,0.2722589,0.27816057,-0.0059016645
466,26,40,0.274658,0.28059402,-0.0059360266
373,20,64,0.26895103,0.27490145,-0.005950421
1380,67,57,0.27894458,0.28492954,-0.005984962
1239,52,30,0.273894,0.27988723,-0.005993217
108,5,64,0.27025795,0.27625185,-0.0059939027
772,27,4,0.2733148,0.27931067,-0.0059958696
874,29,8,0.28333342,0.28935078,-0.006017357
95,5,33,0.27471638,0.28073826,-0.006021887
592,35,55,0.2726407,0.27868155,-0.0060408413
1159,27,26,0.27144957,0.2774946,-0.0060450435
1148,59,25,0.2721922,0.27825028,-0.006058067
488,27,31,0.27391794,0.27999923,-0.006081283
582,34,64,0.27075824,0.2768647,-0.006106466
179,8,31,0.27479818,0.28093794,-0.0061397552
1276,73,33,0.27308849,0.2792309,-0.0061424077
838,73,6,0.27228135,0.27845764,-0.006176293
229,12,15,0.27000389,0.276202,-0.006198108
204,9,22,0.2759197,0.28212386,-0.006204158
744,33,2,0.28088424,0.2870886,-0.0062043667
580,34,46,0.27266976,0.27888796,-0.006218195
1251,35,31,0.2665077,0.27273086,-0.006223172
301,16,62,0.2746168,0.28084362,-0.006226808
167,7,67,0.27318102,0.2794168,-0.0062357783
1370,67,54,0.27509713,0.2813915,-0.0062943697
233,12,22,0.270317,0.27661425,-0.0062972605
918,51,10,0.27249548,0.27879775,-0.0063022673
629,42,71,0.2744158,0.2807519,-0.0063361228
305,17,20,0.27334988,0.2796901,-0.0063402057
1379,65,57,0.27202877,0.2783691,-0.006340325
1294,47,38,0.2736494,0.28003457,-0.0063851774
1384,67,63,0.2763349,0.28274024,-0.0064053237
97,5,35,0.2764643,0.2828808,-0.0064164996
714,75,0,0.2754048,0.28183392,-0.006429106
909,27,10,0.27283546,0.27927917,-0.006443709
428,22,70,0.28146356,0.28791377,-0.006450206
616,40,67,0.28019214,0.28664476,-0.00645262
184,8,36,0.269904,0.27636164,-0.0064576566
484,26,72,0.2744825,0.28095526,-0.0064727664
497,27,57,0.27088395,0.2774149,-0.0065309405
1057,24,20,0.2728651,0.27940252,-0.0065374374
12,0,45,0.2787186,0.28528082,-0.006562233
751,50,2,0.27404562,0.28061974,-0.006574124
978,71,14,0.27049917,0.2771104,-0.006611228
22,1,40,0.26974347,0.27636072,-0.006617248
394,21,67,0.2719354,0.27855846,-0.0066230595
547,30,61,0.27630818,0.28293592,-0.0066277385
400,22,25,0.2727132,0.27935833,-0.006645113
681,57,63,0.27245584,0.27913338,-0.006677538
924,13,12,0.27372712,0.2804064,-0.0066792667
147,7,17,0.27591965,0.28263256,-0.0067129135
1240,53,30,0.2680548,0.2747733,-0.0067184865
827,52,6,0.2679403,0.27466118,-0.0067208707
24,1,45,0.27844217,0.28517836,-0.006736189
409,22,36,0.2815245,0.2882632,-0.0067386925
425,22,64,0.27031165,0.2770665,-0.0067548454
969,50,14,0.27131474,0.27808413,-0.006769389
915,35,10,0.2726904,0.27946582,-0.006775439
1177,65,26,0.269883,0.27666095,-0.006777942
559,31,65,0.27793616,0.2847428,-0.006806642
465,26,38,0.2766184,0.28346038,-0.0068419874
1270,61,33,0.27324396,0.28011733,-0.006873369
1054,21,20,0.27345684,0.28033918,-0.0068823397
1075,72,20,0.27578446,0.28267285,-0.0068883896
65,3,8,0.2761889,0.28308,-0.0068911016
1003,22,17,0.27465537,0.28157765,-0.006922275
249,12,64,0.2765767,0.28351,-0.0069333017
756,58,2,0.2738314,0.28078115,-0.0069497526
870,12,8,0.26833752,0.27530715,-0.0069696307
469,26,46,0.27277017,0.2797481,-0.0069779456
1106,36,22,0.27308714,0.28009823,-0.0070110857
830,57,6,0.27608436,0.28309873,-0.007014364
689,63,72,0.27190256,0.2789254,-0.007022828
1105,35,22,0.27462617,0.28165102,-0.0070248544
1290,57,35,0.2713724,0.27841827,-0.007045865
57,2,53,0.27430335,0.2813544,-0.0070510507
888,51,8,0.27134883,0.27844372,-0.00709489
785,67,4,0.27474964,0.2819307,-0.007181078
1277,46,34,0.2725868,0.27976865,-0.007181853
261,14,15,0.27104598,0.27823013,-0.007184148
197,8,67,0.26874572,0.27593073,-0.007185012
1202,72,27,0.2716436,0.27885166,-0.0072080493
984,27,15,0.26885784,0.27607217,-0.0072143376
650,49,75,0.27372137,0.2809482,-0.0072268248
500,27,64,0.27301776,0.2802519,-0.0072341263
1134,27,24,0.27303165,0.28026807,-0.007236421
1126,71,22,0.27211183,0.27935106,-0.0072392225
292,15,66,0.26962838,0.27686968,-0.0072413087
1200,70,27,0.27401352,0.28127664,-0.007263124
799,51,5,0.27277535,0.2800387,-0.0072633624
1248,71,30,0.27189434,0.27916345,-0.0072691143
1297,53,38,0.27500486,0.28227603,-0.0072711706
699,15,0,0.26665926,0.27394062,-0.007281363
921,72,10,0.27794266,0.28522807,-0.007285416
640,47,67,0.26823312,0.2755469,-0.007313788
374,20,66,0.2734651,0.28078187,-0.007316768
206,9,35,0.27672824,0.2840723,-0.007344067
426,22,65,0.27586862,0.28321803,-0.0073494017
1272,65,33,0.27276033,0.2801105,-0.0073501766
1163,40,26,0.28206077,0.28943425,-0.007373482
693,65,73,0.2711501,0.2785412,-0.007391095
555,31,47,0.2767881,0.28418988,-0.007401794
553,30,73,0.27232224,0.27974778,-0.0074255466
42,2,12,0.27658165,0.28400823,-0.0074265897
988,64,15,0.26928616,0.27671352,-0.0074273646
451,25,59,0.27068672,0.2781299,-0.0074431896
1139,64,24,0.27320832,0.28065956,-0.0074512362
706,27,0,0.27543756,0.28289735,-0.0074597895
395,21,70,0.27643466,0.2838949,-0.0074602365
410,22,38,0.27441916,0.28192732,-0.0075081587
831,63,6,0.27352196,0.28106517,-0.007543206
100,5,47,0.27431843,0.28187007,-0.0075516403
1016,33,18,0.28378615,0.29137963,-0.0075934827
1130,75,22,0.2724267,0.28003964,-0.0076129436
600,38,53,0.26891336,0.27656567,-0.0076523125
569,33,47,0.27338192,0.28105205,-0.0076701343
1188,47,27,0.2717893,0.27945992,-0.007670611
1085,59,21,0.27313122,0.2808214,-0.0076901913
151,7,23,0.27083522,0.27852982,-0.007694602
1015,32,18,0.2715141,0.27921718,-0.0077030957
617,41,47,0.27671438,0.28447306,-0.007758677
436,23,62,0.2682878,0.27606294,-0.007775128
472,26,51,0.27216917,0.27995425,-0.007785082
1194,57,27,0.26940972,0.27719593,-0.0077862144
623,42,51,0.27279526,0.2806086,-0.007813334
499,27,63,0.26669446,0.27452663,-0.0078321695
611,40,47,0.27538544,0.2832311,-0.00784567
527,28,71,0.27122235,0.27908942,-0.007867068
1124,66,22,0.2709943,0.27894858,-0.00795427
852,33,7,0.27749476,0.285455,-0.00796023
768,12,4,0.27390927,0.28187293,-0.007963657
1300,67,38,0.26836494,0.27633125,-0.00796631
960,24,14,0.27178484,0.27975944,-0.007974595
40,2,7,0.27451977,0.28253803,-0.008018255
338,19,40,0.2688417,0.27687022,-0.008028507
931,31,12,0.27868223,0.28671965,-0.008037418
905,75,9,0.27840304,0.28646567,-0.008062631
1275,71,33,0.271837,0.27990133,-0.00806433
820,31,6,0.2816534,0.28973252,-0.008079112
231,12,18,0.27048096,0.27856338,-0.00808242
1286,50,35,0.27403355,0.2821309,-0.008097351
1199,67,27,0.27076602,0.27892023,-0.008154213
630,42,72,0.2742411,0.28240782,-0.00816673
258,13,22,0.2723062,0.2804778,-0.008171588
291,15,64,0.27133545,0.27957505,-0.008239597
1063,32,20,0.27430636,0.28254855,-0.00824219
1201,71,27,0.2702829,0.27856842,-0.008285522
1233,72,29,0.26830503,0.2766061,-0.008301079
1012,27,18,0.26275623,0.27106193,-0.008305699
437,24,27,0.27491325,0.28325087,-0.008337617
494,27,52,0.2676126,0.27595297,-0.008340359
1096,75,21,0.2709017,0.27924353,-0.008341819
884,42,8,0.27260745,0.28098783,-0.008380383
778,35,4,0.27692902,0.2853707,-0.008441687
1264,67,32,0.27276927,0.28124446,-0.008475184
558,31,64,0.27780536,0.2863145,-0.008509129
757,67,2,0.27292868,0.2814674,-0.008538723
793,34,5,0.27217606,0.28071675,-0.00854069
821,33,6,0.27609554,0.2846471,-0.008551568
375,20,67,0.26729116,0.27587664,-0.008585483
29,1,64,0.27195674,0.28054416,-0.00858742
550,30,67,0.26516864,0.27375776,-0.008589119
1176,64,26,0.26839948,0.27699283,-0.008593351
571,33,52,0.2797311,0.28834146,-0.008610368
575,33,65,0.2760321,0.28465372,-0.008621633
530,28,74,0.26983982,0.27848423,-0.008644402
937,47,12,0.26958102,0.27825963,-0.008678615
626,42,57,0.27213475,0.28090435,-0.008769602
1292,67,35,0.27626243,0.28505385,-0.008791417
993,75,15,0.27686903,0.28567642,-0.008807391
1055,22,20,0.27163082,0.28044125,-0.008810431
1291,63,35,0.27218536,0.28110665,-0.008921295
635,45,65,0.27937314,0.28833058,-0.008957446
1313,67,40,0.27329263,0.28225243,-0.0089598
1387,75,63,0.2726597,0.28171784,-0.009058148
853,34,7,0.27158415,0.28067026,-0.009086102
930,22,12,0.27051693,0.2796351,-0.00911817
96,5,34,0.276394,0.28552273,-0.00912872
222,10,57,0.26771328,0.2769207,-0.0092074275
1107,38,22,0.27310234,0.28232858,-0.009226233
1059,26,20,0.2714201,0.28065747,-0.009237379
943,57,12,0.276959,0.2862046,-0.009245604
347,19,65,0.27683017,0.2860837,-0.009253532
510,28,38,0.26800558,0.27727747,-0.00927189
125,6,35,0.26523215,0.2745043,-0.009272158
432,22,74,0.27427334,0.28359848,-0.009325147
1191,52,27,0.27091318,0.28026432,-0.009351134
770,18,4,0.27175066,0.28111783,-0.009367168
746,35,2,0.27030516,0.2796742,-0.0093690455
692,65,72,0.26462644,0.27403015,-0.009403706
543,30,53,0.27296433,0.28238195,-0.009417623
1167,47,26,0.27124992,0.2807164,-0.009466469
1221,67,28,0.27762252,0.287097,-0.009474486
1008,56,17,0.2691417,0.27862743,-0.009485722
962,28,14,0.26943636,0.27892214,-0.009485781
132,6,55,0.27041686,0.27993792,-0.009521067
839,75,6,0.273503,0.28302786,-0.009524852
411,22,39,0.27318656,0.28276813,-0.009581566
834,67,6,0.27252257,0.28215253,-0.009629965
911,31,10,0.28038916,0.2900601,-0.009670943
987,59,15,0.271844,0.2815568,-0.0097127855
698,7,0,0.26983285,0.27956182,-0.009728968
185,8,37,0.27919346,0.28894895,-0.009755492
1209,41,28,0.27689967,0.2866978,-0.009798139
1340,51,48,0.26880938,0.27863577,-0.009826392
670,53,75,0.2714504,0.2813093,-0.009858906
1181,72,26,0.2743703,0.2842293,-0.009858996
809,73,5,0.27127206,0.28123066,-0.009958595
396,21,71,0.26922673,0.27921984,-0.009993106
129,6,51,0.26925424,0.2792835,-0.010029256
1153,67,25,0.27273586,0.28283173,-0.010095865
762,8,3,0.27299458,0.28312686,-0.010132283
256,12,75,0.2700455,0.2802036,-0.010158122
163,7,57,0.27500597,0.28538087,-0.010374904
864,67,7,0.27728683,0.28768107,-0.010394245
586,34,73,0.27241758,0.28282794,-0.010410368
1180,70,26,0.27145123,0.28188825,-0.010437012
187,8,42,0.27097005,0.28142238,-0.01045233
328,18,53,0.26591063,0.2764235,-0.010512888
1028,67,18,0.27386558,0.2844349,-0.010569334
604,39,50,0.27293277,0.2835294,-0.010596633
219,10,37,0.27886158,0.28947946,-0.010617882
900,18,9,0.2714166,0.28203595,-0.010619342
114,6,7,0.2708998,0.2815542,-0.01065439
1310,53,40,0.27162194,0.28230044,-0.0106785
976,69,14,0.26778826,0.27847916,-0.010690898
572,33,59,0.2773854,0.28810936,-0.0107239485
1318,47,42,0.26693994,0.2776989,-0.010758966
1152,66,25,0.27207983,0.28286615,-0.010786325
358,20,22,0.26922333,0.2800403,-0.0108169615
501,27,66,0.27162623,0.28248125,-0.010855019
34,1,70,0.26649123,0.27737167,-0.0108804405
1040,57,19,0.27360207,0.28450206,-0.010899991
1100,30,22,0.27459028,0.28549182,-0.0109015405
556,31,50,0.27523896,0.28619188,-0.01095292
103,5,53,0.2711937,0.28219774,-0.011004031
509,28,34,0.27600318,0.2870247,-0.011021525
1013,30,18,0.2735257,0.28455013,-0.0110244155
725,62,1,0.27707583,0.28813735,-0.011061519
807,70,5,0.27153316,0.28259635,-0.011063188
589,35,50,0.2704855,0.28158817,-0.011102676
1179,67,26,0.273442,0.2845626,-0.011120588
956,27,13,0.26892146,0.2800674,-0.011145949
467,26,41,0.27423206,0.28538448,-0.0111524165
413,22,41,0.2749103,0.28612262,-0.011212319
612,40,52,0.28098682,0.29224584,-0.011259019
761,6,3,0.27662206,0.28804207,-0.0114200115
1048,70,19,0.27609342,0.2875456,-0.011452168
1109,40,22,0.27971134,0.29117715,-0.011465818
923,62,11,0.27161598,0.28314453,-0.011528552
950,71,12,0.27394813,0.28550223,-0.011554092
619,41,55,0.2733779,0.28494996,-0.011572063
544,30,54,0.28198197,0.2935606,-0.0115786195
1000,70,16,0.2710579,0.28274512,-0.011687219
876,31,8,0.28035358,0.29208225,-0.011728674
429,22,71,0.2669972,0.278771,-0.011773825
175,8,23,0.27329776,0.28510448,-0.011806726
998,62,16,0.2731209,0.28496623,-0.01184532
477,26,60,0.27329865,0.28526184,-0.011963189
1135,45,24,0.28056976,0.2925383,-0.011968523
991,70,15,0.26791346,0.27991045,-0.0119969845
696,67,75,0.27834883,0.29035857,-0.01200974
828,53,6,0.26681963,0.27888817,-0.01206854
539,30,47,0.26784357,0.27998418,-0.012140602
644,48,55,0.27238607,0.2845712,-0.012185127
719,40,1,0.27921963,0.2915446,-0.012324959
264,14,27,0.26578438,0.27811757,-0.0123331845
945,63,12,0.2719641,0.28432125,-0.012357146
791,30,5,0.26932174,0.28175446,-0.012432724
1011,75,17,0.27157554,0.28406233,-0.012486786
333,18,72,0.26306742,0.27567112,-0.0126037
483,26,70,0.27829915,0.29091656,-0.012617409
615,40,63,0.27766508,0.29030824,-0.012643158
560,31,67,0.27746165,0.29012242,-0.012660772
170,7,75,0.26710624,0.279817,-0.01271075
682,57,65,0.27240032,0.28511417,-0.01271385
1263,66,32,0.27051613,0.283231,-0.012714863
773,30,4,0.2720799,0.28486955,-0.012789637
474,26,55,0.27684644,0.28968185,-0.012835413
1393,75,67,0.26379246,0.27664658,-0.012854129
700,16,0,0.2713282,0.2842673,-0.0129390955
540,30,50,0.2692752,0.28246775,-0.013192564
1142,71,24,0.27820173,0.29163888,-0.013437152
789,18,5,0.27492628,0.28836903,-0.013442755
487,26,75,0.26955825,0.28301924,-0.013460994
1375,72,55,0.27254793,0.28602517,-0.013477236
685,61,68,0.27252465,0.2860689,-0.013544232
1133,62,23,0.27541944,0.28897834,-0.013558894
562,31,73,0.2812834,0.29495484,-0.013671428
557,31,53,0.27278748,0.2866025,-0.013815016
781,53,4,0.26822284,0.28207132,-0.013848484
259,13,27,0.2699738,0.28388298,-0.013909161
1101,31,22,0.27773649,0.29168332,-0.013946831
1185,31,27,0.27718034,0.29119217,-0.01401183
567,32,67,0.26629856,0.28039595,-0.014097393
577,33,67,0.2764429,0.2905926,-0.014149725
1389,72,65,0.2726938,0.286907,-0.014213175
588,35,47,0.2680038,0.28224108,-0.014237285
763,10,3,0.27500117,0.28939006,-0.014388889
883,40,8,0.28480512,0.29934406,-0.014538944
881,36,8,0.2710214,0.28563023,-0.01460883
1214,53,28,0.26812533,0.2827515,-0.014626175
1281,67,34,0.2688747,0.28350237,-0.014627665
438,24,45,0.2711026,0.28577048,-0.014667869
875,30,8,0.27478066,0.28965142,-0.014870763
579,33,73,0.27306005,0.28804094,-0.014980882
541,30,51,0.27732548,0.29246944,-0.015143961
310,17,46,0.26939666,0.28459802,-0.01520136
66,3,10,0.26358134,0.27885655,-0.01527521
713,70,0,0.2745867,0.28995976,-0.015373051
774,31,4,0.27509287,0.29050085,-0.0154079795
164,7,63,0.2667388,0.28232247,-0.015583664
91,5,9,0.2775473,0.29313254,-0.015585244
622,42,50,0.2664263,0.28206244,-0.015636146
983,22,15,0.2681658,0.2846908,-0.016525
1064,33,20,0.27511245,0.29242608,-0.01731363
1207,38,28,0.2735439,0.29113704,-0.017593145
272,14,50,0.26340333,0.281089,-0.017685682
910,30,10,0.27358106,0.29148147,-0.017900407
463,26,34,0.27024576,0.2881492,-0.017903447
1035,40,19,0.28017488,0.29831156,-0.01813668
392,21,65,0.2655151,0.2838742,-0.018359125
1323,57,42,0.2694813,0.28793046,-0.018449157
796,46,5,0.26819363,0.28673103,-0.018537402
613,40,53,0.2821294,0.30087093,-0.018741518
792,33,5,0.2762307,0.2949882,-0.018757492
573,33,61,0.28096157,0.30031058,-0.019349009
759,72,2,0.26512685,0.28483415,-0.019707292
1208,40,28,0.27388525,0.29400906,-0.02012381
686,62,68,0.28224254,0.30449945,-0.02225691
561,31,71,0.26942974,0.2925099,-0.02308017
1381,75,58,0.2663381,0.29061285,-0.024274737
614,40,55,0.2815729,0.31005225,-0.028479338
