0.0,0.9889100933543977,0.7418855032588074,0.0,0.34491901884891807,0.8280655821278431,0.7225739760230141,0.8815740233286551,0.7403699621808444,0.8799190042592197,0.42191600567224335,0.7665245610116653,0.8993683736523704,0.8305768633526308,0.7391097829105657,0.8378685495544377,0.8254281650614669,0.858797398420762,0.0,0.9695034874709626,0.8996966902691566,0.8793147140180927,0.8576810050255437,0.859147312459524,0.9787389547684158,0.7489547486836655,0.9765089464371934,0.9564181429128245,0.8866808127810406,0.8537376671870054,1.0,0.9378542857448534,0.8818462970355111,0.9923747086281256,0.9155616936891081,1.0,0.0,0.7901916035515978,0.9492479776423773,0.888461714196097,0.977777456465453,0.6550932792536663,0.0,0.0,0.7006932417345865,0.9575190380933163,0.910480928766197,0.0,0.0,0.0,0.9328793985961672,0.0,0.794574259688362,0.0,0.8936755459437623,0.0,1.0,0.8485946396842906,0.0,0.5743591227316364,0.902364346843961,0.7029013842119338,0.8507397685870769,0.0,0.8502019575951492,0.5427548958766901,0.8792331736922349,0.49701942823088435,0.7021948550043849,0.9046568099839054,0.9639005174388603,0.7272665976985897,0.5035256367212259,0.9345582107468352,0.0,0.9999999999999999
0.9889100933543977,0.0,0.8182578981556724,0.0,0.7325461420285033,0.8182488546553358,0.6448076303509566,0.6255040171150623,0.7016445027964477,0.4912585462176415,0.48211751545289006,0.603604536730624,0.6760921564220139,0.0,0.8835764300592324,0.8181837708193457,0.5764026406140307,0.8087076651330533,0.8242902199999864,0.8245804691406867,0.9763894380685259,0.7671565785767515,0.8314900897752657,0.7892757945992761,0.8242709182649879,0.7593257607659759,0.7634029649097491,0.7549083142050588,0.7666407247645279,0.7526548109809914,0.7903739496607387,0.6765001122597247,0.8243718296232095,0.7718970967174038,0.6687700050596688,0.554914830736625,0.7481671010372714,0.3801488442370779,0.9833210691046768,0.8820799309952725,0.9445029028427171,0.9488176915398422,0.2974792923032413,0.0,0.49873679488208217,0.9999999999999999,0.8395650614554204,0.5547199527166342,0.0,0.0,0.8785990223432785,0.7532848032161925,0.8762735330577945,0.7066714499023654,0.8036262477980212,0.0,0.8196250767004898,0.8509468415421191,0.0,0.9123739666117985,0.8637239732886571,0.7653720049080182,0.8518392002297641,0.0,0.896387004360767,0.9744843450236642,0.8938434583675734,0.8880611014631421,0.8281616250742332,0.8467487055520553,0.9181462452675393,0.8518419379912732,0.8350729835637374,0.8678400637546518,0.5621698419964756,0.948371792666045
0.7418855032588074,0.8182578981556724,0.0,1.0,0.8373277533351153,0.7786211776679427,0.7919186408516304,0.7868997659350838,0.7448651628553902,0.8401685040504311,0.6563444276313691,0.844636716334859,0.8319610095476372,0.7368966967548572,0.9107251801760659,0.826048858884715,0.8572867062581319,0.783342362021612,0.6108967641725248,0.860328142246939,0.7035672423485608,0.8634550610026379,0.7667207283283751,0.6082140915482798,0.7768654312708213,0.900704513148828,0.748976387964795,0.8794253833323541,0.8506693807233471,0.9160132120530399,0.849039844413181,0.8809708853324267,0.8093482908677904,0.8513405053839453,0.9091516967588216,0.8781870194563036,0.9450444653557744,0.886273457212451,0.7234976768310326,0.9595504406332928,0.7087887318276271,0.587309310862506,0.7290174937138112,0.37240348307126253,0.23096304403266,0.0,0.4463966975907385,0.4078914749304967,0.5042043563998724,0.6630874451418086,0.8619808855960773,0.8205075661702881,0.6827300603383107,0.7725245362721227,0.32487364461475043,0.3623421186556985,1.0,0.7901943179654493,0.7011908577283772,0.9392371784435412,0.5078081993036414,0.0,0.0,0.2878885888753247,0.5449967423817282,0.5746426541016608,0.7009990657326641,0.881635949317198,0.0,0.0,0.53526380857046,0.9084002530193586,0.8544711564228524,0.7856292045544491,0.8750203535375204,0.665075407353908
0.0,0.0,1.0,0.0,0.8329555551741842,0.8789221134412665,0.7681088990359695,0.7865527775537036,0.9215438771592298,0.2942298383518774,0.9655587882772676,0.6359555434840504,0.939917758078359,0.8244419465587143,0.6422435477269697,0.0,0.461447473950653,0.0,1.0000000000000002,1.0,0.5558934172306563,0.7940484401050405,1.0,0.4811416921061218,0.0,0.6648646798498464,0.9409299500438971,0.8940411875609605,0.7120975531535833,0.2285528417522964,0.7026833147857356,0.7408895790519541,0.4422777769867597,0.6125105859314348,0.6454861640204217,0.5466288191129058,0.5625305403581123,0.5875067694283911,0.4612759341896952,0.0,0.498872224836562,0.0,0.4887769834927894,0.0,0.0,0.0,0.0,0.5009961336824835,0.0,0.0,0.3731381312547019,0.0,0.0,0.4558767803376258,0.0,0.49900386631751437,0.0,0.507757302759383,0.0,0.0,0.0,0.0,0.0,0.0,0.0,0.0,0.0,0.8547844590387046,0.0,0.0,0.0,0.6719557179798014,0.4558661580285468,0.6130158156176357,0.0,0.0
0.34491901884891807,0.7325461420285033,0.8373277533351153,0.8329555551741842,0.0,0.7900048119276247,0.849536388055732,0.853382661647445,0.7431764404240534,0.932722614962908,0.7472298326697641,0.9497415087584863,0.9047917358338535,0.8362197771113515,0.6556994129013682,0.8598629371226705,0.7774231167662742,0.8843484007221293,0.8187814376252324,0.8428471852284365,0.8343134256062661,0.9208729578417703,0.9251459459083142,0.9899688362363176,0.6865025644628384,1.0,0.8515031064490707,0.922601263594492,0.8087480048475966,0.8985231436235713,0.8806429903742317,0.8416074677785844,0.8036915156306144,0.9465324600042525,0.928548024046107,0.8324925196961608,0.5195092073716998,0.996425097754758,0.6796070709052612,0.5251233179278467,0.8285894268551445,0.56074212931527,0.6775832443011355,0.49999113804080086,0.6996151891453476,0.0,0.4242098339918016,0.8751309903990526,0.0,0.6880038817109493,0.7194382353082015,0.6911271619020565,0.6905916511698066,0.795649482505154,0.5420753804854394,0.5975480365547353,0.5886095697750403,0.7578988326182766,0.5531056636458415,0.7760124498489296,0.40925926730976553,0.0,0.0,0.7298135500990396,0.6906723405501601,0.0,0.7981843382449166,0.8397150569310363,0.0,0.554683357360563,0.8106213947982722,0.8968758881456084,0.849782133218598,0.8067112790928055,0.8195352597287248,0.6872386258588532
0.8280655821278431,0.8182488546553358,0.7786211776679427,0.8789221134412665,0.7900048119276247,0.0,0.7375680235271291,0.8851900735432717,0.586735557265177,0.7955185601601201,0.874658386998907,0.8200954197920257,0.8388036420429178,1.0,0.8416178288259567,0.9333541592642185,0.5345427522903735,0.9170429158663121,0.6509150349745211,0.7798272737811032,0.8722098842140574,0.8848665058343347,0.8656365864350501,0.7696937995126403,0.7925197716769383,0.6445567013964442,0.7228110714824857,0.8627778012272233,0.7214138355137807,0.8333762609392388,0.7848263990999439,0.8356562774180586,0.7130217509501857,0.7688862364892382,0.7942227549176001,0.950947990417699,0.8892162130004102,0.7843022315244303,0.9012710420454483,0.705571959284004,0.9055686348672279,0.8952897593865665,0.6817431920033965,0.8436043276682803,0.5987251738621152,0.9038352062186394,0.8850996961043425,0.781735529853564,0.0,0.781365122103078,0.8146514039652959,0.8448683522536659,0.868829841164972,0.840705354648126,0.7171969159432108,0.7623176616333727,0.678181686230936,0.8063807913451727,0.8283274794692483,0.9650193606713314,0.8662797489067074,0.0,0.7356322358135041,0.7312648376480332,0.8670772687464104,0.8901065135864709,0.8687195379146625,0.8367353465423292,0.0,0.8349513493139212,0.9095064850380867,0.9006801105819293,0.8542861257969476,0.8701186973622195,0.8086306108334623,0.8956646425650057
0.7225739760230141,0.6448076303509566,0.7919186408516304,0.7681088990359695,0.849536388055732,0.7375680235271291,0.0,0.8543086230390824,0.7854993629306679,0.9158856080982477,0.7751691407078306,0.8946637554379873,0.8127933546549577,0.946889838780522,0.8476560905402027,0.8014345328669205,0.842488453779648,0.7482168413229826,0.8021496788005914,0.768962216915642,0.8934088824833455,0.7744763652386583,0.8299641723611123,0.9418099188809136,0.6242733351325194,0.8068518484945533,0.7716992703109539,0.9074514719001768,0.7995022761637944,0.8017853245047631,0.8705719470392485,0.8920094612793399,0.96221503804436,0.896881985469905,0.9853853089849512,0.7305173815751027,0.7036979560792065,0.9269388095220725,0.7354874763986449,0.4099585617289603,0.8472213462100284,0.6975808707372702,0.6889933996436298,0.4080292875821101,0.633660748934568,0.4956443836378718,0.761127002806106,0.8283096526510279,0.0,0.7222067166509899,0.8117597113286806,0.8600461317289594,0.7240879065178628,0.8503955887480205,0.5462219773164481,0.6335446124127451,0.5658533224540572,0.785669317584225,0.7940514646894414,0.8782370628504591,0.6468714107621796,0.0,0.5367865086455411,0.6857427280865395,0.9054093204245863,0.8920987745336457,0.8351105922991471,0.8146804865870674,0.5278493584702746,0.5869417573501099,0.8493632711111313,0.8563458443868764,0.8194860363543489,0.8376582702825905,0.8487232402024484,0.8123606079444934
0.8815740233286551,0.6255040171150623,0.7868997659350838,0.7865527775537036,0.853382661647445,0.8851900735432717,0.8543086230390824,0.0,0.7304115585506735,0.8176045043751902,0.6916733263682865,0.8044857194720438,0.8359590052835913,0.831508311759899,0.8258701337819002,0.7032460314496635,0.7833864367982916,0.8143390604178068,0.5727530335229312,0.7395535999368736,0.8152649226603436,0.691705312858357,0.877292369217167,0.8489023882839876,0.7775486533521189,0.8332292314263792,0.9350322465152454,0.876798058839759,0.7809440927713168,0.7732523593121788,0.8617622588422057,0.8240391124285791,0.652625672449181,0.8509803972918926,0.7288309391986285,0.7256985372715109,0.7198726576713611,0.6244910270173578,0.9573513207019968,0.8609138942033953,0.8532505342079367,0.786986362845919,0.9167657784592559,0.5470338503360993,0.48768727893029373,0.3770317317492157,0.7682441879318493,0.5678088082321688,0.0,0.5400888590502355,0.8708451018051108,0.8612996563304994,0.9136476864904559,0.8117422875452409,0.6714542033449497,0.5437849007450757,0.0,0.8231156180494954,0.8519598328972674,0.8197999307943152,0.8980421008287778,0.0,0.4229425333987212,0.5164147228147805,0.9346556200118403,0.8368059073885087,0.8322103707651218,0.964599269251731,0.5182166709526417,0.8075160536280843,0.9440173491895331,0.8888505104559327,0.9146845404599041,1.0,0.7179146352428027,0.7639114036436304
0.7403699621808444,0.7016445027964477,0.7448651628553902,0.9215438771592298,0.7431764404240534,0.586735557265177,0.7854993629306679,0.7304115585506735,0.0,0.8215155367331948,0.6160704925285966,0.8730478636057455,0.7131221084222981,0.8291316583527943,0.8151538119513527,0.8607683940922362,0.8296475109744826,0.809578438249972,0.5683712397358707,0.8082334298018496,0.8441362650518568,0.8365802821373468,0.8171424245759127,0.9252512602536692,0.6934199083273789,0.8726527731083483,0.6967616951707196,0.8177468241787366,0.7524369310049772,0.8179654770486819,0.7933351540246113,0.7582152981054987,0.6683332921058481,0.8210241210083791,0.817480207448356,0.8821136728565094,0.8094437599217377,0.8000824032686074,0.8112366027237882,0.5988101646481832,0.82495398934723,0.8876546816738484,0.7984676529468039,0.6009792956337356,0.7198900660036098,0.0,0.803401823762935,0.8975790379920883,0.7663852444379883,0.7820663131505713,0.8266723536114067,0.8124012562888322,0.7248845707217001,0.837901081255501,0.8389933974263419,0.5901819601544595,0.9230922100214941,0.7492903930264404,0.6885217225598531,0.826786487228438,0.8406952455486852,0.0,0.0,0.7120841082964043,0.684808878819412,0.8128125150830066,0.611103051885382,0.8026393472169141,0.4489157780618511,0.6072687445056479,0.7206939065121296,0.8371925293939493,0.8055251610226275,0.7655245579547469,0.7538988098200455,0.8013068913042809
0.8799190042592197,0.4912585462176415,0.8401685040504311,0.2942298383518774,0.932722614962908,0.7955185601601201,0.9158856080982477,0.8176045043751902,0.8215155367331948,0.0,0.8266705131071598,0.8599433519813494,0.8884145637454929,0.8812390555873256,0.6665124944580083,0.7075205906784693,0.7286277865294986,0.736156195351143,0.8085388395927292,0.6984330076110958,0.8028413930057752,0.8275276992457217,0.8725278958971872,0.7824961996850113,0.7849563084394374,0.9134377077978668,0.7684698652353551,0.8403529038034008,0.6968777047970359,1.0,0.7984510944299223,0.8407742655988882,0.7435614044611129,0.7078428742329129,0.7492066432710707,0.8691739651250511,0.3081996715990908,0.7677514920040113,0.29940560992344967,0.7348735466646551,0.4699230138190396,0.6098386162057777,0.42366664963785533,0.47818249539972474,0.6617494912969563,0.8920689210746474,0.667355863939477,0.8338229566757768,0.0,0.0,0.8735530936785457,0.4500684313235749,0.5180426604773448,0.6707471565851661,0.9406723413942268,0.7274227519899199,0.8888983508075284,0.6633243502140311,0.0,0.35470400182393086,0.7936153534096685,0.8820124221078206,0.8457316200654643,0.4433146193724915,0.5902258500194272,0.5630029762523598,0.6621324908290105,0.8563685885690507,0.8766705480716487,0.8638752761938918,0.9013828418594306,0.8756965262425405,0.5008367586607427,0.702865255412177,0.0,0.8699528544739734
0.42191600567224335,0.48211751545289006,0.6563444276313691,0.9655587882772676,0.7472298326697641,0.874658386998907,0.7751691407078306,0.6916733263682865,0.6160704925285966,0.8266705131071598,0.0,0.8807316224472642,0.8160137104862216,0.7030027303203771,0.0,0.45560489387359393,0.7952117284299046,0.8854981795935881,0.5900843907217201,0.5465388200221288,0.9100384625274973,0.6258426511800701,0.6781161482217304,0.9322872846778664,0.8410214076706185,0.9589396863460238,0.734607991511226,0.8459985090103301,0.8278670387166285,0.9350736237948921,0.848074363417852,0.914221714627362,0.8649706284958293,0.857110617241359,0.7904887908862087,0.7137088148600191,0.8637659970414376,0.734033399955451,0.5190722752167449,0.4147968139981694,0.7651697492282299,0.8383405100372996,0.7416429021170587,0.6053513576987967,0.661727298354692,0.0,0.0,0.43718523129233017,0.5036759544806422,0.8262228636251905,0.8634389396838676,0.7642613251674012,0.629564120139726,0.8728299554364294,0.7219988976295114,0.33030935695591807,0.8125584243051194,0.7652037239936272,0.8162545097088919,0.5116757945889974,0.0,0.0,0.0,0.32997448061637097,0.7798969344340368,0.0,0.5137554834343412,0.8659295307312512,0.0,0.0,0.699097041542789,0.8459381145862314,0.8465277941047604,0.8242788292865151,0.5762330262369821,0.659249559381515
0.7665245610116653,0.603604536730624,0.844636716334859,0.6359555434840504,0.9497415087584863,0.8200954197920257,0.8946637554379873,0.8044857194720438,0.8730478636057455,0.8599433519813494,0.8807316224472642,0.0,0.9254551710651033,0.9070999974003328,0.5235964905374525,0.7763492205947625,0.7142873751048344,0.7343868378037862,0.8772365723545338,0.5271649434009371,0.7847881163876325,0.6248983562087378,0.8017466878832292,0.5241798259888472,0.7616380765344009,0.6675537133219799,0.668472465447401,0.8974991509988371,0.5895372297205959,0.7684035293921504,0.8050961671439967,0.7398879969420432,0.5867572992190346,0.7758720772764267,0.6513301288124437,0.9999999999999999,0.6892668203130943,0.47101733303511856,0.30106537779303033,0.7655542132456112,0.7540326684272478,0.5968972021831741,0.5146535796340822,0.4613326925317286,0.865884664488786,0.8422126399435446,0.7989151013696316,0.6235767197987497,0.0,0.4792767031116783,0.5242717514583011,0.5681116337129075,0.0,0.6651052295681923,0.8799650441058364,0.6515844039745966,0.8908541094022133,1.0,0.0,0.8948787694342937,1.0,0.8482279001668449,0.8279968595497212,0.0,0.4566073256577085,0.7756263002281644,0.8184037664200291,0.6350134278047413,0.7768456762846285,0.820777884485875,0.8411671664423092,0.45257747790311875,0.7455031481644832,0.46825634603189215,0.0,0.8067723955489048
0.8993683736523704,0.6760921564220139,0.8319610095476372,0.939917758078359,0.9047917358338535,0.8388036420429178,0.8127933546549577,0.8359590052835913,0.7131221084222981,0.8884145637454929,0.8160137104862216,0.9254551710651033,0.0,0.9989782765140748,0.6812752661336144,0.7914701184233728,0.8097404678322029,0.7936776918039793,0.8166901918110858,0.7505404030574631,0.804976215119347,0.7971220555121846,0.843619823475545,0.9424693753850375,0.771689738544016,0.856025989965756,0.8824942899828728,0.9485112497347108,0.8031695736983551,0.9368530211317496,0.834629288505408,0.9201994821329919,0.9647136812896089,0.9148003630543001,0.9135009206492524,0.8011336335147863,0.8832015863675486,0.9860388567450643,0.7596074638308837,0.8614132576658936,0.8892211034626285,0.8309913686336448,0.7232792870184983,0.6072356664271015,0.5680410266699245,0.6776940776715061,0.872494144218836,0.7506794518538169,0.0,0.7014749981740653,0.8368862439045317,0.7452161197281784,0.8004546396317613,0.7537117487248014,0.665382874116639,0.6396845061299018,1.0,0.7737326384941093,0.6539219207162555,0.7330445792121159,0.8231526992105133,0.8462094303903627,0.6902521920653364,0.6851776826145928,0.8286529789213436,0.9584754784106038,0.8808082136239214,0.8318512724110827,0.5556628191683552,0.7898943309266506,0.8259946485139333,0.8314423830196273,0.8380671380676324,0.8418814804121653,0.8068197997467169,0.8232154769716739
0.8305768633526308,0.0,0.7368966967548572,0.8244419465587143,0.8362197771113515,1.0,0.946889838780522,0.831508311759899,0.8291316583527943,0.8812390555873256,0.7030027303203771,0.9070999974003328,0.9989782765140748,0.0,0.5574205117993271,0.0,0.0,0.0,0.6977683284350457,0.7373434813526993,0.5358345007953329,0.6586225240811304,0.8072997847685309,0.9110142049701899,0.5054587704807748,0.6419682743254538,1.0000000000000002,1.0,0.8781856910097071,0.40391025566122507,0.8247876469791355,0.8490221304992297,1.0,0.8523823425561458,0.6834106853604915,0.5935942082452578,0.6051808194013119,0.8301133336094733,0.842558968702082,0.0,1.0,0.0,0.7194247349588451,0.0,0.0,0.0,0.0,0.8390428821142091,0.0,0.6242388295419886,0.6366906211028889,0.5464497436267448,0.4974057330544123,0.7862198327283532,0.0,0.7335395024392973,0.4487208714928921,0.5951481981460887,0.686448596184909,0.0,0.0,0.0,0.0,0.6827979320532824,0.2186937560117423,0.0,0.0,0.6612921173684371,0.5464698783795959,0.0,0.0,0.7183213858053482,0.5696095248946822,0.6942272235910956,0.0,0.0
0.7391097829105657,0.8835764300592324,0.9107251801760659,0.6422435477269697,0.6556994129013682,0.8416178288259567,0.8476560905402027,0.8258701337819002,0.8151538119513527,0.6665124944580083,0.0,0.5235964905374525,0.6812752661336144,0.5574205117993271,0.0,0.8939808294461844,0.9105470326008644,0.9071359186579151,0.0,0.5893064093885683,0.8501617151106904,0.612346606403959,0.7831407623179177,0.6624190564256363,0.9855133677907568,0.7065994147891842,0.5274769092856499,0.7487349993745371,0.8559386451919818,0.4628827100686803,0.8237734222959752,0.7320641896633987,0.8540319535289533,0.7743473970482041,0.7818164879046134,0.8081145238256839,0.6227441153631667,0.5525021795385121,0.9539035722579634,0.9552623229676088,1.0,0.9580915160379654,0.8204636906647257,0.24817764119140362,0.35281712174976976,0.7403529804688046,0.9907292150725906,0.7244928585200808,0.0,0.0,1.0,0.7068818607647764,0.7935357838808603,0.8534984687570721,0.5283933499275653,0.0,1.0,0.8844547269470339,0.0,0.9761776042650456,0.9818538101800854,0.466346452409159,0.8499156604861018,0.0,0.9342451614127327,0.9475789561794971,1.0,0.9193961470143119,0.5836533969755692,0.9265268172172282,0.9474045041003748,0.9595189504860788,0.9411453230419703,0.9113049120245514,0.8011944743509597,0.9748499700827871
0.8378685495544377,0.8181837708193457,0.826048858884715,0.0,0.8598629371226705,0.9333541592642185,0.8014345328669205,0.7032460314496635,0.8607683940922362,0.7075205906784693,0.45560489387359393,0.7763492205947625,0.7914701184233728,0.0,0.8939808294461844,0.0,0.6351285782683039,0.7489453394631059,0.49263554648929586,0.6955209796176457,0.8914077055429612,0.6997831146899904,0.8671278850585402,0.8320787628039683,0.7189555237999554,0.7774013049246183,0.8038027204559688,0.7949139082492718,0.7877128976951538,0.7131680310053737,0.6721792245906069,0.7901083245345767,0.6387296521908593,0.7638481764050817,0.7057466359680405,0.5640111119942101,0.6411771257741516,0.3683890447369117,0.9408584056962973,0.7073685900776508,0.813714921429168,0.7704099732862514,0.7622971148809962,0.0,0.0,0.9764896075346974,0.7880048839163514,0.0,0.0,0.0,0.9303767635445402,0.5294005905163014,0.7941643185464783,0.0,0.6974224343036138,0.0,0.7615665858823595,0.7662671025897387,0.0,0.9102173025590832,0.7883795604081014,0.7934532087409075,0.7198025156825488,0.0,0.9686381896062194,0.7759664718413746,0.8653673935394004,0.8574558907139731,0.8877124309222487,0.7442525842215787,0.8599852390002153,0.8282709031241097,0.9035333268411091,0.8159521320280481,0.5356307175948023,0.7969062361440679
0.8254281650614669,0.5764026406140307,0.8572867062581319,0.461447473950653,0.7774231167662742,0.5345427522903735,0.842488453779648,0.7833864367982916,0.8296475109744826,0.7286277865294986,0.7952117284299046,0.7142873751048344,0.8097404678322029,0.0,0.9105470326008644,0.6351285782683039,0.0,0.7001800696801758,0.7744370174698163,0.7950464103629655,0.8622114810746225,0.7774004227176081,0.7144707287406691,0.7717566272726374,0.6707108207535263,0.6841200460683845,0.5716114240985768,0.8515020106473086,0.6790784734951927,0.6436148634839639,0.7437570277070853,0.9042689777022219,0.6704693457760025,0.8847221665064542,1.0,0.8681817834802064,0.684721931430116,0.6722579342171924,0.7562403714361003,0.6831912614280578,0.6838234704054946,0.9026279030251351,0.0,0.0,0.6232768487565481,0.5850573581959396,0.7322136278010575,0.0,0.0,0.0,0.49649284530421284,0.5415353486989868,0.0,0.0,0.8974608157787973,0.4630113015364905,0.8722882456045045,0.7557823227158353,0.0,0.0,0.9189403082714864,0.8363251294346385,0.8480597271177732,0.0,0.558933706079427,0.0,0.8978217211028451,0.6155141100883958,0.7946124206526588,0.8579404935758936,0.8700019925935849,0.0,0.8700310628384256,0.8631795419518761,0.0,0.8295467338865612
0.858797398420762,0.8087076651330533,0.783342362021612,0.0,0.8843484007221293,0.9170429158663121,0.7482168413229826,0.8143390604178068,0.809578438249972,0.736156195351143,0.8854981795935881,0.7343868378037862,0.7936776918039793,0.0,0.9071359186579151,0.7489453394631059,0.7001800696801758,0.0,0.6868430301246526,0.798038664194181,0.8146862539771423,0.8156051197157714,0.8146441802198068,0.7593755606736684,0.7576770983659533,0.795275583335646,0.8234950008868698,0.7981976358467338,0.8284834543866444,0.527591352080715,0.7782789720194874,0.8430410410986479,0.6457518110601569,0.8643269728036158,0.8816689274120921,0.9205307214443275,0.0,0.636282158582431,0.9046109794515537,0.6993627383019552,0.8174771156508844,0.843504013396833,0.0,0.0,0.7587414805517767,0.9159691546177854,0.748056125872004,0.0,0.0,0.0,0.8270718740499539,0.5118362537344836,0.6058136769624638,0.0,0.8433047843252371,0.0,0.8834216553749518,0.6611823196307746,0.0,0.8116783965863316,0.7035785912532966,0.7750004549712988,0.7856938195415698,0.0,0.9326921357941219,0.7619489854286925,0.8763784052272608,0.9210943006819089,0.8750400868764816,0.7876820570182035,0.8736393851106933,0.6940735101956819,0.8321030137893272,0.7730891551295636,0.0,0.8266050223329608
0.0,0.8242902199999864,0.6108967641725248,1.0000000000000002,0.8187814376252324,0.6509150349745211,0.8021496788005914,0.5727530335229312,0.5683712397358707,0.8085388395927292,0.5900843907217201,0.8772365723545338,0.8166901918110858,0.6977683284350457,0.0,0.49263554648929586,0.7744370174698163,0.6868430301246526,0.0,0.623753263862239,0.7468517997827666,0.7958437237108136,0.6362722825106389,0.7893316170735856,0.8407863950434333,1.0,0.7207836665708893,0.85962872682775,0.8148640290423975,0.789618613727886,0.8377464065770468,0.8209322126783561,0.7121966386187879,0.8596317326353375,0.7630813648439038,0.8356107310414979,0.8931941139536124,0.7381217158028408,0.5773156216407345,0.7086425203140654,0.6907571989008996,0.5533561685763975,0.6043900563020121,0.0,0.0,0.0,0.0,0.46483565241530955,0.0,0.5983613610359471,0.676568669536082,0.6135967805041381,0.4848903026370855,0.6927813442941133,0.5626423040076334,0.3763200027448774,0.5098514457826622,0.6543359954459799,0.5862412716783153,0.38235219180723246,0.0,0.0,0.0,0.7423482013658312,0.9216705109649687,0.0,0.6243088855717309,0.6548501896123268,0.0,0.0,0.8323741250889345,0.6964616195675196,0.7090710173908247,0.7073369643966072,0.6052807839964093,0.7313945088219749
0.9695034874709626,0.8245804691406867,0.860328142246939,1.0,0.8428471852284365,0.7798272737811032,0.768962216915642,0.7395535999368736,0.8082334298018496,0.6984330076110958,0.5465388200221288,0.5271649434009371,0.7505404030574631,0.7373434813526993,0.5893064093885683,0.6955209796176457,0.7950464103629655,0.798038664194181,0.623753263862239,0.0,0.8170098911942871,0.6347585619922145,0.6180395532243231,0.7208575719543086,0.7700272038992957,0.8428122170421868,0.5478802191220474,0.7815720105712566,0.6481397731723841,0.6809873522365575,0.7378658523075515,0.6725731585251421,0.7356552045480552,0.7337380730538469,0.7126202990669271,0.7726351742310192,0.7709402398009852,0.47565740893196123,0.8865028899261034,0.7712020830841438,0.9224892074394198,0.8603080988884625,0.5643994002191275,0.4892487635189877,0.6072697989520845,0.8735654331791015,0.9582097970374612,0.7276729752345094,0.0,0.7523732430664019,0.9276491867102095,0.8251849607022655,0.8396999205026511,0.7844403179734983,0.6542977269273067,0.5937710866336232,1.0,0.875443335985921,0.0,0.9259460844541063,0.9540849921803385,0.7551822230904621,0.9829599800617894,0.5813523141493971,0.9510083117624645,0.9312082959620576,0.9617734323113194,0.9143406625553169,0.3085926440804774,0.8907894458198763,0.9637194233918166,0.8721993701161163,0.8773330117675078,0.8891912720413647,0.8246297280494861,0.9341484841128146
0.8996966902691566,0.9763894380685259,0.7035672423485608,0.5558934172306563,0.8343134256062661,0.8722098842140574,0.8934088824833455,0.8152649226603436,0.8441362650518568,0.8028413930057752,0.9100384625274973,0.7847881163876325,0.804976215119347,0.5358345007953329,0.8501617151106904,0.8914077055429612,0.8622114810746225,0.8146862539771423,0.7468517997827666,0.8170098911942871,0.0,0.9747444364243614,0.7592147268236326,0.8796821254584796,0.8696338336506704,0.8582139664048188,0.808294879087068,0.9178353098033939,0.8266574123092049,0.7726230284597261,0.9611244765963712,0.67971210852462,0.9507443170711016,0.883157039457066,0.6769149314977047,0.4200161566506478,0.5327787829697941,0.7587160887705366,0.9342356316515318,0.8005777406975356,0.9340893973450539,0.8636051157551221,0.8078422558828128,0.0,0.46867730108589956,0.7866945323931931,0.9992239753157639,0.5627088804696093,0.0,0.45593958422203307,0.9999999999999998,0.9164520172391871,0.8154853955664217,0.8630255088718382,0.5308855055253657,0.0,0.4086102209627275,0.8215008686140131,0.0,0.7881673061009862,0.9372479008605773,0.0,0.8766976231372854,0.0,0.9142867373136414,0.7010215175684327,0.9940474885204755,0.957812987101539,0.6299361407562911,0.9388672743008306,0.9833313046259514,0.8577086705869984,0.9011941955592895,0.9160930617839925,0.7205928931078349,0.8675933779690153
0.8793147140180927,0.7671565785767515,0.8634550610026379,0.7940484401050405,0.9208729578417703,0.8848665058343347,0.7744763652386583,0.691705312858357,0.8365802821373468,0.8275276992457217,0.6258426511800701,0.6248983562087378,0.7971220555121846,0.6586225240811304,0.612346606403959,0.6997831146899904,0.7774004227176081,0.8156051197157714,0.7958437237108136,0.6347585619922145,0.9747444364243614,0.0,0.8192645024100149,0.5851243714335324,0.7620438812456685,0.8166035929903108,0.6978389175872637,0.8084140871483059,0.759291178505447,0.6794353995211238,0.6637003444243972,0.633770176473446,0.66574999300936,0.7181605289987384,0.7602303418822993,0.8175951527368477,0.6160115471582995,0.41485920708401663,0.9920577698817493,0.895892988452604,1.0000000000000002,0.9322957439405168,0.454631784385579,0.0,0.5778118212584065,0.7973610340589177,0.900823583768537,0.8571798986282827,0.0,0.5328949199575927,0.8459872867688225,0.7617781753830708,0.9440237439120935,0.6591145966561652,0.9244762531710158,0.0,0.6980033505180497,0.8997717120311606,0.0,1.0,0.9099076627568095,0.8675224597767701,0.8655949096222333,0.0,0.9935010682673496,0.9955551949885372,1.0,0.9369925111773032,0.8328757073117391,0.855648357733975,1.0,0.8911658115726436,0.8748938809549258,0.9289973726692355,0.6972761158692501,0.9722770813987569
0.8576810050255437,0.8314900897752657,0.7667207283283751,1.0,0.9251459459083142,0.8656365864350501,0.8299641723611123,0.877292369217167,0.8171424245759127,0.8725278958971872,0.6781161482217304,0.8017466878832292,0.843619823475545,0.8072997847685309,0.7831407623179177,0.8671278850585402,0.7144707287406691,0.8146441802198068,0.6362722825106389,0.6180395532243231,0.7592147268236326,0.8192645024100149,0.0,0.8406952548337301,0.7107166179930167,0.8539671682354116,0.8241015706462601,0.887686496214662,0.8819590465796922,0.8286919955228598,0.8822989464214264,0.862699314416025,0.8380574282703207,0.8942236221824682,0.9263509479419052,0.8716997824484299,1.0000000000000002,0.7076455269538852,0.9744138407641937,0.90530028068338,0.9672621310246681,0.9999999999999999,0.8506322423902172,0.9712982258273651,0.9644323636547191,0.7517242860412262,0.9608575899132201,0.7406037960864937,0.504204356399873,0.848392600708983,0.9127252126719261,0.8927267897522696,0.9211373720564621,0.8750802192768298,0.8041016102248689,0.19407323562242978,0.6823312275932768,0.893185746089939,0.7625844959963206,0.9235411214508371,0.9854971706681506,0.8863949002454544,0.9027427617306168,0.459869644079983,0.9440083233393026,0.9574790714917419,0.995508322491475,0.9527520777997324,0.6541149014356233,0.9043225164458008,0.9650907291945996,0.9171326398305917,0.9179868476657133,0.9725487631292934,0.8998639578706534,0.9285786479795344
0.859147312459524,0.7892757945992761,0.6082140915482798,0.4811416921061218,0.9899688362363176,0.7696937995126403,0.9418099188809136,0.8489023882839876,0.9252512602536692,0.7824961996850113,0.9322872846778664,0.5241798259888472,0.9424693753850375,0.9110142049701899,0.6624190564256363,0.8320787628039683,0.7717566272726374,0.7593755606736684,0.7893316170735856,0.7208575719543086,0.8796821254584796,0.5851243714335324,0.8406952548337301,0.0,0.6965733095724685,0.5625020435697681,0.7309763948078296,0.9299630057114601,0.8057459028516498,0.8464396252304582,0.9243298136293449,0.794809703851868,0.5512743797926334,0.9162430329057663,0.804566947059221,0.4541930398928289,0.6879637612604479,0.6194890929968375,0.6800568568479952,0.8495066903284505,1.0,0.36314263062419555,0.7456264500932688,0.41681719617592294,0.5919783457438871,0.8694652658736459,0.7578261708191026,0.45674902651062355,0.0,0.0,0.5510131924325522,0.42593496505991113,0.5746895503617974,0.4778363669260877,1.0,0.5885773134909342,0.9568515318632811,0.589073503117133,0.0,0.6274743087055714,0.8851294565916075,0.9614463083549616,0.941295678171008,0.0,0.738949096618114,0.6500688768092228,0.7542024895874305,0.6510009308856557,0.9108850469153994,0.9736140037069791,1.0,0.7209450520996926,0.5196243022477492,0.5978296925659806,0.0,0.8298536820686384
0.9787389547684158,0.8242709182649879,0.7768654312708213,0.0,0.6865025644628384,0.7925197716769383,0.6242733351325194,0.7775486533521189,0.6934199083273789,0.7849563084394374,0.8410214076706185,0.7616380765344009,0.771689738544016,0.5054587704807748,0.9855133677907568,0.7189555237999554,0.6707108207535263,0.7576770983659533,0.8407863950434333,0.7700272038992957,0.8696338336506704,0.7620438812456685,0.7107166179930167,0.6965733095724685,0.0,0.7522102667594875,0.7180109561275256,0.7954153236020925,0.7996437450873635,0.7916728506123794,0.8183186145464155,0.8040368393827994,0.8516352448263393,0.8762974145819192,0.8089844715950817,0.7741474580561496,0.4722084929886732,0.6311784288530868,0.9247853842585765,0.7243843726317151,0.825782251511641,0.8892326293455608,0.47017778115651887,0.0,0.7220788184329057,0.9941774155860533,0.7551352689802887,0.0,0.0,0.0,0.7855785422678194,0.86743677834181,1.0,0.4976997433300062,0.8489183088045172,0.0,0.8478184467574085,0.7560890973106582,0.0,0.9942604979426373,0.7828567850751701,0.8288783349012597,0.8251550236426796,0.0,0.8787900945827539,0.9931715216795757,0.8590412579384425,0.8930164814194145,0.8420752565880517,0.7940690027940652,0.885716287804933,0.8460380503931614,0.6906997720402729,0.7961040385507785,0.0,0.8300516275736741
0.7489547486836655,0.7593257607659759,0.900704513148828,0.6648646798498464,1.0,0.6445567013964442,0.8068518484945533,0.8332292314263792,0.8726527731083483,0.9134377077978668,0.9589396863460238,0.6675537133219799,0.856025989965756,0.6419682743254538,0.7065994147891842,0.7774013049246183,0.6841200460683845,0.795275583335646,1.0,0.8428122170421868,0.8582139664048188,0.8166035929903108,0.8539671682354116,0.5625020435697681,0.7522102667594875,0.0,0.8582456424506251,0.8671459597653313,0.8500452255677112,0.7651556985988479,0.8351631136883109,0.9282331107924132,0.9469812113765562,0.8911290339137142,0.8108148351142705,0.5802737422437516,0.6727801022513752,0.6804853455832102,0.9960302980442804,0.8383464042573301,0.9825623308300657,1.0,0.6218594107693948,0.0,0.6955910117564678,0.9762927858630206,0.8996781524929351,0.8149378945353442,0.0,0.5349958634980909,0.9151018315305658,0.7855686706752697,0.9389433571643455,0.7802742847286434,0.8418859924277101,0.5643713694816332,0.8281064862157569,0.7852132365331018,0.0,0.9991258973758709,0.8827150449875697,0.8699817071117703,0.8581662243299668,0.0,0.9629156499129887,0.9489938256515542,0.9746208131573748,0.9264759308479744,0.851432890117726,0.8453625437606241,0.9385380977474398,0.9598361141169671,0.764690377736907,0.8952233767410978,0.47469982168712344,0.9099188594073808
0.9765089464371934,0.7634029649097491,0.748976387964795,0.9409299500438971,0.8515031064490707,0.7228110714824857,0.7716992703109539,0.9350322465152454,0.6967616951707196,0.7684698652353551,0.734607991511226,0.668472465447401,0.8824942899828728,1.0000000000000002,0.5274769092856499,0.8038027204559688,0.5716114240985768,0.8234950008868698,0.7207836665708893,0.5478802191220474,0.808294879087068,0.6978389175872637,0.8241015706462601,0.7309763948078296,0.7180109561275256,0.8582456424506251,0.0,0.9227742645237766,0.735658225791538,0.8129784744721392,0.74033941693086,0.7816694376045336,0.7867732085913685,0.7100075417827286,0.7554556890190576,0.8545674281515773,0.9970325832070206,0.6992461123095113,0.8437442392749258,0.7705502080411377,0.8686785341422733,0.7553319602931471,0.7461838271507694,0.7384256207673129,0.5347560210273337,0.6966525108285311,0.9193806843581482,0.8745762190437997,0.0,0.8280031602051944,0.8682677476614773,0.8920984085892726,0.8534811714755858,0.8300854327819089,0.8204945845091073,0.7902680256459366,0.7621805215951258,0.8774333632200239,0.7460454909227789,0.8951199982779537,0.8660574321863929,0.5207354564329495,0.9631453408357993,0.7343768966725455,0.8836719193138965,0.9288831250770355,0.8859331277303631,0.9371132574397207,0.6525208991510529,0.7945318009517846,0.9781113023699958,0.8953617903961711,0.8459280804591163,0.8672214783875506,0.7497370363175433,0.8426927309828405
0.9564181429128245,0.7549083142050588,0.8794253833323541,0.8940411875609605,0.922601263594492,0.8627778012272233,0.9074514719001768,0.876798058839759,0.8177468241787366,0.8403529038034008,0.8459985090103301,0.8974991509988371,0.9485112497347108,1.0,0.7487349993745371,0.7949139082492718,0.8515020106473086,0.7981976358467338,0.85962872682775,0.7815720105712566,0.9178353098033939,0.8084140871483059,0.887686496214662,0.9299630057114601,0.7954153236020925,0.8671459597653313,0.9227742645237766,0.0,0.8030124770851961,0.6777350467097991,0.8378158136647507,0.9269212909814859,0.8093794456897908,0.8016574250558435,0.8053830616079944,0.8401528853374396,0.9885412711350806,0.8041516118676251,0.8428891171629171,0.9375594379214373,0.8998545040077858,0.9276114671695496,0.7656971669158034,0.6925776586618513,0.5774193415235518,0.5678088025695679,0.824971667323578,0.847900256921692,0.0,0.7970230619396151,0.8743218213537943,0.8213065618290825,0.9287679341687014,0.8902967031150881,0.8586703058386739,0.7891974280491502,0.839848963431557,0.8772044234303927,0.7129756383121012,0.9370586929153564,0.7799020305011065,0.9557764372237543,0.8967947074944567,0.8486616298586552,0.9039191021551733,0.912364486470666,0.8915215614251341,0.8936428372151959,0.7378487580462852,0.7179475168293203,0.9365836944255203,0.8902777830195229,0.8704733842505511,0.8662259942711606,0.8596493173483538,0.8694247785127572
0.8866808127810406,0.7666407247645279,0.8506693807233471,0.7120975531535833,0.8087480048475966,0.7214138355137807,0.7995022761637944,0.7809440927713168,0.7524369310049772,0.6968777047970359,0.8278670387166285,0.5895372297205959,0.8031695736983551,0.8781856910097071,0.8559386451919818,0.7877128976951538,0.6790784734951927,0.8284834543866444,0.8148640290423975,0.6481397731723841,0.8266574123092049,0.759291178505447,0.8819590465796922,0.8057459028516498,0.7996437450873635,0.8500452255677112,0.735658225791538,0.8030124770851961,0.0,0.7361168534749611,0.7115996803455638,0.5565988423451078,0.8841134494848786,0.711002102446752,0.7818330291249964,0.5930679228998912,0.5920227855887741,0.8648079230482393,0.8593321815294443,0.8195728680318335,0.8495718242989581,0.8422539605150479,0.6327006318844818,0.42728158118175263,0.5816097561920242,0.7717573848998597,0.8620546668681566,0.93241789415399,0.0,0.8114288793167873,0.9048950656004627,0.8721138085024552,0.9193749750675057,0.9130403447084013,0.7582710937820706,0.6282131939827513,0.6092657659379013,0.8399375246727905,0.4126495567636342,0.9068494377406418,0.9040800953824472,0.47079088151275206,0.9335034895146603,0.7000109530452265,0.9208199275935695,0.9103433522246287,0.9091566090018105,0.9596665161816642,0.46356893793672616,0.855261997452824,0.9075002945341601,0.8654527622239896,0.8685889983125608,0.8431583645885422,0.7724039797481392,0.8490575058229487
0.8537376671870054,0.7526548109809914,0.9160132120530399,0.2285528417522964,0.8985231436235713,0.8333762609392388,0.8017853245047631,0.7732523593121788,0.8179654770486819,1.0,0.9350736237948921,0.7684035293921504,0.9368530211317496,0.40391025566122507,0.4628827100686803,0.7131680310053737,0.6436148634839639,0.527591352080715,0.789618613727886,0.6809873522365575,0.7726230284597261,0.6794353995211238,0.8286919955228598,0.8464396252304582,0.7916728506123794,0.7651556985988479,0.8129784744721392,0.6777350467097991,0.7361168534749611,0.0,0.6544590236971597,0.6794400258318307,0.48047741065487254,0.5904887070130789,0.6241363761891482,0.9658163490389315,0.7549153253359524,0.6906090287074744,0.7529624571801556,0.0,0.7624292463844418,0.702276001521727,0.5296738296357901,0.0,0.0,0.0,0.5737175888631393,0.7466382693548363,0.0,0.5162243242158908,0.8668000920846897,0.9035066458883702,0.7889138661547348,0.8711371923637611,0.0,0.3767516153545795,0.0,0.7751157665049534,0.0,0.8782915901327008,0.0,0.0,0.0,0.3738762693599624,1.0,0.826068682197689,0.7896549090365108,0.8615139345761342,0.0,0.0,0.8314844944570935,0.8446930324687346,0.859018282012549,0.8298949765843922,0.6872196733426895,0.8037485093640963
1.0,0.7903739496607387,0.849039844413181,0.7026833147857356,0.8806429903742317,0.7848263990999439,0.8705719470392485,0.8617622588422057,0.7933351540246113,0.7984510944299223,0.848074363417852,0.8050961671439967,0.834629288505408,0.8247876469791355,0.8237734222959752,0.6721792245906069,0.7437570277070853,0.7782789720194874,0.8377464065770468,0.7378658523075515,0.9611244765963712,0.6637003444243972,0.8822989464214264,0.9243298136293449,0.8183186145464155,0.8351631136883109,0.74033941693086,0.8378158136647507,0.7115996803455638,0.6544590236971597,0.0,0.8667178142719754,0.8578582210803216,0.41083278620584407,0.3658667396504076,0.797936935377067,0.2755664909869719,0.6533455336269246,0.7709696085176384,0.802225442577169,0.9063079162913875,0.8793158035671815,0.7721041568451076,0.517632788240738,0.8471359949905852,0.5608296794214748,0.8914946828996089,0.8608456769821462,0.0,0.8481696240675026,0.9282631691563318,0.7034252353173712,0.9367744095629789,0.8526079624891009,0.811057342936873,0.6636931819137766,0.9669969597854624,0.7937162766723402,0.0,0.8982490135480297,0.8966153600467609,0.8120570409820657,0.8470253210651103,0.9333073403396251,0.9464379287511134,1.0,0.8833542508962388,0.9568305655969828,0.46692724101189786,0.8752538395335626,0.931567410307981,0.8889338376900355,0.8582788250886094,0.903836492498701,0.72489350730044,0.8290089921482939
0.9378542857448534,0.6765001122597247,0.8809708853324267,0.7408895790519541,0.8416074677785844,0.8356562774180586,0.8920094612793399,0.8240391124285791,0.7582152981054987,0.8407742655988882,0.914221714627362,0.7398879969420432,0.9201994821329919,0.8490221304992297,0.7320641896633987,0.7901083245345767,0.9042689777022219,0.8430410410986479,0.8209322126783561,0.6725731585251421,0.67971210852462,0.633770176473446,0.862699314416025,0.794809703851868,0.8040368393827994,0.9282331107924132,0.7816694376045336,0.9269212909814859,0.5565988423451078,0.6794400258318307,0.8667178142719754,0.0,0.8234656197047167,0.7455944068719621,0.6377155261638682,1.0,0.6530365049875171,0.6692141860897062,0.38056123432654654,0.5046802887335329,0.3749141826290759,0.27576864008545504,0.3952421438301239,0.2282087575162059,0.6650243242414802,1.0,0.9871738323142722,0.7127817744794407,0.6297384496488753,0.5405769675273604,0.9424437593486054,0.7544406214622376,0.9832319295571283,0.7969275657891028,0.37898156060129956,0.5947724146123885,0.32460307300025754,0.8266357562915194,0.6647629364376392,0.9454559615928069,0.9941394204556631,0.7526639142234597,0.9278750384502528,0.6880737130972271,0.9308277544311412,0.8484590125185456,0.9859586011511172,0.9101817296926991,0.3404766977674332,0.922588744334183,1.0,0.8775935860398847,0.8030808600771512,0.8750660886495206,0.9239619456015185,0.9211799141130863
0.8818462970355111,0.8243718296232095,0.8093482908677904,0.4422777769867597,0.8036915156306144,0.7130217509501857,0.96221503804436,0.652625672449181,0.6683332921058481,0.7435614044611129,0.8649706284958293,0.5867572992190346,0.9647136812896089,1.0,0.8540319535289533,0.6387296521908593,0.6704693457760025,0.6457518110601569,0.7121966386187879,0.7356552045480552,0.9507443170711016,0.66574999300936,0.8380574282703207,0.5512743797926334,0.8516352448263393,0.9469812113765562,0.7867732085913685,0.8093794456897908,0.8841134494848786,0.48047741065487254,0.8578582210803216,0.8234656197047167,0.0,0.8122669683466962,0.51724000478261,0.4934510438810308,0.38634732251909526,0.6070140204715659,0.6073896760309666,0.5121786912071304,0.3739827251405339,0.1799421487325908,0.748872581826076,0.9528888608109318,0.5781666925717118,0.7483485100263395,0.8902064646765175,0.5066568367547711,0.45517319107810783,0.0,0.678713082365915,0.7331342926598803,0.5543159920054953,0.6604127229881659,0.868666162120317,0.5368789086570445,0.8415717752520552,0.5405474703269848,0.45019252387642883,1.0,0.826701546817746,0.6521489758918108,0.7620107924987342,0.538679641146077,0.7628584915304314,0.6143726005798058,0.9170577933730097,0.9739750468760353,0.7677297072441303,0.7381192671749214,0.8868161229527018,0.6838098671840266,0.8206885539221893,0.743183806637988,0.0,0.7635455261857644
0.9923747086281256,0.7718970967174038,0.8513405053839453,0.6125105859314348,0.9465324600042525,0.7688862364892382,0.896881985469905,0.8509803972918926,0.8210241210083791,0.7078428742329129,0.857110617241359,0.7758720772764267,0.9148003630543001,0.8523823425561458,0.7743473970482041,0.7638481764050817,0.8847221665064542,0.8643269728036158,0.8596317326353375,0.7337380730538469,0.883157039457066,0.7181605289987384,0.8942236221824682,0.9162430329057663,0.8762974145819192,0.8911290339137142,0.7100075417827286,0.8016574250558435,0.711002102446752,0.5904887070130789,0.41083278620584407,0.7455944068719621,0.8122669683466962,0.0,0.4450748361259115,0.7988681419465085,0.3396144301820144,0.47442749551401564,0.3719383260245431,0.25419574517030286,0.4388179058529454,0.4239279912463691,0.5034731167956256,0.22626960240626603,0.2558966288446079,0.7483707175251396,0.9311013570802718,0.8606412745640878,0.0,0.7576831441136045,0.919193500455405,0.8998626862178836,0.78382937459737,0.8771014971938865,0.2991427621899181,0.6538606914244036,0.5739482245688531,0.8474607028782873,0.5434442308195533,0.9140909586129509,0.935592727326509,0.7768505258301076,0.8851919231894367,0.8131612858206237,0.9714830584668166,0.8790260954648541,0.8929148150731221,0.9187802890177437,0.4187012047870773,0.8360351620027161,1.0,0.9132654747419311,0.9008363955630664,0.885948636983796,0.7708752232783304,0.8948977021509449
0.9155616936891081,0.6687700050596688,0.9091516967588216,0.6454861640204217,0.928548024046107,0.7942227549176001,0.9853853089849512,0.7288309391986285,0.817480207448356,0.7492066432710707,0.7904887908862087,0.6513301288124437,0.9135009206492524,0.6834106853604915,0.7818164879046134,0.7057466359680405,1.0,0.8816689274120921,0.7630813648439038,0.7126202990669271,0.6769149314977047,0.7602303418822993,0.9263509479419052,0.804566947059221,0.8089844715950817,0.8108148351142705,0.7554556890190576,0.8053830616079944,0.7818330291249964,0.6241363761891482,0.3658667396504076,0.6377155261638682,0.51724000478261,0.4450748361259115,0.0,0.6841806564796602,0.5300761343728589,0.42332336659115105,0.21150418137143723,0.5182595567388729,0.2653125514725006,0.5476515692648875,0.34178118454857237,0.5891148381063445,0.5131256840370846,0.6137050732378787,0.9473041282296049,0.7345632364960515,0.49509470375722303,0.6278241308636713,0.9124418671224921,0.442766968567676,0.6500843387594346,0.44574288699765624,0.5024056826919862,0.49524425902341784,0.5572774511972173,0.9231881201636688,0.0,0.9613590159481639,0.855595223090957,0.8943594334384889,0.9918075071350198,0.5573031095124209,0.9365629352602914,0.7129774832172007,0.9032761422664233,0.9984596610705975,0.46753772247600706,0.8795599398911171,1.0,0.9097580659436726,0.8726835864991127,0.8706582313035329,0.4609045592167538,0.8610795060238595
1.0,0.554914830736625,0.8781870194563036,0.5466288191129058,0.8324925196961608,0.950947990417699,0.7305173815751027,0.7256985372715109,0.8821136728565094,0.8691739651250511,0.7137088148600191,0.9999999999999999,0.8011336335147863,0.5935942082452578,0.8081145238256839,0.5640111119942101,0.8681817834802064,0.9205307214443275,0.8356107310414979,0.7726351742310192,0.4200161566506478,0.8175951527368477,0.8716997824484299,0.4541930398928289,0.7741474580561496,0.5802737422437516,0.8545674281515773,0.8401528853374396,0.5930679228998912,0.9658163490389315,0.797936935377067,1.0,0.4934510438810308,0.7988681419465085,0.6841806564796602,0.0,0.8122682205688221,1.0,0.5396921104419279,1.0,0.6686497473827399,0.4198002822899574,0.6842898779593389,0.6506346045095598,0.8281846735274454,0.0,0.6571830861140736,0.8026706990428119,0.0,0.7370751298789736,0.890544650812204,0.641253277155713,0.6961037878675302,0.8460338946297558,0.8360260899987803,0.749159728222728,0.931770428967169,0.621934133172204,0.7748390117198087,0.5158900542661974,0.7878621888929013,0.0,0.0,0.6686855585323709,0.8035339923013279,0.9589470863891698,0.6235200853961735,0.8290467481026152,0.6467335499548224,0.3970979095034427,0.5097127543162749,0.8486669314445997,0.8328215515408346,0.8359949210148929,0.5785518499878164,0.7864373226397725
0.0,0.7481671010372714,0.9450444653557744,0.5625305403581123,0.5195092073716998,0.8892162130004102,0.7036979560792065,0.7198726576713611,0.8094437599217377,0.3081996715990908,0.8637659970414376,0.6892668203130943,0.8832015863675486,0.6051808194013119,0.6227441153631667,0.6411771257741516,0.684721931430116,0.0,0.8931941139536124,0.7709402398009852,0.5327787829697941,0.6160115471582995,1.0000000000000002,0.6879637612604479,0.4722084929886732,0.6727801022513752,0.9970325832070206,0.9885412711350806,0.5920227855887741,0.7549153253359524,0.2755664909869719,0.6530365049875171,0.38634732251909526,0.3396144301820144,0.5300761343728589,0.8122682205688221,0.0,0.5478005549740627,0.4253620803788473,0.5556472919684925,0.21600239606827132,0.3696316902966766,0.6171278087012704,0.5838437212880273,0.46237312952224435,0.0,0.0,0.3381659342487375,0.0,0.0,0.8229922552665186,0.6356244053918442,0.7537167578443599,0.3776941679996904,0.39899982168739984,0.4766884518876059,0.3991873514440759,0.532143106543714,0.0,0.8350685073806825,0.0,0.0,0.0,0.0,0.7921874473165156,0.5728417372839052,0.5171605254764721,0.8906746963242422,0.46455591555534304,0.0,0.5810366067620153,0.76139523111907,0.7311704766863889,0.7584445456153264,0.7152860985410445,0.7473992531414175
0.7901916035515978,0.3801488442370779,0.886273457212451,0.5875067694283911,0.996425097754758,0.7843022315244303,0.9269388095220725,0.6244910270173578,0.8000824032686074,0.7677514920040113,0.734033399955451,0.47101733303511856,0.9860388567450643,0.8301133336094733,0.5525021795385121,0.3683890447369117,0.6722579342171924,0.636282158582431,0.7381217158028408,0.47565740893196123,0.7587160887705366,0.41485920708401663,0.7076455269538852,0.6194890929968375,0.6311784288530868,0.6804853455832102,0.6992461123095113,0.8041516118676251,0.8648079230482393,0.6906090287074744,0.6533455336269246,0.6692141860897062,0.6070140204715659,0.47442749551401564,0.42332336659115105,1.0,0.5478005549740627,0.0,0.5291553955646837,0.3381294734581942,0.3264229026548096,0.5515812718864248,0.7306908154274465,0.2379031216745191,0.38342352052889805,0.702761923903134,0.46319043039481256,0.7174165648976158,0.0,0.4511819303175119,0.6442639590450043,0.7078283676886972,0.5103775565647275,0.6735428498928552,0.7632234651948464,0.4603311810992491,0.6476545725858425,0.595502293404565,0.46518360352126187,0.6496078011588532,0.336454179752789,0.6991141877892083,0.7783928682768924,0.0,0.23228652679090117,0.0,0.5122016702395451,0.560442213801108,0.5445856277266427,0.6016955480455067,0.8924478426853604,0.5747707961685738,0.597240586419709,0.43384417423814975,0.0,0.4832066300150943
0.9492479776423773,0.9833210691046768,0.7234976768310326,0.4612759341896952,0.6796070709052612,0.9012710420454483,0.7354874763986449,0.9573513207019968,0.8112366027237882,0.29940560992344967,0.5190722752167449,0.30106537779303033,0.7596074638308837,0.842558968702082,0.9539035722579634,0.9408584056962973,0.7562403714361003,0.9046109794515537,0.5773156216407345,0.8865028899261034,0.9342356316515318,0.9920577698817493,0.9744138407641937,0.6800568568479952,0.9247853842585765,0.9960302980442804,0.8437442392749258,0.8428891171629171,0.8593321815294443,0.7529624571801556,0.7709696085176384,0.38056123432654654,0.6073896760309666,0.3719383260245431,0.21150418137143723,0.5396921104419279,0.4253620803788473,0.5291553955646837,0.0,0.8583923801601125,0.784654846831285,0.7940173963626584,0.7529982688496074,0.6683470197278234,0.7723905194337548,0.9067821507731775,0.8218032550025111,0.8583371904956667,0.5618512650126598,0.8490285082412551,0.8402545919373283,0.7844632676551635,0.7748426371781044,0.8630553839131744,0.5229583496939595,0.8980376084540068,0.7848971632712601,0.8356770977197548,0.7161622420056721,0.7790873156913668,0.7627503038016684,0.8808088030828278,0.8965259017444748,0.8295447812126269,0.7662717561675856,0.8272372547211878,0.7034121422870744,0.8869023644143675,0.8469757573728666,0.8054076349458082,0.8961165126062725,0.7241118745476591,0.8272172512777566,0.6612132958271413,0.6224938433875064,0.8356155940716812
0.888461714196097,0.8820799309952725,0.9595504406332928,0.0,0.5251233179278467,0.705571959284004,0.4099585617289603,0.8609138942033953,0.5988101646481832,0.7348735466646551,0.4147968139981694,0.7655542132456112,0.8614132576658936,0.0,0.9552623229676088,0.7073685900776508,0.6831912614280578,0.6993627383019552,0.7086425203140654,0.7712020830841438,0.8005777406975356,0.895892988452604,0.90530028068338,0.8495066903284505,0.7243843726317151,0.8383464042573301,0.7705502080411377,0.9375594379214373,0.8195728680318335,0.0,0.802225442577169,0.5046802887335329,0.5121786912071304,0.25419574517030286,0.5182595567388729,1.0,0.5556472919684925,0.3381294734581942,0.8583923801601125,0.0,0.9558663778617104,0.7330536663318576,0.4698504431545035,0.353812749585459,0.5650343143246694,0.9428671169683086,0.852627232386525,0.7316134957912076,0.5914743296703288,0.82015692466029,0.812751088558266,0.8462151436317771,0.8130356264120289,0.7635818337013642,0.7520216553155147,0.861981616101988,0.49874275236759547,0.8162284803699683,0.41189220727593345,0.9857840294628645,0.7881246202662857,0.7640990396282227,0.7857384267814134,0.7993614167038962,0.7848260703907881,0.9521824189882027,0.7060827497993323,0.9031841542165465,0.6534394942071415,0.8627069506821087,0.9703218065616518,0.7208311353623661,0.8041710551651213,0.6998436607440619,0.4890498039700083,0.7952351528045644
0.977777456465453,0.9445029028427171,0.7087887318276271,0.498872224836562,0.8285894268551445,0.9055686348672279,0.8472213462100284,0.8532505342079367,0.82495398934723,0.4699230138190396,0.7651697492282299,0.7540326684272478,0.8892211034626285,1.0,1.0,0.813714921429168,0.6838234704054946,0.8174771156508844,0.6907571989008996,0.9224892074394198,0.9340893973450539,1.0000000000000002,0.9672621310246681,1.0,0.825782251511641,0.9825623308300657,0.8686785341422733,0.8998545040077858,0.8495718242989581,0.7624292463844418,0.9063079162913875,0.3749141826290759,0.3739827251405339,0.4388179058529454,0.2653125514725006,0.6686497473827399,0.21600239606827132,0.3264229026548096,0.784654846831285,0.9558663778617104,0.0,0.444216586613752,0.6006094575487577,0.512044300687468,0.5336904469938686,1.0,0.7813243818982931,0.778147814545153,0.5364609262296508,0.8892201826999633,0.8747353865340202,0.7464491213461232,0.810934549250696,0.7952685570236298,0.4893352861147221,0.8066152940405531,0.4889467246291365,0.7845399966400755,0.5385119067938382,0.799670944168463,0.7762094048807281,0.8026661354027556,0.7266420981648123,0.7975071345815039,0.7833670628207103,0.8306767266224634,0.8604879317824435,0.8563077647545653,0.5947052264948482,0.811800697321831,0.9527050005399691,0.7020838630307411,0.750672009820097,0.7822724863450671,0.7026792692275621,0.5052662072042128
0.6550932792536663,0.9488176915398422,0.587309310862506,0.0,0.56074212931527,0.8952897593865665,0.6975808707372702,0.786986362845919,0.8876546816738484,0.6098386162057777,0.8383405100372996,0.5968972021831741,0.8309913686336448,0.0,0.9580915160379654,0.7704099732862514,0.9026279030251351,0.843504013396833,0.5533561685763975,0.8603080988884625,0.8636051157551221,0.9322957439405168,0.9999999999999999,0.36314263062419555,0.8892326293455608,1.0,0.7553319602931471,0.9276114671695496,0.8422539605150479,0.702276001521727,0.8793158035671815,0.27576864008545504,0.1799421487325908,0.4239279912463691,0.5476515692648875,0.4198002822899574,0.3696316902966766,0.5515812718864248,0.7940173963626584,0.7330536663318576,0.444216586613752,0.0,0.4935705129412917,0.476225220263326,0.5095818201196475,0.8741464311333274,0.5597622743332461,0.7529486759568366,0.4292830983353224,0.715251971749504,0.8663549727164858,0.6037855488318503,0.7375613267678287,0.8218140872356259,0.5046617833191174,0.8096792768551695,0.46161812563677973,0.7877963089774241,0.6781030512206484,0.6952589954085712,0.5689052861862087,0.8360451212902313,0.8336625962032843,0.7395261247511165,0.6730009267677266,0.6808201243525358,0.7276559154736507,0.7840321502158218,0.662207658019732,0.7544025789726202,0.7607554938353761,0.707550347333495,0.5678011750950601,0.7182085889587648,0.5973170036621632,0.6948951513403069
0.0,0.2974792923032413,0.7290174937138112,0.4887769834927894,0.6775832443011355,0.6817431920033965,0.6889933996436298,0.9167657784592559,0.7984676529468039,0.42366664963785533,0.7416429021170587,0.5146535796340822,0.7232792870184983,0.7194247349588451,0.8204636906647257,0.7622971148809962,0.0,0.0,0.6043900563020121,0.5643994002191275,0.8078422558828128,0.454631784385579,0.8506322423902172,0.7456264500932688,0.47017778115651887,0.6218594107693948,0.7461838271507694,0.7656971669158034,0.6327006318844818,0.5296738296357901,0.7721041568451076,0.3952421438301239,0.748872581826076,0.5034731167956256,0.34178118454857237,0.6842898779593389,0.6171278087012704,0.7306908154274465,0.7529982688496074,0.4698504431545035,0.6006094575487577,0.4935705129412917,0.0,0.5402424811744252,0.836841202029988,0.6091793858928228,0.3920926675146375,0.7919319495538457,0.3879828657692278,0.5636022408817568,0.8367480572821495,0.7190520275942434,0.7016277763719344,0.8869896273543992,0.5323531419921123,0.7069685720140819,0.582574752727505,0.8124085791321392,0.6122996544921151,0.7966519356298637,0.3601870296974574,0.8564650333374194,0.871268002697378,0.7908959982353596,0.7523409607954576,0.5728311437514686,0.797667626022177,0.9504757413762163,0.5847217335891235,0.7875461654999408,0.456237055040697,0.7370274493398374,0.8195133754473617,0.5369274817224342,0.7749697136366804,0.8108350546643114
0.0,0.0,0.37240348307126253,0.0,0.49999113804080086,0.8436043276682803,0.4080292875821101,0.5470338503360993,0.6009792956337356,0.47818249539972474,0.6053513576987967,0.4613326925317286,0.6072356664271015,0.0,0.24817764119140362,0.0,0.0,0.0,0.0,0.4892487635189877,0.0,0.0,0.9712982258273651,0.41681719617592294,0.0,0.0,0.7384256207673129,0.6925776586618513,0.42728158118175263,0.0,0.517632788240738,0.2282087575162059,0.9528888608109318,0.22626960240626603,0.5891148381063445,0.6506346045095598,0.5838437212880273,0.2379031216745191,0.6683470197278234,0.353812749585459,0.512044300687468,0.476225220263326,0.5402424811744252,0.0,0.3582422941702318,0.0,0.5911208834931081,0.8811068435809888,0.5566113895159447,0.42112033642644386,0.7381707641562976,0.3823679063583018,0.5914614572399746,0.8211890173149294,0.3914242959694327,0.8223124917472951,0.36567837037466966,0.4295162086929878,0.6272496365611882,0.827764154255179,0.2550746867554704,0.0,0.0,0.7840784419058672,0.68544495263722,0.5200156397919844,0.66385781009859,0.9154387570671864,0.4874018587978816,0.5116723018681303,0.8574533115980056,0.7162727304472782,0.6608958095748153,0.6967762297882502,0.4126469839379846,0.7071454172956931
0.7006932417345865,0.49873679488208217,0.23096304403266,0.0,0.6996151891453476,0.5987251738621152,0.633660748934568,0.48768727893029373,0.7198900660036098,0.6617494912969563,0.661727298354692,0.865884664488786,0.5680410266699245,0.0,0.35281712174976976,0.0,0.6232768487565481,0.7587414805517767,0.0,0.6072697989520845,0.46867730108589956,0.5778118212584065,0.9644323636547191,0.5919783457438871,0.7220788184329057,0.6955910117564678,0.5347560210273337,0.5774193415235518,0.5816097561920242,0.0,0.8471359949905852,0.6650243242414802,0.5781666925717118,0.2558966288446079,0.5131256840370846,0.8281846735274454,0.46237312952224435,0.38342352052889805,0.7723905194337548,0.5650343143246694,0.5336904469938686,0.5095818201196475,0.836841202029988,0.3582422941702318,0.0,0.5099899266737984,0.5000437035758982,0.7062869274480387,0.5473685741935586,0.5164172371085559,0.6999108532417615,0.7107708180784836,0.31514867237371047,0.702196014900621,0.6598299216404132,0.5819212541814852,0.5397127431783604,0.7597695537579382,0.5817473910939226,0.7257505531028268,0.6242410831176054,0.8457102699868959,0.5977516425221656,0.6553112579262255,0.8714172835000035,0.9325249336995604,0.8637227118529593,0.6957710794240547,0.8019806645818839,0.640956951284864,0.6544521263647096,0.7903154554054195,0.7633516549835471,0.8446702706685134,0.2593094595107539,0.477569298876667
0.9575190380933163,0.9999999999999999,0.0,0.0,0.0,0.9038352062186394,0.4956443836378718,0.3770317317492157,0.0,0.8920689210746474,0.0,0.8422126399435446,0.6776940776715061,0.0,0.7403529804688046,0.9764896075346974,0.5850573581959396,0.9159691546177854,0.0,0.8735654331791015,0.7866945323931931,0.7973610340589177,0.7517242860412262,0.8694652658736459,0.9941774155860533,0.9762927858630206,0.6966525108285311,0.5678088025695679,0.7717573848998597,0.0,0.5608296794214748,1.0,0.7483485100263395,0.7483707175251396,0.6137050732378787,0.0,0.0,0.702761923903134,0.9067821507731775,0.9428671169683086,1.0,0.8741464311333274,0.6091793858928228,0.0,0.5099899266737984,0.0,0.8106605042063086,0.892340675828124,0.0,0.5854546978395001,0.920335309094963,0.7271946122096404,0.8244270370835882,0.3494570782842121,0.793966683893768,0.6142698492735178,0.7529250277051674,1.0000000000000002,0.7626038313178031,0.860188799707914,0.9319994168030751,0.794026867063603,0.830772489571958,0.0,0.924704623498452,0.8360526732097131,0.7213497417317387,0.828256086830498,0.6741039748264246,0.8655225958685127,0.7562600593958455,0.9104396205943771,0.8134449156004089,0.9593892990906743,0.7903527131538267,0.8172188005096763
0.910480928766197,0.8395650614554204,0.4463966975907385,0.0,0.4242098339918016,0.8850996961043425,0.761127002806106,0.7682441879318493,0.803401823762935,0.667355863939477,0.0,0.7989151013696316,0.872494144218836,0.0,0.9907292150725906,0.7880048839163514,0.7322136278010575,0.748056125872004,0.0,0.9582097970374612,0.9992239753157639,0.900823583768537,0.9608575899132201,0.7578261708191026,0.7551352689802887,0.8996781524929351,0.9193806843581482,0.824971667323578,0.8620546668681566,0.5737175888631393,0.8914946828996089,0.9871738323142722,0.8902064646765175,0.9311013570802718,0.9473041282296049,0.6571830861140736,0.0,0.46319043039481256,0.8218032550025111,0.852627232386525,0.7813243818982931,0.5597622743332461,0.3920926675146375,0.5911208834931081,0.5000437035758982,0.8106605042063086,0.0,0.7368895776921542,0.0,0.5562163058493051,0.6997699674797828,0.7766543752195453,0.5651408903243605,0.6682391746546057,0.5457240221507693,0.6544555818685482,0.8955839708281707,0.8491456821620305,0.4677316565559685,0.8211959214316532,0.8400876166396335,0.7752613061750043,0.8448475258990045,0.7606651977883024,0.8411065559290336,0.8073286897507689,0.9172255085672313,0.8733030866733807,0.8987963586752399,0.7689518360751044,0.7460273343943108,0.7727151178419278,0.8140707852741571,0.746751834334042,0.6276818042954683,0.7533078216201738
0.0,0.5547199527166342,0.4078914749304967,0.5009961336824835,0.8751309903990526,0.781735529853564,0.8283096526510279,0.5678088082321688,0.8975790379920883,0.8338229566757768,0.43718523129233017,0.6235767197987497,0.7506794518538169,0.8390428821142091,0.7244928585200808,0.0,0.0,0.0,0.46483565241530955,0.7276729752345094,0.5627088804696093,0.8571798986282827,0.7406037960864937,0.45674902651062355,0.0,0.8149378945353442,0.8745762190437997,0.847900256921692,0.93241789415399,0.7466382693548363,0.8608456769821462,0.7127817744794407,0.5066568367547711,0.8606412745640878,0.7345632364960515,0.8026706990428119,0.3381659342487375,0.7174165648976158,0.8583371904956667,0.7316134957912076,0.778147814545153,0.7529486759568366,0.7919319495538457,0.8811068435809888,0.7062869274480387,0.892340675828124,0.7368895776921542,0.0,0.582673607724195,0.5922125761071921,0.9164336981548779,0.6273967467134317,0.5737728661690482,0.5358118560983728,0.7315992305053811,0.4319785262034231,0.7885631950887971,0.7252070105401135,0.6352294074222602,0.863928812097439,0.7279609621907321,0.7520584802727736,0.719176570612439,0.4360981645246995,0.736123430791707,0.7316901157383987,0.7782547687082703,0.5117565145555847,0.871168860360059,0.6424643636264473,0.6687829897832679,0.7609332685016761,0.7650518763307145,0.8619944005816822,0.7539294910005205,0.734423330312869
0.0,0.0,0.5042043563998724,0.0,0.0,0.0,0.0,0.0,0.7663852444379883,0.0,0.5036759544806422,0.0,0.0,0.0,0.0,0.0,0.0,0.0,0.0,0.0,0.0,0.0,0.504204356399873,0.0,0.0,0.0,0.0,0.0,0.0,0.0,0.0,0.6297384496488753,0.45517319107810783,0.0,0.49509470375722303,0.0,0.0,0.0,0.5618512650126598,0.5914743296703288,0.5364609262296508,0.4292830983353224,0.3879828657692278,0.5566113895159447,0.5473685741935586,0.0,0.0,0.582673607724195,0.0,0.7412958775156397,0.7739678056352914,0.9357264092067687,0.8348940076732079,0.7668024684643096,0.16948913879999256,0.906599797555364,0.458569457107662,0.817542182577829,0.7811994298604021,0.0,0.0,0.0,0.0,0.7269300464107924,0.624981001026638,0.0,0.7770674443396762,0.7166781444504654,0.3738522379483474,0.0,0.45079850300367524,0.8070001854957692,0.7596874423944073,0.0,0.0,0.5929713359198493
0.0,0.0,0.6630874451418086,0.0,0.6880038817109493,0.781365122103078,0.7222067166509899,0.5400888590502355,0.7820663131505713,0.0,0.8262228636251905,0.4792767031116783,0.7014749981740653,0.6242388295419886,0.0,0.0,0.0,0.0,0.5983613610359471,0.7523732430664019,0.45593958422203307,0.5328949199575927,0.848392600708983,0.0,0.0,0.5349958634980909,0.8280031602051944,0.7970230619396151,0.8114288793167873,0.5162243242158908,0.8481696240675026,0.5405769675273604,0.0,0.7576831441136045,0.6278241308636713,0.7370751298789736,0.0,0.4511819303175119,0.8490285082412551,0.82015692466029,0.8892201826999633,0.715251971749504,0.5636022408817568,0.42112033642644386,0.5164172371085559,0.5854546978395001,0.5562163058493051,0.5922125761071921,0.7412958775156397,0.0,0.5866609225814714,0.8321780852177904,0.7660780065115536,0.6546587222743369,0.7886219791453901,0.6806922998109749,0.8030817103402493,0.7250649848682269,0.8055844365067772,0.4127363769893651,0.8005829878626546,0.7947680988697762,0.8388638482191885,0.6116429815065633,0.6774074480937434,0.8857003662144854,0.7003036655266847,0.6539776316398294,0.6785958319034822,0.6797662829874239,0.7375181725991622,0.7172300836975116,0.7126096279634603,0.7191571371599199,0.9441563232231697,0.7546317392031646
0.9328793985961672,0.8785990223432785,0.8619808855960773,0.3731381312547019,0.7194382353082015,0.8146514039652959,0.8117597113286806,0.8708451018051108,0.8266723536114067,0.8735530936785457,0.8634389396838676,0.5242717514583011,0.8368862439045317,0.6366906211028889,1.0,0.9303767635445402,0.49649284530421284,0.8270718740499539,0.676568669536082,0.9276491867102095,0.9999999999999998,0.8459872867688225,0.9127252126719261,0.5510131924325522,0.7855785422678194,0.9151018315305658,0.8682677476614773,0.8743218213537943,0.9048950656004627,0.8668000920846897,0.9282631691563318,0.9424437593486054,0.678713082365915,0.919193500455405,0.9124418671224921,0.890544650812204,0.8229922552665186,0.6442639590450043,0.8402545919373283,0.812751088558266,0.8747353865340202,0.8663549727164858,0.8367480572821495,0.7381707641562976,0.6999108532417615,0.920335309094963,0.6997699674797828,0.9164336981548779,0.7739678056352914,0.5866609225814714,0.0,0.7331859435995568,0.867557891562864,0.7037280465203613,0.7909193480172994,0.6588080655787689,0.7524091911189058,0.7078003794088908,0.6402902904852333,0.8045901688309949,0.886844560193556,0.7874913301614346,0.7772548088538123,0.8251107523205277,0.760603551832957,0.9363191772190952,0.8473926540353905,0.8773380716166216,0.7045630491598687,0.7592287484639575,0.6557872136028134,0.7283931435965053,0.8097409001040444,0.6251121810932253,0.7447186370201433,0.7283793555964047
0.0,0.7532848032161925,0.8205075661702881,0.0,0.6911271619020565,0.8448683522536659,0.8600461317289594,0.8612996563304994,0.8124012562888322,0.4500684313235749,0.7642613251674012,0.5681116337129075,0.7452161197281784,0.5464497436267448,0.7068818607647764,0.5294005905163014,0.5415353486989868,0.5118362537344836,0.6135967805041381,0.8251849607022655,0.9164520172391871,0.7617781753830708,0.8927267897522696,0.42593496505991113,0.86743677834181,0.7855686706752697,0.8920984085892726,0.8213065618290825,0.8721138085024552,0.9035066458883702,0.7034252353173712,0.7544406214622376,0.7331342926598803,0.8998626862178836,0.442766968567676,0.641253277155713,0.6356244053918442,0.7078283676886972,0.7844632676551635,0.8462151436317771,0.7464491213461232,0.6037855488318503,0.7190520275942434,0.3823679063583018,0.7107708180784836,0.7271946122096404,0.7766543752195453,0.6273967467134317,0.9357264092067687,0.8321780852177904,0.7331859435995568,0.0,0.7349643426822231,0.7128763997116108,0.733378773870862,0.6958783348214669,0.844291346297575,0.7283196003427647,0.8256829212409652,0.761524557080348,0.7860585138527522,0.8435389845787741,0.8197078584578262,0.6270435049131531,0.6828865383141547,0.8695711638631897,0.756191006513101,0.7188494556296406,0.8136107080848267,0.7467210376155321,0.7908189807274217,0.7853416414477885,0.8294090249874051,0.7971679530399987,0.7815890680306588,0.7887864706382252
0.794574259688362,0.8762735330577945,0.6827300603383107,0.0,0.6905916511698066,0.868829841164972,0.7240879065178628,0.9136476864904559,0.7248845707217001,0.5180426604773448,0.629564120139726,0.0,0.8004546396317613,0.4974057330544123,0.7935357838808603,0.7941643185464783,0.0,0.6058136769624638,0.4848903026370855,0.8396999205026511,0.8154853955664217,0.9440237439120935,0.9211373720564621,0.5746895503617974,1.0,0.9389433571643455,0.8534811714755858,0.9287679341687014,0.9193749750675057,0.7889138661547348,0.9367744095629789,0.9832319295571283,0.5543159920054953,0.78382937459737,0.6500843387594346,0.6961037878675302,0.7537167578443599,0.5103775565647275,0.7748426371781044,0.8130356264120289,0.810934549250696,0.7375613267678287,0.7016277763719344,0.5914614572399746,0.31514867237371047,0.8244270370835882,0.5651408903243605,0.5737728661690482,0.8348940076732079,0.7660780065115536,0.867557891562864,0.7349643426822231,0.0,0.6854459769146299,0.8605261325276642,0.5033652527596963,0.7391714927496829,0.8519472495879077,0.6616911998265802,0.7299438809933338,0.8357773912165543,0.834922627641241,0.7913904344031741,0.47938349835165617,0.871649757252539,0.7516438974334967,0.7807613384817358,0.8114261034692556,0.7747152298297808,0.7487442577707382,0.8390319855919846,0.8984959495122232,0.8146058481980532,0.8999082176786917,0.7149096597463324,0.7887123880365089
0.0,0.7066714499023654,0.7725245362721227,0.4558767803376258,0.795649482505154,0.840705354648126,0.8503955887480205,0.8117422875452409,0.837901081255501,0.6707471565851661,0.8728299554364294,0.6651052295681923,0.7537117487248014,0.7862198327283532,0.8534984687570721,0.0,0.0,0.0,0.6927813442941133,0.7844403179734983,0.8630255088718382,0.6591145966561652,0.8750802192768298,0.4778363669260877,0.4976997433300062,0.7802742847286434,0.8300854327819089,0.8902967031150881,0.9130403447084013,0.8711371923637611,0.8526079624891009,0.7969275657891028,0.6604127229881659,0.8771014971938865,0.44574288699765624,0.8460338946297558,0.3776941679996904,0.6735428498928552,0.8630553839131744,0.7635818337013642,0.7952685570236298,0.8218140872356259,0.8869896273543992,0.8211890173149294,0.702196014900621,0.3494570782842121,0.6682391746546057,0.5358118560983728,0.7668024684643096,0.6546587222743369,0.7037280465203613,0.7128763997116108,0.6854459769146299,0.0,0.7754238376491163,0.813717381872918,0.8021381922438469,0.8082582107639289,0.7081220408560623,0.7269890854983709,0.7943316075765929,0.8478321573687796,0.8287870834182818,0.6576865644405321,0.6792052744479746,0.8384495320645287,0.8148103667762656,0.8354913707057812,0.8750955549305014,0.6990745699771969,0.8637284357458045,0.850129883902063,0.7762554705073912,0.9279432900440158,0.8601301827262045,0.7597789227999924
0.8936755459437623,0.8036262477980212,0.32487364461475043,0.0,0.5420753804854394,0.7171969159432108,0.5462219773164481,0.6714542033449497,0.8389933974263419,0.9406723413942268,0.7219988976295114,0.8799650441058364,0.665382874116639,0.0,0.5283933499275653,0.6974224343036138,0.8974608157787973,0.8433047843252371,0.5626423040076334,0.6542977269273067,0.5308855055253657,0.9244762531710158,0.8041016102248689,1.0,0.8489183088045172,0.8418859924277101,0.8204945845091073,0.8586703058386739,0.7582710937820706,0.0,0.811057342936873,0.37898156060129956,0.868666162120317,0.2991427621899181,0.5024056826919862,0.8360260899987803,0.39899982168739984,0.7632234651948464,0.5229583496939595,0.7520216553155147,0.4893352861147221,0.5046617833191174,0.5323531419921123,0.3914242959694327,0.6598299216404132,0.793966683893768,0.5457240221507693,0.7315992305053811,0.16948913879999256,0.7886219791453901,0.7909193480172994,0.733378773870862,0.8605261325276642,0.7754238376491163,0.0,0.8018748854577065,0.9771441160202697,0.7478444941573303,0.7233590873960919,0.6725509767880211,0.8721477822578284,0.7064582463624843,0.8329659272571015,0.7644485072249786,0.7763450992403722,0.7952364480667176,0.8257980805620493,0.8743315723908385,0.8398754931050766,0.7092612190399558,0.8865051506208874,0.7595429622060109,0.6759777793650896,0.6215864827057265,0.6983367375079377,0.6884071936480323
0.0,0.0,0.3623421186556985,0.49900386631751437,0.5975480365547353,0.7623176616333727,0.6335446124127451,0.5437849007450757,0.5901819601544595,0.7274227519899199,0.33030935695591807,0.6515844039745966,0.6396845061299018,0.7335395024392973,0.0,0.0,0.4630113015364905,0.0,0.3763200027448774,0.5937710866336232,0.0,0.0,0.19407323562242978,0.5885773134909342,0.0,0.5643713694816332,0.7902680256459366,0.7891974280491502,0.6282131939827513,0.3767516153545795,0.6636931819137766,0.5947724146123885,0.5368789086570445,0.6538606914244036,0.49524425902341784,0.749159728222728,0.4766884518876059,0.4603311810992491,0.8980376084540068,0.861981616101988,0.8066152940405531,0.8096792768551695,0.7069685720140819,0.8223124917472951,0.5819212541814852,0.6142698492735178,0.6544555818685482,0.4319785262034231,0.906599797555364,0.6806922998109749,0.6588080655787689,0.6958783348214669,0.5033652527596963,0.813717381872918,0.8018748854577065,0.0,0.8124209479744614,0.7330603482569177,0.7139558971121416,0.43265355057384547,0.0,0.6804122623053945,0.8666507863504788,0.5232660572346003,0.435156964053956,0.5830237139071832,0.7935408938373255,0.5689369282053565,0.6937713584611807,0.8327805911535673,0.8468881332196485,0.737803401194057,0.7822111277581808,0.8109182773062069,0.8917185831899839,0.7798675708402011
1.0,0.8196250767004898,1.0,0.0,0.5886095697750403,0.678181686230936,0.5658533224540572,0.0,0.9230922100214941,0.8888983508075284,0.8125584243051194,0.8908541094022133,1.0,0.4487208714928921,1.0,0.7615665858823595,0.8722882456045045,0.8834216553749518,0.5098514457826622,1.0,0.4086102209627275,0.6980033505180497,0.6823312275932768,0.9568515318632811,0.8478184467574085,0.8281064862157569,0.7621805215951258,0.839848963431557,0.6092657659379013,0.0,0.9669969597854624,0.32460307300025754,0.8415717752520552,0.5739482245688531,0.5572774511972173,0.931770428967169,0.3991873514440759,0.6476545725858425,0.7848971632712601,0.49874275236759547,0.4889467246291365,0.46161812563677973,0.582574752727505,0.36567837037466966,0.5397127431783604,0.7529250277051674,0.8955839708281707,0.7885631950887971,0.458569457107662,0.8030817103402493,0.7524091911189058,0.844291346297575,0.7391714927496829,0.8021381922438469,0.9771441160202697,0.8124209479744614,0.0,0.874615895875953,0.8371272936661668,0.712055299398111,0.7372836652020635,0.8358407607997832,0.7726490860349331,0.7876639979411438,0.6646285565839705,0.7785726102635077,0.7060599237458477,0.7725290529900418,0.7501661612721015,0.7010290304094129,0.7974384773620801,0.9173715067192568,0.8368536233491485,0.8414798682698404,0.23439323388452105,0.8566034245779588
0.8485946396842906,0.8509468415421191,0.7901943179654493,0.507757302759383,0.7578988326182766,0.8063807913451727,0.785669317584225,0.8231156180494954,0.7492903930264404,0.6633243502140311,0.7652037239936272,1.0,0.7737326384941093,0.5951481981460887,0.8844547269470339,0.7662671025897387,0.7557823227158353,0.6611823196307746,0.6543359954459799,0.875443335985921,0.8215008686140131,0.8997717120311606,0.893185746089939,0.589073503117133,0.7560890973106582,0.7852132365331018,0.8774333632200239,0.8772044234303927,0.8399375246727905,0.7751157665049534,0.7937162766723402,0.8266357562915194,0.5405474703269848,0.8474607028782873,0.9231881201636688,0.621934133172204,0.532143106543714,0.595502293404565,0.8356770977197548,0.8162284803699683,0.7845399966400755,0.7877963089774241,0.8124085791321392,0.4295162086929878,0.7597695537579382,1.0000000000000002,0.8491456821620305,0.7252070105401135,0.817542182577829,0.7250649848682269,0.7078003794088908,0.7283196003427647,0.8519472495879077,0.8082582107639289,0.7478444941573303,0.7330603482569177,0.874615895875953,0.0,0.8242323561693473,0.7889242368099354,0.8235623399873542,0.8708982380386756,0.8484404595083703,0.7050324143879122,0.764928976671992,0.7903137539627291,0.8004069155225756,0.7837366188591861,0.7848137842302131,0.7646894265305081,0.8378912975879933,0.7640587348641195,0.7372405741829174,0.7905093095070138,0.9004610055165626,0.7989347088536367
0.0,0.0,0.7011908577283772,0.0,0.5531056636458415,0.8283274794692483,0.7940514646894414,0.8519598328972674,0.6885217225598531,0.0,0.8162545097088919,0.0,0.6539219207162555,0.686448596184909,0.0,0.0,0.0,0.0,0.5862412716783153,0.0,0.0,0.0,0.7625844959963206,0.0,0.0,0.0,0.7460454909227789,0.7129756383121012,0.4126495567636342,0.0,0.0,0.6647629364376392,0.45019252387642883,0.5434442308195533,0.0,0.7748390117198087,0.0,0.46518360352126187,0.7161622420056721,0.41189220727593345,0.5385119067938382,0.6781030512206484,0.6122996544921151,0.6272496365611882,0.5817473910939226,0.7626038313178031,0.4677316565559685,0.6352294074222602,0.7811994298604021,0.8055844365067772,0.6402902904852333,0.8256829212409652,0.6616911998265802,0.7081220408560623,0.7233590873960919,0.7139558971121416,0.8371272936661668,0.8242323561693473,0.0,0.7127362678491653,0.0,0.7431544065434551,0.9418084691946854,0.5961463218777897,0.7301113761063034,0.712334668858953,0.6474263896835712,0.6643367827114798,0.6734525955102939,0.9137119740478405,0.5916232720446475,0.7221586675126223,0.936948988975443,0.5435730666527373,0.0,0.783094506147074
0.5743591227316364,0.9123739666117985,0.9392371784435412,0.0,0.7760124498489296,0.9650193606713314,0.8782370628504591,0.8197999307943152,0.826786487228438,0.35470400182393086,0.5116757945889974,0.8948787694342937,0.7330445792121159,0.0,0.9761776042650456,0.9102173025590832,0.0,0.8116783965863316,0.38235219180723246,0.9259460844541063,0.7881673061009862,1.0,0.9235411214508371,0.6274743087055714,0.9942604979426373,0.9991258973758709,0.8951199982779537,0.9370586929153564,0.9068494377406418,0.8782915901327008,0.8982490135480297,0.9454559615928069,1.0,0.9140909586129509,0.9613590159481639,0.5158900542661974,0.8350685073806825,0.6496078011588532,0.7790873156913668,0.9857840294628645,0.799670944168463,0.6952589954085712,0.7966519356298637,0.827764154255179,0.7257505531028268,0.860188799707914,0.8211959214316532,0.863928812097439,0.0,0.4127363769893651,0.8045901688309949,0.761524557080348,0.7299438809933338,0.7269890854983709,0.6725509767880211,0.43265355057384547,0.712055299398111,0.7889242368099354,0.7127362678491653,0.0,0.8243616176119141,0.7432945483968343,0.8761312548574238,0.23147227530487058,0.5914859310112689,0.6074311284238757,0.5195495670442294,0.742279381603804,0.7969048293062236,0.9737550240483808,0.589004750656019,0.43346642026231613,0.772974332647679,0.8275763017562723,0.7430449946261544,0.8217724538900429
0.902364346843961,0.8637239732886571,0.5078081993036414,0.0,0.40925926730976553,0.8662797489067074,0.6468714107621796,0.8980421008287778,0.8406952455486852,0.7936153534096685,0.0,1.0,0.8231526992105133,0.0,0.9818538101800854,0.7883795604081014,0.9189403082714864,0.7035785912532966,0.0,0.9540849921803385,0.9372479008605773,0.9099076627568095,0.9854971706681506,0.8851294565916075,0.7828567850751701,0.8827150449875697,0.8660574321863929,0.7799020305011065,0.9040800953824472,0.0,0.8966153600467609,0.9941394204556631,0.826701546817746,0.935592727326509,0.855595223090957,0.7878621888929013,0.0,0.336454179752789,0.7627503038016684,0.7881246202662857,0.7762094048807281,0.5689052861862087,0.3601870296974574,0.2550746867554704,0.6242410831176054,0.9319994168030751,0.8400876166396335,0.7279609621907321,0.0,0.8005829878626546,0.886844560193556,0.7860585138527522,0.8357773912165543,0.7943316075765929,0.8721477822578284,0.0,0.7372836652020635,0.8235623399873542,0.0,0.8243616176119141,0.0,0.9061606314495775,0.7782782537844314,0.4999943287318765,0.7231747575376465,0.8360587961328858,0.7792971648300548,0.8422540510887756,0.8684733079036506,0.8564198636948241,0.8299309046111683,0.8327620870268866,0.7452837782650539,0.7149954858198089,0.6980596035055036,0.8018509016068983
0.7029013842119338,0.7653720049080182,0.0,0.0,0.0,0.0,0.0,0.0,0.0,0.8820124221078206,0.0,0.8482279001668449,0.8462094303903627,0.0,0.466346452409159,0.7934532087409075,0.8363251294346385,0.7750004549712988,0.0,0.7551822230904621,0.0,0.8675224597767701,0.8863949002454544,0.9614463083549616,0.8288783349012597,0.8699817071117703,0.5207354564329495,0.9557764372237543,0.47079088151275206,0.0,0.8120570409820657,0.7526639142234597,0.6521489758918108,0.7768505258301076,0.8943594334384889,0.0,0.0,0.6991141877892083,0.8808088030828278,0.7640990396282227,0.8026661354027556,0.8360451212902313,0.8564650333374194,0.0,0.8457102699868959,0.794026867063603,0.7752613061750043,0.7520584802727736,0.0,0.7947680988697762,0.7874913301614346,0.8435389845787741,0.834922627641241,0.8478321573687796,0.7064582463624843,0.6804122623053945,0.8358407607997832,0.8708982380386756,0.7431544065434551,0.7432945483968343,0.9061606314495775,0.0,0.7859882985527286,0.7541034172223331,0.861431480436443,0.7974176643442938,0.8322246176880227,0.7677548613531991,0.7769156152463589,0.5326749026204154,0.7539445966886094,0.8747504065898439,0.8269914569923758,0.7758733997409286,0.7297302654291091,0.7417524899672733
0.8507397685870769,0.8518392002297641,0.0,0.0,0.0,0.7356322358135041,0.5367865086455411,0.4229425333987212,0.0,0.8457316200654643,0.0,0.8279968595497212,0.6902521920653364,0.0,0.8499156604861018,0.7198025156825488,0.8480597271177732,0.7856938195415698,0.0,0.9829599800617894,0.8766976231372854,0.8655949096222333,0.9027427617306168,0.941295678171008,0.8251550236426796,0.8581662243299668,0.9631453408357993,0.8967947074944567,0.9335034895146603,0.0,0.8470253210651103,0.9278750384502528,0.7620107924987342,0.8851919231894367,0.9918075071350198,0.0,0.0,0.7783928682768924,0.8965259017444748,0.7857384267814134,0.7266420981648123,0.8336625962032843,0.871268002697378,0.0,0.5977516425221656,0.830772489571958,0.8448475258990045,0.719176570612439,0.0,0.8388638482191885,0.7772548088538123,0.8197078584578262,0.7913904344031741,0.8287870834182818,0.8329659272571015,0.8666507863504788,0.7726490860349331,0.8484404595083703,0.9418084691946854,0.8761312548574238,0.7782782537844314,0.7859882985527286,0.0,0.740918830288071,0.799205542585042,0.8224544441190543,0.8579253869929031,0.8110125860872553,0.8399384513592071,0.7373704256435651,0.755055697260954,0.7905872467229926,0.7862221684298647,0.7220691448528991,0.8588940983595025,0.8035586467415116
0.0,0.0,0.2878885888753247,0.0,0.7298135500990396,0.7312648376480332,0.6857427280865395,0.5164147228147805,0.7120841082964043,0.4433146193724915,0.32997448061637097,0.0,0.6851776826145928,0.6827979320532824,0.0,0.0,0.0,0.0,0.7423482013658312,0.5813523141493971,0.0,0.0,0.459869644079983,0.0,0.0,0.0,0.7343768966725455,0.8486616298586552,0.7000109530452265,0.3738762693599624,0.9333073403396251,0.6880737130972271,0.538679641146077,0.8131612858206237,0.5573031095124209,0.6686855585323709,0.0,0.0,0.8295447812126269,0.7993614167038962,0.7975071345815039,0.7395261247511165,0.7908959982353596,0.7840784419058672,0.6553112579262255,0.0,0.7606651977883024,0.4360981645246995,0.7269300464107924,0.6116429815065633,0.8251107523205277,0.6270435049131531,0.47938349835165617,0.6576865644405321,0.7644485072249786,0.5232660572346003,0.7876639979411438,0.7050324143879122,0.5961463218777897,0.23147227530487058,0.4999943287318765,0.7541034172223331,0.740918830288071,0.0,0.6936905488765799,0.6090191054305479,0.7071912546547484,0.40202818865707046,0.5699148425080071,0.7402694590816865,0.8114882130065262,0.7427290432198455,0.7621178185346056,0.6925304855194744,0.8363654293256689,0.7814666272424554
0.8502019575951492,0.896387004360767,0.5449967423817282,0.0,0.6906723405501601,0.8670772687464104,0.9054093204245863,0.9346556200118403,0.684808878819412,0.5902258500194272,0.7798969344340368,0.4566073256577085,0.8286529789213436,0.2186937560117423,0.9342451614127327,0.9686381896062194,0.558933706079427,0.9326921357941219,0.9216705109649687,0.9510083117624645,0.9142867373136414,0.9935010682673496,0.9440083233393026,0.738949096618114,0.8787900945827539,0.9629156499129887,0.8836719193138965,0.9039191021551733,0.9208199275935695,1.0,0.9464379287511134,0.9308277544311412,0.7628584915304314,0.9714830584668166,0.9365629352602914,0.8035339923013279,0.7921874473165156,0.23228652679090117,0.7662717561675856,0.7848260703907881,0.7833670628207103,0.6730009267677266,0.7523409607954576,0.68544495263722,0.8714172835000035,0.924704623498452,0.8411065559290336,0.736123430791707,0.624981001026638,0.6774074480937434,0.760603551832957,0.6828865383141547,0.871649757252539,0.6792052744479746,0.7763450992403722,0.435156964053956,0.6646285565839705,0.764928976671992,0.7301113761063034,0.5914859310112689,0.7231747575376465,0.861431480436443,0.799205542585042,0.6936905488765799,0.0,0.8063580735799084,0.7238622506244335,0.48657099444559687,0.865186177704169,0.8494236440607177,0.83539963229272,0.7332322137341472,0.7407018755641634,0.7775171148866263,0.656628603139594,0.8412788796632724
0.5427548958766901,0.9744843450236642,0.5746426541016608,0.0,0.0,0.8901065135864709,0.8920987745336457,0.8368059073885087,0.8128125150830066,0.5630029762523598,0.0,0.7756263002281644,0.9584754784106038,0.0,0.9475789561794971,0.7759664718413746,0.0,0.7619489854286925,0.0,0.9312082959620576,0.7010215175684327,0.9955551949885372,0.9574790714917419,0.6500688768092228,0.9931715216795757,0.9489938256515542,0.9288831250770355,0.912364486470666,0.9103433522246287,0.826068682197689,1.0,0.8484590125185456,0.6143726005798058,0.8790260954648541,0.7129774832172007,0.9589470863891698,0.5728417372839052,0.0,0.8272372547211878,0.9521824189882027,0.8306767266224634,0.6808201243525358,0.5728311437514686,0.5200156397919844,0.9325249336995604,0.8360526732097131,0.8073286897507689,0.7316901157383987,0.0,0.8857003662144854,0.9363191772190952,0.8695711638631897,0.7516438974334967,0.8384495320645287,0.7952364480667176,0.5830237139071832,0.7785726102635077,0.7903137539627291,0.712334668858953,0.6074311284238757,0.8360587961328858,0.7974176643442938,0.8224544441190543,0.6090191054305479,0.8063580735799084,0.0,0.8132052708229971,0.6517527888187927,0.8232096374407867,0.8444207993870884,0.6983520648879955,0.826939069783006,0.8183977461129784,0.8908256284358895,0.7384522062835648,0.8169518386357597
0.8792331736922349,0.8938434583675734,0.7009990657326641,0.0,0.7981843382449166,0.8687195379146625,0.8351105922991471,0.8322103707651218,0.611103051885382,0.6621324908290105,0.5137554834343412,0.8184037664200291,0.8808082136239214,0.0,1.0,0.8653673935394004,0.8978217211028451,0.8763784052272608,0.6243088855717309,0.9617734323113194,0.9940474885204755,1.0,0.995508322491475,0.7542024895874305,0.8590412579384425,0.9746208131573748,0.8859331277303631,0.8915215614251341,0.9091566090018105,0.7896549090365108,0.8833542508962388,0.9859586011511172,0.9170577933730097,0.8929148150731221,0.9032761422664233,0.6235200853961735,0.5171605254764721,0.5122016702395451,0.7034121422870744,0.7060827497993323,0.8604879317824435,0.7276559154736507,0.797667626022177,0.66385781009859,0.8637227118529593,0.7213497417317387,0.9172255085672313,0.7782547687082703,0.7770674443396762,0.7003036655266847,0.8473926540353905,0.756191006513101,0.7807613384817358,0.8148103667762656,0.8257980805620493,0.7935408938373255,0.7060599237458477,0.8004069155225756,0.6474263896835712,0.5195495670442294,0.7792971648300548,0.8322246176880227,0.8579253869929031,0.7071912546547484,0.7238622506244335,0.8132052708229971,0.0,0.897561585057805,0.5825025398023683,0.8178414839544195,0.8257145404767393,0.7740820433903678,0.742514234602247,0.6751293908272943,0.775562822530175,0.6958260334642458
0.49701942823088435,0.8880611014631421,0.881635949317198,0.8547844590387046,0.8397150569310363,0.8367353465423292,0.8146804865870674,0.964599269251731,0.8026393472169141,0.8563685885690507,0.8659295307312512,0.6350134278047413,0.8318512724110827,0.6612921173684371,0.9193961470143119,0.8574558907139731,0.6155141100883958,0.9210943006819089,0.6548501896123268,0.9143406625553169,0.957812987101539,0.9369925111773032,0.9527520777997324,0.6510009308856557,0.8930164814194145,0.9264759308479744,0.9371132574397207,0.8936428372151959,0.9596665161816642,0.8615139345761342,0.9568305655969828,0.9101817296926991,0.9739750468760353,0.9187802890177437,0.9984596610705975,0.8290467481026152,0.8906746963242422,0.560442213801108,0.8869023644143675,0.9031841542165465,0.8563077647545653,0.7840321502158218,0.9504757413762163,0.9154387570671864,0.6957710794240547,0.828256086830498,0.8733030866733807,0.5117565145555847,0.7166781444504654,0.6539776316398294,0.8773380716166216,0.7188494556296406,0.8114261034692556,0.8354913707057812,0.8743315723908385,0.5689369282053565,0.7725290529900418,0.7837366188591861,0.6643367827114798,0.742279381603804,0.8422540510887756,0.7677548613531991,0.8110125860872553,0.40202818865707046,0.48657099444559687,0.6517527888187927,0.897561585057805,0.0,0.7651614329468199,0.8401049746561358,0.8133408101918709,0.5946141732977257,0.8147634216276922,0.90899726364221,0.7326153706526349,0.796333725821214
0.7021948550043849,0.8281616250742332,0.0,0.0,0.0,0.0,0.5278493584702746,0.5182166709526417,0.4489157780618511,0.8766705480716487,0.0,0.7768456762846285,0.5556628191683552,0.5464698783795959,0.5836533969755692,0.8877124309222487,0.7946124206526588,0.8750400868764816,0.0,0.3085926440804774,0.6299361407562911,0.8328757073117391,0.6541149014356233,0.9108850469153994,0.8420752565880517,0.851432890117726,0.6525208991510529,0.7378487580462852,0.46356893793672616,0.0,0.46692724101189786,0.3404766977674332,0.7677297072441303,0.4187012047870773,0.46753772247600706,0.6467335499548224,0.46455591555534304,0.5445856277266427,0.8469757573728666,0.6534394942071415,0.5947052264948482,0.662207658019732,0.5847217335891235,0.4874018587978816,0.8019806645818839,0.6741039748264246,0.8987963586752399,0.871168860360059,0.3738522379483474,0.6785958319034822,0.7045630491598687,0.8136107080848267,0.7747152298297808,0.8750955549305014,0.8398754931050766,0.6937713584611807,0.7501661612721015,0.7848137842302131,0.6734525955102939,0.7969048293062236,0.8684733079036506,0.7769156152463589,0.8399384513592071,0.5699148425080071,0.865186177704169,0.8232096374407867,0.5825025398023683,0.7651614329468199,0.0,0.9000499516642885,0.8511449495776858,0.8501719569655951,0.7020946809431545,0.8017633212142394,0.5435574132491534,0.9328508632627249
0.9046568099839054,0.8467487055520553,0.0,0.0,0.554683357360563,0.8349513493139212,0.5869417573501099,0.8075160536280843,0.6072687445056479,0.8638752761938918,0.0,0.820777884485875,0.7898943309266506,0.0,0.9265268172172282,0.7442525842215787,0.8579404935758936,0.7876820570182035,0.0,0.8907894458198763,0.9388672743008306,0.855648357733975,0.9043225164458008,0.9736140037069791,0.7940690027940652,0.8453625437606241,0.7945318009517846,0.7179475168293203,0.855261997452824,0.0,0.8752538395335626,0.922588744334183,0.7381192671749214,0.8360351620027161,0.8795599398911171,0.3970979095034427,0.0,0.6016955480455067,0.8054076349458082,0.8627069506821087,0.811800697321831,0.7544025789726202,0.7875461654999408,0.5116723018681303,0.640956951284864,0.8655225958685127,0.7689518360751044,0.6424643636264473,0.0,0.6797662829874239,0.7592287484639575,0.7467210376155321,0.7487442577707382,0.6990745699771969,0.7092612190399558,0.8327805911535673,0.7010290304094129,0.7646894265305081,0.9137119740478405,0.9737550240483808,0.8564198636948241,0.5326749026204154,0.7373704256435651,0.7402694590816865,0.8494236440607177,0.8444207993870884,0.8178414839544195,0.8401049746561358,0.9000499516642885,0.0,0.780246056465616,0.7743984000736314,0.8033772320696545,0.7514014457580341,0.7214718093366183,0.8101967492054372
0.9639005174388603,0.9181462452675393,0.53526380857046,0.0,0.8106213947982722,0.9095064850380867,0.8493632711111313,0.9440173491895331,0.7206939065121296,0.9013828418594306,0.699097041542789,0.8411671664423092,0.8259946485139333,0.0,0.9474045041003748,0.8599852390002153,0.8700019925935849,0.8736393851106933,0.8323741250889345,0.9637194233918166,0.9833313046259514,1.0,0.9650907291945996,1.0,0.885716287804933,0.9385380977474398,0.9781113023699958,0.9365836944255203,0.9075002945341601,0.8314844944570935,0.931567410307981,1.0,0.8868161229527018,1.0,1.0,0.5097127543162749,0.5810366067620153,0.8924478426853604,0.8961165126062725,0.9703218065616518,0.9527050005399691,0.7607554938353761,0.456237055040697,0.8574533115980056,0.6544521263647096,0.7562600593958455,0.7460273343943108,0.6687829897832679,0.45079850300367524,0.7375181725991622,0.6557872136028134,0.7908189807274217,0.8390319855919846,0.8637284357458045,0.8865051506208874,0.8468881332196485,0.7974384773620801,0.8378912975879933,0.5916232720446475,0.589004750656019,0.8299309046111683,0.7539445966886094,0.755055697260954,0.8114882130065262,0.83539963229272,0.6983520648879955,0.8257145404767393,0.8133408101918709,0.8511449495776858,0.780246056465616,0.0,0.7663310905511601,0.9030739194028576,0.8337656823775458,0.7748030245062294,0.7926598418311537
0.7272665976985897,0.8518419379912732,0.9084002530193586,0.6719557179798014,0.8968758881456084,0.9006801105819293,0.8563458443868764,0.8888505104559327,0.8371925293939493,0.8756965262425405,0.8459381145862314,0.45257747790311875,0.8314423830196273,0.7183213858053482,0.9595189504860788,0.8282709031241097,0.0,0.6940735101956819,0.6964616195675196,0.8721993701161163,0.8577086705869984,0.8911658115726436,0.9171326398305917,0.7209450520996926,0.8460380503931614,0.9598361141169671,0.8953617903961711,0.8902777830195229,0.8654527622239896,0.8446930324687346,0.8889338376900355,0.8775935860398847,0.6838098671840266,0.9132654747419311,0.9097580659436726,0.8486669314445997,0.76139523111907,0.5747707961685738,0.7241118745476591,0.7208311353623661,0.7020838630307411,0.707550347333495,0.7370274493398374,0.7162727304472782,0.7903154554054195,0.9104396205943771,0.7727151178419278,0.7609332685016761,0.8070001854957692,0.7172300836975116,0.7283931435965053,0.7853416414477885,0.8984959495122232,0.850129883902063,0.7595429622060109,0.737803401194057,0.9173715067192568,0.7640587348641195,0.7221586675126223,0.43346642026231613,0.8327620870268866,0.8747504065898439,0.7905872467229926,0.7427290432198455,0.7332322137341472,0.826939069783006,0.7740820433903678,0.5946141732977257,0.8501719569655951,0.7743984000736314,0.7663310905511601,0.0,0.7733762991563834,0.6349997572412303,0.652535950793758,0.6632357978671131
0.5035256367212259,0.8350729835637374,0.8544711564228524,0.4558661580285468,0.849782133218598,0.8542861257969476,0.8194860363543489,0.9146845404599041,0.8055251610226275,0.5008367586607427,0.8465277941047604,0.7455031481644832,0.8380671380676324,0.5696095248946822,0.9411453230419703,0.9035333268411091,0.8700310628384256,0.8321030137893272,0.7090710173908247,0.8773330117675078,0.9011941955592895,0.8748938809549258,0.9179868476657133,0.5196243022477492,0.6906997720402729,0.764690377736907,0.8459280804591163,0.8704733842505511,0.8685889983125608,0.859018282012549,0.8582788250886094,0.8030808600771512,0.8206885539221893,0.9008363955630664,0.8726835864991127,0.8328215515408346,0.7311704766863889,0.597240586419709,0.8272172512777566,0.8041710551651213,0.750672009820097,0.5678011750950601,0.8195133754473617,0.6608958095748153,0.7633516549835471,0.8134449156004089,0.8140707852741571,0.7650518763307145,0.7596874423944073,0.7126096279634603,0.8097409001040444,0.8294090249874051,0.8146058481980532,0.7762554705073912,0.6759777793650896,0.7822111277581808,0.8368536233491485,0.7372405741829174,0.936948988975443,0.772974332647679,0.7452837782650539,0.8269914569923758,0.7862221684298647,0.7621178185346056,0.7407018755641634,0.8183977461129784,0.742514234602247,0.8147634216276922,0.7020946809431545,0.8033772320696545,0.9030739194028576,0.7733762991563834,0.0,0.7554407257349839,0.7330591900285095,0.7741971274248691
0.9345582107468352,0.8678400637546518,0.7856292045544491,0.6130158156176357,0.8067112790928055,0.8701186973622195,0.8376582702825905,1.0,0.7655245579547469,0.702865255412177,0.8242788292865151,0.46825634603189215,0.8418814804121653,0.6942272235910956,0.9113049120245514,0.8159521320280481,0.8631795419518761,0.7730891551295636,0.7073369643966072,0.8891912720413647,0.9160930617839925,0.9289973726692355,0.9725487631292934,0.5978296925659806,0.7961040385507785,0.8952233767410978,0.8672214783875506,0.8662259942711606,0.8431583645885422,0.8298949765843922,0.903836492498701,0.8750660886495206,0.743183806637988,0.885948636983796,0.8706582313035329,0.8359949210148929,0.7584445456153264,0.43384417423814975,0.6612132958271413,0.6998436607440619,0.7822724863450671,0.7182085889587648,0.5369274817224342,0.6967762297882502,0.8446702706685134,0.9593892990906743,0.746751834334042,0.8619944005816822,0.0,0.7191571371599199,0.6251121810932253,0.7971679530399987,0.8999082176786917,0.9279432900440158,0.6215864827057265,0.8109182773062069,0.8414798682698404,0.7905093095070138,0.5435730666527373,0.8275763017562723,0.7149954858198089,0.7758733997409286,0.7220691448528991,0.6925304855194744,0.7775171148866263,0.8908256284358895,0.6751293908272943,0.90899726364221,0.8017633212142394,0.7514014457580341,0.8337656823775458,0.6349997572412303,0.7554407257349839,0.0,0.646338642029946,0.7607609317916729
0.0,0.5621698419964756,0.8750203535375204,0.0,0.8195352597287248,0.8086306108334623,0.8487232402024484,0.7179146352428027,0.7538988098200455,0.0,0.5762330262369821,0.0,0.8068197997467169,0.0,0.8011944743509597,0.5356307175948023,0.0,0.0,0.6052807839964093,0.8246297280494861,0.7205928931078349,0.6972761158692501,0.8998639578706534,0.0,0.0,0.47469982168712344,0.7497370363175433,0.8596493173483538,0.7724039797481392,0.6872196733426895,0.72489350730044,0.9239619456015185,0.0,0.7708752232783304,0.4609045592167538,0.5785518499878164,0.7152860985410445,0.0,0.6224938433875064,0.4890498039700083,0.7026792692275621,0.5973170036621632,0.7749697136366804,0.4126469839379846,0.2593094595107539,0.7903527131538267,0.6276818042954683,0.7539294910005205,0.0,0.9441563232231697,0.7447186370201433,0.7815890680306588,0.7149096597463324,0.8601301827262045,0.6983367375079377,0.8917185831899839,0.23439323388452105,0.9004610055165626,0.0,0.7430449946261544,0.6980596035055036,0.7297302654291091,0.8588940983595025,0.8363654293256689,0.656628603139594,0.7384522062835648,0.775562822530175,0.7326153706526349,0.5435574132491534,0.7214718093366183,0.7748030245062294,0.652535950793758,0.7330591900285095,0.646338642029946,0.0,0.5453809564598326
0.9999999999999999,0.948371792666045,0.665075407353908,0.0,0.6872386258588532,0.8956646425650057,0.8123606079444934,0.7639114036436304,0.8013068913042809,0.8699528544739734,0.659249559381515,0.8067723955489048,0.8232154769716739,0.0,0.9748499700827871,0.7969062361440679,0.8295467338865612,0.8266050223329608,0.7313945088219749,0.9341484841128146,0.8675933779690153,0.9722770813987569,0.9285786479795344,0.8298536820686384,0.8300516275736741,0.9099188594073808,0.8426927309828405,0.8694247785127572,0.8490575058229487,0.8037485093640963,0.8290089921482939,0.9211799141130863,0.7635455261857644,0.8948977021509449,0.8610795060238595,0.7864373226397725,0.7473992531414175,0.4832066300150943,0.8356155940716812,0.7952351528045644,0.5052662072042128,0.6948951513403069,0.8108350546643114,0.7071454172956931,0.477569298876667,0.8172188005096763,0.7533078216201738,0.734423330312869,0.5929713359198493,0.7546317392031646,0.7283793555964047,0.7887864706382252,0.7887123880365089,0.7597789227999924,0.6884071936480323,0.7798675708402011,0.8566034245779588,0.7989347088536367,0.783094506147074,0.8217724538900429,0.8018509016068983,0.7417524899672733,0.8035586467415116,0.7814666272424554,0.8412788796632724,0.8169518386357597,0.6958260334642458,0.796333725821214,0.9328508632627249,0.8101967492054372,0.7926598418311537,0.6632357978671131,0.7741971274248691,0.7607609317916729,0.5453809564598326,0.0
