0.0,0.21532539607813914,0.3636998577459323,0.0,0.30754277210986464,0.22260486437079954,0.3605176173027571,0.21893888678210688,0.42075450264401065,0.2384392507653687,0.5076670098804488,0.2732454187336496,0.3176625031253601,0.5297718935008443,0.29537050517609986,0.36470803589203543,0.0,0.28280743444747164,0.0,0.27853975121072566,0.16776016534809468,0.28865313758324834,0.17584247175614345,0.31038047121104434,0.14209035947483187,0.6414966475865608,0.19889743606595423,0.3189809016388757,0.290259439813555,0.5991788469741338,0.1822550864014353,0.395937457685958,0.22370186831705574,0.026935241002362442,0.1934880373615348,0.5751627587588559,0.5271056925802622,0.560265295314745,0.32373520556952506,0.19349893809229413,0.23661555244261623,0.609870518110432,0.3866750061635924,0.0,0.5838185640132216,0.4866633275220156,0.11546772928417652,0.0,0.0,0.0,0.48055073983151725,0.0,0.6245675089988019,0.0,0.6239145076068677,0.0,0.3163500850346306,0.7205358923210724,0.0,0.6055011046567794,0.15375341667574635,0.2834660889559479,0.229714365273893,0.0,0.5987269901702,0.5486433616885891,0.6935953837915585,0.6725190963851666,0.3128966099927013,0.40662228664168765,0.45220690324941093,0.47668354743301533,0.49045557977745335,0.6360153986607184,0.0,0.5610293141727969
0.21532539607813914,0.0,0.1578718595442562,0.5892216914604625,0.0672301480108466,0.2522854615243584,0.14848804821217215,0.35277445809263064,0.09694930261441013,0.362873477243408,0.38826049843472815,0.4619141967907593,0.25612902578323715,0.3590040924135466,0.40951794363030913,0.39485612489953326,0.37348773820787873,0.5097537452778471,0.6352439441297612,0.44385918781075306,0.32420700216523207,0.4678813725283438,0.25072419378652977,0.4445769380250719,0.43383353885532455,0.4746294879662857,0.2745932830177585,0.3126757027266765,0.2890416307680329,0.519303388733518,0.34612956325802224,0.38594419590029616,0.21598649544498863,0.296754617129538,0.4019883720154211,0.4175147880626013,0.4099161730797538,0.0,0.07670703713184725,0.12684569036653692,0.0,0.16354094145629694,0.6032035276205578,0.0,0.0,0.20088294209520502,0.11463969600020175,0.18311011912150182,0.0,0.0,0.27661214061985046,0.6177886801225954,0.6111188840415329,0.6429366955547414,0.18326334873888225,0.0,0.6390313442162455,0.2614696674713206,0.0,0.0437137028258658,0.12430683953897441,0.7488762512906467,0.2796074918665398,0.0,0.05994635837248237,0.3495898800300882,0.30477829308739324,0.0010340825885430532,0.5545701783069026,0.12337374797260434,0.09986553841025456,0.08494688009267716,0.4568832305691563,0.2511122317063158,0.0,0.03585300480720119
0.3636998577459323,0.1578718595442562,0.0,0.549929578415411,0.3021789166865052,0.5192507669521278,0.18025528465571264,0.27318198081601125,0.4032331725140644,0.1462015504568157,0.5427867681876226,0.4309277294308952,0.13879293527245956,0.586850420811848,0.5568133166794441,0.4712849785260842,0.5664672492777127,0.5923320492121362,0.37063090941294724,0.628068832678017,0.25503577035324954,0.5857440453472131,0.5377040413890531,0.5067867308822522,0.5098462562776152,0.0,0.31891934344580325,0.21988712122532234,0.25509422555920924,0.18276536805593444,0.21961469993540356,0.16684536758276308,0.5053618136360152,0.22085495319741502,0.09253576806468648,0.338912849695569,0.13487314891545601,0.4230104268586917,0.24688121785786338,0.6176069025585538,0.4747661110543735,0.6418035301112825,0.416413957437925,0.0,0.0,0.0,0.5313452682089925,0.6112427695319612,0.5290375589619613,0.31654214182609786,0.16002593548017702,0.18542895912929908,0.3877042275552118,0.44183557091637526,0.37844710184612373,0.6067003099755593,0.37242571551513104,0.10477219688320641,0.22169752861223074,0.46216960534484397,0.0,0.0,0.0,0.5189419980145129,0.7169718604025218,0.4697833834436469,0.42017543480378694,0.3339945911092356,0.0,0.6648336486080657,0.35326426966190194,0.3434280522379894,0.5333575735459228,0.7052218342245813,0.49017953052286123,0.46393719083648344
0.0,0.5892216914604625,0.549929578415411,0.0,0.33221972640848346,0.18978172563994272,0.41465159927239426,0.6668586235241382,0.19747829769644115,0.0,0.15028003661998837,0.3484161040762785,0.38914692550068214,0.3277340985915664,0.5888887010535219,0.2531491112481173,0.5393394899054151,0.3862926685454132,0.1815797459894294,0.5955032656536796,0.3881268442517884,0.5670066175418516,0.44366347311810833,0.249101190643515,0.8165508575183569,0.5154258666124849,0.6233400272386627,0.18678405993306427,0.4626140030353929,0.48538600589488523,0.46806652055723263,0.25774158911007333,0.23358809058667643,0.2625293070672687,0.1961334254621013,0.3081931195716805,0.2942467238481467,0.33302000600289605,0.09702644353798393,0.3589198165127223,0.49324813124953243,0.04477790851295268,0.6012918516752477,0.0025661449216430217,0.0,0.0,0.0,0.45435177083531253,0.0,0.0,0.6715575371065785,0.0,0.36814528121300494,0.14818400231236178,0.0,0.21685270630972697,0.4231218170705717,0.3804641968338146,0.0,0.0,0.0,0.0,0.0,0.0,0.0,0.0,0.38319859864310424,0.43085854224758896,0.0,0.0,0.0,0.5079188756302212,0.6403786986218343,0.5504002450314613,0.0,0.0
0.30754277210986464,0.0672301480108466,0.3021789166865052,0.33221972640848346,0.0,0.33421571879859735,0.3029274080818567,0.2792215006151544,0.4702666044982149,0.32217462854575857,0.33310033506828557,0.5086613469098723,0.3288330996414712,0.32301379353151133,0.5170690229684839,0.6375997235761547,0.1399539841652569,0.4978426867834126,0.2067323056491684,0.0,0.19898471313151952,0.16391028304466132,0.05280764174779686,0.5689484073088018,0.1225396073106967,0.01900193253439164,0.43060200046049696,0.4058520882265263,0.15891594062155012,0.6014872377734661,0.18802708311773117,0.21462521527594086,0.5211457765106902,0.17744748286280235,0.011902075553750856,0.24833062476715997,0.1050549950476495,0.05211196161571646,0.07803090197838838,0.5087741028887706,0.4202813951819217,0.5923805631478248,0.3534894126029664,0.6332251938200402,0.2785496312252175,0.0,0.5644077526374145,0.2525509491082569,0.0,0.43427912578519,0.024334540711106953,0.0,0.22932343727201343,0.08107707611507399,0.0,0.3201081082247365,0.42816043061170567,0.03350727567202459,0.3335437018307587,0.5072958452697569,0.4650653605612993,0.0,0.0,0.2607737161082153,0.341905596424598,0.52280948563507,0.5087393681783807,0.05808478473340032,0.0,0.6174709695239633,0.5644658384171273,0.1510073699416835,0.4557360731160465,0.4713220155570574,0.0,0.4558454203173451
0.22260486437079954,0.2522854615243584,0.5192507669521278,0.18978172563994272,0.33421571879859735,0.0,0.11254957003715024,0.27378402792575823,0.29501826573431694,0.31551537850402905,0.5254783046252577,0.24089679475250214,0.029746368108607153,0.2763706946612905,0.5464991773567782,0.4680371889284345,0.24311321637793792,0.30500793784543756,0.2856754024002665,0.222943587718619,0.39503683853064336,0.33110863137164026,0.4283954464641318,0.1303649019652841,0.2759679052364697,0.4251186555748516,0.4286293281395263,0.20787802721739454,0.29445710996521574,0.18383688420460453,0.21197683084333335,0.19149357628815641,0.4297798351079257,0.210699557897087,0.31791714571840807,0.42313503111867323,0.1995131915110094,0.10655009971945342,0.032168226482505155,0.27269196084582326,0.017677147808199737,0.03126130273600873,0.08125118196510422,0.48467142408142955,0.2518151024005876,0.48294866832204586,0.15167096959361745,0.0901078055704264,0.34189126531375846,0.027456845774487655,0.004297164656171706,0.036806237457224285,0.1713227359880708,0.07062074406859709,0.7344695560475998,0.11048821751227937,0.41471014152885216,0.0009495379179255276,0.5675747420190816,0.0,0.01661713991650332,0.0,0.601188617299564,0.13924050234850294,0.0,0.00597789730366572,0.13964301731901207,0.0,0.399625471627777,0.05693258712423188,0.16106608970767908,0.005509698401260615,0.0,0.0,0.5750004979250493,0.0
0.3605176173027571,0.14848804821217215,0.18025528465571264,0.41465159927239426,0.3029274080818567,0.11254957003715024,0.0,0.0,0.2655586412215222,0.4468016915545471,0.24055433335172427,0.3573959320751369,0.3335426738198189,0.2768375724860847,0.025270048738010337,0.3564333202063801,0.11127354633991007,0.2996638125506063,0.17570128663520815,0.11353709312133939,0.047083836634921675,0.3167341771551997,0.03785522957035934,0.5410070753682333,0.20453614958072153,0.3741002176068851,0.1121217831906546,0.4221692797666154,0.260786133175007,0.5591655447380618,0.1821331028411381,0.3464474245332266,0.6148691791380793,0.21754629687623747,0.1143241921226778,0.6732365904563479,0.6540961586100739,0.6086262601910379,0.28465278557193063,0.46584004205417945,0.687999742883931,0.5753178063220693,0.19624512459162075,0.804622057437218,0.4458229602236591,0.0,0.136685971444357,0.08268391604096414,0.0,0.2557121302358266,0.0,0.0,0.03552630390693291,0.25086334481081934,0.41484310619555,0.255000959728466,0.37736150245564404,0.0,0.5006543584245766,0.5990634472416376,0.6835567111605584,0.0,0.5580484014795812,0.6226153979780773,0.0,0.5922884627901559,0.0,0.0,0.3847623354855681,0.5125688307725511,0.6488903515841447,0.0,0.0,0.022248246665682703,0.7152153712606828,0.3975930149175029
0.21893888678210688,0.35277445809263064,0.27318198081601125,0.6668586235241382,0.2792215006151544,0.27378402792575823,0.0,0.0,0.2011046409384156,0.35686360439875997,0.453698974657558,0.2686791134417479,0.03195300049991165,0.505710833517585,0.16807634547216346,0.7129010766513786,0.4050450253771052,0.32199154732148355,0.18723395754626015,0.08061441881079294,0.11018243341896963,0.21047033985519412,0.238713508527423,0.04527006292873466,0.34703912687059324,0.3897081447423964,0.21604858667581345,0.057670097819633566,0.11536861028270873,0.016209321630280403,0.1356298694605435,0.3567599365818275,0.38334435397380323,0.19113125535867123,0.5220637425262176,0.8930390663898411,0.43503850013010037,0.6603933188230907,0.036556127625250304,0.45540318698604393,0.44980652396527965,0.513337573051849,0.30809589538099197,0.36446574603666015,0.0,0.5733081121717277,0.5638706984158938,0.39573120922291927,0.0,0.6105096708806472,0.02354359060278375,0.6743736741122456,0.2619501730689223,0.07415964518544678,0.5638416628078907,0.2955980358938952,0.9642315143689231,0.0,0.15336971064001556,0.0,0.3757403328861943,0.0,0.6572153824633039,0.38832335931010376,0.0,0.0,0.5972368221114933,0.1587503286289822,0.0,0.5066119213785056,0.4584468712446839,0.0,0.0,0.0,0.5376351990704268,0.5440446466541295
0.42075450264401065,0.09694930261441013,0.4032331725140644,0.19747829769644115,0.4702666044982149,0.29501826573431694,0.2655586412215222,0.2011046409384156,0.0,0.27830473073779904,0.43330620095940453,0.17386903825337197,0.17456823110392367,0.3286508176148478,0.6389862126953187,0.3630480830219918,0.44713930013057557,0.08633222877657941,0.3613920205180731,0.0,0.20497664683796815,0.12313749406546412,0.3371870823380606,0.5954248326992714,0.20883481647791363,0.28639127891882565,0.4630439257667038,0.2294614729180006,0.0678958340150611,0.28006923646940374,0.2515359387286933,0.24668393176309902,0.6468516444671547,0.2462804971434912,0.16881422895657738,0.28340348959424255,0.19073943363781976,0.17174750529810429,0.022157247658437434,0.5737185015675947,0.39801196775187564,0.29936631630636473,0.20727768200252983,0.0,0.4547815719515503,0.0,0.5261378497783545,0.3502031015494532,0.48884172703798767,0.2922322454910994,0.12706609193264884,0.0,0.2896591640360632,0.25142170672780034,0.4895671317139968,0.20365624426126414,0.5026483873260321,0.6362946425530185,0.33583432622054543,0.410363576626155,0.7423163697459352,0.0,0.0,0.2529890562297369,0.5876139335232918,0.5937699031068424,0.5319970601703284,0.23962007866978927,0.5056115664800334,0.6827696869096913,0.44950027146341764,0.22263938469628042,0.028251427997705067,0.49557322942542154,0.6170115525023487,0.08746066715340281
0.2384392507653687,0.362873477243408,0.1462015504568157,0.0,0.32217462854575857,0.31551537850402905,0.4468016915545471,0.35686360439875997,0.27830473073779904,0.0,0.2624663745557728,0.3840862569654205,0.37332319794012336,0.6699910141257011,0.4970396129009106,0.2526863128405318,0.501224336408018,0.26818618609130107,0.24002868243652734,0.2309874049477802,0.6357797746069364,0.402626342879432,0.17657635957466933,0.32553148024092715,0.6406700756026342,0.5767262244148545,0.10683133907479879,0.5181723896070662,0.5028449594348283,0.35914747120382207,0.4919234817172948,0.8863552691618911,0.7470291848836499,0.7822122861689976,0.7136925124160975,0.6630324788850553,0.2313226466976677,0.6229546796821919,0.6219839955081118,0.4096910092956796,0.6471642042871448,0.4161622222499397,0.33057714741378036,0.3399406694999122,0.6029404744898539,0.7195666068290139,0.5660294563126061,0.31828214949853395,0.3850045650837014,0.5416510544125147,0.6344233560289886,0.544143496406337,0.477184903330484,0.2345402492764425,0.5205630331510892,0.43190137123314704,0.5457427664540931,0.6113272898316433,0.0,0.7879877895338017,0.5916152014159819,0.39969084701879026,0.3029699297935257,0.4997590380792314,0.6454139040660104,0.48841692612859494,0.3901255258512638,0.5553554714472012,0.4845291614266823,0.4476453736020905,0.5224459653691036,0.6118968083182024,0.6182839866912978,0.42176076199682955,0.0,0.5557301759983804
0.5076670098804488,0.38826049843472815,0.5427867681876226,0.15028003661998837,0.33310033506828557,0.5254783046252577,0.24055433335172427,0.453698974657558,0.43330620095940453,0.2624663745557728,0.0,0.5854706445105753,0.1608043700737541,0.47776847191900546,0.0,0.5368963647102942,0.42443052042172713,0.4937652963391035,0.39669013015560733,0.465599197869048,0.0,0.3976120356164281,0.17336911881808442,0.6098838188513779,0.5186357487785525,0.6403581289985251,0.4729641098497225,0.10766933079116713,0.590415230725083,0.49173269436511186,0.12371364761930259,0.3031826199601289,0.6141006163808558,0.1907877189646357,0.0661135155544406,0.46865776669139286,0.241500899483836,0.17765495595158637,0.558207346269185,0.6467456731033426,0.5071272132650205,0.5922265527130306,0.392353349097065,0.43740442669518176,0.42967523728831863,0.0,0.0,0.5887489422963281,0.4808522390504296,0.1856930209310923,0.6016327394833711,0.12053931670004604,0.32998655020060064,0.42018896088696855,0.4964566515951361,0.33640658328694373,0.3477786644382392,0.6202844556223028,0.34975374742326243,0.0,0.0,0.0,0.0,0.31004202497468514,0.4944675425312573,0.0,0.5345763818987238,0.2156274241171554,0.0,0.0,0.9155784178825108,0.21042090770624128,0.5466706897141751,0.3091533491354259,0.0,0.5993983702469344
0.2732454187336496,0.4619141967907593,0.4309277294308952,0.3484161040762785,0.5086613469098723,0.24089679475250214,0.3573959320751369,0.2686791134417479,0.17386903825337197,0.3840862569654205,0.5854706445105753,0.0,0.3141805235159472,0.5535751053813995,0.4098175782707754,0.48185849652780643,0.5751835754152137,0.5383117179077055,0.4983249885283143,0.6660551132677892,0.39349787913788314,0.40932998010718846,0.217028554620834,0.3798573834768198,0.5022303160158959,0.5079386439602647,0.6292862614638288,0.3928826537603374,0.7277787910811856,0.36343682445469766,0.6831482948278482,0.49699935856852073,0.8318422746689798,1.0,0.7671597256081952,0.453060557084475,0.5083781951880875,0.7477458545632015,0.4855098753741548,0.35686698918523985,0.49639860487099774,0.33772473009443515,0.4192506531570968,0.44967549857437455,0.47715985852401327,0.4890227820714529,0.6359084256067132,0.18092736016663058,0.15296249687000943,0.4520568100744743,0.6418553236045748,0.4761526329579802,0.28977698101388955,0.39889620265186165,0.48575617590065473,0.2856472146015117,0.5954340756415909,0.6372387542836485,0.5468841087424283,0.41376549020461617,0.6290777303382943,0.47885111240713074,0.4824946112233192,0.41379989072651807,0.5716325579725917,0.7426469142920242,0.4124867625484072,0.599951379801933,0.5432687504579183,0.5312461014247357,0.5981212817642266,0.4104129000506599,0.6741239313395344,0.5495892898711856,0.0,0.4395277408196213
0.3176625031253601,0.25612902578323715,0.13879293527245956,0.38914692550068214,0.3288330996414712,0.029746368108607153,0.3335426738198189,0.03195300049991165,0.17456823110392367,0.37332319794012336,0.1608043700737541,0.3141805235159472,0.0,0.1962493248990998,0.19742036215223446,0.42751687565817015,0.2302747697197331,0.38700304778451095,0.1735900975560326,0.2650429055569664,0.14985256902918015,0.3784139416028193,0.046705566139628577,0.3378854709461271,0.3218765773418709,0.4585191367963992,0.08703886138316685,0.10967838499653985,0.38117016621341554,0.22927705913824742,0.20629716149215313,0.33484740153531517,0.2849461853033832,0.2815501193853964,0.2134483558584814,0.34943247516241066,0.3974976422178687,0.2687158245991223,0.1655043773157782,0.5458901213523143,0.3749073982038624,0.6274016198222592,0.21219890642049505,0.11886675059264384,0.48969777952933097,0.5491700065297676,0.3374271986329701,0.06216655301737253,0.0,0.47201086324969366,0.008855616026599705,0.0,0.016154600386937647,0.02719795378849657,0.6413200672541598,0.48046639986432904,0.502508616238593,0.0,0.5971736321100497,0.0,0.6408944370369543,0.417872027939992,0.5703953720691687,0.5839422551718193,0.0,0.6218895675741595,0.0648173513765033,0.0,0.5175311484499218,0.4528879159982803,0.15369372398960962,0.0678383217597705,0.036966210424342394,0.0,0.5703939822892997,0.06388610442624733
0.5297718935008443,0.3590040924135466,0.586850420811848,0.3277340985915664,0.32301379353151133,0.2763706946612905,0.2768375724860847,0.505710833517585,0.3286508176148478,0.6699910141257011,0.47776847191900546,0.5535751053813995,0.1962493248990998,0.0,0.5578830501772993,0.3866614769961754,0.5030135213786064,0.5084276119876736,0.4012613284562371,0.41470672438066897,0.3035852061969295,0.3876023579509661,0.6093112494712146,0.5179469871781341,0.5412507976649333,0.4867722820004343,0.3019834668061855,0.5493640875742901,0.40958837047465324,0.837016036122334,0.042543801176555214,0.1510571873404019,0.26718228872267585,0.4444401608091099,0.40214926541955287,0.3269072694994111,0.14505825219225912,0.4156194192744318,0.6547818090655801,0.0,0.7295595239754546,0.763718880113915,0.36109534321324355,0.5290596135159846,0.0,0.0,0.0,0.1723466179958505,0.0,0.14395628195753726,0.4424839568424189,0.47254077332698396,0.32090726280777415,0.04111855557927528,0.0,0.2960490987425987,0.541403598271059,0.7253832303002163,0.14020380692231021,0.0,0.0,0.0,0.0,0.17099182698021753,0.0,0.0,0.0,0.17585587806379155,0.0,0.0,0.0,0.18375280344194747,0.6594093305250797,0.0,0.0,0.0
0.29537050517609986,0.40951794363030913,0.5568133166794441,0.5888887010535219,0.5170690229684839,0.5464991773567782,0.025270048738010337,0.16807634547216346,0.6389862126953187,0.4970396129009106,0.0,0.4098175782707754,0.19742036215223446,0.5578830501772993,0.0,0.4681929424168788,0.3958268428970143,0.3626115857165637,0.0,0.671145544526841,0.27365068323559905,0.5253332551698068,0.6427032306718465,0.0521803511725113,0.35980489047792735,0.32883445134493045,0.6369466333644865,0.15780894976974236,0.1577050217753595,0.3320623294691659,0.35589716573429486,0.29230924523763424,0.36058371187089283,0.2968828942512156,0.3716896928590617,0.5141602038000823,0.5302790373286594,0.3886064176929037,0.1412570043148536,0.2254439856373112,0.12038249429179163,0.10669118337740996,0.3663990148968164,0.47015636585826615,0.0,0.7359338307810596,0.447379886119175,0.5134012175943222,0.0,0.0,0.07242709575667673,0.0,0.0,0.6586900474999589,0.0,0.0,0.6459945861481075,0.06957081592525735,0.5262397203400382,0.4322219883888981,0.3204291560035379,0.5510492312190668,0.7481056578906313,0.0,0.3127492364597993,0.3902210483393589,0.44467350867342736,0.42344827347990166,0.38494113581909806,0.24309383130721457,0.38870954215549386,0.2449428914880389,0.0,0.04706524818057791,0.479525881257204,0.01553146611688383
0.36470803589203543,0.39485612489953326,0.4712849785260842,0.2531491112481173,0.6375997235761547,0.4680371889284345,0.3564333202063801,0.7129010766513786,0.3630480830219918,0.2526863128405318,0.5368963647102942,0.48185849652780643,0.42751687565817015,0.3866614769961754,0.4681929424168788,0.0,0.426103525879348,0.49445067987552604,0.46140682392891924,0.3791679046530284,0.3662296827795942,0.3898740092577615,0.3087226881077605,0.3377533645007741,0.4360819637399313,0.5224256116544411,0.4208082118864742,0.37363143431350776,0.45399553516928326,0.356680711166567,0.47703369735650936,0.5644221083454143,0.3343534217590848,0.26838644842898385,0.3925196340959437,0.7079196533354839,0.6888119879174102,0.6519237935602397,0.2972974568818201,0.2233450305481193,0.15379128492312455,0.5681199219498402,0.3857839281664113,0.0,0.0,0.6885184909121617,0.3077327954429093,0.0,0.0,0.0,0.5019225704960291,0.6051852663590569,0.7249915279133567,0.0,0.6642012496111304,0.0,0.5354500197310545,0.6390639832198115,0.0,0.22621136422509255,0.2915286416055745,0.5616541137604271,0.3431709361015701,0.0,0.2765387255377262,0.7153555353010275,0.3438342165121369,0.6399209892699436,0.48204732708165027,0.39442936188639793,0.37769804595044293,0.36698217382618636,0.6046621796292901,0.3603658483477994,0.0,0.5725980559051118
0.0,0.37348773820787873,0.5664672492777127,0.5393394899054151,0.1399539841652569,0.24311321637793792,0.11127354633991007,0.4050450253771052,0.44713930013057557,0.501224336408018,0.42443052042172713,0.5751835754152137,0.2302747697197331,0.5030135213786064,0.3958268428970143,0.426103525879348,0.0,0.5535697217034096,0.6092270135371199,0.19783024058651816,0.46489936286715283,0.4655512760158875,0.386239894586809,0.2341723144889215,0.5234298661278897,0.4006664765993123,0.6409060370029971,0.6408290156590059,0.23907355725287935,0.5965327795343902,0.3254814676192924,0.4388788146863323,0.42152005003688303,0.4130199398686103,0.417418276948019,0.6221436695373271,0.3481089416950844,0.46440838723765987,0.6048796077234878,0.0,0.5226626558504788,0.5623626415924171,0.0,0.0,0.5468180212901739,0.6631425640634475,0.475273521473109,0.0,0.0,0.0,0.0,0.0,0.0,0.0,0.3112284250281163,0.0,0.2952994458942287,0.4304688170169668,0.0,0.8022783599687446,0.4988398493397378,0.31191734623473927,0.5509732321659284,0.0,0.0,0.0,0.4940040756492755,0.0,0.21899718103148313,0.35474681738431135,0.3832490912382658,0.0,0.3522514981037322,0.4987240597643408,0.0,0.6189765320875634
0.28280743444747164,0.5097537452778471,0.5923320492121362,0.3862926685454132,0.4978426867834126,0.30500793784543756,0.2996638125506063,0.32199154732148355,0.08633222877657941,0.26818618609130107,0.4937652963391035,0.5383117179077055,0.38700304778451095,0.5084276119876736,0.3626115857165637,0.49445067987552604,0.5535697217034096,0.0,0.5008754616302837,0.35983148175251495,0.29025882238344675,0.4340702274920446,0.291325287473488,0.16513613877365252,0.40161446471416085,0.4558079973701525,0.3075326928376234,0.30281273747229304,0.30821020904107277,0.614920792089312,0.24835693384563642,0.4144472044901504,0.13421208993091813,0.3117209705405431,0.27369982055821207,0.6207703319246145,0.26777158004891016,0.5374148639223698,0.33327857035630276,0.2757323099200343,0.28075836657491215,0.5056436537092253,0.0,0.0,0.6287302283227847,0.34067483183181163,0.31729453816230707,0.0,0.0,0.0,0.49971890068949143,0.5769552289689817,0.718016020336667,0.0,0.4116783059384099,0.0,0.28635243338148175,0.5565078221229047,0.0,0.5928534843043003,0.3054172000285388,0.2833022108922779,0.3008054181139606,0.0,0.6245967046914291,0.6432036648125374,0.3225005424836368,0.6733997424332783,0.20304560604379177,0.35829552015749194,0.40229249309262305,0.5725838925516029,0.728305040277275,0.5202737951254756,0.0,0.2954288302748238
0.0,0.6352439441297612,0.37063090941294724,0.1815797459894294,0.2067323056491684,0.2856754024002665,0.17570128663520815,0.18723395754626015,0.3613920205180731,0.24002868243652734,0.39669013015560733,0.4983249885283143,0.1735900975560326,0.4012613284562371,0.0,0.46140682392891924,0.6092270135371199,0.5008754616302837,0.0,0.6270586847400523,0.3733164710361394,0.6638993850609187,0.4717423534421166,0.4755812387222645,0.5092630501180323,0.613023269788447,0.36352797807467696,0.1769623383598663,0.7004057282667049,0.6447231942968351,0.16233244079941916,0.1889146392452487,0.6199528523017876,0.16394912839618708,0.0,0.36863314482420534,0.04227271663548385,0.39764454466805793,0.6585392880145747,0.6075225879629339,0.3426395902847151,0.36386491707090823,0.3864173978208352,0.36308678178090475,0.43036230188049884,0.0,0.0,0.706989974455309,0.0,0.22058426058856695,0.1913057586719847,0.5712077562634922,0.2729736771859239,0.2836638956062816,0.915946319042352,0.6439068746277103,0.45181630476002965,0.512808176883138,0.09764342437668705,0.0,0.0,0.0,0.0,0.4777988579596376,0.4797106157332738,0.0,0.4999252382060413,0.2329409384692147,0.0,0.0,0.0,0.2106782578831269,0.480929122069564,0.4156758407051907,0.3671529218867202,0.48081100502708624
0.27853975121072566,0.44385918781075306,0.628068832678017,0.5955032656536796,0.0,0.222943587718619,0.11353709312133939,0.08061441881079294,0.0,0.2309874049477802,0.465599197869048,0.6660551132677892,0.2650429055569664,0.41470672438066897,0.671145544526841,0.3791679046530284,0.19783024058651816,0.35983148175251495,0.6270586847400523,0.0,0.24827134786942834,0.6363130478479673,0.20395891211747624,0.425536241149091,0.4526412373834907,0.44717559518200733,0.46885739162664536,0.21961684978274532,0.3230685062790538,0.090017784327317,0.48476768068836057,0.4212446824623596,0.20895421581475437,0.4502918529482602,0.4562978072325328,0.5526893351809352,0.34264888655665904,0.6458435794318512,0.13851372270917114,0.08346114082258807,0.12780534971465884,0.06899851127289955,0.350505928549194,0.024531161859643213,0.5656811257300418,0.6485576368577856,0.14886937273042478,0.0,0.0,0.0,0.12243021342208052,0.6948811829544591,0.0,0.3935849036696281,0.9582676741875358,0.0,0.44281410243238284,0.0,0.0,0.15813514343825955,0.2186935347909095,0.38617683916987505,0.6101603873496456,0.0,0.06790391556428149,0.051141645989234354,0.16101065361857045,0.0,0.0,0.30466438400510654,0.11120018704550517,0.0,0.0,0.06288907639292439,0.47322327307199724,0.08620608451587054
0.16776016534809468,0.32420700216523207,0.25503577035324954,0.3881268442517884,0.19898471313151952,0.39503683853064336,0.047083836634921675,0.11018243341896963,0.20497664683796815,0.6357797746069364,0.0,0.39349787913788314,0.14985256902918015,0.3035852061969295,0.27365068323559905,0.3662296827795942,0.46489936286715283,0.29025882238344675,0.3733164710361394,0.24827134786942834,0.0,0.1412392607305747,0.269137435396681,0.0,0.2831351271208049,0.42413779288498965,0.29662315346224744,0.07100707278821464,0.08297794663339285,0.0,0.20013074309834342,0.202578556514302,0.07966855636699902,0.19726237283764192,0.26153101056201267,0.5154697295880017,0.4380379346969093,0.46545156426930456,0.2752170761935085,0.5981877437302026,0.43866928273604694,0.4226739475138016,0.598883292490791,0.0,0.0,0.6692203027016748,0.03594945558040748,0.7126065404618831,0.0,0.0,0.0,0.44526693046926547,0.0,0.43880435789692307,0.490307351446074,0.0,0.6000528392913695,0.615140598650935,0.0,0.2559633161839023,0.0,0.0,0.6012186366906935,0.0,0.0,0.0,0.30424345149205456,0.0,0.6611689065625268,0.0,0.40953712611064885,0.0,0.644209931915304,0.0,0.4683660151949543,0.03610339740442026
0.28865313758324834,0.4678813725283438,0.5857440453472131,0.5670066175418516,0.16391028304466132,0.33110863137164026,0.3167341771551997,0.21047033985519412,0.12313749406546412,0.402626342879432,0.3976120356164281,0.40932998010718846,0.3784139416028193,0.3876023579509661,0.5253332551698068,0.3898740092577615,0.4655512760158875,0.4340702274920446,0.6638993850609187,0.6363130478479673,0.1412392607305747,0.0,0.5908086573743886,0.21314163900472044,0.5075786103491134,0.5533152378549352,0.5086473703650953,0.3560916078312345,0.43849994165944267,0.2643024207198823,0.5129958025280896,0.48259821866373814,0.38266239779111894,0.4282727560792863,0.4847963980496088,0.4607315034123175,0.5782147146976409,0.47388510940174605,0.19143183907834896,0.1492255155466231,0.18423977013866652,0.05965607513025706,0.3659172122604843,0.0,0.5618676367861953,0.3740196309038736,0.2682839450320714,0.594004924983823,0.4924672895902026,0.45282724097720833,0.32836011081298544,0.6614638247767074,0.0,0.6057870969330158,0.5608437193931997,0.0,0.46482412343509144,0.3188032075904736,0.0,0.2992748575793456,0.2466150555720349,0.4919871094106135,0.17762193048727626,0.0,0.0638477408181327,0.2631344803847919,0.24680718586915265,0.06599334265180058,0.46986368788634414,0.10156647794295115,0.28631341199548654,0.07330120497870089,0.18163002232931394,0.1723082797622119,0.6818938858269823,0.15628297409531058
0.17584247175614345,0.25072419378652977,0.5377040413890531,0.44366347311810833,0.05280764174779686,0.4283954464641318,0.03785522957035934,0.238713508527423,0.3371870823380606,0.17657635957466933,0.17336911881808442,0.217028554620834,0.046705566139628577,0.6093112494712146,0.6427032306718465,0.3087226881077605,0.386239894586809,0.291325287473488,0.4717423534421166,0.20395891211747624,0.269137435396681,0.5908086573743886,0.0,0.12122436167353189,0.22717215843337574,0.24032301306594211,0.3545709152507408,0.11859961171784068,0.15541659367863908,0.1381548247682314,0.22292730096260735,0.1616127730568881,0.31968062984762374,0.21549175774357596,0.23578724934206566,0.588868661481956,0.21707798045126905,0.4902677096373552,0.015276538642808535,0.0,0.0,0.07757830538477381,0.3622284077269611,0.0,0.6756837076223561,0.6298912583755956,0.07854515532057033,0.47996839716394724,0.47847683149797005,0.22117977041518444,0.06499631347661614,0.060166101808845775,0.3320773038963711,0.3194120062259388,0.46812688549468623,0.5242992765181966,0.61268665913302,0.04086848791042016,0.267007068864875,0.10980456701223422,0.06885174828753848,0.6454139040660115,0.464522657142367,0.5322434963101287,0.0,0.021172964085678977,0.09121975922182948,0.41510072831463285,0.4125764806477302,0.0,0.0,0.04072608227803255,0.0,0.03235332020434695,0.6787422978741133,0.05220934866961066
0.31038047121104434,0.4445769380250719,0.5067867308822522,0.249101190643515,0.5689484073088018,0.1303649019652841,0.5410070753682333,0.04527006292873466,0.5954248326992714,0.32553148024092715,0.6098838188513779,0.3798573834768198,0.3378854709461271,0.5179469871781341,0.0521803511725113,0.3377533645007741,0.2341723144889215,0.16513613877365252,0.4755812387222645,0.425536241149091,0.0,0.21314163900472044,0.12122436167353189,0.0,0.3682373828407234,0.5576088781736542,0.04393899794595221,0.48963130188798804,0.43849334217093666,0.5399973840781985,0.38474274793675745,0.7326912417354008,0.5226182827887755,0.7251020506105924,0.5446532593224498,0.4077917143326203,0.35976380702857175,0.6744422246281233,0.7590868826121759,0.5597406493472659,0.6686590329057586,0.6449391434297654,0.6061636672974952,0.5100261034656397,0.5979897707121148,0.5480924744042939,0.5583679969978524,0.0,0.0,0.3878811379092697,0.4089728495749265,0.3630840845118507,0.0,0.0,0.47763724044508055,0.393008888738627,0.6578526802054135,0.5043944996245029,0.0,0.5556583169685102,0.6093457313056521,0.24111581029282012,0.31621692987091043,0.3840122456559826,0.5013795537280579,0.5454145905874883,0.2820860675046019,0.7835658528758912,0.5101826426372938,0.4435057482070273,0.5693934851687058,0.7559842127672478,0.6540139296215438,0.3237689281702694,0.0,0.48101060078253133
0.14209035947483187,0.43383353885532455,0.5098462562776152,0.8165508575183569,0.1225396073106967,0.2759679052364697,0.20453614958072153,0.34703912687059324,0.20883481647791363,0.6406700756026342,0.5186357487785525,0.5022303160158959,0.3218765773418709,0.5412507976649333,0.35980489047792735,0.4360819637399313,0.5234298661278897,0.40161446471416085,0.5092630501180323,0.4526412373834907,0.2831351271208049,0.5075786103491134,0.22717215843337574,0.3682373828407234,0.0,0.35407447659045244,0.2921431677716,0.3082224864754136,0.27961967429976,0.4215324370990381,0.28800685407301385,0.34018138076902993,0.28636968450086325,0.30557964331959925,0.13031283873299088,0.5595813285181792,0.4725384117890987,0.7105542916117499,0.2988642396606435,0.24095432374123915,0.2249862523558008,0.2542754177917742,0.0,0.0,0.24014172175764253,0.42595265056711806,0.2542950301152547,0.0,0.0,0.0,0.2264577253387364,0.6532419677208633,0.7273911785345817,0.36216341395970364,0.33404990662025785,0.4934785393654558,0.35624345382400985,0.47223043886650923,0.0,0.6054467375337627,0.2738069985550333,0.2635434182909204,0.31017392177997455,0.0,0.3893811826299473,0.19284528470237403,0.27883846993339717,0.1960761907577289,0.24772005209000986,0.3515320025773513,0.36148527916516926,0.17227507484539367,0.6714751797023741,0.2852108141098923,0.0,0.0883059982225677
0.6414966475865608,0.4746294879662857,0.0,0.5154258666124849,0.01900193253439164,0.4251186555748516,0.3741002176068851,0.3897081447423964,0.28639127891882565,0.5767262244148545,0.6403581289985251,0.5079386439602647,0.4585191367963992,0.4867722820004343,0.32883445134493045,0.5224256116544411,0.4006664765993123,0.4558079973701525,0.613023269788447,0.44717559518200733,0.42413779288498965,0.5533152378549352,0.24032301306594211,0.5576088781736542,0.35407447659045244,0.0,0.44997005174729193,0.4982396180362868,0.4935609134751915,0.5291695275216564,0.35918598869465823,0.5129404167637137,0.3667535842027324,0.3627451193639808,0.4084890824455322,0.22499098321439454,0.5586939345752173,0.6363096803387431,0.31600087480515515,0.20788619872471828,0.22667131780673447,0.1217921121453297,0.28721341700784114,0.5673139434701916,0.47417499532675955,0.418851138044398,0.32813675064321146,0.6141354114575628,0.0,0.0,0.39828274589871326,0.5845437846056563,0.5803057898398924,0.47583601640671896,0.4839825973292542,0.0,0.5595299416740765,0.26937787540731717,0.0,0.41239537820217037,0.3060763995035701,0.36221770022137645,0.31314373479711655,0.0,0.20375937433539892,0.4391882714467304,0.4829489820712259,0.12332655572335365,0.45431904385149047,0.3390050200264648,0.26735148477170845,0.16452231015230065,0.6160196443465056,0.3609628836739601,0.4983082575453653,0.15495079569274392
0.19889743606595423,0.2745932830177585,0.31891934344580325,0.6233400272386627,0.43060200046049696,0.4286293281395263,0.1121217831906546,0.21604858667581345,0.4630439257667038,0.10683133907479879,0.4729641098497225,0.6292862614638288,0.08703886138316685,0.3019834668061855,0.6369466333644865,0.4208082118864742,0.6409060370029971,0.3075326928376234,0.36352797807467696,0.46885739162664536,0.29662315346224744,0.5086473703650953,0.3545709152507408,0.04393899794595221,0.2921431677716,0.44997005174729193,0.0,0.2081982569434202,0.1888122051904641,0.23176587338792334,0.2724753396348942,0.22006886538987952,0.27525664676852934,0.2673110900622583,0.3224965994729854,0.2924185134639092,0.20804886763901137,0.5468405108198137,0.047423204658852226,0.05040448645730154,0.0,0.0,0.2843479769425809,0.0,0.4396163810979532,0.4231345901724594,0.08259061922386714,0.17684671093102827,0.30183133629334963,0.14501762840857424,0.019672000623726482,0.0,0.24282731812541916,0.049909895776746704,0.5907604818861238,0.25150695894727587,0.4848256161232809,0.09656618954633758,0.4188899299596527,0.0,0.09013422110015162,0.0,0.38925181594098485,0.41368332613931247,0.0,0.0,0.03952575724222225,0.0,0.0,0.027350619048402802,0.11701844138408908,0.0035197863143554553,0.0,0.0,0.5698609323719798,0.0
0.3189809016388757,0.3126757027266765,0.21988712122532234,0.18678405993306427,0.4058520882265263,0.20787802721739454,0.4221692797666154,0.057670097819633566,0.2294614729180006,0.5181723896070662,0.10766933079116713,0.3928826537603374,0.10967838499653985,0.5493640875742901,0.15780894976974236,0.37363143431350776,0.6408290156590059,0.30281273747229304,0.1769623383598663,0.21961684978274532,0.07100707278821464,0.3560916078312345,0.11859961171784068,0.48963130188798804,0.3082224864754136,0.4982396180362868,0.2081982569434202,0.0,0.3490891871919059,0.4567529226799453,0.4310220815953639,0.5353614590483702,0.5067183348404084,0.31333406734535685,0.4010757143650785,0.529009822252992,0.2714885465354018,0.358843400110095,0.34365415679760847,0.35608938602516416,0.44902609917439373,0.024719097500883774,0.005397878404599141,0.2991592400809915,0.5168772424826689,0.5897293121935974,0.2640747793475264,0.06832681813932678,0.0,0.6549291695660341,0.005500801640459151,0.07113902248345957,0.0,0.061944001699615586,0.5972159448895817,0.36770150507482713,0.3103086735911068,0.029969426973607105,0.4087890159766474,0.0,0.46905970801629715,0.389464809222181,0.5012281005312311,0.6947938618138607,0.07563865571580869,0.6328468109127818,0.1378103212903567,0.0,0.6760805835217212,0.534042745877596,0.5129687931460468,0.021429121780745526,0.0,0.0,0.5035229538487579,0.0
0.290259439813555,0.2890416307680329,0.25509422555920924,0.4626140030353929,0.15891594062155012,0.29445710996521574,0.260786133175007,0.11536861028270873,0.0678958340150611,0.5028449594348283,0.590415230725083,0.7277787910811856,0.38117016621341554,0.40958837047465324,0.1577050217753595,0.45399553516928326,0.23907355725287935,0.30821020904107277,0.7004057282667049,0.3230685062790538,0.08297794663339285,0.43849994165944267,0.15541659367863908,0.43849334217093666,0.27961967429976,0.4935609134751915,0.1888122051904641,0.3490891871919059,0.0,0.1960893674834878,0.39942694852268307,0.42592967055942715,0.0,0.36184702921848516,0.3373119946168993,0.5446666554973122,0.3348977643070822,0.5635563669730235,0.05230831701310802,0.05885377738332223,0.0,0.0006216793963846681,0.26931862920413396,0.08299677332901305,0.7741043012475612,0.5862201315549963,0.20102432722038116,0.0,0.39046143757406354,0.4048928278647851,0.016919624220197174,0.10806544322732015,0.0,0.4674704233830663,0.615110966799969,0.43488350710524165,0.5356722523062115,0.0,0.6998128541781476,0.0,0.09979800282887266,0.5001470242971082,0.5976997131990669,0.6628340099638784,0.0,0.0,0.027749664726821596,0.0,0.5121256194399582,0.1438539697106789,0.19566648340659518,0.0,0.0,0.0,0.5554247098099324,0.0
0.5991788469741338,0.519303388733518,0.18276536805593444,0.48538600589488523,0.6014872377734661,0.18383688420460453,0.5591655447380618,0.016209321630280403,0.28006923646940374,0.35914747120382207,0.49173269436511186,0.36343682445469766,0.22927705913824742,0.837016036122334,0.3320623294691659,0.356680711166567,0.5965327795343902,0.614920792089312,0.6447231942968351,0.090017784327317,0.0,0.2643024207198823,0.1381548247682314,0.5399973840781985,0.4215324370990381,0.5291695275216564,0.23176587338792334,0.4567529226799453,0.1960893674834878,0.0,0.33858750879867455,0.5905151047277553,0.0,0.5360439544697003,0.3208433360969273,0.5053731727265005,0.3445044447696413,0.5132163436436868,0.7046578898081527,0.47669676078993084,0.5117183572941609,0.5585492349807004,0.5531512669976086,0.3251154415269331,0.0,0.0,0.0,0.29841401241742893,0.0,0.0,0.6116054556535444,0.6122340460294584,0.4130707171512087,0.0,0.5568446983003497,0.0,0.0,0.32378952399210864,0.0,0.5681293830431879,0.0,0.0,0.9755205971441108,0.9396068916412628,0.0,0.6406461401176969,0.6249136743522197,0.0,0.0,0.6255902733791454,0.4905247229312112,0.08230468761410575,0.04778289257364067,0.05130134630534627,0.41641505489319364,0.449131181454131
0.1822550864014353,0.34612956325802224,0.21961469993540356,0.46806652055723263,0.18802708311773117,0.21197683084333335,0.1821331028411381,0.1356298694605435,0.2515359387286933,0.4919234817172948,0.12371364761930259,0.6831482948278482,0.20629716149215313,0.042543801176555214,0.35589716573429486,0.47703369735650936,0.3254814676192924,0.24835693384563642,0.16233244079941916,0.48476768068836057,0.20013074309834342,0.5129958025280896,0.22292730096260735,0.38474274793675745,0.28800685407301385,0.35918598869465823,0.2724753396348942,0.4310220815953639,0.39942694852268307,0.33858750879867455,0.0,0.37931041471370897,0.4011045305315773,0.5422661216895042,0.6380826262718257,0.3353806864666544,0.5232462375755451,0.3728112075869331,0.359906782394892,0.38543182587831387,0.42416918805202364,0.6621195446299559,0.6266614477450133,0.3615599130246929,0.44101008828075716,0.562079498519405,0.17143058329921615,0.1327136226012392,0.0,0.6929043839903292,0.028202130416124647,0.0,0.0,0.05865129190296631,0.408777655725646,0.5161938091186298,0.43396231724807627,0.33884605675711316,0.0,0.16657160333754623,0.23344774693382847,0.531075638500416,0.19272945743597272,0.7164546977766528,0.05472955972934042,0.2620301015897905,0.2279364712610879,0.0,0.41250790684937444,0.2694803270935938,0.320898636083991,0.0,0.0,0.12673409742703226,0.35062845166931716,0.29983811216187906
0.395937457685958,0.38594419590029616,0.16684536758276308,0.25774158911007333,0.21462521527594086,0.19149357628815641,0.3464474245332266,0.3567599365818275,0.24668393176309902,0.8863552691618911,0.3031826199601289,0.49699935856852073,0.33484740153531517,0.1510571873404019,0.29230924523763424,0.5644221083454143,0.4388788146863323,0.4144472044901504,0.1889146392452487,0.4212446824623596,0.202578556514302,0.48259821866373814,0.1616127730568881,0.7326912417354008,0.34018138076902993,0.5129404167637137,0.22006886538987952,0.5353614590483702,0.42592967055942715,0.5905151047277553,0.37931041471370897,0.0,0.3266939719369108,0.45710949503776604,0.27337271666956214,0.694600515638996,0.6482638007603099,0.21154785331975154,0.3741854108832469,0.14413792056684813,0.38790935729645193,0.20501833050265572,0.21135301876746218,0.24728548505028106,0.4419369766537889,0.5599490162392629,0.2088067022730275,0.17048410290079472,0.1981343242174849,0.6080898932926873,0.0,0.26826521006998844,0.07970503743108076,0.08806020473425094,0.6816516668699247,0.6046563718186132,0.12338933889148321,0.14374542486464026,0.5957159889546788,0.12158624755841357,0.23101152459835878,0.5846340224820094,0.26477357963028464,0.42473799917490773,0.020455036979176958,0.16593276546479638,0.19506176977186476,0.0,0.6172528951737457,0.33913356640188863,0.3404412299355957,0.0,0.4243591728575779,0.05374544328830609,0.5462211285645872,0.42433346811653183
0.22370186831705574,0.21598649544498863,0.5053618136360152,0.23358809058667643,0.5211457765106902,0.4297798351079257,0.6148691791380793,0.38334435397380323,0.6468516444671547,0.7470291848836499,0.6141006163808558,0.8318422746689798,0.2849461853033832,0.26718228872267585,0.36058371187089283,0.3343534217590848,0.42152005003688303,0.13421208993091813,0.6199528523017876,0.20895421581475437,0.07966855636699902,0.38266239779111894,0.31968062984762374,0.5226182827887755,0.28636968450086325,0.3667535842027324,0.27525664676852934,0.5067183348404084,0.0,0.0,0.4011045305315773,0.3266939719369108,0.0,0.31614769502666173,0.332528578793391,0.1804722257266903,0.34595049507818626,0.7478462161429699,0.19475467700785629,0.27090071086258,0.4485914926854006,0.34514503629945215,0.4672533324151221,0.3755747214561036,0.6096490710459024,0.5711906113240964,0.13691290201364187,0.6214553971291682,0.0,0.384762335485569,0.6082951233853648,0.429572185541933,0.3291792694734106,0.21593952020109602,0.36763036875492977,0.5428891998680844,0.4376295164881919,0.46124128154442245,0.0,0.1740138225938259,0.18205027500098842,0.5529130695732674,0.2803321050126466,0.7841879890473671,0.0,0.19452740634972404,0.15765321599938675,0.0,0.6263316046873857,0.42314459756207456,0.40138217066728193,0.432029916611275,0.5661954841996821,0.5201101667278154,0.0,0.49860397988682825
0.026935241002362442,0.296754617129538,0.22085495319741502,0.2625293070672687,0.17744748286280235,0.210699557897087,0.21754629687623747,0.19113125535867123,0.2462804971434912,0.7822122861689976,0.1907877189646357,1.0,0.2815501193853964,0.4444401608091099,0.2968828942512156,0.26838644842898385,0.4130199398686103,0.3117209705405431,0.16394912839618708,0.4502918529482602,0.19726237283764192,0.4282727560792863,0.21549175774357596,0.7251020506105924,0.30557964331959925,0.3627451193639808,0.2673110900622583,0.31333406734535685,0.36184702921848516,0.5360439544697003,0.5422661216895042,0.45710949503776604,0.31614769502666173,0.0,0.2980006878571442,0.27127220977061767,0.431895793580119,0.5254675099202446,0.3938520446128617,0.5823633191491203,0.6860163938746777,0.36826639199740474,0.11687672317146912,0.4183570636857236,0.6203239663518518,0.5478185324196749,0.1593133482525888,0.3605631898141217,0.22454671700728465,0.7614868010529132,0.06335280534684959,0.37143072468657345,0.025722262191306133,0.04663062109445418,0.6034840555779464,0.36026546117242847,0.5532412392736321,0.21598215087034034,0.6073868588434056,0.21120376544143116,0.16887479921259113,0.5345881293808588,0.24462937693291958,0.5517709995175326,0.09743267875879882,0.19517135574832126,0.1997425480323576,0.02658296541240173,0.5756852121310416,0.2996857844560816,0.3014665867912446,0.0,0.3663485955747768,0.12797203387219974,0.4953554532112688,0.4630893442828496
0.1934880373615348,0.4019883720154211,0.09253576806468648,0.1961334254621013,0.011902075553750856,0.31791714571840807,0.1143241921226778,0.5220637425262176,0.16881422895657738,0.7136925124160975,0.0661135155544406,0.7671597256081952,0.2134483558584814,0.40214926541955287,0.3716896928590617,0.3925196340959437,0.417418276948019,0.27369982055821207,0.0,0.4562978072325328,0.26153101056201267,0.4847963980496088,0.23578724934206566,0.5446532593224498,0.13031283873299088,0.4084890824455322,0.3224965994729854,0.4010757143650785,0.3373119946168993,0.3208433360969273,0.6380826262718257,0.27337271666956214,0.332528578793391,0.2980006878571442,0.0,0.33461734578994456,0.2843773254178746,0.8006227551861199,0.16760511829836147,0.5597835601314619,0.4063485589194722,0.22709053504948484,0.20998556519792222,0.2494175071314571,0.4491443707780679,0.6544663888741549,0.21342978781055824,0.24782500589953718,0.24600021803510588,0.36992148261534485,0.5483177065787228,0.3515291172559121,0.589961241357942,0.34377285142930575,0.7504444647542444,0.4039076244225322,0.74015388164197,0.4376330106831955,0.7576601147263988,0.23949642374948327,0.20103787672914225,0.48423488912603685,0.2000862964382196,0.38082472697043984,0.20962450244232492,0.6072663911827129,0.275750808769886,0.05559583474147134,0.49460711613324754,0.3870572829720721,0.3319267241329952,0.14010706752593288,0.34478043666607316,0.14219612409554908,0.3303138177462387,0.7444911169335842
0.5751627587588559,0.4175147880626013,0.338912849695569,0.3081931195716805,0.24833062476715997,0.42313503111867323,0.6732365904563479,0.8930390663898411,0.28340348959424255,0.6630324788850553,0.46865776669139286,0.453060557084475,0.34943247516241066,0.3269072694994111,0.5141602038000823,0.7079196533354839,0.6221436695373271,0.6207703319246145,0.36863314482420534,0.5526893351809352,0.5154697295880017,0.4607315034123175,0.588868661481956,0.4077917143326203,0.5595813285181792,0.22499098321439454,0.2924185134639092,0.529009822252992,0.5446666554973122,0.5053731727265005,0.3353806864666544,0.694600515638996,0.1804722257266903,0.27127220977061767,0.33461734578994456,0.0,0.5785058785759901,0.36011645613313065,0.11493254596978487,0.3400921259786,0.10210767860205273,0.02429659562138294,0.36107251399711443,0.214035064940944,0.5912861238271099,0.0,0.2541271449552833,0.4115179973057769,0.3336542689455191,0.32264270258482164,0.0,0.02079909171287203,0.3286763408372627,0.0,0.3187087757994705,0.27436289100407596,0.02948334125593982,0.0,0.1914291115604338,0.4347409273922822,0.35917299273802994,0.0,0.9816052779002391,0.1965453911938668,0.2663839732537129,0.3872154294084317,0.46975294138489754,0.16842737008427175,0.5761106929743283,0.4578801466942202,0.5723509841471769,0.0,0.03045038068800187,0.5247978704129166,0.0,0.7179360064956756
0.5271056925802622,0.4099161730797538,0.13487314891545601,0.2942467238481467,0.1050549950476495,0.1995131915110094,0.6540961586100739,0.43503850013010037,0.19073943363781976,0.2313226466976677,0.241500899483836,0.5083781951880875,0.3974976422178687,0.14505825219225912,0.5302790373286594,0.6888119879174102,0.3481089416950844,0.26777158004891016,0.04227271663548385,0.34264888655665904,0.4380379346969093,0.5782147146976409,0.21707798045126905,0.35976380702857175,0.4725384117890987,0.5586939345752173,0.20804886763901137,0.2714885465354018,0.3348977643070822,0.3445044447696413,0.5232462375755451,0.6482638007603099,0.34595049507818626,0.431895793580119,0.2843773254178746,0.5785058785759901,0.0,0.5767111794683891,0.1494517385462068,0.13205198077918115,0.1810990343257123,0.1967392716377287,0.28081010641299736,0.47121071431919226,0.4328352177083135,0.0,0.0,0.6428358745640949,0.5041412547352403,0.0,0.13206908154593144,0.6734021408484553,0.7572738990625152,0.2676652748745806,0.5525942802026642,0.6085535584259503,0.23882026615828977,0.19365616233483401,0.0,0.4600807373035359,0.0,0.0,0.0,0.39177721505867424,0.48273733845088196,0.0,0.0,0.07509115611633121,0.3667745785237383,0.0,0.27899324029551276,0.238748744070654,0.31533232289894947,0.736748302002151,0.0,0.3063608719026393
0.560265295314745,0.0,0.4230104268586917,0.33302000600289605,0.05211196161571646,0.10655009971945342,0.6086262601910379,0.6603933188230907,0.17174750529810429,0.6229546796821919,0.17765495595158637,0.7477458545632015,0.2687158245991223,0.4156194192744318,0.3886064176929037,0.6519237935602397,0.46440838723765987,0.5374148639223698,0.39764454466805793,0.6458435794318512,0.46545156426930456,0.47388510940174605,0.4902677096373552,0.6744422246281233,0.7105542916117499,0.6363096803387431,0.5468405108198137,0.358843400110095,0.5635563669730235,0.5132163436436868,0.3728112075869331,0.21154785331975154,0.7478462161429699,0.5254675099202446,0.8006227551861199,0.36011645613313065,0.5767111794683891,0.0,0.2513425350559386,0.5581612296966589,0.3143498506286399,0.40439553875232287,0.4107897510674266,0.26801569350069016,0.5850161669618678,0.5042458285746585,0.0,0.640608874545581,0.0,0.5820632570782964,0.3915270399205334,0.39785734145372764,0.0,0.4808140139185257,0.5076213920701601,0.3551406779540167,0.670447080117945,0.3828139126270062,0.0,0.5381021408043565,0.6186315600055089,0.5008163910908675,0.5130684298317819,0.3858825721744962,0.489337649058872,0.0,0.5398535262539099,0.7381408704122633,0.4525270277824845,0.4129937702858061,0.6018485499439509,0.6204860091106107,0.47621866169600213,0.6443767160415939,0.0,0.5015492680465798
0.32373520556952506,0.07670703713184725,0.24688121785786338,0.09702644353798393,0.07803090197838838,0.032168226482505155,0.28465278557193063,0.036556127625250304,0.022157247658437434,0.6219839955081118,0.558207346269185,0.4855098753741548,0.1655043773157782,0.6547818090655801,0.1412570043148536,0.2972974568818201,0.6048796077234878,0.33327857035630276,0.6585392880145747,0.13851372270917114,0.2752170761935085,0.19143183907834896,0.015276538642808535,0.7590868826121759,0.2988642396606435,0.31600087480515515,0.047423204658852226,0.34365415679760847,0.05230831701310802,0.7046578898081527,0.359906782394892,0.3741854108832469,0.19475467700785629,0.3938520446128617,0.16760511829836147,0.11493254596978487,0.1494517385462068,0.2513425350559386,0.0,0.3144274272517467,0.5195301283738276,0.1521720851687205,0.4842145261206886,0.43539800004983337,0.28757098809942117,0.26344643007690144,0.38683740231553176,0.032432563897935675,0.47969324072274566,0.6146082532392892,0.17567817275263617,0.2555266908748213,0.32886381972416234,0.10145947421811297,0.24234491403825273,0.3898318333888459,0.2979782317902491,0.4019145929240963,0.1480319068061439,0.261819182577508,0.4470135700620991,0.4795487090131622,0.4947289668297737,0.07613832373075091,0.4023479434742075,0.17604054927810522,0.37706196773910755,0.02327448779810823,0.6650184618457391,0.3274003601290994,0.45182054733848237,0.2380804228242822,0.5031389308409838,0.443545218883219,0.20680692578583384,0.4839050064297849
0.19349893809229413,0.12684569036653692,0.6176069025585538,0.3589198165127223,0.5087741028887706,0.27269196084582326,0.46584004205417945,0.45540318698604393,0.5737185015675947,0.4096910092956796,0.6467456731033426,0.35686698918523985,0.5458901213523143,0.0,0.2254439856373112,0.2233450305481193,0.0,0.2757323099200343,0.6075225879629339,0.08346114082258807,0.5981877437302026,0.1492255155466231,0.0,0.5597406493472659,0.24095432374123915,0.20788619872471828,0.05040448645730154,0.35608938602516416,0.05885377738332223,0.47669676078993084,0.38543182587831387,0.14413792056684813,0.27090071086258,0.5823633191491203,0.5597835601314619,0.3400921259786,0.13205198077918115,0.5581612296966589,0.3144274272517467,0.0,0.2819113550615298,0.15672139135210542,0.35761134273553163,0.31830464307801265,0.19412195631403428,0.05235946911791291,0.21856153594647443,0.5906222161761447,0.4462384482577832,0.016296638336738528,0.3446178059761593,0.4354874550876987,0.5484865890339629,0.18028518936574356,0.6027239131736282,0.20144277550691655,0.3217451109948305,0.26282059777452804,0.5464774261055889,0.29820594598759564,0.2608402929472171,0.40624239740123114,0.36669439145383204,0.43031512979663555,0.33362069356441426,0.07941619385961782,0.24697672882368157,0.14597829335999574,0.2620153698973857,0.15696331696146537,0.3718006549731939,0.22433453521837013,0.5260496582074566,0.5683180305141359,0.43015954643906973,0.30940935769314565
0.23661555244261623,0.0,0.4747661110543735,0.49324813124953243,0.4202813951819217,0.017677147808199737,0.687999742883931,0.44980652396527965,0.39801196775187564,0.6471642042871448,0.5071272132650205,0.49639860487099774,0.3749073982038624,0.7295595239754546,0.12038249429179163,0.15379128492312455,0.5226626558504788,0.28075836657491215,0.3426395902847151,0.12780534971465884,0.43866928273604694,0.18423977013866652,0.0,0.6686590329057586,0.2249862523558008,0.22667131780673447,0.0,0.44902609917439373,0.0,0.5117183572941609,0.42416918805202364,0.38790935729645193,0.4485914926854006,0.6860163938746777,0.4063485589194722,0.10210767860205273,0.1810990343257123,0.3143498506286399,0.5195301283738276,0.2819113550615298,0.0,0.40153118119130443,0.43181634331199237,0.6249666434084473,0.35992438400146165,0.24981153736385095,0.32724987261912114,0.05141312011389079,0.513585260450729,0.3637684760242465,0.2271905143060304,0.39495127584564615,0.13517209716717396,0.13358113444459147,0.7191369704758562,0.2496012488915118,0.6098854906787449,0.4432081390458859,0.34970478103040725,0.2875716403019854,0.287616701081759,0.6014899692939195,0.48342730034136416,0.16583481452573923,0.28207691511787447,0.14841542292216375,0.32673756545945953,0.0,0.330868499181649,0.2892739084044841,0.3533768092833375,0.11480024060308217,0.5139046384754846,0.3203693431551352,0.06479781705208511,0.46416272721428736
0.609870518110432,0.16354094145629694,0.6418035301112825,0.04477790851295268,0.5923805631478248,0.03126130273600873,0.5753178063220693,0.513337573051849,0.29936631630636473,0.4161622222499397,0.5922265527130306,0.33772473009443515,0.6274016198222592,0.763718880113915,0.10669118337740996,0.5681199219498402,0.5623626415924171,0.5056436537092253,0.36386491707090823,0.06899851127289955,0.4226739475138016,0.05965607513025706,0.07757830538477381,0.6449391434297654,0.2542754177917742,0.1217921121453297,0.0,0.024719097500883774,0.0006216793963846681,0.5585492349807004,0.6621195446299559,0.20501833050265572,0.34514503629945215,0.36826639199740474,0.22709053504948484,0.02429659562138294,0.1967392716377287,0.40439553875232287,0.1521720851687205,0.15672139135210542,0.40153118119130443,0.0,0.3090982523272329,0.38556000159517745,0.4095768984768522,0.566099956793257,0.4351361581720995,0.0,0.2769416977927114,0.2976000083801515,0.13714799934053445,0.37953323665856886,0.5602261365847476,0.05893594352442237,0.5162730746136216,0.18980484080264715,0.2863014901919864,0.39360584100766915,0.5072074770967024,0.2879351738819274,0.4089020618604005,0.3501731864390638,0.5520080845713002,0.13926589930781846,0.2101223233455483,0.23037022187193182,0.2959581898382124,0.0,0.3404031402898284,0.3324106831538574,0.30384031012034846,0.17619147885298891,0.4019731353185396,0.2580587108743699,0.24933086232734494,0.5922519385403564
0.3866750061635924,0.6032035276205578,0.416413957437925,0.6012918516752477,0.3534894126029664,0.08125118196510422,0.19624512459162075,0.30809589538099197,0.20727768200252983,0.33057714741378036,0.392353349097065,0.4192506531570968,0.21219890642049505,0.36109534321324355,0.3663990148968164,0.3857839281664113,0.0,0.0,0.3864173978208352,0.350505928549194,0.598883292490791,0.3659172122604843,0.3622284077269611,0.6061636672974952,0.0,0.28721341700784114,0.2843479769425809,0.005397878404599141,0.26931862920413396,0.5531512669976086,0.6266614477450133,0.21135301876746218,0.4672533324151221,0.11687672317146912,0.20998556519792222,0.36107251399711443,0.28081010641299736,0.4107897510674266,0.4842145261206886,0.35761134273553163,0.43181634331199237,0.3090982523272329,0.0,0.3787591430947269,0.20423282158972753,0.51876945449131,0.497439326008717,0.2415110452125694,0.33265319095157864,0.47520426358447604,0.3182118714151143,0.3065992281223072,0.5363809853804136,0.2709718550374488,0.6549576273654767,0.4478643220383073,0.33684353218438273,0.3935353394345984,0.26964582179413277,0.5798202610913799,0.542225782002208,0.6114363027765554,0.67931944963636,0.34777719014110564,0.4362329715164939,0.4565433119194058,0.28441351273747234,0.26381625628366656,0.5515288431455877,0.6393809372738359,0.6985577131743509,0.4193147812948894,0.48551039142065405,0.6464360801687388,0.4684702966422233,0.4648335557945286
0.0,0.0,0.0,0.0025661449216430217,0.6332251938200402,0.48467142408142955,0.804622057437218,0.36446574603666015,0.0,0.3399406694999122,0.43740442669518176,0.44967549857437455,0.11886675059264384,0.5290596135159846,0.47015636585826615,0.0,0.0,0.0,0.36308678178090475,0.024531161859643213,0.0,0.0,0.0,0.5100261034656397,0.0,0.5673139434701916,0.0,0.2991592400809915,0.08299677332901305,0.3251154415269331,0.3615599130246929,0.24728548505028106,0.3755747214561036,0.4183570636857236,0.2494175071314571,0.214035064940944,0.47121071431919226,0.26801569350069016,0.43539800004983337,0.31830464307801265,0.6249666434084473,0.38556000159517745,0.3787591430947269,0.0,0.27891694345950285,0.0,0.2622059546481915,0.034446932713568676,0.5454610674573228,0.2728846461421033,0.1361942312361451,0.3946482013478058,0.6012576426090043,0.17259746469543857,0.5772966481905996,0.3955487145239968,0.3191002734396798,0.5231063310479978,0.2532938797924561,0.1957542269167049,0.0,0.345664256489949,0.8762576987368853,0.23377266371049016,0.24943912427198164,0.35489382599211977,0.3674272809731858,0.19348169800272647,0.4581603284848703,0.47930479424466466,0.6766759617166349,0.27538867246190035,0.5860439165505794,0.5613845340279722,0.5145254025422842,0.4573087668701673
0.5838185640132216,0.0,0.0,0.0,0.2785496312252175,0.2518151024005876,0.4458229602236591,0.0,0.4547815719515503,0.6029404744898539,0.42967523728831863,0.47715985852401327,0.48969777952933097,0.0,0.0,0.0,0.5468180212901739,0.6287302283227847,0.43036230188049884,0.5656811257300418,0.0,0.5618676367861953,0.6756837076223561,0.5979897707121148,0.24014172175764253,0.47417499532675955,0.4396163810979532,0.5168772424826689,0.7741043012475612,0.0,0.44101008828075716,0.4419369766537889,0.6096490710459024,0.6203239663518518,0.4491443707780679,0.5912861238271099,0.4328352177083135,0.5850161669618678,0.28757098809942117,0.19412195631403428,0.35992438400146165,0.4095768984768522,0.20423282158972753,0.27891694345950285,0.0,0.22818965720612497,0.4330789185377971,0.0,0.3460821703902505,0.45155015177567726,0.12895380585821095,0.3229146417580451,0.4288170480174871,0.0,0.6763560349366897,0.17779620599899798,0.6827609199390122,0.32405458873780285,0.6620004782731101,0.5445517044208156,0.6474780142920958,0.4594513499960519,0.2483826990457505,0.07803474770760466,0.5934810207178511,0.0,0.7440804264552962,0.3961386388536925,0.32991556186955784,0.20288413324973192,0.6182944833966032,0.5924303822557415,0.48074587918881295,0.6242995371403542,0.7898480908326966,0.36033452483857176
0.4866633275220156,0.20088294209520502,0.0,0.0,0.0,0.48294866832204586,0.0,0.5733081121717277,0.0,0.7195666068290139,0.0,0.4890227820714529,0.5491700065297676,0.0,0.7359338307810596,0.6885184909121617,0.6631425640634475,0.34067483183181163,0.0,0.6485576368577856,0.6692203027016748,0.3740196309038736,0.6298912583755956,0.5480924744042939,0.42595265056711806,0.418851138044398,0.4231345901724594,0.5897293121935974,0.5862201315549963,0.0,0.562079498519405,0.5599490162392629,0.5711906113240964,0.5478185324196749,0.6544663888741549,0.0,0.0,0.5042458285746585,0.26344643007690144,0.05235946911791291,0.24981153736385095,0.566099956793257,0.51876945449131,0.0,0.22818965720612497,0.0,0.25884470265105175,0.2580402972836947,0.0,0.6356519176511316,0.20713964438144852,0.46989342452439126,0.18542518933264202,0.05567893687899245,0.2696664636001832,0.43682443991530484,0.49918206106899676,0.5218507704414539,0.17877765233766313,0.23045951732605932,0.28678818197873923,0.5195954064234048,0.33409232430404123,0.0,0.14436330005942713,0.13453855660734662,0.3358333297545468,0.18737397162541247,0.15488638939137708,0.3106220337186908,0.5554403374193786,0.24799142103179356,0.5632995365441639,0.37461412856842335,0.5446396563171787,0.12899317984885944
0.11546772928417652,0.11463969600020175,0.5313452682089925,0.0,0.5644077526374145,0.15167096959361745,0.136685971444357,0.5638706984158938,0.5261378497783545,0.5660294563126061,0.0,0.6359084256067132,0.3374271986329701,0.0,0.447379886119175,0.3077327954429093,0.475273521473109,0.31729453816230707,0.0,0.14886937273042478,0.03594945558040748,0.2682839450320714,0.07854515532057033,0.5583679969978524,0.2542950301152547,0.32813675064321146,0.08259061922386714,0.2640747793475264,0.20102432722038116,0.0,0.17143058329921615,0.2088067022730275,0.13691290201364187,0.1593133482525888,0.21342978781055824,0.2541271449552833,0.0,0.0,0.38683740231553176,0.21856153594647443,0.32724987261912114,0.4351361581720995,0.497439326008717,0.2622059546481915,0.4330789185377971,0.25884470265105175,0.0,0.17850357585700574,0.0,0.16464424662625224,0.41444262112633906,0.0918815162101906,0.35922439018302327,0.10108305531033461,0.44145561256930355,0.40808657040901775,0.5455473185812951,0.1072512586904517,0.6245329733471463,0.5486402236159953,0.5057900443414052,0.4884737785179255,0.4254035962977948,0.6596461505190382,0.5567825435712708,0.4031751592688359,0.5868346187439897,0.3046669184356934,0.5957028670181819,0.6216591211040648,0.6985261916963426,0.41930539417468965,0.1790466124984107,0.6206801560718618,0.6036572048435799,0.43135433618190316
0.0,0.18311011912150182,0.6112427695319612,0.45435177083531253,0.2525509491082569,0.0901078055704264,0.08268391604096414,0.39573120922291927,0.3502031015494532,0.31828214949853395,0.5887489422963281,0.18092736016663058,0.06216655301737253,0.1723466179958505,0.5134012175943222,0.0,0.0,0.0,0.706989974455309,0.0,0.7126065404618831,0.594004924983823,0.47996839716394724,0.0,0.0,0.6141354114575628,0.17684671093102827,0.06832681813932678,0.0,0.29841401241742893,0.1327136226012392,0.17048410290079472,0.6214553971291682,0.3605631898141217,0.24782500589953718,0.4115179973057769,0.6428358745640949,0.640608874545581,0.032432563897935675,0.5906222161761447,0.05141312011389079,0.0,0.2415110452125694,0.034446932713568676,0.0,0.2580402972836947,0.17850357585700574,0.0,0.0,0.33274788862938565,0.43725132158083296,0.2056191406375148,0.14271514564384635,0.5168415136175905,0.0,0.4202798096087608,0.0,0.13968763912139526,0.3996124785074967,0.3633096980419903,0.0,0.5589743190266055,0.4815567902127301,0.34927971704719535,0.02862296506258114,0.108036240638285,0.14906010138912773,0.46038383733832505,0.4240833273699439,0.057106391579390264,0.19554841079079274,0.5541375493486371,0.07917315460941317,0.20753546699000974,0.45620711354991056,0.09213256772595592
0.0,0.0,0.5290375589619613,0.0,0.0,0.34189126531375846,0.0,0.0,0.48884172703798767,0.3850045650837014,0.4808522390504296,0.15296249687000943,0.0,0.0,0.0,0.0,0.0,0.0,0.0,0.0,0.0,0.4924672895902026,0.47847683149797005,0.0,0.0,0.0,0.30183133629334963,0.0,0.39046143757406354,0.0,0.0,0.1981343242174849,0.0,0.22454671700728465,0.24600021803510588,0.3336542689455191,0.5041412547352403,0.0,0.47969324072274566,0.4462384482577832,0.513585260450729,0.2769416977927114,0.33265319095157864,0.5454610674573228,0.3460821703902505,0.0,0.0,0.0,0.0,0.3673468430108401,0.02747007759921854,0.19643340398289647,0.5760056764316158,0.27542044457897763,0.7264419823673745,0.3184890223414409,0.0,0.5164799442525427,0.3203308639741107,0.49221159519463376,0.0,0.0,0.38489919042881027,0.033326811594545744,0.46420013924026415,0.26522602874505447,0.3710146718616629,0.0,0.5242499554061638,0.0,0.50758776610604,0.14985033584008545,0.6550582068876641,0.0,0.40217255196423507,0.48225157905293825
0.0,0.0,0.31654214182609786,0.0,0.43427912578519,0.027456845774487655,0.2557121302358266,0.6105096708806472,0.2922322454910994,0.5416510544125147,0.1856930209310923,0.4520568100744743,0.47201086324969366,0.14395628195753726,0.0,0.0,0.0,0.0,0.22058426058856695,0.0,0.0,0.45282724097720833,0.22117977041518444,0.3878811379092697,0.0,0.0,0.14501762840857424,0.6549291695660341,0.4048928278647851,0.0,0.6929043839903292,0.6080898932926873,0.384762335485569,0.7614868010529132,0.36992148261534485,0.32264270258482164,0.0,0.5820632570782964,0.6146082532392892,0.016296638336738528,0.3637684760242465,0.2976000083801515,0.47520426358447604,0.2728846461421033,0.45155015177567726,0.6356519176511316,0.16464424662625224,0.33274788862938565,0.3673468430108401,0.0,0.5449330482724191,0.38103420240036806,0.3387024367628156,0.5536472038247847,0.41527332721095406,0.36865912168248494,0.28556603733130764,0.21998745826478058,0.3664221861266117,0.4790560439605166,0.4046208837395825,0.5251800843489747,0.5888027352627028,0.23948648307887777,0.6113758780695827,0.40470065585903525,0.12567384947642765,0.3380525476810166,0.7306561593854829,0.5040666510722424,0.1496272531513971,0.5741731046483691,0.43946761187645744,0.6460673143441933,0.46885028461807,0.24979183365525828
0.48055073983151725,0.27661214061985046,0.16002593548017702,0.6715575371065785,0.024334540711106953,0.004297164656171706,0.0,0.02354359060278375,0.12706609193264884,0.6344233560289886,0.6016327394833711,0.6418553236045748,0.008855616026599705,0.4424839568424189,0.07242709575667673,0.5019225704960291,0.0,0.49971890068949143,0.1913057586719847,0.12243021342208052,0.0,0.32836011081298544,0.06499631347661614,0.4089728495749265,0.2264577253387364,0.39828274589871326,0.019672000623726482,0.005500801640459151,0.016919624220197174,0.6116054556535444,0.028202130416124647,0.0,0.6082951233853648,0.06335280534684959,0.5483177065787228,0.0,0.13206908154593144,0.3915270399205334,0.17567817275263617,0.3446178059761593,0.2271905143060304,0.13714799934053445,0.3182118714151143,0.1361942312361451,0.12895380585821095,0.20713964438144852,0.41444262112633906,0.43725132158083296,0.02747007759921854,0.5449330482724191,0.0,0.2751456647853023,0.20615164196699506,0.46322669788366305,0.16360426555788396,0.3140116571696449,0.3246282932154963,0.20834586708001818,0.21128379007393452,0.2692498933544576,0.6804400486917956,0.5270697145573606,0.6543931764763871,0.18382266435966013,0.7240857040448302,0.19062736329884786,0.6145849582412385,0.31535216657769993,0.47456007128720606,0.39443554801572606,0.38140599486352833,0.3942959639555129,0.1354648920933214,0.33503132917903944,0.16167479578619515,0.1905483951559292
0.0,0.6177886801225954,0.18542895912929908,0.0,0.0,0.036806237457224285,0.0,0.6743736741122456,0.0,0.544143496406337,0.12053931670004604,0.4761526329579802,0.0,0.47254077332698396,0.0,0.6051852663590569,0.0,0.5769552289689817,0.5712077562634922,0.6948811829544591,0.44526693046926547,0.6614638247767074,0.060166101808845775,0.3630840845118507,0.6532419677208633,0.5845437846056563,0.0,0.07113902248345957,0.10806544322732015,0.6122340460294584,0.0,0.26826521006998844,0.429572185541933,0.37143072468657345,0.3515291172559121,0.02079909171287203,0.6734021408484553,0.39785734145372764,0.2555266908748213,0.4354874550876987,0.39495127584564615,0.37953323665856886,0.3065992281223072,0.3946482013478058,0.3229146417580451,0.46989342452439126,0.0918815162101906,0.2056191406375148,0.19643340398289647,0.38103420240036806,0.2751456647853023,0.0,0.11809833099760297,0.42018187665633766,0.41695178659322385,0.29694226944898094,0.35101517215622036,0.3406659995977145,0.09528994209722016,0.17610050812582848,0.2285665658572383,0.35168841526501493,0.32609146910306164,0.2357521754043684,0.12335665610507214,0.042108220258477436,0.2559715970588388,0.18963518950119967,0.6391210707472148,0.14990943415498081,0.1545778204102481,0.30132523448379855,0.5354926252674297,0.29657452281176155,0.6428950538145314,0.37573074283679136
0.6245675089988019,0.6111188840415329,0.3877042275552118,0.36814528121300494,0.22932343727201343,0.1713227359880708,0.03552630390693291,0.2619501730689223,0.2896591640360632,0.477184903330484,0.32998655020060064,0.28977698101388955,0.016154600386937647,0.32090726280777415,0.0,0.7249915279133567,0.0,0.718016020336667,0.2729736771859239,0.0,0.0,0.0,0.3320773038963711,0.0,0.7273911785345817,0.5803057898398924,0.24282731812541916,0.0,0.0,0.4130707171512087,0.0,0.07970503743108076,0.3291792694734106,0.025722262191306133,0.589961241357942,0.3286763408372627,0.7572738990625152,0.0,0.32886381972416234,0.5484865890339629,0.13517209716717396,0.5602261365847476,0.5363809853804136,0.6012576426090043,0.4288170480174871,0.18542518933264202,0.35922439018302327,0.14271514564384635,0.5760056764316158,0.3387024367628156,0.20615164196699506,0.11809833099760297,0.0,0.1270213349760121,0.42152416551298383,0.3216947771090945,0.5760025075719994,0.10182162545007323,0.22099094545722248,0.0,0.2759579312338261,0.4041074583700968,0.4531107632893181,0.24281184519220853,0.0,0.0,0.09482057644482135,0.2540495650824854,0.2693972144493316,0.2549644080553597,0.3343288351591362,0.16751270211520589,0.0,0.22146899990981966,0.5201236618797282,0.0
0.0,0.6429366955547414,0.44183557091637526,0.14818400231236178,0.08107707611507399,0.07062074406859709,0.25086334481081934,0.07415964518544678,0.25142170672780034,0.2345402492764425,0.42018896088696855,0.39889620265186165,0.02719795378849657,0.04111855557927528,0.6586900474999589,0.0,0.0,0.0,0.2836638956062816,0.3935849036696281,0.43880435789692307,0.6057870969330158,0.3194120062259388,0.0,0.36216341395970364,0.47583601640671896,0.049909895776746704,0.061944001699615586,0.4674704233830663,0.0,0.05865129190296631,0.08806020473425094,0.21593952020109602,0.04663062109445418,0.34377285142930575,0.0,0.2676652748745806,0.4808140139185257,0.10145947421811297,0.18028518936574356,0.13358113444459147,0.05893594352442237,0.2709718550374488,0.17259746469543857,0.0,0.05567893687899245,0.10108305531033461,0.5168415136175905,0.27542044457897763,0.5536472038247847,0.46322669788366305,0.42018187665633766,0.1270213349760121,0.0,0.20795656463396045,0.3885107830752707,0.04338058531307572,0.2948084425993715,0.41431746054393187,0.31684303214006554,0.11588527777282229,0.03977689322800659,0.08788007578224355,0.4676578378120778,0.12273172239927176,0.11083989979029327,0.17670235380232946,0.3122594565612383,0.4817319000646051,0.3752623584207905,0.12406479027264843,0.38138981470894845,0.17903953894884342,0.349940927975728,0.6076069618867177,0.12660355801955137
0.6239145076068677,0.18326334873888225,0.37844710184612373,0.0,0.0,0.7344695560475998,0.41484310619555,0.5638416628078907,0.4895671317139968,0.5205630331510892,0.4964566515951361,0.48575617590065473,0.6413200672541598,0.0,0.0,0.6642012496111304,0.3112284250281163,0.4116783059384099,0.915946319042352,0.9582676741875358,0.490307351446074,0.5608437193931997,0.46812688549468623,0.47763724044508055,0.33404990662025785,0.4839825973292542,0.5907604818861238,0.5972159448895817,0.615110966799969,0.5568446983003497,0.408777655725646,0.6816516668699247,0.36763036875492977,0.6034840555779464,0.7504444647542444,0.3187087757994705,0.5525942802026642,0.5076213920701601,0.24234491403825273,0.6027239131736282,0.7191369704758562,0.5162730746136216,0.6549576273654767,0.5772966481905996,0.6763560349366897,0.2696664636001832,0.44145561256930355,0.0,0.7264419823673745,0.41527332721095406,0.16360426555788396,0.41695178659322385,0.42152416551298383,0.20795656463396045,0.0,0.27708089926697976,0.7539549434185852,0.48737153370629926,0.5425537737861814,0.44601917492398613,0.4149296140757022,0.4068835755892472,0.4338811025614033,0.1498197919567843,0.39802323759870634,0.5153242820585031,0.31164493630560236,0.1102759478000523,0.42821492818592544,0.6508959391239726,0.627857074909256,0.3926262489420406,0.5232721205875044,0.47926705006154563,0.5865289764156141,0.459378856363043
0.0,0.0,0.6067003099755593,0.21685270630972697,0.3201081082247365,0.11048821751227937,0.255000959728466,0.2955980358938952,0.20365624426126414,0.43190137123314704,0.33640658328694373,0.2856472146015117,0.48046639986432904,0.2960490987425987,0.0,0.0,0.0,0.0,0.6439068746277103,0.0,0.0,0.0,0.5242992765181966,0.393008888738627,0.4934785393654558,0.0,0.25150695894727587,0.36770150507482713,0.43488350710524165,0.0,0.5161938091186298,0.6046563718186132,0.5428891998680844,0.36026546117242847,0.4039076244225322,0.27436289100407596,0.6085535584259503,0.3551406779540167,0.3898318333888459,0.20144277550691655,0.2496012488915118,0.18980484080264715,0.4478643220383073,0.3955487145239968,0.17779620599899798,0.43682443991530484,0.40808657040901775,0.4202798096087608,0.3184890223414409,0.36865912168248494,0.3140116571696449,0.29694226944898094,0.3216947771090945,0.3885107830752707,0.27708089926697976,0.0,0.36748359347561654,0.29121473862591807,0.4452490996302678,0.0,0.5675080305624431,0.10836116247844525,0.588051400146511,0.312745504710978,0.6184204378672625,0.5164490120489795,0.0,0.308512364624005,0.7162778328404551,0.6414524455647732,0.262942522524943,0.3574127521763687,0.27038802628930425,0.7178972689189671,0.4240062946086328,0.20374825384660167
0.3163500850346306,0.6390313442162455,0.37242571551513104,0.4231218170705717,0.42816043061170567,0.41471014152885216,0.37736150245564404,0.9642315143689231,0.5026483873260321,0.5457427664540931,0.3477786644382392,0.5954340756415909,0.502508616238593,0.541403598271059,0.6459945861481075,0.5354500197310545,0.2952994458942287,0.28635243338148175,0.45181630476002965,0.44281410243238284,0.6000528392913695,0.46482412343509144,0.61268665913302,0.6578526802054135,0.35624345382400985,0.5595299416740765,0.4848256161232809,0.3103086735911068,0.5356722523062115,0.0,0.43396231724807627,0.12338933889148321,0.4376295164881919,0.5532412392736321,0.74015388164197,0.02948334125593982,0.23882026615828977,0.670447080117945,0.2979782317902491,0.3217451109948305,0.6098854906787449,0.2863014901919864,0.33684353218438273,0.3191002734396798,0.6827609199390122,0.49918206106899676,0.5455473185812951,0.0,0.0,0.28556603733130764,0.3246282932154963,0.35101517215622036,0.5760025075719994,0.04338058531307572,0.7539549434185852,0.36748359347561654,0.0,0.3996713790336807,0.3356685117768831,0.517532223377139,0.40135864113293884,0.4537594608284379,0.42087592187742906,0.3640354860213445,0.6718951300274449,0.56534924122301,0.5644645880867616,0.1151934399657884,0.41227040070378984,0.663626581679316,0.5574560766887595,0.0,0.6215046622157472,0.4542946589986484,0.4603728209860254,0.6700146158342389
0.7205358923210724,0.2614696674713206,0.10477219688320641,0.3804641968338146,0.03350727567202459,0.0009495379179255276,0.0,0.0,0.6362946425530185,0.6113272898316433,0.6202844556223028,0.6372387542836485,0.0,0.7253832303002163,0.06957081592525735,0.6390639832198115,0.4304688170169668,0.5565078221229047,0.512808176883138,0.0,0.615140598650935,0.3188032075904736,0.04086848791042016,0.5043944996245029,0.47223043886650923,0.26937787540731717,0.09656618954633758,0.029969426973607105,0.0,0.32378952399210864,0.33884605675711316,0.14374542486464026,0.46124128154442245,0.21598215087034034,0.4376330106831955,0.0,0.19365616233483401,0.3828139126270062,0.4019145929240963,0.26282059777452804,0.4432081390458859,0.39360584100766915,0.3935353394345984,0.5231063310479978,0.32405458873780285,0.5218507704414539,0.1072512586904517,0.13968763912139526,0.5164799442525427,0.21998745826478058,0.20834586708001818,0.3406659995977145,0.10182162545007323,0.2948084425993715,0.48737153370629926,0.29121473862591807,0.3996713790336807,0.0,0.05011573123316378,0.03259174067114489,0.27359685401618283,0.5024753759147899,0.3605689059363865,0.2457579525378341,0.3673602349982922,0.0,0.373329930012446,0.12244966598145694,0.5240507844784779,0.3019371219792031,0.314685224556248,0.1634176540647245,0.32317978540117137,0.4004169001334351,0.3980768142997385,0.41100775203998335
0.0,0.0,0.22169752861223074,0.0,0.3335437018307587,0.5675747420190816,0.5006543584245766,0.15336971064001556,0.33583432622054543,0.0,0.34975374742326243,0.5468841087424283,0.5971736321100497,0.14020380692231021,0.5262397203400382,0.0,0.0,0.0,0.09764342437668705,0.0,0.0,0.0,0.267007068864875,0.0,0.0,0.0,0.4188899299596527,0.4087890159766474,0.6998128541781476,0.0,0.0,0.5957159889546788,0.0,0.6073868588434056,0.7576601147263988,0.1914291115604338,0.0,0.0,0.1480319068061439,0.5464774261055889,0.34970478103040725,0.5072074770967024,0.26964582179413277,0.2532938797924561,0.6620004782731101,0.17877765233766313,0.6245329733471463,0.3996124785074967,0.3203308639741107,0.3664221861266117,0.21128379007393452,0.09528994209722016,0.22099094545722248,0.41431746054393187,0.5425537737861814,0.4452490996302678,0.3356685117768831,0.05011573123316378,0.0,0.0,0.5031646252506099,0.515407954871475,0.5627142791356672,0.36793443212155647,0.5070887197506547,0.2842668933025738,0.3494781837902772,0.3555035430113072,0.547444241219916,0.6526029343918223,0.4768869744253787,0.21076116207336987,0.34441497482396555,0.5242469531148624,0.47168960197697934,0.31774058670677746
0.6055011046567794,0.0437137028258658,0.46216960534484397,0.0,0.5072958452697569,0.0,0.5990634472416376,0.0,0.410363576626155,0.7879877895338017,0.0,0.41376549020461617,0.0,0.0,0.4322219883888981,0.22621136422509255,0.8022783599687446,0.5928534843043003,0.0,0.15813514343825955,0.2559633161839023,0.2992748575793456,0.10980456701223422,0.5556583169685102,0.6054467375337627,0.41239537820217037,0.0,0.0,0.0,0.5681293830431879,0.16657160333754623,0.12158624755841357,0.1740138225938259,0.21120376544143116,0.23949642374948327,0.4347409273922822,0.4600807373035359,0.5381021408043565,0.261819182577508,0.29820594598759564,0.2875716403019854,0.2879351738819274,0.5798202610913799,0.1957542269167049,0.5445517044208156,0.23045951732605932,0.5486402236159953,0.3633096980419903,0.49221159519463376,0.4790560439605166,0.2692498933544576,0.17610050812582848,0.0,0.31684303214006554,0.44601917492398613,0.0,0.517532223377139,0.03259174067114489,0.0,0.0,0.5865836821149134,0.48000488717619505,0.4153793131298154,0.0,0.5114357270327755,0.23883635742826287,0.616693393675804,0.3828473219221963,0.4023134749152511,0.4206162843964205,0.5535311815834494,0.5469709075312582,0.07713845380005352,0.21353443268446554,0.4791089564421353,0.2353528905537636
0.15375341667574635,0.12430683953897441,0.0,0.0,0.4650653605612993,0.01661713991650332,0.6835567111605584,0.3757403328861943,0.7423163697459352,0.5916152014159819,0.0,0.6290777303382943,0.6408944370369543,0.0,0.3204291560035379,0.2915286416055745,0.4988398493397378,0.3054172000285388,0.0,0.2186935347909095,0.0,0.2466150555720349,0.06885174828753848,0.6093457313056521,0.2738069985550333,0.3060763995035701,0.09013422110015162,0.46905970801629715,0.09979800282887266,0.0,0.23344774693382847,0.23101152459835878,0.18205027500098842,0.16887479921259113,0.20103787672914225,0.35917299273802994,0.0,0.6186315600055089,0.4470135700620991,0.2608402929472171,0.287616701081759,0.4089020618604005,0.542225782002208,0.0,0.6474780142920958,0.28678818197873923,0.5057900443414052,0.0,0.0,0.4046208837395825,0.6804400486917956,0.2285665658572383,0.2759579312338261,0.11588527777282229,0.4149296140757022,0.5675080305624431,0.40135864113293884,0.27359685401618283,0.5031646252506099,0.5865836821149134,0.0,0.43117240780550814,0.40292977122743784,0.9857936031174038,0.28589952114506845,0.35421326213795334,0.24029940176255504,0.2289036240853754,0.29191255175294434,0.35951717678978407,0.509064045421565,0.5379342111843447,0.2439060717073293,0.5403259404310027,0.6264402103893205,0.347391771489716
0.2834660889559479,0.7488762512906467,0.0,0.0,0.0,0.0,0.0,0.0,0.0,0.39969084701879026,0.0,0.47885111240713074,0.417872027939992,0.0,0.5510492312190668,0.5616541137604271,0.31191734623473927,0.2833022108922779,0.0,0.38617683916987505,0.0,0.4919871094106135,0.6454139040660115,0.24111581029282012,0.2635434182909204,0.36221770022137645,0.0,0.389464809222181,0.5001470242971082,0.0,0.531075638500416,0.5846340224820094,0.5529130695732674,0.5345881293808588,0.48423488912603685,0.0,0.0,0.5008163910908675,0.4795487090131622,0.40624239740123114,0.6014899692939195,0.3501731864390638,0.6114363027765554,0.345664256489949,0.4594513499960519,0.5195954064234048,0.4884737785179255,0.5589743190266055,0.0,0.5251800843489747,0.5270697145573606,0.35168841526501493,0.4041074583700968,0.03977689322800659,0.4068835755892472,0.10836116247844525,0.4537594608284379,0.5024753759147899,0.515407954871475,0.48000488717619505,0.43117240780550814,0.0,0.4221983876162975,0.4326211037900568,0.4122731239155617,0.3766248499337115,0.39676615435167817,0.27772052718998563,0.4113121104308861,0.6265694921724034,0.5967876102894197,0.4831010039175081,0.4621016698327852,0.5584779643107951,0.4904340808811308,0.34875562971116053
0.229714365273893,0.2796074918665398,0.0,0.0,0.0,0.601188617299564,0.5580484014795812,0.6572153824633039,0.0,0.3029699297935257,0.0,0.4824946112233192,0.5703953720691687,0.0,0.7481056578906313,0.3431709361015701,0.5509732321659284,0.3008054181139606,0.0,0.6101603873496456,0.6012186366906935,0.17762193048727626,0.464522657142367,0.31621692987091043,0.31017392177997455,0.31314373479711655,0.38925181594098485,0.5012281005312311,0.5976997131990669,0.9755205971441108,0.19272945743597272,0.26477357963028464,0.2803321050126466,0.24462937693291958,0.2000862964382196,0.9816052779002391,0.0,0.5130684298317819,0.4947289668297737,0.36669439145383204,0.48342730034136416,0.5520080845713002,0.67931944963636,0.8762576987368853,0.2483826990457505,0.33409232430404123,0.4254035962977948,0.4815567902127301,0.38489919042881027,0.5888027352627028,0.6543931764763871,0.32609146910306164,0.4531107632893181,0.08788007578224355,0.4338811025614033,0.588051400146511,0.42087592187742906,0.3605689059363865,0.5627142791356672,0.4153793131298154,0.40292977122743784,0.4221983876162975,0.0,0.4215197212856502,0.3843945059784183,0.24269720168249773,0.3190809955430801,0.28983734151163254,0.4096580074464818,0.43030681266045173,0.40751463146261463,0.5003459663010885,0.39148299742021364,0.5086198140891725,0.5750061919771664,0.4176084989139065
0.0,0.0,0.5189419980145129,0.0,0.2607737161082153,0.13924050234850294,0.6226153979780773,0.38832335931010376,0.2529890562297369,0.4997590380792314,0.31004202497468514,0.41379989072651807,0.5839422551718193,0.17099182698021753,0.0,0.0,0.0,0.0,0.4777988579596376,0.0,0.0,0.0,0.5322434963101287,0.3840122456559826,0.0,0.0,0.41368332613931247,0.6947938618138607,0.6628340099638784,0.9396068916412628,0.7164546977766528,0.42473799917490773,0.7841879890473671,0.5517709995175326,0.38082472697043984,0.1965453911938668,0.39177721505867424,0.3858825721744962,0.07613832373075091,0.43031512979663555,0.16583481452573923,0.13926589930781846,0.34777719014110564,0.23377266371049016,0.07803474770760466,0.0,0.6596461505190382,0.34927971704719535,0.033326811594545744,0.23948648307887777,0.18382266435966013,0.2357521754043684,0.24281184519220853,0.4676578378120778,0.1498197919567843,0.312745504710978,0.3640354860213445,0.2457579525378341,0.36793443212155647,0.0,0.9857936031174038,0.4326211037900568,0.4215197212856502,0.0,0.0,0.6128500275381517,0.7362192722434572,0.45546059395769123,0.7374894790766477,0.4949777281143711,0.5778829084464635,0.47126498996387883,0.1582262866683113,0.7231069655801241,0.44722627846341645,0.13700664790745606
0.5987269901702,0.05994635837248237,0.7169718604025218,0.0,0.341905596424598,0.0,0.0,0.0,0.5876139335232918,0.6454139040660104,0.4944675425312573,0.5716325579725917,0.0,0.0,0.3127492364597993,0.2765387255377262,0.0,0.6245967046914291,0.4797106157332738,0.06790391556428149,0.0,0.0638477408181327,0.0,0.5013795537280579,0.3893811826299473,0.20375937433539892,0.0,0.07563865571580869,0.0,0.0,0.05472955972934042,0.020455036979176958,0.0,0.09743267875879882,0.20962450244232492,0.2663839732537129,0.48273733845088196,0.489337649058872,0.4023479434742075,0.33362069356441426,0.28207691511787447,0.2101223233455483,0.4362329715164939,0.24943912427198164,0.5934810207178511,0.14436330005942713,0.5567825435712708,0.02862296506258114,0.46420013924026415,0.6113758780695827,0.7240857040448302,0.12335665610507214,0.0,0.12273172239927176,0.39802323759870634,0.6184204378672625,0.6718951300274449,0.3673602349982922,0.5070887197506547,0.5114357270327755,0.28589952114506845,0.4122731239155617,0.3843945059784183,0.0,0.0,0.1251887182972794,0.3923489694471626,0.43113068992792347,0.2947834943626312,0.41896004887434024,0.47213337668094,0.3591128608524887,0.3101420726705244,0.4130864638752635,0.5318152894772677,0.4330915326849699
0.5486433616885891,0.3495898800300882,0.4697833834436469,0.0,0.52280948563507,0.00597789730366572,0.5922884627901559,0.0,0.5937699031068424,0.48841692612859494,0.0,0.7426469142920242,0.6218895675741595,0.0,0.3902210483393589,0.7153555353010275,0.0,0.6432036648125374,0.0,0.051141645989234354,0.0,0.2631344803847919,0.021172964085678977,0.5454145905874883,0.19284528470237403,0.4391882714467304,0.0,0.6328468109127818,0.0,0.6406461401176969,0.2620301015897905,0.16593276546479638,0.19452740634972404,0.19517135574832126,0.6072663911827129,0.3872154294084317,0.0,0.0,0.17604054927810522,0.07941619385961782,0.14841542292216375,0.23037022187193182,0.4565433119194058,0.35489382599211977,0.0,0.13453855660734662,0.4031751592688359,0.108036240638285,0.26522602874505447,0.40470065585903525,0.19062736329884786,0.042108220258477436,0.0,0.11083989979029327,0.5153242820585031,0.5164490120489795,0.56534924122301,0.0,0.2842668933025738,0.23883635742826287,0.35421326213795334,0.3766248499337115,0.24269720168249773,0.6128500275381517,0.1251887182972794,0.0,0.33147930854445135,0.19762159037372157,0.3504410811186226,0.2752653304432904,0.43988874990878135,0.21929945102949983,0.06909321920855799,0.11373037842033061,0.4133194348521349,0.23159899342260287
0.6935953837915585,0.30477829308739324,0.42017543480378694,0.38319859864310424,0.5087393681783807,0.13964301731901207,0.0,0.5972368221114933,0.5319970601703284,0.3901255258512638,0.5345763818987238,0.4124867625484072,0.0648173513765033,0.0,0.44467350867342736,0.3438342165121369,0.4940040756492755,0.3225005424836368,0.4999252382060413,0.16101065361857045,0.30424345149205456,0.24680718586915265,0.09121975922182948,0.2820860675046019,0.27883846993339717,0.4829489820712259,0.03952575724222225,0.1378103212903567,0.027749664726821596,0.6249136743522197,0.2279364712610879,0.19506176977186476,0.15765321599938675,0.1997425480323576,0.275750808769886,0.46975294138489754,0.0,0.5398535262539099,0.37706196773910755,0.24697672882368157,0.32673756545945953,0.2959581898382124,0.28441351273747234,0.3674272809731858,0.7440804264552962,0.3358333297545468,0.5868346187439897,0.14906010138912773,0.3710146718616629,0.12567384947642765,0.6145849582412385,0.2559715970588388,0.09482057644482135,0.17670235380232946,0.31164493630560236,0.0,0.5644645880867616,0.373329930012446,0.3494781837902772,0.616693393675804,0.24029940176255504,0.39676615435167817,0.3190809955430801,0.7362192722434572,0.3923489694471626,0.33147930854445135,0.0,0.40916296655167195,0.35936283432272437,0.5266973094614676,0.5310496953323417,0.4469289620600839,0.2741667583409816,0.5239628083781246,0.7389786711262755,0.3853187154028653
0.6725190963851666,0.0010340825885430532,0.3339945911092356,0.43085854224758896,0.05808478473340032,0.0,0.0,0.1587503286289822,0.23962007866978927,0.5553554714472012,0.2156274241171554,0.599951379801933,0.0,0.17585587806379155,0.42344827347990166,0.6399209892699436,0.0,0.6733997424332783,0.2329409384692147,0.0,0.0,0.06599334265180058,0.41510072831463285,0.7835658528758912,0.1960761907577289,0.12332655572335365,0.0,0.0,0.0,0.0,0.0,0.0,0.0,0.02658296541240173,0.05559583474147134,0.16842737008427175,0.07509115611633121,0.7381408704122633,0.02327448779810823,0.14597829335999574,0.0,0.0,0.26381625628366656,0.19348169800272647,0.3961386388536925,0.18737397162541247,0.3046669184356934,0.46038383733832505,0.0,0.3380525476810166,0.31535216657769993,0.18963518950119967,0.2540495650824854,0.3122594565612383,0.1102759478000523,0.308512364624005,0.1151934399657884,0.12244966598145694,0.3555035430113072,0.3828473219221963,0.2289036240853754,0.27772052718998563,0.28983734151163254,0.45546059395769123,0.43113068992792347,0.19762159037372157,0.40916296655167195,0.0,0.2943638808671814,0.28143108950907253,0.38089396639594425,0.5755823261578638,0.12093991789241638,0.1283435398755024,0.1179325108939008,0.05462047632874717
0.3128966099927013,0.5545701783069026,0.0,0.0,0.0,0.399625471627777,0.3847623354855681,0.0,0.5056115664800334,0.4845291614266823,0.0,0.5432687504579183,0.5175311484499218,0.0,0.38494113581909806,0.48204732708165027,0.21899718103148313,0.20304560604379177,0.0,0.0,0.6611689065625268,0.46986368788634414,0.4125764806477302,0.5101826426372938,0.24772005209000986,0.45431904385149047,0.0,0.6760805835217212,0.5121256194399582,0.0,0.41250790684937444,0.6172528951737457,0.6263316046873857,0.5756852121310416,0.49460711613324754,0.5761106929743283,0.3667745785237383,0.4525270277824845,0.6650184618457391,0.2620153698973857,0.330868499181649,0.3404031402898284,0.5515288431455877,0.4581603284848703,0.32991556186955784,0.15488638939137708,0.5957028670181819,0.4240833273699439,0.5242499554061638,0.7306561593854829,0.47456007128720606,0.6391210707472148,0.2693972144493316,0.4817319000646051,0.42821492818592544,0.7162778328404551,0.41227040070378984,0.5240507844784779,0.547444241219916,0.4023134749152511,0.29191255175294434,0.4113121104308861,0.4096580074464818,0.7374894790766477,0.2947834943626312,0.3504410811186226,0.35936283432272437,0.2943638808671814,0.0,0.6426757079202357,0.6113548177274155,0.227009014577689,0.5608422764145204,0.3174015241479145,0.427142147392659,0.35587296518041966
0.40662228664168765,0.12337374797260434,0.6648336486080657,0.0,0.6174709695239633,0.05693258712423188,0.5125688307725511,0.5066119213785056,0.6827696869096913,0.4476453736020905,0.0,0.5312461014247357,0.4528879159982803,0.0,0.24309383130721457,0.39442936188639793,0.35474681738431135,0.35829552015749194,0.0,0.30466438400510654,0.0,0.10156647794295115,0.0,0.4435057482070273,0.3515320025773513,0.3390050200264648,0.027350619048402802,0.534042745877596,0.1438539697106789,0.6255902733791454,0.2694803270935938,0.33913356640188863,0.42314459756207456,0.2996857844560816,0.3870572829720721,0.4578801466942202,0.0,0.4129937702858061,0.3274003601290994,0.15696331696146537,0.2892739084044841,0.3324106831538574,0.6393809372738359,0.47930479424466466,0.20288413324973192,0.3106220337186908,0.6216591211040648,0.057106391579390264,0.0,0.5040666510722424,0.39443554801572606,0.14990943415498081,0.2549644080553597,0.3752623584207905,0.6508959391239726,0.6414524455647732,0.663626581679316,0.3019371219792031,0.6526029343918223,0.4206162843964205,0.35951717678978407,0.6265694921724034,0.43030681266045173,0.4949777281143711,0.41896004887434024,0.2752653304432904,0.5266973094614676,0.28143108950907253,0.6426757079202357,0.0,0.528480984183435,0.3557877527438325,0.3632110454134957,0.5023167087325924,0.4045193934177721,0.4008862987313668
0.45220690324941093,0.09986553841025456,0.35326426966190194,0.0,0.5644658384171273,0.16106608970767908,0.6488903515841447,0.4584468712446839,0.44950027146341764,0.5224459653691036,0.9155784178825108,0.5981212817642266,0.15369372398960962,0.0,0.38870954215549386,0.37769804595044293,0.3832490912382658,0.40229249309262305,0.0,0.11120018704550517,0.40953712611064885,0.28631341199548654,0.0,0.5693934851687058,0.36148527916516926,0.26735148477170845,0.11701844138408908,0.5129687931460468,0.19566648340659518,0.4905247229312112,0.320898636083991,0.3404412299355957,0.40138217066728193,0.3014665867912446,0.3319267241329952,0.5723509841471769,0.27899324029551276,0.6018485499439509,0.45182054733848237,0.3718006549731939,0.3533768092833375,0.30384031012034846,0.6985577131743509,0.6766759617166349,0.6182944833966032,0.5554403374193786,0.6985261916963426,0.19554841079079274,0.50758776610604,0.1496272531513971,0.38140599486352833,0.1545778204102481,0.3343288351591362,0.12406479027264843,0.627857074909256,0.262942522524943,0.5574560766887595,0.314685224556248,0.4768869744253787,0.5535311815834494,0.509064045421565,0.5967876102894197,0.40751463146261463,0.5778829084464635,0.47213337668094,0.43988874990878135,0.5310496953323417,0.38089396639594425,0.6113548177274155,0.528480984183435,0.0,0.4906858522453264,0.36751901404363496,0.5509682563265099,0.5873338152367666,0.3515037294583472
0.47668354743301533,0.08494688009267716,0.3434280522379894,0.5079188756302212,0.1510073699416835,0.005509698401260615,0.0,0.0,0.22263938469628042,0.6118968083182024,0.21042090770624128,0.4104129000506599,0.0678383217597705,0.18375280344194747,0.2449428914880389,0.36698217382618636,0.0,0.5725838925516029,0.2106782578831269,0.0,0.0,0.07330120497870089,0.04072608227803255,0.7559842127672478,0.17227507484539367,0.16452231015230065,0.0035197863143554553,0.021429121780745526,0.0,0.08230468761410575,0.0,0.0,0.432029916611275,0.0,0.14010706752593288,0.0,0.238748744070654,0.6204860091106107,0.2380804228242822,0.22433453521837013,0.11480024060308217,0.17619147885298891,0.4193147812948894,0.27538867246190035,0.5924303822557415,0.24799142103179356,0.41930539417468965,0.5541375493486371,0.14985033584008545,0.5741731046483691,0.3942959639555129,0.30132523448379855,0.16751270211520589,0.38138981470894845,0.3926262489420406,0.3574127521763687,0.0,0.1634176540647245,0.21076116207336987,0.5469709075312582,0.5379342111843447,0.4831010039175081,0.5003459663010885,0.47126498996387883,0.3591128608524887,0.21929945102949983,0.4469289620600839,0.5755823261578638,0.227009014577689,0.3557877527438325,0.4906858522453264,0.0,0.09853880057141086,0.2954940789751178,0.12067328917223698,0.16875368464565385
0.49045557977745335,0.4568832305691563,0.5333575735459228,0.6403786986218343,0.4557360731160465,0.0,0.0,0.0,0.028251427997705067,0.6182839866912978,0.5466706897141751,0.6741239313395344,0.036966210424342394,0.6594093305250797,0.0,0.6046621796292901,0.3522514981037322,0.728305040277275,0.480929122069564,0.0,0.644209931915304,0.18163002232931394,0.0,0.6540139296215438,0.6714751797023741,0.6160196443465056,0.0,0.0,0.0,0.04778289257364067,0.0,0.4243591728575779,0.5661954841996821,0.3663485955747768,0.34478043666607316,0.03045038068800187,0.31533232289894947,0.47621866169600213,0.5031389308409838,0.5260496582074566,0.5139046384754846,0.4019731353185396,0.48551039142065405,0.5860439165505794,0.48074587918881295,0.5632995365441639,0.1790466124984107,0.07917315460941317,0.6550582068876641,0.43946761187645744,0.1354648920933214,0.5354926252674297,0.0,0.17903953894884342,0.5232721205875044,0.27038802628930425,0.6215046622157472,0.32317978540117137,0.34441497482396555,0.07713845380005352,0.2439060717073293,0.4621016698327852,0.39148299742021364,0.1582262866683113,0.3101420726705244,0.06909321920855799,0.2741667583409816,0.12093991789241638,0.5608422764145204,0.3632110454134957,0.36751901404363496,0.09853880057141086,0.0,0.23215398259912026,0.2229294749837493,0.4137814049432818
0.6360153986607184,0.2511122317063158,0.7052218342245813,0.5504002450314613,0.4713220155570574,0.0,0.022248246665682703,0.0,0.49557322942542154,0.42176076199682955,0.3091533491354259,0.5495892898711856,0.0,0.0,0.04706524818057791,0.3603658483477994,0.4987240597643408,0.5202737951254756,0.4156758407051907,0.06288907639292439,0.0,0.1723082797622119,0.03235332020434695,0.3237689281702694,0.2852108141098923,0.3609628836739601,0.0,0.0,0.0,0.05130134630534627,0.12673409742703226,0.05374544328830609,0.5201101667278154,0.12797203387219974,0.14219612409554908,0.5247978704129166,0.736748302002151,0.6443767160415939,0.443545218883219,0.5683180305141359,0.3203693431551352,0.2580587108743699,0.6464360801687388,0.5613845340279722,0.6242995371403542,0.37461412856842335,0.6206801560718618,0.20753546699000974,0.0,0.6460673143441933,0.33503132917903944,0.29657452281176155,0.22146899990981966,0.349940927975728,0.47926705006154563,0.7178972689189671,0.4542946589986484,0.4004169001334351,0.5242469531148624,0.21353443268446554,0.5403259404310027,0.5584779643107951,0.5086198140891725,0.7231069655801241,0.4130864638752635,0.11373037842033061,0.5239628083781246,0.1283435398755024,0.3174015241479145,0.5023167087325924,0.5509682563265099,0.2954940789751178,0.23215398259912026,0.0,0.13394008139421498,0.40289682297300444
0.0,0.0,0.49017953052286123,0.0,0.0,0.5750004979250493,0.7152153712606828,0.5376351990704268,0.6170115525023487,0.0,0.0,0.0,0.5703939822892997,0.0,0.479525881257204,0.0,0.0,0.0,0.3671529218867202,0.47322327307199724,0.4683660151949543,0.6818938858269823,0.6787422978741133,0.0,0.0,0.4983082575453653,0.5698609323719798,0.5035229538487579,0.5554247098099324,0.41641505489319364,0.35062845166931716,0.5462211285645872,0.0,0.4953554532112688,0.3303138177462387,0.0,0.0,0.0,0.20680692578583384,0.43015954643906973,0.06479781705208511,0.24933086232734494,0.4684702966422233,0.5145254025422842,0.7898480908326966,0.5446396563171787,0.6036572048435799,0.45620711354991056,0.40217255196423507,0.46885028461807,0.16167479578619515,0.6428950538145314,0.5201236618797282,0.6076069618867177,0.5865289764156141,0.4240062946086328,0.4603728209860254,0.3980768142997385,0.47168960197697934,0.4791089564421353,0.6264402103893205,0.4904340808811308,0.5750061919771664,0.44722627846341645,0.5318152894772677,0.4133194348521349,0.7389786711262755,0.1179325108939008,0.427142147392659,0.4045193934177721,0.5873338152367666,0.12067328917223698,0.2229294749837493,0.13394008139421498,0.0,0.08354012331330984
0.5610293141727969,0.03585300480720119,0.46393719083648344,0.0,0.4558454203173451,0.0,0.3975930149175029,0.5440446466541295,0.08746066715340281,0.5557301759983804,0.5993983702469344,0.4395277408196213,0.06388610442624733,0.0,0.01553146611688383,0.5725980559051118,0.6189765320875634,0.2954288302748238,0.48081100502708624,0.08620608451587054,0.03610339740442026,0.15628297409531058,0.05220934866961066,0.48101060078253133,0.0883059982225677,0.15495079569274392,0.0,0.0,0.0,0.449131181454131,0.29983811216187906,0.42433346811653183,0.49860397988682825,0.4630893442828496,0.7444911169335842,0.7179360064956756,0.3063608719026393,0.5015492680465798,0.4839050064297849,0.30940935769314565,0.46416272721428736,0.5922519385403564,0.4648335557945286,0.4573087668701673,0.36033452483857176,0.12899317984885944,0.43135433618190316,0.09213256772595592,0.48225157905293825,0.24979183365525828,0.1905483951559292,0.37573074283679136,0.0,0.12660355801955137,0.459378856363043,0.20374825384660167,0.6700146158342389,0.41100775203998335,0.31774058670677746,0.2353528905537636,0.347391771489716,0.34875562971116053,0.4176084989139065,0.13700664790745606,0.4330915326849699,0.23159899342260287,0.3853187154028653,0.05462047632874717,0.35587296518041966,0.4008862987313668,0.3515037294583472,0.16875368464565385,0.4137814049432818,0.40289682297300444,0.08354012331330984,0.0
