0.0,0.7220260666052303,1.0,0.0,0.3133390758004813,0.80970305666093,1.0,0.8537797938958862,1.0,0.5615508096342962,0.9999999999999999,0.7598594125651751,0.9251963483583957,0.9999999999999999,0.5214572561628512,0.7382652741631323,0.5668328437015909,0.7812503999952037,0.0,0.6340445031045991,0.47092803052353077,0.7111545160209042,0.7464738551626504,0.6440056442741414,0.6659179651811348,0.7078906943060561,0.7248323061865929,0.6507115276085076,0.686080630345841,0.5050072936732191,0.6526980197492944,0.7353762097551241,0.6253538482409955,0.5917571047733543,0.5748657615946132,0.9999999999999999,0.546611639888525,0.5160170050227565,1.0,0.7223859092821384,0.8255345905193296,0.9999999999999999,0.39582225579856656,0.0,0.5730863836476763,0.8657647379918303,0.811548135472977,0.0,0.0,0.0,0.45054869252151003,0.0,0.6183952246114142,0.0,0.5644030735124641,0.0,0.603042912927888,0.7434356214343643,0.0,0.591180955517451,0.9520687008975955,0.31356579387634526,0.8398187295609281,0.0,0.5768463464892722,0.9197728184011769,0.882470357988298,0.6466224467974659,0.5437612955674429,0.8496835877320985,0.8683806564486442,0.501949269196483,0.49254433755101984,0.9730708265362464,0.0,1.0
0.7220260666052303,0.0,0.4676989418010456,0.5694059135516422,0.8712032209495956,0.7686279029131643,0.8829697823942937,0.9137093279241655,0.9227908424844609,0.5250489319434293,0.3958384466990493,0.4725929193224957,0.8206925351236832,0.3086005854900047,0.7964939868107872,0.7843471661336087,0.6053998553754544,0.7771692301308352,0.6351578283674855,0.6938180886278924,0.7009316986103113,0.7063305569096673,0.9191228067695002,0.4066873379461401,0.6838685553593884,0.5625169096776302,0.9105948204373414,0.9113269773930319,0.7011324765680672,0.5442402834451568,0.7034386401435189,0.7664059410145216,0.5035595021924008,0.7020830049494523,0.7472249636035492,0.4148298057346373,0.4206033106910095,0.0,0.8410673928572913,0.62251726869555,0.6743778818618549,0.9554061101122796,0.5722766509514956,0.0,0.0,0.7581818703985505,0.7557411644322788,0.20075539572688295,0.0,0.0,0.9715755767996379,0.5820086391848746,0.59266331272626,0.6562168422063914,0.7243546198452552,0.0,0.6527234512675885,0.6429692740372822,0.0,0.821923266310179,0.8546675296465008,0.7736815758354806,0.7308245389831228,0.0,0.8750802170948387,0.9470494285733707,0.8014807771736013,0.8683692181750347,0.5171400919696155,0.661159122419799,0.8300266963084996,0.6785258451886927,0.4428371679956448,0.984925323559205,0.0,0.928563323731938
1.0,0.4676989418010456,0.0,0.48966698588715074,1.0,0.9294380316816906,1.0,0.9513649644287624,0.845360601823788,0.5713332728138187,1.0,0.4059133685795232,1.0000000000000002,0.8081406351309248,0.5772250103188715,0.42228735720107424,0.4985168408711546,0.6058057258626631,1.0,0.614832175789116,1.0,0.5579970675717503,0.8632236098008895,0.5144359221997186,0.5666466302098638,0.41510354670751687,0.5694855774202963,0.9999999999999999,0.6372949656614003,0.6497477157389693,0.9999999999999999,1.0,0.4926155455906836,0.9859875459006419,1.0000000000000002,0.8627493430601182,0.8166239476941194,0.3788678381580375,0.6460828963850993,0.6041967128922872,0.35335294086090807,0.622383997325607,0.8631651416462989,0.5975008170821823,0.0,0.0,0.5255441153114148,0.8727246341796926,0.5257359715247639,0.7595630013527984,0.864956789243168,1.0000000000000002,0.9551408789248755,1.0,0.371034384233371,0.7673334897330836,0.3622323466422932,0.5043025163344146,0.5741974236210594,0.4509276734351547,0.0,0.0,0.0,0.8189104132391781,0.67305840755616,0.43784920283483864,0.40632862560469474,0.9605320724396215,0.0,0.6556140594140485,0.34764034344085926,0.9992475529058644,0.9659762863915955,0.7010643973283288,0.4570819954845623,1.0
0.0,0.5694059135516422,0.48966698588715074,0.0,0.29399134053879716,0.9572696802061823,0.32355151791893155,0.6920956740129776,0.9582887834710874,0.9721006116863891,0.6622316728491243,0.2913493808095247,0.4147393870864471,0.3535813118702809,0.5692098232627449,0.22691403481273215,0.5190220506903065,0.3915287760800362,0.5026677025662102,0.5681321479819786,0.4400102304655417,0.5521414852161912,0.754409621933078,0.2217608778037528,0.7979267889668755,0.5081045432635426,0.5367089560192575,0.3391781885259273,0.40418618434787845,0.44919708892347887,0.4486306077361698,0.4551207763065088,0.22736744726288585,0.4472525988689832,0.27604921261398063,0.12059719824247814,0.029224222728129266,0.30166591984451924,0.20799477702547192,0.34272360823928727,0.48709210359761407,0.3034876364908265,0.26202600244384106,0.24504497741516912,0.0,0.0,0.0,0.4073364792543004,0.0,0.0,0.6773542397307608,0.0,0.3640619430518437,0.19873882347430394,0.0,0.20634056354403038,0.3993770213684197,0.36091873892620896,0.0,0.0,0.0,0.0,0.0,0.0,0.0,0.0,0.36767047750829684,0.38506145125464697,0.0,0.0,0.0,0.45647099556262916,0.6378501177087041,0.5284666132332516,0.0,0.0
0.3133390758004813,0.8712032209495956,1.0,0.29399134053879716,0.0,0.9342810511235701,0.6555459822813664,0.9534354685359835,0.7157959280642535,0.8512542263138114,0.8850570422077443,0.8645307198203238,0.979634895886941,0.4664519153529253,0.4934582062293846,0.5569524954860001,1.0,0.4071592185208107,0.8658732937232435,0.9132635619925241,0.500177199192789,0.8661099178281402,1.0,1.0,1.0,0.8908605067198028,1.0,0.6280088333440393,0.938149333234891,0.9999999999999999,0.9999999999999999,1.0,0.4562048778564773,0.9744485505875016,1.0,0.3135862775339906,0.02620790518752126,0.5868088719585988,0.6171478439719439,0.5100864450694641,0.37862012279213825,0.5934198829365767,0.3293096813252477,0.6430826662818167,0.26763894177004766,0.0,0.5314348053298716,1.0,0.0,0.7235353422126909,0.9211395579533413,0.5022134921185816,0.893995408520323,0.5885827152207996,0.0,0.5830176666295425,1.0,0.6588897032362848,0.589525490395619,0.5019288443355203,0.4541965455242736,0.0,0.0,0.6436097203483291,0.32105016391748953,0.5295325538924951,0.5587847611377679,0.5856583669392206,0.0,0.6020773977596247,0.5599214174945144,0.6057341790197325,0.40365411682703906,0.45253910866841596,0.0,0.40921867247893257
0.80970305666093,0.7686279029131643,0.9294380316816906,0.9572696802061823,0.9342810511235701,0.0,0.8989726681295692,0.9261681985959113,0.6599781917592121,1.0,1.0,0.5967161891724919,0.8120997233712011,0.9783302609564487,0.8743303254764329,0.8051038883469006,0.6505187443328305,0.8285454836895518,0.5332445118505362,0.758623330638617,0.920385441386055,0.7133282343235541,0.8671816199289226,0.9999999999999999,0.8319237466710412,0.9434496577514431,0.8367114871837926,0.7601102397275393,0.6490230875504323,0.8762927265144304,0.9027028636393233,1.0,0.9838522878418061,0.9083735054814523,0.9804828708630239,1.0,0.9697062289278423,0.9574194789130314,0.980908473222115,0.2591468795703715,0.9999999999999999,0.8784959225986202,0.817806510146079,0.44619937457470094,0.252986101643265,0.4595259373291056,1.0,0.997963579647855,0.3311050350696406,0.47385504435613424,0.93786421469364,1.0,0.94943086678023,0.9838689868836954,0.6624090407457202,0.789097366611826,0.8967089637880269,0.9814987579764582,0.5687230682800455,1.0000000000000002,0.6311869636755257,0.0,0.6156132751778822,1.0,0.961604485313518,1.0000000000000002,1.0,0.9755456738191389,0.3853790375600638,0.5477782634766761,0.8565063910281703,0.9466226632093061,0.9999999999999999,0.9752668639399272,0.8347085818729452,1.0
1.0,0.8829697823942937,1.0,0.32355151791893155,0.6555459822813664,0.8989726681295692,0.0,0.9155431334688082,0.9562566021201402,0.7826888973282168,1.0,0.47082153279344496,0.8591884777982475,0.22212833920675606,0.8914096495813008,1.0,0.7925074322587775,0.9054179833209274,1.0,0.8842898253786611,0.8567517548199558,0.9068596971791227,0.9751892346530497,0.6026856069382359,0.9999999999999999,0.9105555375717205,0.9924512095674876,0.3853176616728691,0.9470658908839339,0.8070249748123685,0.8432552562774095,0.5539918807969227,0.7434176155225444,0.6047248999845812,0.5590926002346999,0.17634691012444692,0.20344496127824932,0.6087294163201925,0.5907778994123254,0.44378817976380136,0.6724001186041448,0.555623135466263,0.5837199580685075,0.6969237727258388,0.4267737296851828,0.0,0.6537934349416046,1.0,0.0,0.5888248409241627,0.9317220880869532,0.4178878288401097,0.5278827696872201,0.6407316032583079,0.39486219517618626,0.6076433904040562,0.3619189723394588,0.37299851466587314,0.5055260702913159,0.5805755132595494,0.677177598914078,0.0,0.5320380962484959,0.6127943194382703,0.4520311354745305,0.5828000257322471,0.6050902168965372,0.9074309801288031,0.37249913337495894,0.4936414934972541,0.6389764329999479,0.5916963219060555,0.4156246411321111,0.3821914511237845,0.7385536339015326,0.37405778585121663
0.8537797938958862,0.9137093279241655,0.9513649644287624,0.6920956740129776,0.9534354685359835,0.9261681985959113,0.9155431334688082,0.0,0.8879851169519611,0.5924111840973778,0.7242949771570937,0.7013710541082565,1.0,0.8956795676341376,0.6455665771956571,0.8637690569068757,0.38887967831462744,0.8265697132877258,0.9093892096585109,0.9391092768054757,1.0,0.9999999999999999,0.9543805787211376,1.0,0.8992283680516829,0.799600199125824,0.9389562353492845,1.0,0.9495663559985145,0.9268845963582538,1.0,1.0,0.826787691332839,0.8955600552450917,1.0,0.5819861617261237,0.54473874280906,0.6820563724871197,1.0000000000000002,0.4661418810523457,0.7426385924196173,0.5158101872230793,0.6410593821999244,0.3521808917702538,0.0,0.566608683229672,0.5757563916064752,0.9165498729258761,0.0,0.5787199814979723,1.0000000000000002,1.0,0.8445532876857978,0.9467118193784538,0.5667979208944899,0.6246794408730454,0.9872368075751752,0.9999999999999998,0.5691398078756884,0.6724207852314351,0.3819584469921858,0.0,0.6527856338370494,0.8804723989155178,0.6398107403976478,0.6030890381138503,0.5691358145964152,0.9999999999999999,0.0,0.4423407698623044,0.4361553835854972,1.0,0.9999999999999999,0.9319869885107926,1.0000000000000002,0.9999999999999999
1.0,0.9227908424844609,0.845360601823788,0.9582887834710874,0.7157959280642535,0.6599781917592121,0.9562566021201402,0.8879851169519611,0.0,1.0000000000000002,0.7466927453590272,0.9999999999999999,0.9452452125194482,0.6882615327402833,0.5971094325875945,0.5308618212329403,0.3908709425577216,0.5185261437597583,0.6850828428025822,0.8818572825382545,0.927646162346638,0.8901581567512524,0.9330711695697598,0.5229107237373144,0.5776242518825438,0.9999999999999999,0.7639480257030203,0.9999999999999999,0.8067043854348114,0.9783722428387772,1.0,0.9999999999999999,0.8230259959694823,1.0,1.0,0.9063350788688728,1.0,0.9217033838536027,0.6146944347024202,0.5179373723606364,0.28165148191222344,0.2379384204671114,0.9999999999999999,0.44783350367663216,0.4401622385539668,0.0,0.491731202420711,0.9503183456222869,0.4666032790861063,0.7363826494258364,0.9694472648945873,0.7099268051027224,0.9202155845160561,1.0,0.4400745393602057,0.8027484870768395,1.0,0.5971746050698161,0.8951950819194748,0.44709873330991573,0.7544428829040699,0.0,0.0,1.0,0.5695367639959967,0.5676092644224366,0.5078266496987952,0.9999999999999999,0.4973682918246462,0.6750789380481036,0.4828042945624562,0.9999999999999999,0.5426348046175973,0.48468038327524093,0.617028913021398,0.591078838173176
0.5615508096342962,0.5250489319434293,0.5713332728138187,0.9721006116863891,0.8512542263138114,1.0,0.7826888973282168,0.5924111840973778,1.0000000000000002,0.0,1.0,0.6025903639531339,0.8549140089973745,0.681706124247523,0.5051511475151487,0.8584247587173638,0.7302022033413154,0.8194680071649129,0.9934164729830199,0.40090541159212273,0.5453500739186116,0.9999999999999999,0.5536496820603599,0.39937623451667614,0.7235572076442858,0.8172504722529352,0.4762775974271869,0.8177980798832952,0.47889511691139447,0.3336380139365403,0.6293358500169236,0.6294106819839643,0.8471220243594502,0.8343659556406838,0.7836374576154407,0.7182886426934674,0.46742043655430976,0.64929747361834,0.660105633442744,0.5468753453672263,0.7600193147887682,0.7715507023423588,0.28537823229203274,0.29744827269969315,0.3742847012690532,0.7796996866936124,0.5985552465378783,0.28797435108634395,0.3772424091731389,0.5181451532913939,0.6386156178477684,0.3903896953446806,0.47367385540179086,0.2399305490610574,0.7003369705602249,0.370194870099602,0.603605287097687,0.6425421788110478,0.0,0.772666059878462,0.6120962267205504,0.7835457471160815,0.6457314484185769,0.49984616973303886,0.6309930633863364,0.47773679534086927,0.3950488072559356,0.5256075634435201,0.5598762399989133,0.9226679247081302,0.827763321349107,0.5671316998052807,0.6440593641825259,0.4259945719641244,0.0,0.7990312041532487
0.9999999999999999,0.3958384466990493,1.0,0.6622316728491243,0.8850570422077443,1.0,1.0,0.7242949771570937,0.7466927453590272,1.0,0.0,0.9006087238427748,1.0,0.749015565777634,0.0,0.5319184267726141,1.0,1.0,0.976872477640091,0.45712279023598834,1.0,0.37454391291104105,0.9387769773113641,1.0,1.0,0.6270994944953991,1.0000000000000002,1.0000000000000002,0.6348065543179792,0.47217126511511026,0.9999999999999999,1.0,0.6781500142487927,1.0000000000000002,1.0000000000000002,0.7029361088519123,1.0,0.8078075148317455,0.5534772497641471,0.6736685240436687,0.4795283481792829,0.5352573869718511,0.5727965453019658,0.43886807903538594,0.4092344204387305,0.0,0.0,0.8443687843113106,0.4748478635871778,0.693492279273393,0.8549060518029006,0.4632203231816514,0.91201278089035,0.8569203914722847,0.42755877106316265,0.45630721636806804,1.0000000000000002,0.5986274909654468,0.6370251038369331,0.0,0.0,0.0,0.0,0.8037227986954244,0.48572157607897043,0.0,0.5230117065737842,0.9001659241697624,0.0,0.0,0.8544111710094864,0.9999999999999999,0.5418075287996182,0.9999999999999998,0.0,0.5823820398929037
0.7598594125651751,0.4725929193224957,0.4059133685795232,0.2913493808095247,0.8645307198203238,0.5967161891724919,0.47082153279344496,0.7013710541082565,0.9999999999999999,0.6025903639531339,0.9006087238427748,0.0,0.7291443397202739,0.5303849811388511,0.4071386158425154,0.46660044079959273,0.7266544956729984,0.8615526033179872,0.7979647489332193,0.688003774778557,0.5237299738091619,0.3891303326434028,0.4224076063967065,0.482371620850697,0.6917319820600671,0.6780646704839388,0.593071326156669,0.5385171009080025,0.6896331001573911,0.35524943987548485,0.5938499156553313,0.5461161234492335,0.8323060985166263,0.6068910060697474,0.38633014853560055,0.24042823612615222,0.1798955527596961,0.6502822070223864,0.42368412671653377,0.6638162215672502,0.649897095003718,0.26246888599907725,0.3830888156582382,0.40457122520631283,0.44968925082280325,0.5669944096825296,0.6404424732287588,0.15895561915269796,0.16294784719523972,0.4274179434521639,0.6535597982439674,0.456639806994885,0.31349461834510467,0.36959396854454013,0.6597546756247232,0.2626501029084585,0.668981446190486,0.6807439961881453,0.5340650780734573,0.4009402326284215,0.6239336583464046,0.7089937214448375,0.6326639871443817,0.4280229880099618,0.5557243008176174,0.7238903151711273,0.41671801242138695,0.6133834563101591,0.6113893877041136,0.8100841070760175,0.772977072325119,0.3899538823493764,0.7341173349832716,0.5010969388359576,0.0,0.8579489603723145
0.9251963483583957,0.8206925351236832,1.0000000000000002,0.4147393870864471,0.979634895886941,0.8120997233712011,0.8591884777982475,1.0,0.9452452125194482,0.8549140089973745,1.0,0.7291443397202739,0.0,0.4290694410951188,0.8959531023915769,0.9823226938725411,0.9013315820167498,0.9707261075275824,0.9999999999999998,0.8479718316333255,0.9334877222342536,0.8487458744462493,0.987274192415217,0.827826171169698,0.9950846043567955,0.8933443961171527,0.9895383785247419,0.7495703689647939,0.8311472717512544,0.781325881214133,0.7264630611032806,0.6387941627680209,0.6747585708173988,0.7262974558967463,0.7119387680212644,0.2298923650311092,0.2769695908498777,0.6481136355921094,0.9976850341186199,0.4813013051088942,0.46797539002692984,0.6539740219179516,0.48308065857405763,0.4013484141838511,0.4342043632870495,0.5155762793042193,0.6992951713482723,0.5125639889897373,0.0,0.4281929458903183,0.9142061016514946,0.4272014756062612,0.8339845051548057,0.4830772149139134,0.9711370534887792,0.4247823392704294,0.5999889606442861,0.4482751865993549,0.5796226411871672,1.0,0.5667138023547907,0.40299273164064264,0.565553495856802,0.5060884956248818,1.0,0.5996150038707386,0.4096841265463087,0.9266353270927697,0.5121434714909852,0.4213159281044889,0.697859123144244,0.9122318370799354,0.5164963044277309,0.9767133658238852,0.5506352479864071,0.45916769462311857
0.9999999999999999,0.3086005854900047,0.8081406351309248,0.3535813118702809,0.4664519153529253,0.9783302609564487,0.22212833920675606,0.8956795676341376,0.6882615327402833,0.681706124247523,0.749015565777634,0.5303849811388511,0.4290694410951188,0.0,0.5622873107815602,0.3659896445523116,0.4878140966841312,0.5136848251095634,0.9130996072447468,0.41764084853924727,0.9999999999999999,0.37085694824991533,0.9328592428854416,1.0,0.5524218841805263,0.6457848482375872,0.9085926847358483,0.4289838809023846,0.4237727429423326,0.7750405936066032,0.5211353772757189,0.9999999999999999,0.27145186777573505,0.7571569921412646,0.41422001668088093,0.47764834500156306,0.08239958378233342,0.4155109207141698,0.6592873733496931,0.0,0.7240491206814355,0.754565258553735,0.6183073600014806,0.5258504847361369,0.0,0.0,0.0,0.7997376917046986,0.0,0.4928059891908829,0.43860738969867985,0.5162607473400008,0.6500732399957118,0.8352361205211118,0.0,0.579103021657495,0.5266593482535913,0.7029518567715456,0.4484218883125983,0.0,0.0,0.0,0.0,0.7234043837142841,0.0,0.0,0.0,0.6143434296018732,0.0,0.0,0.0,0.7771940043243726,0.6427271906108478,0.0,0.0,0.0
0.5214572561628512,0.7964939868107872,0.5772250103188715,0.5692098232627449,0.4934582062293846,0.8743303254764329,0.8914096495813008,0.6455665771956571,0.5971094325875945,0.5051511475151487,0.0,0.4071386158425154,0.8959531023915769,0.5622873107815602,0.0,0.8589022408102348,0.3970162913245806,0.8334311624393754,0.0,0.616746836297373,0.8839535513821183,0.7246148710931453,0.8156312043993565,0.8100072187324672,0.7343932893347349,0.6872556526733449,0.7902335185353103,0.7641033767412762,0.9267743763970092,1.0,0.9293766707610058,0.8771181577877107,0.7904528181402686,0.8283682870823375,0.9469329450170471,0.5856200964940915,0.4468117974230001,0.3898494745326948,1.0,0.9796608550389335,0.9518334343046206,0.9999999999999998,1.0,0.4789319050569536,0.0,0.922716611259707,0.9534294619659773,0.49988633409816574,0.0,0.0,0.9672458526598149,0.6333101712521724,0.5870871280132868,0.6398352825830211,0.0,0.0,0.6096467883477248,0.538005160841246,0.52648234185972,1.0,0.9972393889364206,0.5227256796036445,0.7585488825712272,0.0,0.9885461960869525,1.0,1.0,0.9762588198469804,0.37325003900786735,0.6203486010405955,0.9628189247358901,1.0,0.5420431306444704,1.0000000000000002,0.45842602903625246,0.9999999999999999
0.7382652741631323,0.7843471661336087,0.42228735720107424,0.22691403481273215,0.5569524954860001,0.8051038883469006,1.0,0.8637690569068757,0.5308618212329403,0.8584247587173638,0.5319184267726141,0.46660044079959273,0.9823226938725411,0.3659896445523116,0.8589022408102348,0.0,0.7656859919924767,0.6545019859632639,0.4491462915712225,0.7808053516750062,0.8429519875848905,0.8557462276296112,0.8744870539233873,0.660901456702869,0.6937988146368637,0.7627923486898672,0.9062018371795819,0.906997659150795,0.8217330543447899,0.8969620937441465,0.6280318461092971,0.9037847034277751,0.6048681028696079,0.5176983352438687,0.7057964661277331,0.6911411470397179,0.6259414159926207,0.6370376746052389,0.8298901157591939,0.5982226773826687,0.8152687103013563,0.8946918605772831,0.3853498713534867,0.0,0.0,0.6930246509211113,0.7203986488385682,0.0,0.0,0.0,0.48441197206749015,0.5942887188072284,0.7472018791536275,0.0,0.6952919245336555,0.0,0.5135298268431358,0.6338088482480462,0.0,1.0,0.8079132787970911,0.5860088699509918,0.7677868144458493,0.0,0.6456867572334511,0.64695211308126,0.8310299530930285,0.635605736690733,0.4375851736959784,0.6976011404622011,0.801125604846566,0.6265680258157852,0.617834365979414,0.7020254335257928,0.0,0.8252258352925722
0.5668328437015909,0.6053998553754544,0.4985168408711546,0.5190220506903065,1.0,0.6505187443328305,0.7925074322587775,0.38887967831462744,0.3908709425577216,0.7302022033413154,1.0,0.7266544956729984,0.9013315820167498,0.4878140966841312,0.3970162913245806,0.7656859919924767,0.0,0.8520691333421805,0.502087261784533,0.5393241551178634,0.3864240708654243,0.8269918314627305,0.364308237416315,0.8837814464307723,0.856276495068759,0.9151336962576085,0.6410421677550606,0.9205683028265477,0.5580734633728214,0.6181136961240435,0.7439043602712072,0.8263391195591948,0.8788788925789714,0.8867649073824939,0.9712774987465909,0.6136556633105502,0.3383680618344753,0.6142188163900263,0.9631329696390181,0.7920583104014988,0.8966775271066367,0.5811895091041237,0.0,0.0,0.5695307617239634,0.6550428070550387,0.5172123310946453,0.0,0.0,0.0,0.0,0.0,0.0,0.0,0.8647859024769912,0.0,0.7778551061381678,0.4520643619357434,0.0,0.8287908621222464,0.5711876601140523,0.7989315152235825,0.8518435162504805,0.0,0.0,0.0,0.5027663830824842,0.0,0.7088704403168107,0.9266073767883529,0.9164857120735294,0.0,0.33235024844241506,0.48325403133039263,0.0,0.7743586509478622
0.7812503999952037,0.7771692301308352,0.6058057258626631,0.3915287760800362,0.4071592185208107,0.8285454836895518,0.9054179833209274,0.8265697132877258,0.5185261437597583,0.8194680071649129,1.0,0.8615526033179872,0.9707261075275824,0.5136848251095634,0.8334311624393754,0.6545019859632639,0.8520691333421805,0.0,0.4915048292710674,0.8554341885230539,0.7543468015266405,0.8037462876683519,0.7820846498266875,0.8619957191790051,0.8898735255993305,0.784242776198759,0.9321546238488937,0.8391864205181374,0.8129267260846488,0.8558920177131143,0.688245213199247,0.8532642758778337,0.806623571978616,0.8546883370506116,0.7369294329250535,0.5306780397010112,0.24819328508375138,0.5315507956103706,0.7758911799780434,0.5773296101558958,0.7341573823232237,0.636918865440105,0.0,0.0,0.6418321357751829,0.8542134550019891,0.8390927185461919,0.0,0.0,0.0,0.46806750902595917,0.5377990698257855,0.7332733209597455,0.0,0.7087458778842878,0.0,0.710364680785321,0.5331650128527398,0.0,0.5434969783283133,0.8236162909462912,0.6891613329758108,0.7036422520570411,0.0,0.6415820444412965,0.6159651756926109,0.8240944504415422,0.6601734062806535,0.8408531518332835,0.7767669717703789,0.8074828713592903,0.5834541481672507,0.7389882781136026,0.5287407530317186,0.0,0.8478015623388417
0.0,0.6351578283674855,1.0,0.5026677025662102,0.8658732937232435,0.5332445118505362,1.0,0.9093892096585109,0.6850828428025822,0.9934164729830199,0.976872477640091,0.7979647489332193,0.9999999999999998,0.9130996072447468,0.0,0.4491462915712225,0.502087261784533,0.4915048292710674,0.0,0.6297408348428444,0.37778915945427827,0.6575751129048675,0.862647807331965,0.4364738695603602,0.5053636744882578,0.5690830407409151,0.8564952057735955,1.0,0.7093313649819228,0.6370596525543564,0.9999999999999998,1.0,0.5736243289807079,1.0,0.9999999999999999,0.9289307352484077,1.0,0.3269111977589792,0.6346421092763465,0.6082215320287294,0.2912055662052734,0.3085569697459668,0.9600636135778731,0.35849421268479004,0.42407702222067456,0.0,0.0,1.0,0.0,0.5710373683098815,0.8745735174720134,0.49229906363492526,1.0,0.7975859043256737,0.8561461113700757,0.9344397251275407,1.0000000000000002,0.46592952473429083,0.5083036924957205,0.0,0.0,0.0,0.0,0.9797326718701185,0.4676362636002449,0.0,0.49468135419016135,1.0,0.0,0.0,0.0,0.9999999999999998,0.42086717744940055,0.3966911182535341,0.3392797020825421,0.4576036603168477
0.6340445031045991,0.6938180886278924,0.614832175789116,0.5681321479819786,0.9132635619925241,0.758623330638617,0.8842898253786611,0.9391092768054757,0.8818572825382545,0.40090541159212273,0.45712279023598834,0.688003774778557,0.8479718316333255,0.41764084853924727,0.616746836297373,0.7808053516750062,0.5393241551178634,0.8554341885230539,0.6297408348428444,0.0,0.9521088540417474,0.8583391038368945,0.3740279737986125,0.6033204579653271,0.8755643778488311,0.7908637758255259,0.9510038615450193,0.9463237826837936,0.7565859260965416,0.8686236743850821,0.9226628856270421,1.0000000000000002,0.896738390676402,1.0,0.9884527217436653,0.7297842650997569,0.4652490054192628,0.6178948481369168,1.0,0.73775279222093,0.9999999999999999,1.0000000000000002,0.5135885075612497,0.2991768182365255,0.5458252490271944,0.5878238488504453,0.7255729524155333,0.3516294821350048,0.0,0.0,0.5468522194660385,0.7070758019506325,0.6636101940372828,0.3676302536754976,0.9367153419878997,0.0,0.9999999999999999,0.5385945340436599,0.0,0.9999999999999999,0.5474735986227851,0.390172219350058,0.5990716683584615,0.0,1.0,0.9436189968140782,1.0,0.9271179669218462,0.0,0.7229780875681293,0.7386232180546622,0.9507541004391381,0.9999999999999998,1.0,0.40707283054270466,1.0
0.47092803052353077,0.7009316986103113,1.0,0.4400102304655417,0.500177199192789,0.920385441386055,0.8567517548199558,1.0,0.927646162346638,0.5453500739186116,1.0,0.5237299738091619,0.9334877222342536,0.9999999999999999,0.8839535513821183,0.8429519875848905,0.3864240708654243,0.7543468015266405,0.37778915945427827,0.9521088540417474,0.0,0.7353286894402659,0.8908621702125776,0.7343280605832325,0.7714576005419054,0.8260582680526799,0.8591298467205737,0.9000520515453451,1.0,0.8425502951926483,0.7565321477502399,0.7723145168853441,0.5534762170160226,0.5957591557393606,0.731702118460966,0.7258633429716607,0.40892689407445926,0.4475944762171713,0.933732151630875,0.806237816538272,0.630728762795901,0.7861563177224711,0.5899126855814297,0.0,0.0,0.7285973962450396,0.873396938797556,0.6901993383526218,0.0,0.0,0.9274103049887201,0.4225303665085399,0.6431351416464584,0.4019940167710706,0.4620189728742506,0.0,0.605900194273409,0.5833921150100222,0.0,0.959726980527329,0.9216702861312104,0.0,0.5946428775624344,0.0,1.0000000000000002,0.8585265863117882,0.985329012267205,0.814144871769115,0.6371071933247503,0.5118946119958994,0.8718690860479367,0.8170203007382884,1.0,0.9168924628805919,0.39225529776787077,0.8565759432325757
0.7111545160209042,0.7063305569096673,0.5579970675717503,0.5521414852161912,0.8661099178281402,0.7133282343235541,0.9068596971791227,0.9999999999999999,0.8901581567512524,0.9999999999999999,0.37454391291104105,0.3891303326434028,0.8487458744462493,0.37085694824991533,0.7246148710931453,0.8557462276296112,0.8269918314627305,0.8037462876683519,0.6575751129048675,0.8583391038368945,0.7353286894402659,0.0,0.8818554641301832,0.4822380903369739,0.8464641517413899,0.8605310058952621,0.9497249262939164,0.8706326177342157,0.6434184429992076,0.7908735051364361,0.8618042434460246,0.9690515255985332,0.7873865416938415,0.9157257490125905,0.9910339877075175,0.5575804994088177,0.9999999999999999,0.4325661649193419,0.937444082407249,0.6705006464173773,0.7749974496060216,0.9095122689122241,1.0000000000000002,0.3316959481625411,0.5472671291905965,0.6364142653389004,0.7893552480637895,0.6071389815387879,0.4838034333764395,0.44567870300339807,1.0,0.5966539516727792,0.6848561031749726,0.618969153432946,0.5374976816947576,0.0,0.42082862500882373,0.6459852268643416,0.0,0.9695247457344959,0.7679874895616835,0.5017173143051012,0.3928460406090425,0.0,0.9999999999999999,0.9693933402950236,0.9858291851504947,0.8724537485508367,0.4378770391065804,0.18360143062833142,0.7809193443625184,0.9764885944189332,0.5741109847771917,1.0000000000000002,0.6814438150393771,0.9076408739562581
0.7464738551626504,0.9191228067695002,0.8632236098008895,0.754409621933078,1.0,0.8671816199289226,0.9751892346530497,0.9543805787211376,0.9330711695697598,0.5536496820603599,0.9387769773113641,0.4224076063967065,0.987274192415217,0.9328592428854416,0.8156312043993565,0.8744870539233873,0.364308237416315,0.7820846498266875,0.862647807331965,0.3740279737986125,0.8908621702125776,0.8818554641301832,0.0,0.8732336612110858,0.8464764572084719,0.6218146794507771,0.7230184637908511,0.8420707513279815,0.9018827625778649,0.799436811362307,0.8994792254265963,0.8938093373935286,0.7861109693066834,0.8984987221925752,0.9202852225724958,0.6340826113322228,0.7934060884128383,0.44658706242280716,0.9697111698604445,0.6002834584812222,1.0,1.0,0.8819335576180808,0.6063755022183507,0.6217794849472905,0.5574757146367608,0.8205769854700565,1.0,0.5092806730701954,1.0,1.0,1.0,0.9841708818572301,1.0,0.43010470146284846,0.8576972217146669,0.9403384783441577,1.0,0.76584082579652,0.9698070259952408,0.45940831426957124,0.630993063386338,0.47460823082545583,0.8992632061119332,0.9205467747702993,0.8403559092179299,0.9497704232582345,1.0,0.3944324475159994,0.6542210115238433,0.921972927430345,1.0,1.0000000000000002,0.9687578501297185,0.9722815245873757,1.0
0.6440056442741414,0.4066873379461401,0.5144359221997186,0.2217608778037528,1.0,0.9999999999999999,0.6026856069382359,1.0,0.5229107237373144,0.39937623451667614,1.0,0.482371620850697,0.827826171169698,1.0,0.8100072187324672,0.660901456702869,0.8837814464307723,0.8619957191790051,0.4364738695603602,0.6033204579653271,0.7343280605832325,0.4822380903369739,0.8732336612110858,0.0,0.7411906665906188,0.6378595725227341,0.7504567331324585,0.537885204336314,0.980295182227399,0.5331036071354996,0.6977789542970227,0.5856320350069907,0.6759326401350525,0.5658152851432807,0.6446252693015699,0.40458868987004865,0.3591608730657041,0.5353899156558058,0.8769738062935135,0.7472400690196764,0.7101069158520394,0.6307163978023326,0.6051341085249631,0.4996364775302504,0.6383273834313945,0.6128791487867922,0.5668225062333259,0.0,0.0,0.40786113995586537,0.421403822884463,0.38683842981693645,0.0,0.0,0.6178429991018115,0.36998671170988023,0.7063271328097362,0.7863191372567182,0.0,0.5906557319379369,0.6558028148845897,0.6778250919142312,0.7606592226599039,0.35653479106698027,0.5561128741307779,0.5231578496644824,0.31022091951478054,0.7855488326850893,0.5209194476415612,0.8308565087032601,0.8499537087346494,0.7625267894214163,0.8280335504749118,0.2960472695258874,0.0,0.5557847948546953
0.6659179651811348,0.6838685553593884,0.5666466302098638,0.7979267889668755,1.0,0.8319237466710412,0.9999999999999999,0.8992283680516829,0.5776242518825438,0.7235572076442858,1.0,0.6917319820600671,0.9950846043567955,0.5524218841805263,0.7343932893347349,0.6937988146368637,0.856276495068759,0.8898735255993305,0.5053636744882578,0.8755643778488311,0.7714576005419054,0.8464641517413899,0.8464764572084719,0.7411906665906188,0.0,0.5916528736445068,0.9460663590443968,0.9099606378759729,0.870985541799953,0.8994399625710896,0.6922646460049492,0.6794300357532725,0.7647401221261381,0.7245774320156035,0.7418904323523665,0.48752797056366615,0.47775548134032175,0.5739615485893355,0.8500228649630577,0.5995552917649158,0.8495159700944453,0.8820905637547041,0.0,0.0,0.5139718683842041,0.8881254556578065,0.715268501696521,0.0,0.0,0.0,0.4771505443209174,0.6171560026687863,0.6987410629447243,0.37437650888065555,0.7748215020226785,0.4924477359737486,0.7591472585893868,0.4771271214552309,0.0,0.3448101240105095,0.8062832342958389,0.7811646639056584,0.8227205699323322,0.0,0.6964568239131008,0.6276974782615784,0.791589189721913,0.6054980060475185,0.8483929514266773,0.8276792227002462,0.8653874119674229,0.5190568326934465,0.6644333466068854,0.6781980089128772,0.0,0.9260023340706629
0.7078906943060561,0.5625169096776302,0.41510354670751687,0.5081045432635426,0.8908605067198028,0.9434496577514431,0.9105555375717205,0.799600199125824,0.9999999999999999,0.8172504722529352,0.6270994944953991,0.6780646704839388,0.8933443961171527,0.6457848482375872,0.6872556526733449,0.7627923486898672,0.9151336962576085,0.784242776198759,0.5690830407409151,0.7908637758255259,0.8260582680526799,0.8605310058952621,0.6218146794507771,0.6378595725227341,0.5916528736445068,0.0,0.8395890704504534,0.845231507964612,0.893899065008922,0.9587334328809427,0.6404579407382696,0.8168247149628034,0.7082690688106513,0.7299668729780011,0.7184635713101348,0.4267539192410571,0.5031469468966198,0.6188595142556899,0.8485985978948789,0.7403543916454283,0.9454892274312151,0.8382375911812682,0.3130503591346648,0.5735795652903607,0.5407360763177669,0.8481862527985341,0.8246203730604057,0.6148592410272895,0.0,0.0,0.9791894377701402,0.5100220420340358,1.0,0.5123438489432339,0.7984265579885959,0.0,0.8070396162669589,0.7449887288348362,0.0,0.9999999999999999,0.9039237824788763,0.835060132973477,0.8576480042603238,0.0,0.8750320070151614,0.9924414133864963,0.8560454940245327,0.9914095698266299,0.790686931344909,0.8557600271137873,0.8459932913127153,0.925121254531278,0.6357598413752268,0.9758628536428571,0.48263924431697774,0.9516593736380404
0.7248323061865929,0.9105948204373414,0.5694855774202963,0.5367089560192575,1.0,0.8367114871837926,0.9924512095674876,0.9389562353492845,0.7639480257030203,0.4762775974271869,1.0000000000000002,0.593071326156669,0.9895383785247419,0.9085926847358483,0.7902335185353103,0.9062018371795819,0.6410421677550606,0.9321546238488937,0.8564952057735955,0.9510038615450193,0.8591298467205737,0.9497249262939164,0.7230184637908511,0.7504567331324585,0.9460663590443968,0.8395890704504534,0.0,0.9154791288204569,0.8659499517381896,0.8646511492850188,0.8948248143137356,0.9834702110665272,0.9531945127181523,0.9166853644211455,1.0,0.7750798400658508,0.8084717518588422,0.5123508129846985,1.0,0.7913563585646001,1.0,0.9981070145966572,0.9083330034734436,0.4328516483196878,0.4335059769491414,0.39186004403441915,0.7074791868474382,0.9999999999999999,0.30498711781885485,0.6598106224805524,1.0,0.9999999999999999,0.9263852481949952,1.0,0.5816500625985934,0.8738373152972553,1.0,1.0,0.8700040855527807,1.0,0.6854799396803049,0.0,0.3190743515394739,1.0,0.9176515921754068,0.865327442137315,1.0,1.0,0.0,0.6106339190863606,0.9377402679081286,1.0,0.9999999999999999,0.9997041036412941,1.0000000000000002,1.0
0.6507115276085076,0.9113269773930319,0.9999999999999999,0.3391781885259273,0.6280088333440393,0.7601102397275393,0.3853176616728691,1.0,0.9999999999999999,0.8177980798832952,1.0000000000000002,0.5385171009080025,0.7495703689647939,0.4289838809023846,0.7641033767412762,0.906997659150795,0.9205683028265477,0.8391864205181374,1.0,0.9463237826837936,0.9000520515453451,0.8706326177342157,0.8420707513279815,0.537885204336314,0.9099606378759729,0.845231507964612,0.9154791288204569,0.0,0.7600518988735357,0.7212809481579405,0.6874752059529354,0.350646593954105,0.5014104138783324,0.21677454155594916,0.1968041910466317,0.22330495398482078,0.00484343484000449,0.28901914245640714,0.8627610360933682,1.0,0.8074196696041326,0.37301536776395783,0.5187448910622469,0.48205874819716626,0.4436029666291,0.5502921911295569,0.5581972596570791,0.6078061821622422,0.0,0.6192615873446605,0.9859679330885626,0.4406945053284964,0.9272984642321697,0.5281700777294083,0.8273596873504626,0.3409694146124278,0.39436907829024553,0.5497560269585092,0.422319010718179,1.0,0.46657300535413426,0.3714538894949343,0.486051433666518,0.6897321186207301,0.9999999999999999,0.574104903110954,0.38578266806549943,0.9876944490469566,0.9676302651885923,0.5282031492254323,0.5886069475144555,0.899570399361029,0.5944905752611247,0.9334412202453661,0.4757842652856562,0.8523633902548784
0.686080630345841,0.7011324765680672,0.6372949656614003,0.40418618434787845,0.938149333234891,0.6490230875504323,0.9470658908839339,0.9495663559985145,0.8067043854348114,0.47889511691139447,0.6348065543179792,0.6896331001573911,0.8311472717512544,0.4237727429423326,0.9267743763970092,0.8217330543447899,0.5580734633728214,0.8129267260846488,0.7093313649819228,0.7565859260965416,1.0,0.6434184429992076,0.9018827625778649,0.980295182227399,0.870985541799953,0.893899065008922,0.8659499517381896,0.7600518988735357,0.0,0.8142576296659386,0.6407074931344067,0.7632315418867698,0.67307665990127,0.7642702319684873,0.8372505559945985,0.571426539034398,0.484003911041201,0.543283653061959,1.0,0.7500795349276681,1.0,1.0,0.9126585940095984,0.5796357231743386,0.7788605401323538,0.5376028815600277,0.7072977160756677,0.4702844856143693,0.4159277248237177,0.37714261173965086,0.9633616851609541,0.5445567292973298,0.9740281760234775,0.4343580027090551,0.5612838192866865,0.4254471206932567,0.5511759425622816,1.0,0.702035547327126,1.0,0.44352359789863627,0.4943474119095641,0.6282944409405189,0.6497372314594384,1.0,0.882468836843195,0.9999999999999998,0.9654621411283785,0.4592530638714105,0.4322797036787177,1.0,0.9678027296070237,1.0,1.0,1.0,0.9999999999999999
0.5050072936732191,0.5442402834451568,0.6497477157389693,0.44919708892347887,0.9999999999999999,0.8762927265144304,0.8070249748123685,0.9268845963582538,0.9783722428387772,0.3336380139365403,0.47217126511511026,0.35524943987548485,0.781325881214133,0.7750405936066032,1.0,0.8969620937441465,0.6181136961240435,0.8558920177131143,0.6370596525543564,0.8686236743850821,0.8425502951926483,0.7908735051364361,0.799436811362307,0.5331036071354996,0.8994399625710896,0.9587334328809427,0.8646511492850188,0.7212809481579405,0.8142576296659386,0.0,0.7651231880929779,0.7158971294698011,0.5321042538936734,0.8124402814558506,0.6692583668972982,0.5763876377277543,0.33339602515165734,0.4549727214302466,0.94720675221217,0.4811739225359688,0.4642753581099597,0.5334426497926175,0.5586804084226209,0.31224176700058837,0.0,0.0,0.0,0.27868463626620393,0.0,0.0,1.0,0.6030014721826066,0.3836595423388711,0.7020764305899643,0.48442683341596915,0.0,0.0,0.3073639145974677,0.0,0.5315527351631727,0.0,0.0,0.935740514791922,0.8850917140446526,0.9745529516110696,0.5954333570428684,0.613668330324537,1.0,0.0,0.6169056066471696,0.4716870914942678,0.9658307157312376,0.5622645284144969,0.8153461505041235,0.3847964103475632,0.4008445117086503
0.6526980197492944,0.7034386401435189,0.9999999999999999,0.4486306077361698,0.9999999999999999,0.9027028636393233,0.8432552562774095,1.0,1.0,0.6293358500169236,0.9999999999999999,0.5938499156553313,0.7264630611032806,0.5211353772757189,0.9293766707610058,0.6280318461092971,0.7439043602712072,0.688245213199247,0.9999999999999998,0.9226628856270421,0.7565321477502399,0.8618042434460246,0.8994792254265963,0.6977789542970227,0.6922646460049492,0.6404579407382696,0.8948248143137356,0.6874752059529354,0.6407074931344067,0.7651231880929779,0.0,0.5605517268066671,1.0,0.48473041455051774,0.3912206229922023,0.3001044961409651,0.1852417394919388,0.4752227408306819,0.9817049454299421,0.6131221964549322,0.69994779949064,0.7972557641328358,0.6030773167258723,0.42126466503517523,0.4602656194809852,0.716764493788015,0.6542521941464712,0.4177792963652386,0.0,0.6059651360566675,0.880572924893131,0.43745308135708505,0.9999999999999999,0.4774870688452197,0.8842546762747993,0.4665591269750706,0.7855815181749297,0.7229872938364365,0.0,1.0,0.7857379430426543,0.6190412522197161,0.8548582553088567,0.6591516913360749,0.9780942381057771,0.43480202567034393,0.9708524841107317,1.0,0.6575245159989369,0.7196693248879683,0.7614997175815124,0.9090720265272894,1.0,1.0,0.31039159242915515,0.9999999999999999
0.7353762097551241,0.7664059410145216,1.0,0.4551207763065088,1.0,1.0,0.5539918807969227,1.0,0.9999999999999999,0.6294106819839643,1.0,0.5461161234492335,0.6387941627680209,0.9999999999999999,0.8771181577877107,0.9037847034277751,0.8263391195591948,0.8532642758778337,1.0,1.0000000000000002,0.7723145168853441,0.9690515255985332,0.8938093373935286,0.5856320350069907,0.6794300357532725,0.8168247149628034,0.9834702110665272,0.350646593954105,0.7632315418867698,0.7158971294698011,0.5605517268066671,0.0,0.48827618387701405,0.3460298801150774,0.34094457761842073,0.37672379543710094,0.45237358094553903,0.5970200566499758,0.6997790398534015,0.7174522715254255,0.6635678774199864,0.48765799868919046,0.34891662056660466,0.5088727482884332,0.4348152098173153,0.7790003618247638,0.7987174233918748,1.0,0.33235774761577985,0.6408625257109806,0.9772695338784197,0.9999999999999999,0.9215537734572007,0.5317968437176848,0.6631500694301128,0.6159698409857365,0.34847297286476414,0.9999999999999999,0.5784184340324163,0.9999999999999999,0.856520645151753,0.5700446156774888,0.6699544617574086,0.3989678897565818,0.9999999999999999,1.0,0.9404485092253131,0.9785006932091462,0.31561895697923475,0.7160243184789803,0.8159409692161591,0.9441537017203905,0.9819904098566437,1.0,0.9999999999999999,0.9999999999999999
0.6253538482409955,0.5035595021924008,0.4926155455906836,0.22736744726288585,0.4562048778564773,0.9838522878418061,0.7434176155225444,0.826787691332839,0.8230259959694823,0.8471220243594502,0.6781500142487927,0.8323060985166263,0.6747585708173988,0.27145186777573505,0.7904528181402686,0.6048681028696079,0.8788788925789714,0.806623571978616,0.5736243289807079,0.896738390676402,0.5534762170160226,0.7873865416938415,0.7861109693066834,0.6759326401350525,0.7647401221261381,0.7082690688106513,0.9531945127181523,0.5014104138783324,0.67307665990127,0.5321042538936734,1.0,0.48827618387701405,0.0,0.43285013025088614,0.36606268913955176,0.23539375087789235,0.22741685981980075,0.6937815979452314,0.7175016905780027,0.5055993256005425,0.6416478238052168,0.7199659905795215,0.42704445209902175,0.35132511019957574,0.6535291923181594,0.604579504456521,0.5504261975146353,0.6009897528105529,0.0,0.37249913337495794,0.8461457371200239,0.39047115312052494,0.32997489821494896,0.20219043860753377,0.6772841427090414,0.5251464242278338,0.6751404569775402,0.5792707253659891,0.0,0.9154497731766741,0.6988141431659602,0.5381885442899885,0.5622308823647534,0.7210777134862318,0.8040451845607056,0.8883855773185962,0.8808779151468654,0.728819648048261,0.7368817397742856,0.6561712237941051,0.6588690307583933,0.9999999999999999,0.8523985747726939,0.5866020331335471,0.0,0.6889427929395489
0.5917571047733543,0.7020830049494523,0.9859875459006419,0.4472525988689832,0.9744485505875016,0.9083735054814523,0.6047248999845812,0.8955600552450917,1.0,0.8343659556406838,1.0000000000000002,0.6068910060697474,0.7262974558967463,0.7571569921412646,0.8283682870823375,0.5176983352438687,0.8867649073824939,0.8546883370506116,1.0,1.0,0.5957591557393606,0.9157257490125905,0.8984987221925752,0.5658152851432807,0.7245774320156035,0.7299668729780011,0.9166853644211455,0.21677454155594916,0.7642702319684873,0.8124402814558506,0.48473041455051774,0.3460298801150774,0.43285013025088614,0.0,0.4317664370397391,0.29638368408007815,0.3541565009208962,0.4909135345790024,0.7300499834458624,0.7453368492343566,0.7863905351792196,0.25797440129254023,0.22345238650663962,0.4803356043369673,0.35078927419175016,0.6775647950574496,0.6992940724463486,0.7215920891981309,0.196659150260355,0.7493849361603934,1.0,0.5701320101129443,0.9184643122200074,0.3656769831354707,0.8384903496616226,0.3364331867760327,0.5187209337235417,0.3643160071488467,0.608685498223299,0.9569664085268518,0.8153866711563246,0.6649708198405406,0.7215618116767308,0.4775828854470111,1.0,0.8017270463206148,0.7564615034266889,0.9845286525224364,0.7889592622159853,0.7221091643006169,0.7549588304683932,0.9878908530064443,1.0,0.9937273794616575,0.47409627356279255,0.7021439720870248
0.5748657615946132,0.7472249636035492,1.0000000000000002,0.27604921261398063,1.0,0.9804828708630239,0.5590926002346999,1.0,1.0,0.7836374576154407,1.0000000000000002,0.38633014853560055,0.7119387680212644,0.41422001668088093,0.9469329450170471,0.7057964661277331,0.9712774987465909,0.7369294329250535,0.9999999999999999,0.9884527217436653,0.731702118460966,0.9910339877075175,0.9202852225724958,0.6446252693015699,0.7418904323523665,0.7184635713101348,1.0,0.1968041910466317,0.8372505559945985,0.6692583668972982,0.3912206229922023,0.34094457761842073,0.36606268913955176,0.4317664370397391,0.0,0.2923614816767296,0.3164485403692775,0.49949862001023815,0.5193765993034923,0.42412975931662766,0.5959692694260985,0.518433170438443,0.3937248845940533,0.5259530104249583,0.5257111905160292,0.695386688573745,0.7210459551071503,0.21396800025698423,0.22879067246060283,0.31826505745858846,1.0,0.2979104754042623,1.0,0.3025396916499364,0.7686446570573499,0.37822384220087624,0.4698277331318813,0.22980737029675635,0.7509748081915579,1.0,0.7499968140789774,0.513316756595239,0.5474162115025345,0.37750707881816653,1.0,1.0000000000000002,0.8969214349455643,1.0,0.8657707695600085,0.5999374527185475,0.8016097787546996,0.9750279663675833,0.33456047895076513,0.9825786246630408,0.328698980557854,0.6941719733291063
0.9999999999999999,0.4148298057346373,0.8627493430601182,0.12059719824247814,0.3135862775339906,1.0,0.17634691012444692,0.5819861617261237,0.9063350788688728,0.7182886426934674,0.7029361088519123,0.24042823612615222,0.2298923650311092,0.47764834500156306,0.5856200964940915,0.6911411470397179,0.6136556633105502,0.5306780397010112,0.9289307352484077,0.7297842650997569,0.7258633429716607,0.5575804994088177,0.6340826113322228,0.40458868987004865,0.48752797056366615,0.4267539192410571,0.7750798400658508,0.22330495398482078,0.571426539034398,0.5763876377277543,0.3001044961409651,0.37672379543710094,0.23539375087789235,0.29638368408007815,0.2923614816767296,0.0,0.15036206312710976,0.25976012741380794,0.31747470234180175,0.3391505432982676,0.33161921523937754,0.5163472372176933,0.5977612913035898,0.6810472868990567,0.6673185061021308,0.0,0.2398741634337992,0.7595396140394082,0.3156891349169506,0.0,0.45151835375033744,0.6027880556098273,0.5838039275554676,0.9081961435688674,0.28323951917555246,0.4697582698115228,0.7059415659167779,0.5597806611356098,0.44705328216480955,0.5908273728968889,0.3561852946038141,0.0,0.960605730630059,0.7898794350146139,0.44561625242850744,0.3709751494028716,0.611450169942185,0.5870003161873685,0.6002724376430275,0.45763721553258646,0.39689962523394934,0.5994412625140609,0.5877237677718974,0.5326177882369871,0.0,0.7427894556567846
0.546611639888525,0.4206033106910095,0.8166239476941194,0.029224222728129266,0.02620790518752126,0.9697062289278423,0.20344496127824932,0.54473874280906,1.0,0.46742043655430976,1.0,0.1798955527596961,0.2769695908498777,0.08239958378233342,0.4468117974230001,0.6259414159926207,0.3383680618344753,0.24819328508375138,1.0,0.4652490054192628,0.40892689407445926,0.9999999999999999,0.7934060884128383,0.3591608730657041,0.47775548134032175,0.5031469468966198,0.8084717518588422,0.00484343484000449,0.484003911041201,0.33339602515165734,0.1852417394919388,0.45237358094553903,0.22741685981980075,0.3541565009208962,0.3164485403692775,0.15036206312710976,0.0,0.29852817374625373,0.3291133200759522,0.39285609178851905,0.29876426715256754,0.725297306348742,0.36622173515111395,0.5056325058002934,0.3979567825681766,0.0,0.0,0.6492567104613997,0.4964040964149219,0.0,0.606226308209971,0.557406807812574,0.6691967513609978,0.2279555841114876,0.5232551742659016,0.5810703487146672,0.8047634191477895,0.4235098748410899,0.0,0.4389254538733213,0.0,0.0,0.0,0.398644754759535,0.48304418353922607,0.0,0.900333522960719,0.49788415077749726,0.3460065586489519,0.0,0.2530978276315885,0.5608063227226859,0.5067509651461409,0.6598117029490796,0.0,0.27920270270444725
0.5160170050227565,0.0,0.3788678381580375,0.30166591984451924,0.5868088719585988,0.9574194789130314,0.6087294163201925,0.6820563724871197,0.9217033838536027,0.64929747361834,0.8078075148317455,0.6502822070223864,0.6481136355921094,0.4155109207141698,0.3898494745326948,0.6370376746052389,0.6142188163900263,0.5315507956103706,0.3269111977589792,0.6178948481369168,0.4475944762171713,0.4325661649193419,0.44658706242280716,0.5353899156558058,0.5739615485893355,0.6188595142556899,0.5123508129846985,0.28901914245640714,0.543283653061959,0.4549727214302466,0.4752227408306819,0.5970200566499758,0.6937815979452314,0.4909135345790024,0.49949862001023815,0.25976012741380794,0.29852817374625373,0.0,0.5843424396892783,0.7220368783140162,0.4130539905109825,0.8250402453397743,0.4152876763372408,0.25033438957749893,0.3835389648772135,0.4994694588924039,0.0,0.6249264741410242,0.0,0.5876029322164944,0.36428095787934,0.3786133435671607,0.0,0.47584251926842364,0.6135589308993019,0.3151836033529422,0.7076448085441329,0.32663514684848255,0.0,0.5686193779469879,0.6232094740550589,0.4960801427785444,0.5524303408386211,0.3728427934820413,0.48144231475558186,0.0,0.4903408880269222,0.7402319650274599,0.623808052044058,0.12098084535512084,0.6781203564879147,0.6483930627051131,0.4368111079872487,0.6215587826162778,0.0,0.7915646228432328
1.0,0.8410673928572913,0.6460828963850993,0.20799477702547192,0.6171478439719439,0.980908473222115,0.5907778994123254,1.0000000000000002,0.6146944347024202,0.660105633442744,0.5534772497641471,0.42368412671653377,0.9976850341186199,0.6592873733496931,1.0,0.8298901157591939,0.9631329696390181,0.7758911799780434,0.6346421092763465,1.0,0.933732151630875,0.937444082407249,0.9697111698604445,0.8769738062935135,0.8500228649630577,0.8485985978948789,1.0,0.8627610360933682,1.0,0.94720675221217,0.9817049454299421,0.6997790398534015,0.7175016905780027,0.7300499834458624,0.5193765993034923,0.31747470234180175,0.3291133200759522,0.5843424396892783,0.0,0.7310423960152008,0.4148341663576421,0.46362848851870825,0.40842509778044456,0.54393709804999,0.2820934139165276,0.8587806922404871,0.8989637319835602,0.982899962078944,0.524313427303856,0.9196340141354247,0.9999999999999999,0.4390705483974482,1.0,0.9794161303594979,0.9115063825548579,1.0,0.5606510551264411,0.6716049588584038,0.739207109882039,0.8458715725589459,0.9907254136865812,0.8413894879898768,1.0,0.9374838376506283,0.988846397334884,0.8829172198592316,0.9458710737645039,0.9298410362205085,0.8926006688686706,1.0,0.9217861369011697,1.0000000000000002,0.4216482426307517,0.7815134256663099,0.9484247404547236,0.8732786645226874
0.7223859092821384,0.62251726869555,0.6041967128922872,0.34272360823928727,0.5100864450694641,0.2591468795703715,0.44378817976380136,0.4661418810523457,0.5179373723606364,0.5468753453672263,0.6736685240436687,0.6638162215672502,0.4813013051088942,0.0,0.9796608550389335,0.5982226773826687,0.7920583104014988,0.5773296101558958,0.6082215320287294,0.73775279222093,0.806237816538272,0.6705006464173773,0.6002834584812222,0.7472400690196764,0.5995552917649158,0.7403543916454283,0.7913563585646001,1.0,0.7500795349276681,0.4811739225359688,0.6131221964549322,0.7174522715254255,0.5055993256005425,0.7453368492343566,0.42412975931662766,0.3391505432982676,0.39285609178851905,0.7220368783140162,0.7310423960152008,0.0,0.6732676961657312,0.693732682376888,0.3394676526747338,0.6855340080608521,0.44062665251570776,0.5198064568569281,0.696996964811527,0.581681943112393,0.9746418986861163,0.7689703135605712,0.8542911413172712,0.720516564635892,0.9235430456081162,0.5570798720973759,0.9427039042123241,1.0000000000000002,0.7801797306796433,0.7984533980178385,0.5164411490932085,0.829516216312077,0.7918838228901514,0.7678133499380596,0.7620890332367046,0.38578514626644056,0.9749145513871706,0.7331757558739075,0.9999999999999999,0.6625591218457323,0.7518398201323075,0.7109775264926865,0.7405420828759093,0.8514297034129272,0.8514932749504556,0.8573641878233048,0.38673330740747347,1.0
0.8255345905193296,0.6743778818618549,0.35335294086090807,0.48709210359761407,0.37862012279213825,0.9999999999999999,0.6724001186041448,0.7426385924196173,0.28165148191222344,0.7600193147887682,0.4795283481792829,0.649897095003718,0.46797539002692984,0.7240491206814355,0.9518334343046206,0.8152687103013563,0.8966775271066367,0.7341573823232237,0.2912055662052734,0.9999999999999999,0.630728762795901,0.7749974496060216,1.0,0.7101069158520394,0.8495159700944453,0.9454892274312151,1.0,0.8074196696041326,1.0,0.4642753581099597,0.69994779949064,0.6635678774199864,0.6416478238052168,0.7863905351792196,0.5959692694260985,0.33161921523937754,0.29876426715256754,0.4130539905109825,0.4148341663576421,0.6732676961657312,0.0,0.6682835929194499,0.14743686080255358,0.47241790287954594,0.6564923863942878,0.7740550981525072,0.7164723914696984,0.9999999999999999,0.5395328654432544,0.8882476097025562,0.8586061918185722,0.6594733186155854,1.0,1.0,0.8417320769908153,1.0,0.7347896396596032,0.8236471549198726,0.789524466525698,0.8829016949794452,0.831308506419052,0.9525262778609657,1.0,1.0000000000000002,0.9938793579249934,0.7215559276573974,0.9659029946269728,1.0,0.8165812255215344,0.8669707947021961,0.7817538937603921,0.9518175942568269,0.837160184848766,0.6084071376971546,0.9881378371171343,0.571139931902772
0.9999999999999999,0.9554061101122796,0.622383997325607,0.3034876364908265,0.5934198829365767,0.8784959225986202,0.555623135466263,0.5158101872230793,0.2379384204671114,0.7715507023423588,0.5352573869718511,0.26246888599907725,0.6539740219179516,0.754565258553735,0.9999999999999998,0.8946918605772831,0.5811895091041237,0.636918865440105,0.3085569697459668,1.0000000000000002,0.7861563177224711,0.9095122689122241,1.0,0.6307163978023326,0.8820905637547041,0.8382375911812682,0.9981070145966572,0.37301536776395783,1.0,0.5334426497926175,0.7972557641328358,0.48765799868919046,0.7199659905795215,0.25797440129254023,0.518433170438443,0.5163472372176933,0.725297306348742,0.8250402453397743,0.46362848851870825,0.693732682376888,0.6682835929194499,0.0,0.5394525734562753,0.5093639272355639,0.691447987060474,0.810670406664702,0.7868185734269295,0.9257996674883148,0.32191866673679526,1.0000000000000002,0.8849157975813038,0.7592089783842197,0.9122820101853593,0.9999999999999999,0.845023873527788,0.9999999999999998,0.6431461754865052,0.9703300343494099,0.727485923294284,0.890253923880081,1.0,0.771426019327503,1.0,1.0000000000000002,0.9957334491198943,0.8010566956113864,0.9999999999999999,0.8628081889151207,0.7350091699253832,0.9052102275289956,0.8543535529704572,0.8998947764229964,0.5063033427837452,0.7585563948324511,0.900551952928744,0.5446240570662001
0.39582225579856656,0.5722766509514956,0.8631651416462989,0.26202600244384106,0.3293096813252477,0.817806510146079,0.5837199580685075,0.6410593821999244,0.9999999999999999,0.28537823229203274,0.5727965453019658,0.3830888156582382,0.48308065857405763,0.6183073600014806,1.0,0.3853498713534867,0.0,0.0,0.9600636135778731,0.5135885075612497,0.5899126855814297,1.0000000000000002,0.8819335576180808,0.6051341085249631,0.0,0.3130503591346648,0.9083330034734436,0.5187448910622469,0.9126585940095984,0.5586804084226209,0.6030773167258723,0.34891662056660466,0.42704445209902175,0.22345238650663962,0.3937248845940533,0.5977612913035898,0.36622173515111395,0.4152876763372408,0.40842509778044456,0.3394676526747338,0.14743686080255358,0.5394525734562753,0.0,0.388240341234456,0.37526224433784394,1.0,0.4373066897064347,0.9428007189547675,0.4091480344818653,0.47713010012309703,0.8688707894467207,0.6937893753884085,0.7752571473822552,0.9923052893268645,1.0,0.5870764770789646,0.44932316076004314,0.6718425695654068,0.30974175455080377,1.0,0.49878156010383323,0.5798705040399259,0.4600817060818389,0.814868942855835,0.960318870942851,0.9981653493431513,0.9999999999999998,0.7740909137869124,0.5197457225343495,0.8606810795537029,0.9088103398744859,1.0000000000000002,0.2526551139269454,0.6180794157600724,0.5210669485386275,0.7885431309619129
0.0,0.0,0.5975008170821823,0.24504497741516912,0.6430826662818167,0.44619937457470094,0.6969237727258388,0.3521808917702538,0.44783350367663216,0.29744827269969315,0.43886807903538594,0.40457122520631283,0.4013484141838511,0.5258504847361369,0.4789319050569536,0.0,0.0,0.0,0.35849421268479004,0.2991768182365255,0.0,0.3316959481625411,0.6063755022183507,0.4996364775302504,0.0,0.5735795652903607,0.4328516483196878,0.48205874819716626,0.5796357231743386,0.31224176700058837,0.42126466503517523,0.5088727482884332,0.35132511019957574,0.4803356043369673,0.5259530104249583,0.6810472868990567,0.5056325058002934,0.25033438957749893,0.54393709804999,0.6855340080608521,0.47241790287954594,0.5093639272355639,0.388240341234456,0.0,0.4639465750351366,0.0,0.2451620246730546,0.9958065957699362,0.35381429102813866,0.6456300937278457,1.0,0.5899366878024762,0.9890794483533458,0.9896282457739218,0.761794356173654,0.9501247865657618,0.5058522587270194,0.7974328010856557,0.2912955150968711,0.8194540087865784,0.0,0.33708871263587725,0.8597658885420414,0.9833134772922153,0.7716891503193888,0.34555145857827113,0.9999999999999999,0.9999999999999999,0.4235773619634135,0.5045009041482796,0.6395980310685119,1.0000000000000002,0.25055209789002586,0.6497487955196076,0.7539389505271478,0.6641368838962954
0.5730863836476763,0.0,0.0,0.0,0.26763894177004766,0.252986101643265,0.4267737296851828,0.0,0.4401622385539668,0.3742847012690532,0.4092344204387305,0.44968925082280325,0.4342043632870495,0.0,0.0,0.0,0.5695307617239634,0.6418321357751829,0.42407702222067456,0.5458252490271944,0.0,0.5472671291905965,0.6217794849472905,0.6383273834313945,0.5139718683842041,0.5407360763177669,0.4335059769491414,0.4436029666291,0.7788605401323538,0.0,0.4602656194809852,0.4348152098173153,0.6535291923181594,0.35078927419175016,0.5257111905160292,0.6673185061021308,0.3979567825681766,0.3835389648772135,0.2820934139165276,0.44062665251570776,0.6564923863942878,0.691447987060474,0.37526224433784394,0.4639465750351366,0.0,0.378049172997035,0.4250095463892377,0.35796428950467574,0.31871406662346846,0.32842848013929626,0.5090807749030247,0.44933633832168884,0.4109313403609725,1.0000000000000002,0.860927892953661,0.7575886469451553,0.6055240691675305,0.6157979041575493,0.6521728023497724,0.5760309275662697,0.6263759497319952,0.6561501534695082,0.48832684313024644,0.43144166950820584,0.591992333065258,0.39612991698488537,0.6897751974836281,0.4108044869871897,0.6942095206906226,0.5711598159266394,0.7830538419775812,0.6037361130445024,0.5195630290951815,0.636775465579089,0.7463383334752398,0.8820898377042528
0.8657647379918303,0.7581818703985505,0.0,0.0,0.0,0.4595259373291056,0.0,0.566608683229672,0.0,0.7796996866936124,0.0,0.5669944096825296,0.5155762793042193,0.0,0.922716611259707,0.6930246509211113,0.6550428070550387,0.8542134550019891,0.0,0.5878238488504453,0.7285973962450396,0.6364142653389004,0.5574757146367608,0.6128791487867922,0.8881254556578065,0.8481862527985341,0.39186004403441915,0.5502921911295569,0.5376028815600277,0.0,0.716764493788015,0.7790003618247638,0.604579504456521,0.6775647950574496,0.695386688573745,0.0,0.0,0.4994694588924039,0.8587806922404871,0.5198064568569281,0.7740550981525072,0.810670406664702,1.0,0.0,0.378049172997035,0.0,0.809079203006005,0.46745569932118936,0.0,0.6306077851411558,0.9448378028416233,0.42172340501979816,0.9125683739642804,0.30552782389137023,0.6752439779603009,0.3993703176270499,0.7642793729558527,0.929752887725876,0.9999999999999999,0.680744089194566,0.750553590562559,0.5569401546616157,0.8515074232169427,0.0,0.676034702906025,0.5820012032764371,0.8853293709722818,0.8044125575242574,0.5040035174311894,0.839533324773703,0.8193041570613142,0.8118901687993723,0.8771308392142555,0.756183883057405,0.49160909008771386,0.8671156214590715
0.811548135472977,0.7557411644322788,0.5255441153114148,0.0,0.5314348053298716,1.0,0.6537934349416046,0.5757563916064752,0.491731202420711,0.5985552465378783,0.0,0.6404424732287588,0.6992951713482723,0.0,0.9534294619659773,0.7203986488385682,0.5172123310946453,0.8390927185461919,0.0,0.7255729524155333,0.873396938797556,0.7893552480637895,0.8205769854700565,0.5668225062333259,0.715268501696521,0.8246203730604057,0.7074791868474382,0.5581972596570791,0.7072977160756677,0.0,0.6542521941464712,0.7987174233918748,0.5504261975146353,0.6992940724463486,0.7210459551071503,0.2398741634337992,0.0,0.0,0.8989637319835602,0.696996964811527,0.7164723914696984,0.7868185734269295,0.4373066897064347,0.2451620246730546,0.4250095463892377,0.809079203006005,0.0,1.0,0.0,0.5414132355976153,0.8795828247041206,1.0,1.0,0.9999999999999999,1.0,0.3585814609307407,0.5266561142262287,0.9999999999999999,0.6014832161591253,0.9150873615910904,0.8092357204898901,0.6329671844432455,0.8697362864866172,0.6040033252127704,0.9644099886899862,0.8953509371886464,0.9094010415593726,0.8608976238750821,0.5555141767070814,0.8299137750165725,0.7788526454227778,0.9014666920926093,0.9999999999999999,0.9383692054040325,0.6002382964440588,0.9999999999999999
0.0,0.20075539572688295,0.8727246341796926,0.4073364792543004,1.0,0.997963579647855,1.0,0.9165498729258761,0.9503183456222869,0.28797435108634395,0.8443687843113106,0.15895561915269796,0.5125639889897373,0.7997376917046986,0.49988633409816574,0.0,0.0,0.0,1.0,0.3516294821350048,0.6901993383526218,0.6071389815387879,1.0,0.0,0.0,0.6148592410272895,0.9999999999999999,0.6078061821622422,0.4702844856143693,0.27868463626620393,0.4177792963652386,1.0,0.6009897528105529,0.7215920891981309,0.21396800025698423,0.7595396140394082,0.6492567104613997,0.6249264741410242,0.982899962078944,0.581681943112393,0.9999999999999999,0.9257996674883148,0.9428007189547675,0.9958065957699362,0.35796428950467574,0.46745569932118936,1.0,0.0,0.8889572229083009,1.0,0.9862264090902829,1.0,0.9068779867748826,1.0,0.4224438373788907,1.0,0.4638949782484119,0.9999999999999999,0.8910251152382518,0.634835522524579,0.4643186402657875,0.5619537253123373,0.4990632833252059,1.0,0.9649489425934323,0.4524893072562155,1.0000000000000002,0.9240155534086362,0.38272024987842596,0.6283884149551969,0.4829575991694406,0.8947733847947084,1.0,0.575468086857301,1.0,1.0
0.0,0.0,0.5257359715247639,0.0,0.0,0.3311050350696406,0.0,0.0,0.4666032790861063,0.3772424091731389,0.4748478635871778,0.16294784719523972,0.0,0.0,0.0,0.0,0.0,0.0,0.0,0.0,0.0,0.4838034333764395,0.5092806730701954,0.0,0.0,0.0,0.30498711781885485,0.0,0.4159277248237177,0.0,0.0,0.33235774761577985,0.0,0.196659150260355,0.22879067246060283,0.3156891349169506,0.4964040964149219,0.0,0.524313427303856,0.9746418986861163,0.5395328654432544,0.32191866673679526,0.4091480344818653,0.35381429102813866,0.31871406662346846,0.0,0.0,0.8889572229083009,0.0,0.7830922547745949,0.8982639581005655,0.7192879218356518,0.7283921609319931,1.0,0.9121910304328704,0.8268871297562961,0.8374183861960772,0.815000438921016,0.4780365115254044,0.47147988054074375,0.0,0.0,0.371324474778407,1.0,0.45251150006824936,0.2461401980585451,0.36731121217383,0.8035840586294198,0.5048049619927606,0.0,0.4967735023266042,0.7486841573499649,0.4869486583321847,0.48953441259002994,0.389264965530407,0.644250486096341
0.0,0.0,0.7595630013527984,0.0,0.7235353422126909,0.47385504435613424,0.5888248409241627,0.5787199814979723,0.7363826494258364,0.5181451532913939,0.693492279273393,0.4274179434521639,0.4281929458903183,0.4928059891908829,0.0,0.0,0.0,0.0,0.5710373683098815,0.0,0.0,0.44567870300339807,1.0,0.40786113995586537,0.0,0.0,0.6598106224805524,0.6192615873446605,0.37714261173965086,0.0,0.6059651360566675,0.6408625257109806,0.37249913337495794,0.7493849361603934,0.31826505745858846,0.0,0.0,0.5876029322164944,0.9196340141354247,0.7689703135605712,0.8882476097025562,1.0000000000000002,0.47713010012309703,0.6456300937278457,0.32842848013929626,0.6306077851411558,0.5414132355976153,1.0,0.7830922547745949,0.0,0.880738992011399,0.6976869215119026,0.6426009216204276,0.938982045457207,0.8163895907456046,0.9776606231132706,0.7566620320886959,0.6368531329088436,0.6450875224155639,0.4838898892859994,0.35829970722095805,0.7791260320678729,0.870402233778306,0.9847065548922258,0.8876150403611427,0.3592645749671756,0.845501819347291,0.9609434212089647,0.7200562265813347,0.812432155355763,0.8503938380929927,1.0,0.5001983710732575,0.8662372503439558,1.0,0.8459307822390214
0.45054869252151003,0.9715755767996379,0.864956789243168,0.6773542397307608,0.9211395579533413,0.93786421469364,0.9317220880869532,1.0000000000000002,0.9694472648945873,0.6386156178477684,0.8549060518029006,0.6535597982439674,0.9142061016514946,0.43860738969867985,0.9672458526598149,0.48441197206749015,0.0,0.46806750902595917,0.8745735174720134,0.5468522194660385,0.9274103049887201,1.0,1.0,0.421403822884463,0.4771505443209174,0.9791894377701402,1.0,0.9859679330885626,0.9633616851609541,1.0,0.880572924893131,0.9772695338784197,0.8461457371200239,1.0,1.0,0.45151835375033744,0.606226308209971,0.36428095787934,0.9999999999999999,0.8542911413172712,0.8586061918185722,0.8849157975813038,0.8688707894467207,1.0,0.5090807749030247,0.9448378028416233,0.8795828247041206,0.9862264090902829,0.8982639581005655,0.880738992011399,0.0,0.9347611716040374,0.9242101279600732,0.9419265813466275,1.0,0.7525677345902818,0.5825018731625683,0.9111054954453217,0.8946796786239675,0.8790640002246107,0.9743477695764696,0.7849169203055344,0.9244451706498484,0.9431443036687642,0.8366319786745932,0.8344205625963144,0.923762322609762,0.8663287265152524,0.9223251147799414,0.957179025505643,0.9999999999999999,0.7497288328718835,0.8301055837623106,0.716494677740655,0.9999999999999999,0.9375277823409524
0.0,0.5820086391848746,1.0000000000000002,0.0,0.5022134921185816,1.0,0.4178878288401097,1.0,0.7099268051027224,0.3903896953446806,0.4632203231816514,0.456639806994885,0.4272014756062612,0.5162607473400008,0.6333101712521724,0.5942887188072284,0.0,0.5377990698257855,0.49229906363492526,0.7070758019506325,0.4225303665085399,0.5966539516727792,1.0,0.38683842981693645,0.6171560026687863,0.5100220420340358,0.9999999999999999,0.4406945053284964,0.5445567292973298,0.6030014721826066,0.43745308135708505,0.9999999999999999,0.39047115312052494,0.5701320101129443,0.2979104754042623,0.6027880556098273,0.557406807812574,0.3786133435671607,0.4390705483974482,0.720516564635892,0.6594733186155854,0.7592089783842197,0.6937893753884085,0.5899366878024762,0.44933633832168884,0.42172340501979816,1.0,1.0,0.7192879218356518,0.6976869215119026,0.9347611716040374,0.0,0.9143557136980812,1.0,0.6352746725897335,0.9840669267713184,0.5532908414950312,0.7226053532054653,0.4235635852788546,0.5671975256337597,0.9999999999999998,0.6363911451045461,0.915180802837735,1.0000000000000002,0.914547400826037,0.8609854278273634,0.9999999999999999,0.9368052310738938,0.6887050930678601,0.9690947245452955,1.0,0.9749500013901193,0.4929435391894262,0.9554344863286214,0.6282526567756992,0.6295692703015139
0.6183952246114142,0.59266331272626,0.9551408789248755,0.3640619430518437,0.893995408520323,0.94943086678023,0.5278827696872201,0.8445532876857978,0.9202155845160561,0.47367385540179086,0.91201278089035,0.31349461834510467,0.8339845051548057,0.6500732399957118,0.5870871280132868,0.7472018791536275,0.0,0.7332733209597455,1.0,0.6636101940372828,0.6431351416464584,0.6848561031749726,0.9841708818572301,0.0,0.6987410629447243,1.0,0.9263852481949952,0.9272984642321697,0.9740281760234775,0.3836595423388711,0.9999999999999999,0.9215537734572007,0.32997489821494896,0.9184643122200074,1.0,0.5838039275554676,0.6691967513609978,0.0,1.0,0.9235430456081162,1.0,0.9122820101853593,0.7752571473822552,0.9890794483533458,0.4109313403609725,0.9125683739642804,1.0,0.9068779867748826,0.7283921609319931,0.6426009216204276,0.9242101279600732,0.9143557136980812,0.0,0.7961005377129985,0.37933461196549856,0.5188279348445936,0.5624510157875772,0.9999999999999999,0.5245074290531171,0.832286129978703,0.9693127989914024,0.3748274905215723,1.0,0.7875630111364358,0.8290283593057145,0.7453462164255638,0.991394696038799,0.852973042140415,0.8558289503455174,0.9419283130295697,0.9648708592683752,0.8877242314329623,1.0,0.9776746094438709,1.0,1.0
0.0,0.6562168422063914,1.0,0.19873882347430394,0.5885827152207996,0.9838689868836954,0.6407316032583079,0.9467118193784538,1.0,0.2399305490610574,0.8569203914722847,0.36959396854454013,0.4830772149139134,0.8352361205211118,0.6398352825830211,0.0,0.0,0.0,0.7975859043256737,0.3676302536754976,0.4019940167710706,0.618969153432946,1.0,0.0,0.37437650888065555,0.5123438489432339,1.0,0.5281700777294083,0.4343580027090551,0.7020764305899643,0.4774870688452197,0.5317968437176848,0.20219043860753377,0.3656769831354707,0.3025396916499364,0.9081961435688674,0.2279555841114876,0.47584251926842364,0.9794161303594979,0.5570798720973759,1.0,0.9999999999999999,0.9923052893268645,0.9896282457739218,1.0000000000000002,0.30552782389137023,0.9999999999999999,1.0,1.0,0.938982045457207,0.9419265813466275,1.0,0.7961005377129985,0.0,1.0,0.9861884849567885,1.0000000000000002,1.0,0.7593771339934904,0.4535054156999856,0.3699101860402726,1.0,0.4579130680424468,0.9177523380523969,0.9505344656647492,0.4746774843766024,0.9717667957812283,0.9999999999999999,0.39514439116673916,0.5885993308802424,1.0,0.8827168830834135,1.0000000000000002,0.8413879012553573,1.0,1.0
0.5644030735124641,0.7243546198452552,0.371034384233371,0.0,0.0,0.6624090407457202,0.39486219517618626,0.5667979208944899,0.4400745393602057,0.7003369705602249,0.42755877106316265,0.6597546756247232,0.9711370534887792,0.0,0.0,0.6952919245336555,0.8647859024769912,0.7087458778842878,0.8561461113700757,0.9367153419878997,0.4620189728742506,0.5374976816947576,0.43010470146284846,0.6178429991018115,0.7748215020226785,0.7984265579885959,0.5816500625985934,0.8273596873504626,0.5612838192866865,0.48442683341596915,0.8842546762747993,0.6631500694301128,0.6772841427090414,0.8384903496616226,0.7686446570573499,0.28323951917555246,0.5232551742659016,0.6135589308993019,0.9115063825548579,0.9427039042123241,0.8417320769908153,0.845023873527788,1.0,0.761794356173654,0.860927892953661,0.6752439779603009,1.0,0.4224438373788907,0.9121910304328704,0.8163895907456046,1.0,0.6352746725897335,0.37933461196549856,1.0,0.0,1.0,0.8592875441841329,0.762999483963821,0.924741448373317,0.4634616579471309,0.8535906293883947,0.7185370732805206,0.8131614276864672,1.0,0.5869218077899164,0.482118491716902,0.997787545788576,0.5214280289231323,0.6792010698759187,0.8280885983309256,0.8042622399815514,0.6001122199615004,0.7244018532619645,0.6365833175681792,0.5535924610609935,0.8692771342050625
0.0,0.0,0.7673334897330836,0.20634056354403038,0.5830176666295425,0.789097366611826,0.6076433904040562,0.6246794408730454,0.8027484870768395,0.370194870099602,0.45630721636806804,0.2626501029084585,0.4247823392704294,0.579103021657495,0.0,0.0,0.0,0.0,0.9344397251275407,0.0,0.0,0.0,0.8576972217146669,0.36998671170988023,0.4924477359737486,0.0,0.8738373152972553,0.3409694146124278,0.4254471206932567,0.0,0.4665591269750706,0.6159698409857365,0.5251464242278338,0.3364331867760327,0.37822384220087624,0.4697582698115228,0.5810703487146672,0.3151836033529422,1.0,1.0000000000000002,1.0,0.9999999999999998,0.5870764770789646,0.9501247865657618,0.7575886469451553,0.3993703176270499,0.3585814609307407,1.0,0.8268871297562961,0.9776606231132706,0.7525677345902818,0.9840669267713184,0.5188279348445936,0.9861884849567885,1.0,0.0,0.9999999999999999,0.9999999999999999,0.4779698291868264,0.0,0.587018469773153,0.9999999999999999,1.0,1.0,0.6227462393427581,0.9549339936335091,0.0,0.6614746272745878,0.6616446608997825,0.9269999836624324,0.6419219557073822,0.9999999999999999,1.0,0.737883598240666,0.43789767740625407,1.0
0.603042912927888,0.6527234512675885,0.3622323466422932,0.3993770213684197,1.0,0.8967089637880269,0.3619189723394588,0.9872368075751752,1.0,0.603605287097687,1.0000000000000002,0.668981446190486,0.5999889606442861,0.5266593482535913,0.6096467883477248,0.5135298268431358,0.7778551061381678,0.710364680785321,1.0000000000000002,0.9999999999999999,0.605900194273409,0.42082862500882373,0.9403384783441577,0.7063271328097362,0.7591472585893868,0.8070396162669589,1.0,0.39436907829024553,0.5511759425622816,0.0,0.7855815181749297,0.34847297286476414,0.6751404569775402,0.5187209337235417,0.4698277331318813,0.7059415659167779,0.8047634191477895,0.7076448085441329,0.5606510551264411,0.7801797306796433,0.7347896396596032,0.6431461754865052,0.44932316076004314,0.5058522587270194,0.6055240691675305,0.7642793729558527,0.5266561142262287,0.4638949782484119,0.8374183861960772,0.7566620320886959,0.5825018731625683,0.5532908414950312,0.5624510157875772,1.0000000000000002,0.8592875441841329,0.9999999999999999,0.0,0.8071812523935908,0.3167054597534726,0.5039109508989256,0.7306723506753616,0.6184984472883851,0.610019305711791,0.7420895934213736,0.5028426167819776,0.5215439637383881,0.3696665216240531,0.7139788330720717,0.7304465190144186,0.7986849350946629,0.7385376709368852,0.4514886342188336,0.8306088417019818,0.6858610528180556,0.4404424139219939,0.8888268167982843
0.7434356214343643,0.6429692740372822,0.5043025163344146,0.36091873892620896,0.6588897032362848,0.9814987579764582,0.37299851466587314,0.9999999999999998,0.5971746050698161,0.6425421788110478,0.5986274909654468,0.6807439961881453,0.4482751865993549,0.7029518567715456,0.538005160841246,0.6338088482480462,0.4520643619357434,0.5331650128527398,0.46592952473429083,0.5385945340436599,0.5833921150100222,0.6459852268643416,1.0,0.7863191372567182,0.4771271214552309,0.7449887288348362,1.0,0.5497560269585092,1.0,0.3073639145974677,0.7229872938364365,0.9999999999999999,0.5792707253659891,0.3643160071488467,0.22980737029675635,0.5597806611356098,0.4235098748410899,0.32663514684848255,0.6716049588584038,0.7984533980178385,0.8236471549198726,0.9703300343494099,0.6718425695654068,0.7974328010856557,0.6157979041575493,0.929752887725876,0.9999999999999999,0.9999999999999999,0.815000438921016,0.6368531329088436,0.9111054954453217,0.7226053532054653,0.9999999999999999,1.0,0.762999483963821,0.9999999999999999,0.8071812523935908,0.0,0.8495355981886995,0.9216621138193168,1.0,0.9047271614137967,0.9999999999999999,0.9999999999999999,1.0,0.9965021259102484,1.0,0.9840211249647606,0.6877999474450305,0.9999999999999999,1.0,1.0,0.8486560332601094,0.8961698118738426,0.9308642223550497,0.7645722995304731
0.0,0.0,0.5741974236210594,0.0,0.589525490395619,0.5687230682800455,0.5055260702913159,0.5691398078756884,0.8951950819194748,0.0,0.6370251038369331,0.5340650780734573,0.5796226411871672,0.4484218883125983,0.52648234185972,0.0,0.0,0.0,0.5083036924957205,0.0,0.0,0.0,0.76584082579652,0.0,0.0,0.0,0.8700040855527807,0.422319010718179,0.702035547327126,0.0,0.0,0.5784184340324163,0.0,0.608685498223299,0.7509748081915579,0.44705328216480955,0.0,0.0,0.739207109882039,0.5164411490932085,0.789524466525698,0.727485923294284,0.30974175455080377,0.2912955150968711,0.6521728023497724,0.9999999999999999,0.6014832161591253,0.8910251152382518,0.4780365115254044,0.6450875224155639,0.8946796786239675,0.4235635852788546,0.5245074290531171,0.7593771339934904,0.924741448373317,0.4779698291868264,0.3167054597534726,0.8495355981886995,0.0,0.0,0.5119966259450821,0.5003638788606801,0.5608475931826427,0.7491759341336596,0.5127641413939587,0.9380798976667544,0.3577571208403324,0.7895889115982087,0.5353053900620289,0.6375414007524072,0.9999999999999999,0.8796768670728831,0.48290548727736393,0.5333463860752835,0.46914862140146424,0.8639122993253681
0.591180955517451,0.821923266310179,0.4509276734351547,0.0,0.5019288443355203,1.0000000000000002,0.5805755132595494,0.6724207852314351,0.44709873330991573,0.772666059878462,0.0,0.4009402326284215,1.0,0.0,1.0,1.0,0.8287908621222464,0.5434969783283133,0.0,0.9999999999999999,0.959726980527329,0.9695247457344959,0.9698070259952408,0.5906557319379369,0.3448101240105095,0.9999999999999999,1.0,1.0,1.0,0.5315527351631727,1.0,0.9999999999999999,0.9154497731766741,0.9569664085268518,1.0,0.5908273728968889,0.4389254538733213,0.5686193779469879,0.8458715725589459,0.829516216312077,0.8829016949794452,0.890253923880081,1.0,0.8194540087865784,0.5760309275662697,0.680744089194566,0.9150873615910904,0.634835522524579,0.47147988054074375,0.4838898892859994,0.8790640002246107,0.5671975256337597,0.832286129978703,0.4535054156999856,0.4634616579471309,0.0,0.5039109508989256,0.9216621138193168,0.0,0.0,0.9982464265350449,0.4706526135393614,1.0000000000000002,0.0,0.7009920480261491,0.8219816694123391,0.7457130965155709,0.7072797044473964,0.7711483930344064,0.9299561062840169,0.8562510879825873,0.6613058319255246,1.0,0.9404233158336067,0.828729011643896,1.0000000000000002
0.9520687008975955,0.8546675296465008,0.0,0.0,0.4541965455242736,0.6311869636755257,0.677177598914078,0.3819584469921858,0.7544428829040699,0.6120962267205504,0.0,0.6239336583464046,0.5667138023547907,0.0,0.9972393889364206,0.8079132787970911,0.5711876601140523,0.8236162909462912,0.0,0.5474735986227851,0.9216702861312104,0.7679874895616835,0.45940831426957124,0.6558028148845897,0.8062832342958389,0.9039237824788763,0.6854799396803049,0.46657300535413426,0.44352359789863627,0.0,0.7857379430426543,0.856520645151753,0.6988141431659602,0.8153866711563246,0.7499968140789774,0.3561852946038141,0.0,0.6232094740550589,0.9907254136865812,0.7918838228901514,0.831308506419052,1.0,0.49878156010383323,0.0,0.6263759497319952,0.750553590562559,0.8092357204898901,0.4643186402657875,0.0,0.35829970722095805,0.9743477695764696,0.9999999999999998,0.9693127989914024,0.3699101860402726,0.8535906293883947,0.587018469773153,0.7306723506753616,1.0,0.5119966259450821,0.9982464265350449,0.0,0.7728660110796273,0.7594431980113893,0.9560192857296187,0.7952603476800105,0.8622703343786163,0.8575518169477622,0.8937334156658494,0.8175824073373308,0.8738080405119675,0.8878610301752524,1.0,0.9510223189794843,0.8624594723057321,0.5727134458183113,0.9188357450151415
0.31356579387634526,0.7736815758354806,0.0,0.0,0.0,0.0,0.0,0.0,0.0,0.7835457471160815,0.0,0.7089937214448375,0.40299273164064264,0.0,0.5227256796036445,0.5860088699509918,0.7989315152235825,0.6891613329758108,0.0,0.390172219350058,0.0,0.5017173143051012,0.630993063386338,0.6778250919142312,0.7811646639056584,0.835060132973477,0.0,0.3714538894949343,0.4943474119095641,0.0,0.6190412522197161,0.5700446156774888,0.5381885442899885,0.6649708198405406,0.513316756595239,0.0,0.0,0.4960801427785444,0.8413894879898768,0.7678133499380596,0.9525262778609657,0.771426019327503,0.5798705040399259,0.33708871263587725,0.6561501534695082,0.5569401546616157,0.6329671844432455,0.5619537253123373,0.0,0.7791260320678729,0.7849169203055344,0.6363911451045461,0.3748274905215723,1.0,0.7185370732805206,0.9999999999999999,0.6184984472883851,0.9047271614137967,0.5003638788606801,0.4706526135393614,0.7728660110796273,0.0,0.5387290720589691,0.4043706331463476,0.7373519621223443,0.37023153391463137,0.9296240653598034,0.24397211155119855,0.7696023208476448,0.7172277053650453,0.8102037781236705,0.5733567977660697,0.8537608930397979,0.8631019862091626,0.4720291230464119,0.855241028111664
0.8398187295609281,0.7308245389831228,0.0,0.0,0.0,0.6156132751778822,0.5320380962484959,0.6527856338370494,0.0,0.6457314484185769,0.0,0.6326639871443817,0.565553495856802,0.0,0.7585488825712272,0.7677868144458493,0.8518435162504805,0.7036422520570411,0.0,0.5990716683584615,0.5946428775624344,0.3928460406090425,0.47460823082545583,0.7606592226599039,0.8227205699323322,0.8576480042603238,0.3190743515394739,0.486051433666518,0.6282944409405189,0.935740514791922,0.8548582553088567,0.6699544617574086,0.5622308823647534,0.7215618116767308,0.5474162115025345,0.960605730630059,0.0,0.5524303408386211,1.0,0.7620890332367046,1.0,1.0,0.4600817060818389,0.8597658885420414,0.48832684313024644,0.8515074232169427,0.8697362864866172,0.4990632833252059,0.371324474778407,0.870402233778306,0.9244451706498484,0.915180802837735,1.0,0.4579130680424468,0.8131614276864672,1.0,0.610019305711791,0.9999999999999999,0.5608475931826427,1.0000000000000002,0.7594431980113893,0.5387290720589691,0.0,0.41146577067531787,0.8052650092125958,0.8872829132901983,0.8767713841105126,0.9419840577726929,0.8456999139791773,0.9422368338574038,0.9135259309660223,0.9999999999999999,0.965971483721371,0.909436194415608,0.5035372587187177,0.92624825736383
0.0,0.0,0.8189104132391781,0.0,0.6436097203483291,1.0,0.6127943194382703,0.8804723989155178,1.0,0.49984616973303886,0.8037227986954244,0.4280229880099618,0.5060884956248818,0.7234043837142841,0.0,0.0,0.0,0.0,0.9797326718701185,0.0,0.0,0.0,0.8992632061119332,0.35653479106698027,0.0,0.0,1.0,0.6897321186207301,0.6497372314594384,0.8850917140446526,0.6591516913360749,0.3989678897565818,0.7210777134862318,0.4775828854470111,0.37750707881816653,0.7898794350146139,0.398644754759535,0.3728427934820413,0.9374838376506283,0.38578514626644056,1.0000000000000002,1.0000000000000002,0.814868942855835,0.9833134772922153,0.43144166950820584,0.0,0.6040033252127704,1.0,1.0,0.9847065548922258,0.9431443036687642,1.0000000000000002,0.7875630111364358,0.9177523380523969,1.0,1.0,0.7420895934213736,0.9999999999999999,0.7491759341336596,0.0,0.9560192857296187,0.4043706331463476,0.41146577067531787,0.0,0.0,0.5998259888293707,0.682202716746038,0.9651424680196219,0.6925649872445863,0.5007848945261161,0.5698971102378916,0.9362230113360948,1.0000000000000002,0.7469212071007814,0.4402272349233476,1.0
0.5768463464892722,0.8750802170948387,0.67305840755616,0.0,0.32105016391748953,0.961604485313518,0.4520311354745305,0.6398107403976478,0.5695367639959967,0.6309930633863364,0.48572157607897043,0.5557243008176174,1.0,0.0,0.9885461960869525,0.6456867572334511,0.0,0.6415820444412965,0.4676362636002449,1.0,1.0000000000000002,0.9999999999999999,0.9205467747702993,0.5561128741307779,0.6964568239131008,0.8750320070151614,0.9176515921754068,0.9999999999999999,1.0,0.9745529516110696,0.9780942381057771,0.9999999999999999,0.8040451845607056,1.0,1.0,0.44561625242850744,0.48304418353922607,0.48144231475558186,0.988846397334884,0.9749145513871706,0.9938793579249934,0.9957334491198943,0.960318870942851,0.7716891503193888,0.591992333065258,0.676034702906025,0.9644099886899862,0.9649489425934323,0.45251150006824936,0.8876150403611427,0.8366319786745932,0.914547400826037,0.8290283593057145,0.9505344656647492,0.5869218077899164,0.6227462393427581,0.5028426167819776,1.0,0.5127641413939587,0.7009920480261491,0.7952603476800105,0.7373519621223443,0.8052650092125958,0.0,0.0,1.0,0.8494765516159081,0.6267405671138457,0.5639728287642707,0.9531915554782424,0.9232863188705891,0.5948174293284412,0.9634128248096512,0.8901532618771004,0.9239185776752703,0.8748539831065235
0.9197728184011769,0.9470494285733707,0.43784920283483864,0.0,0.5295325538924951,1.0000000000000002,0.5828000257322471,0.6030890381138503,0.5676092644224366,0.47773679534086927,0.0,0.7238903151711273,0.5996150038707386,0.0,1.0,0.64695211308126,0.0,0.6159651756926109,0.0,0.9436189968140782,0.8585265863117882,0.9693933402950236,0.8403559092179299,0.5231578496644824,0.6276974782615784,0.9924414133864963,0.865327442137315,0.574104903110954,0.882468836843195,0.5954333570428684,0.43480202567034393,1.0,0.8883855773185962,0.8017270463206148,1.0000000000000002,0.3709751494028716,0.0,0.0,0.8829172198592316,0.7331757558739075,0.7215559276573974,0.8010566956113864,0.9981653493431513,0.34555145857827113,0.39612991698488537,0.5820012032764371,0.8953509371886464,0.4524893072562155,0.2461401980585451,0.3592645749671756,0.8344205625963144,0.8609854278273634,0.7453462164255638,0.4746774843766024,0.482118491716902,0.9549339936335091,0.5215439637383881,0.9965021259102484,0.9380798976667544,0.8219816694123391,0.8622703343786163,0.37023153391463137,0.8872829132901983,0.5998259888293707,1.0,0.0,1.0,0.8357429159021715,0.7281032487515715,0.8387634475428981,0.8823753152322141,0.7384131671651608,1.0,0.8604495669861368,1.0,0.8923656043160034
0.882470357988298,0.8014807771736013,0.40632862560469474,0.36767047750829684,0.5587847611377679,1.0,0.6050902168965372,0.5691358145964152,0.5078266496987952,0.3950488072559356,0.5230117065737842,0.41671801242138695,0.4096841265463087,0.0,1.0,0.8310299530930285,0.5027663830824842,0.8240944504415422,0.49468135419016135,1.0,0.985329012267205,0.9858291851504947,0.9497704232582345,0.31022091951478054,0.791589189721913,0.8560454940245327,1.0,0.38578266806549943,0.9999999999999998,0.613668330324537,0.9708524841107317,0.9404485092253131,0.8808779151468654,0.7564615034266889,0.8969214349455643,0.611450169942185,0.900333522960719,0.4903408880269222,0.9458710737645039,0.9999999999999999,0.9659029946269728,0.9999999999999999,0.9999999999999998,0.9999999999999999,0.6897751974836281,0.8853293709722818,0.9094010415593726,1.0000000000000002,0.36731121217383,0.845501819347291,0.923762322609762,0.9999999999999999,0.991394696038799,0.9717667957812283,0.997787545788576,0.0,0.3696665216240531,1.0,0.3577571208403324,0.7457130965155709,0.8575518169477622,0.9296240653598034,0.8767713841105126,0.682202716746038,0.8494765516159081,1.0,0.0,0.7082362365849242,0.4547134614832862,0.9414302876102988,0.8501863242240967,0.8530612571711995,1.0,0.922535001571005,0.9156179472400561,1.0
0.6466224467974659,0.8683692181750347,0.9605320724396215,0.38506145125464697,0.5856583669392206,0.9755456738191389,0.9074309801288031,0.9999999999999999,0.9999999999999999,0.5256075634435201,0.9001659241697624,0.6133834563101591,0.9266353270927697,0.6143434296018732,0.9762588198469804,0.635605736690733,0.0,0.6601734062806535,1.0,0.9271179669218462,0.814144871769115,0.8724537485508367,1.0,0.7855488326850893,0.6054980060475185,0.9914095698266299,1.0,0.9876944490469566,0.9654621411283785,1.0,1.0,0.9785006932091462,0.728819648048261,0.9845286525224364,1.0,0.5870003161873685,0.49788415077749726,0.7402319650274599,0.9298410362205085,0.6625591218457323,1.0,0.8628081889151207,0.7740909137869124,0.9999999999999999,0.4108044869871897,0.8044125575242574,0.8608976238750821,0.9240155534086362,0.8035840586294198,0.9609434212089647,0.8663287265152524,0.9368052310738938,0.852973042140415,0.9999999999999999,0.5214280289231323,0.6614746272745878,0.7139788330720717,0.9840211249647606,0.7895889115982087,0.7072797044473964,0.8937334156658494,0.24397211155119855,0.9419840577726929,0.9651424680196219,0.6267405671138457,0.8357429159021715,0.7082362365849242,0.0,0.8691153375010974,0.9612293227202098,0.9049193011024338,0.9083206784031403,1.0,0.8091238014445279,0.9890130739399957,0.9926818077017517
0.5437612955674429,0.5171400919696155,0.0,0.0,0.0,0.3853790375600638,0.37249913337495894,0.0,0.4973682918246462,0.5598762399989133,0.0,0.6113893877041136,0.5121434714909852,0.0,0.37325003900786735,0.4375851736959784,0.7088704403168107,0.8408531518332835,0.0,0.0,0.6371071933247503,0.4378770391065804,0.3944324475159994,0.5209194476415612,0.8483929514266773,0.790686931344909,0.0,0.9676302651885923,0.4592530638714105,0.0,0.6575245159989369,0.31561895697923475,0.7368817397742856,0.7889592622159853,0.8657707695600085,0.6002724376430275,0.3460065586489519,0.623808052044058,0.8926006688686706,0.7518398201323075,0.8165812255215344,0.7350091699253832,0.5197457225343495,0.4235773619634135,0.6942095206906226,0.5040035174311894,0.5555141767070814,0.38272024987842596,0.5048049619927606,0.7200562265813347,0.9223251147799414,0.6887050930678601,0.8558289503455174,0.39514439116673916,0.6792010698759187,0.6616446608997825,0.7304465190144186,0.6877999474450305,0.5353053900620289,0.7711483930344064,0.8175824073373308,0.7696023208476448,0.8456999139791773,0.6925649872445863,0.5639728287642707,0.7281032487515715,0.4547134614832862,0.8691153375010974,0.0,0.8687557017808551,0.7532121257062403,0.8249574880926615,0.7802162219190629,0.4738209551045311,0.3945477397648859,0.8106970600163621
0.8496835877320985,0.661159122419799,0.6556140594140485,0.0,0.6020773977596247,0.5477782634766761,0.4936414934972541,0.4423407698623044,0.6750789380481036,0.9226679247081302,0.0,0.8100841070760175,0.4213159281044889,0.0,0.6203486010405955,0.6976011404622011,0.9266073767883529,0.7767669717703789,0.0,0.7229780875681293,0.5118946119958994,0.18360143062833142,0.6542210115238433,0.8308565087032601,0.8276792227002462,0.8557600271137873,0.6106339190863606,0.5282031492254323,0.4322797036787177,0.6169056066471696,0.7196693248879683,0.7160243184789803,0.6561712237941051,0.7221091643006169,0.5999374527185475,0.45763721553258646,0.0,0.12098084535512084,1.0,0.7109775264926865,0.8669707947021961,0.9052102275289956,0.8606810795537029,0.5045009041482796,0.5711598159266394,0.839533324773703,0.8299137750165725,0.6283884149551969,0.0,0.812432155355763,0.957179025505643,0.9690947245452955,0.9419283130295697,0.5885993308802424,0.8280885983309256,0.9269999836624324,0.7986849350946629,0.9999999999999999,0.6375414007524072,0.9299561062840169,0.8738080405119675,0.7172277053650453,0.9422368338574038,0.5007848945261161,0.9531915554782424,0.8387634475428981,0.9414302876102988,0.9612293227202098,0.8687557017808551,0.0,0.8539001865318856,1.0,1.0,0.9467633815576025,0.38598971454810055,0.9999999999999999
0.8683806564486442,0.8300266963084996,0.34764034344085926,0.0,0.5599214174945144,0.8565063910281703,0.6389764329999479,0.4361553835854972,0.4828042945624562,0.827763321349107,0.8544111710094864,0.772977072325119,0.697859123144244,0.0,0.9628189247358901,0.801125604846566,0.9164857120735294,0.8074828713592903,0.0,0.7386232180546622,0.8718690860479367,0.7809193443625184,0.921972927430345,0.8499537087346494,0.8653874119674229,0.8459932913127153,0.9377402679081286,0.5886069475144555,1.0,0.4716870914942678,0.7614997175815124,0.8159409692161591,0.6588690307583933,0.7549588304683932,0.8016097787546996,0.39689962523394934,0.2530978276315885,0.6781203564879147,0.9217861369011697,0.7405420828759093,0.7817538937603921,0.8543535529704572,0.9088103398744859,0.6395980310685119,0.7830538419775812,0.8193041570613142,0.7788526454227778,0.4829575991694406,0.4967735023266042,0.8503938380929927,0.9999999999999999,1.0,0.9648708592683752,1.0,0.8042622399815514,0.6419219557073822,0.7385376709368852,1.0,0.9999999999999999,0.8562510879825873,0.8878610301752524,0.8102037781236705,0.9135259309660223,0.5698971102378916,0.9232863188705891,0.8823753152322141,0.8501863242240967,0.9049193011024338,0.7532121257062403,0.8539001865318856,0.0,0.8561009602788432,0.8827240507915416,0.9249013526088183,1.0,0.8642299665604487
0.501949269196483,0.6785258451886927,0.9992475529058644,0.45647099556262916,0.6057341790197325,0.9466226632093061,0.5916963219060555,1.0,0.9999999999999999,0.5671316998052807,0.9999999999999999,0.3899538823493764,0.9122318370799354,0.7771940043243726,1.0,0.6265680258157852,0.0,0.5834541481672507,0.9999999999999998,0.9507541004391381,0.8170203007382884,0.9764885944189332,1.0,0.7625267894214163,0.5190568326934465,0.925121254531278,1.0,0.899570399361029,0.9678027296070237,0.9658307157312376,0.9090720265272894,0.9441537017203905,0.9999999999999999,0.9878908530064443,0.9750279663675833,0.5994412625140609,0.5608063227226859,0.6483930627051131,1.0000000000000002,0.8514297034129272,0.9518175942568269,0.8998947764229964,1.0000000000000002,1.0000000000000002,0.6037361130445024,0.8118901687993723,0.9014666920926093,0.8947733847947084,0.7486841573499649,1.0,0.7497288328718835,0.9749500013901193,0.8877242314329623,0.8827168830834135,0.6001122199615004,0.9999999999999999,0.4514886342188336,1.0,0.8796768670728831,0.6613058319255246,1.0,0.5733567977660697,0.9999999999999999,0.9362230113360948,0.5948174293284412,0.7384131671651608,0.8530612571711995,0.9083206784031403,0.8249574880926615,1.0,0.8561009602788432,0.0,0.9999999999999999,0.7255391489339895,0.9364011434404719,0.9475533718276921
0.49254433755101984,0.4428371679956448,0.9659762863915955,0.6378501177087041,0.40365411682703906,0.9999999999999999,0.4156246411321111,0.9999999999999999,0.5426348046175973,0.6440593641825259,0.5418075287996182,0.7341173349832716,0.5164963044277309,0.6427271906108478,0.5420431306444704,0.617834365979414,0.33235024844241506,0.7389882781136026,0.42086717744940055,0.9999999999999998,1.0,0.5741109847771917,1.0000000000000002,0.8280335504749118,0.6644333466068854,0.6357598413752268,0.9999999999999999,0.5944905752611247,1.0,0.5622645284144969,1.0,0.9819904098566437,0.8523985747726939,1.0,0.33456047895076513,0.5877237677718974,0.5067509651461409,0.4368111079872487,0.4216482426307517,0.8514932749504556,0.837160184848766,0.5063033427837452,0.2526551139269454,0.25055209789002586,0.5195630290951815,0.8771308392142555,0.9999999999999999,1.0,0.4869486583321847,0.5001983710732575,0.8301055837623106,0.4929435391894262,1.0,1.0000000000000002,0.7244018532619645,1.0,0.8306088417019818,0.8486560332601094,0.48290548727736393,1.0,0.9510223189794843,0.8537608930397979,0.965971483721371,1.0000000000000002,0.9634128248096512,1.0,1.0,1.0,0.7802162219190629,1.0,0.8827240507915416,0.9999999999999999,0.0,0.840976434375325,1.0,0.869600843815324
0.9730708265362464,0.984925323559205,0.7010643973283288,0.5284666132332516,0.45253910866841596,0.9752668639399272,0.3821914511237845,0.9319869885107926,0.48468038327524093,0.4259945719641244,0.9999999999999998,0.5010969388359576,0.9767133658238852,0.0,1.0000000000000002,0.7020254335257928,0.48325403133039263,0.5287407530317186,0.3966911182535341,1.0,0.9168924628805919,1.0000000000000002,0.9687578501297185,0.2960472695258874,0.6781980089128772,0.9758628536428571,0.9997041036412941,0.9334412202453661,1.0,0.8153461505041235,1.0,1.0,0.5866020331335471,0.9937273794616575,0.9825786246630408,0.5326177882369871,0.6598117029490796,0.6215587826162778,0.7815134256663099,0.8573641878233048,0.6084071376971546,0.7585563948324511,0.6180794157600724,0.6497487955196076,0.636775465579089,0.756183883057405,0.9383692054040325,0.575468086857301,0.48953441259002994,0.8662372503439558,0.716494677740655,0.9554344863286214,0.9776746094438709,0.8413879012553573,0.6365833175681792,0.737883598240666,0.6858610528180556,0.8961698118738426,0.5333463860752835,0.9404233158336067,0.8624594723057321,0.8631019862091626,0.909436194415608,0.7469212071007814,0.8901532618771004,0.8604495669861368,0.922535001571005,0.8091238014445279,0.4738209551045311,0.9467633815576025,0.9249013526088183,0.7255391489339895,0.840976434375325,0.0,0.870158639937427,0.7219552871497803
0.0,0.0,0.4570819954845623,0.0,0.0,0.8347085818729452,0.7385536339015326,1.0000000000000002,0.617028913021398,0.0,0.0,0.0,0.5506352479864071,0.0,0.45842602903625246,0.0,0.0,0.0,0.3392797020825421,0.40707283054270466,0.39225529776787077,0.6814438150393771,0.9722815245873757,0.0,0.0,0.48263924431697774,1.0000000000000002,0.4757842652856562,1.0,0.3847964103475632,0.31039159242915515,0.9999999999999999,0.0,0.47409627356279255,0.328698980557854,0.0,0.0,0.0,0.9484247404547236,0.38673330740747347,0.9881378371171343,0.900551952928744,0.5210669485386275,0.7539389505271478,0.7463383334752398,0.49160909008771386,0.6002382964440588,1.0,0.389264965530407,1.0,0.9999999999999999,0.6282526567756992,1.0,1.0,0.5535924610609935,0.43789767740625407,0.4404424139219939,0.9308642223550497,0.46914862140146424,0.828729011643896,0.5727134458183113,0.4720291230464119,0.5035372587187177,0.4402272349233476,0.9239185776752703,1.0,0.9156179472400561,0.9890130739399957,0.3945477397648859,0.38598971454810055,1.0,0.9364011434404719,1.0,0.870158639937427,0.0,0.950746950491958
1.0,0.928563323731938,1.0,0.0,0.40921867247893257,1.0,0.37405778585121663,0.9999999999999999,0.591078838173176,0.7990312041532487,0.5823820398929037,0.8579489603723145,0.45916769462311857,0.0,0.9999999999999999,0.8252258352925722,0.7743586509478622,0.8478015623388417,0.4576036603168477,1.0,0.8565759432325757,0.9076408739562581,1.0,0.5557847948546953,0.9260023340706629,0.9516593736380404,1.0,0.8523633902548784,0.9999999999999999,0.4008445117086503,0.9999999999999999,0.9999999999999999,0.6889427929395489,0.7021439720870248,0.6941719733291063,0.7427894556567846,0.27920270270444725,0.7915646228432328,0.8732786645226874,1.0,0.571139931902772,0.5446240570662001,0.7885431309619129,0.6641368838962954,0.8820898377042528,0.8671156214590715,0.9999999999999999,1.0,0.644250486096341,0.8459307822390214,0.9375277823409524,0.6295692703015139,1.0,1.0,0.8692771342050625,1.0,0.8888268167982843,0.7645722995304731,0.8639122993253681,1.0000000000000002,0.9188357450151415,0.855241028111664,0.92624825736383,1.0,0.8748539831065235,0.8923656043160034,1.0,0.9926818077017517,0.8106970600163621,0.9999999999999999,0.8642299665604487,0.9475533718276921,0.869600843815324,0.7219552871497803,0.950746950491958,0.0
