0.0,0.720159307549248,0.3108613029220166,0.0,0.3040682414394574,0.3020580137131855,0.34928745452105225,0.7066295013885544,0.4188332561259012,0.7931181521810077,0.537012207043112,0.7516531864906448,0.4496137724414471,0.4888416170624831,0.6716711073017081,0.9084490393925615,0.5935477801612603,0.9503788256209966,0.0,0.7733087364331044,0.4737776260492949,0.8396906899306577,0.7013681703390473,0.6177810192902421,0.7049080433347775,0.8953515699122383,0.7840629813628326,0.41061013075122954,0.43014929486523384,0.6050037387309695,0.674658444795678,0.5744572799084782,0.7007215531671982,0.6462792124909837,0.5820148860894379,0.5272429516602216,0.4803898883039528,0.6298827434303573,0.5784827066542688,0.649152747353703,0.6100838466122812,0.7464141968787301,0.37694169910503883,0.0,0.5247182782845345,0.8027289213945372,0.9474189512340097,0.0,0.0,0.0,0.3676629304692725,0.0,0.5621367700227105,0.0,0.7354371521971023,0.0,0.5399481689529746,0.6590946604250912,0.0,0.5881930284803185,0.8729433122731439,0.7075507789494776,0.8762893035925745,0.0,0.6273427120631058,0.788514335463894,0.9133707157989882,0.5456202125277991,0.7481501173272239,0.9339573986167371,0.9527561483010469,0.385320741388777,0.49035014515335684,0.4680175534369975,0.0,0.7370479108264775
0.720159307549248,0.0,0.39352222151333066,0.5541630505276871,0.329172794957729,0.5960547441588386,0.7555018277756028,0.8568886226988022,0.6181630113778984,0.4070919786409376,0.36408486742585733,0.433208007529404,0.7817699280241838,0.377381560919016,0.8471170214770366,0.8211384515473862,0.6392745298304138,0.9092479175452179,0.5839109034834556,0.8317689537223267,0.600102347683094,0.7805313492861856,0.8887468135635547,0.32845221259654683,0.7420397520410711,0.7170383255896583,0.9272801000363573,0.8832385481653783,0.6498854827501993,0.4510547005894563,0.5309859806693156,0.4115600923509979,0.3913362088114237,0.545494232006185,0.5430526941420517,0.4000601255034788,0.41114311575781076,0.0,0.3904564000283766,0.34320651978167416,0.45436696328416304,0.6207295624636929,0.5940918704449276,0.0,0.0,0.9315440244305438,0.7950231334100565,0.09923538144312088,0.0,0.0,0.7120296390875733,0.5725707660907456,0.6162581170977801,0.5846332261068233,0.6104616757062785,0.0,0.5625649262376208,0.5628138058827272,0.0,0.9399002056801521,0.6088279925656078,0.7010825100270196,0.8251884387368273,0.0,0.42195937523843674,0.6507911637125904,0.8115423108388512,0.8437186602675103,0.4965095890620477,0.8461536929130935,0.9991431960850995,0.7273139059303741,0.3838864260797939,0.523733989456857,0.0,0.6607772394663719
0.3108613029220166,0.39352222151333066,0.0,0.7359815516525334,0.9136774104275033,0.6376712984141024,0.8481981909421176,0.9730893738869232,0.5056947067683538,0.42622892680042873,0.8756015671746243,0.3179878462884401,0.9009502901887204,0.9516150560128487,0.5107078574811525,0.42647960617048525,0.526653804181684,0.5238060442197494,0.6752872292634305,0.5793042928949093,0.4107899673170523,0.8602285373854563,0.8279261383818958,0.45546095995272584,0.6670704404141911,0.264919184965601,0.636611709661702,0.9600392762790698,0.8925969835133717,0.5324963785515292,0.8101052164499245,0.9097612448294151,0.3808215374091574,0.9322846024899569,0.8481302761836738,0.9999999999999999,0.7987777039234527,0.3124186981471184,0.8359235282307562,0.6001574778600332,0.3801680695392895,0.6221135503512496,0.8007990444537195,0.5248069843398125,0.0,0.0,0.4850877418603127,0.9248703373221996,0.4981978422287172,0.7863676456062481,0.8345829433231445,0.7465199304838659,0.819373548387807,0.9751282715744355,0.3956067214754272,0.7325691273231565,0.34622318691303455,0.8155751699379681,0.5308282299487195,0.47113243070953914,0.0,0.0,0.0,0.8371111813581164,0.6808148537714915,0.48154312580598546,0.3795968796916982,0.8798666412947768,0.0,0.653428426637843,0.3320034205142427,0.9289218339443646,0.39710535922832135,0.6284178227437092,0.5118117383057975,0.6442840125180463
0.0,0.5541630505276871,0.7359815516525334,0.0,0.354119181047179,0.9350842733262893,0.4184018285444785,0.4446987670115048,1.0,0.21705194689129734,1.0000000000000002,0.2897635862180258,0.5549876740810247,0.2577651459529389,0.5461599020883265,0.2001801490519815,0.5155135706837622,0.3797599256250338,0.9999999999999998,0.8078671814662427,0.3544104522177545,0.7279291077833885,0.9045701234498336,0.2286691222710011,0.8087387080004016,0.49223510815809635,0.9181875450607238,0.5793807214472123,0.5090087009979094,0.5069833943142501,0.4121839661545901,0.3347632107377001,0.23988692443401124,0.6337872370369728,0.39338091989662294,0.24247490159252685,0.4510630999977465,0.12837671475015108,0.19007053266124108,0.3701771006134495,0.4770407393036537,0.3016812635557296,0.28057291036717,0.25903339992720903,0.0,0.0,0.0,0.458466497286527,0.0,0.0,0.6415924986806951,0.0,0.3682163781438753,0.06433017741170984,0.0,0.20278432815206313,0.4273503598398056,0.3810189975568796,0.0,0.0,0.0,0.0,0.0,0.0,0.0,0.0,0.39149864106599275,0.3851822093126992,0.0,0.0,0.0,0.4225436344853689,0.6115762301635128,0.5136430323597765,0.0,0.0
0.3040682414394574,0.329172794957729,0.9136774104275033,0.354119181047179,0.0,1.0,0.7332344735835558,0.8974607246594811,0.7046649452537337,0.6345208917377698,0.6600890371235543,0.5324370791882177,0.7572244290622279,0.439993112848215,0.5042096347157522,0.4385408221411874,0.7639982897381152,0.3858846664740412,0.8156315087033991,0.7383808901533487,0.4892170358759465,0.7523603881833285,0.8925483904198138,0.7633455426192631,0.7268423323250653,0.844302650846981,0.9874143437628047,0.3493523536669999,0.9473648785820618,0.4949758944555363,0.7178565587229854,0.36451153464422853,0.9858066456695254,0.6848785410983391,0.7868756260112363,0.3561735900639651,0.19610057672390868,0.5413835012839886,0.32491061482728667,0.48947420520467266,0.39409803101900526,0.5940409983637828,0.4380909574938143,0.6264100558381042,0.2878142829616521,0.0,0.5469086190130199,0.7830948340342293,0.0,0.6277954048241954,0.5122166703519109,0.44654360582169883,0.9748346034568247,0.6788377158661096,0.0,0.5269364736144362,0.44277896566648417,0.5680128426227605,0.6780874125709121,0.47780435500568447,0.45907627351423486,0.0,0.0,0.7360001283045756,0.30824227460298276,0.49001632138511053,0.45264336988985276,0.7145574547768236,0.0,0.601646248130628,0.5150367409538594,0.664268140564688,0.33641742294918836,0.3966082776643925,0.0,0.4180127521716318
0.3020580137131855,0.5960547441588386,0.6376712984141024,0.9350842733262893,1.0,0.0,1.0,0.8687598513120433,0.7481839022874628,0.7853834443495086,0.9166820742300663,0.36582448382624283,0.9100866452837753,0.8849985524370264,0.7937719212853035,0.6939411964912071,0.32110341172374834,0.6285468781043051,0.8683221223749515,0.6405226039610344,0.9793352944755476,0.6191175434125662,0.9778467781595648,0.3006951512111337,0.5654094189510454,0.8849792429461368,0.8549520253258628,0.9287662622174451,0.8372366987224599,0.920047703332291,0.8337247987401957,0.9787662812844353,0.8636229733813753,0.747438374412834,0.8300903915298165,0.9350305492365831,0.9716731869368255,0.3099413690090663,0.8472900815464494,0.2146830527129406,0.8105384227543417,0.9135975993317325,0.8014419799135167,0.4449707510155141,0.23349770263773217,0.44428006732628744,0.30561855981473995,0.8635741319098905,0.33202913975067605,0.6910501335166669,0.8713823239325715,0.9151522916205888,0.7651717903877897,0.9297095890728828,0.7211747800752903,0.7958918116155993,0.401580362795321,0.8889395264086133,0.4945297272308557,0.63057107006729,0.45341959073118154,0.0,0.555154104572517,0.7141211999075509,0.8939425198658707,0.31819536959050226,0.653321799593829,0.8646856152769496,0.41274100465712654,0.37196018940465936,0.7228330660815097,0.8781582306704446,0.8310756120718099,0.9173010653916073,0.8198904357561871,0.857249296406757
0.34928745452105225,0.7555018277756028,0.8481981909421176,0.4184018285444785,0.7332344735835558,1.0,0.0,0.8061134888899136,0.9566478493050141,0.6138589482564462,0.8344862606715632,0.36584956385737927,0.8614158274840835,0.7698647023306944,0.4172489917414663,0.8364752062197852,0.7112284704794765,0.7761235960503098,0.8371476404795556,0.765679092472481,0.30009949597309604,0.8211706771997686,0.9866888996508414,0.6237153641317817,0.629234199966001,0.7060433267419395,1.0,0.5552311325449522,0.9872736922735377,0.3592876820318945,0.7155950212626601,0.9709392626564872,0.7390652494463571,0.5603238298511842,0.5862578542149752,0.7566411794925602,0.4303162609541793,0.796217308039053,0.48360706780437773,0.4386139244029974,0.7171053210722744,0.6324223810651435,0.6009261363907534,0.7927615993776,0.4153219272196763,0.0,0.5391480302149906,0.7060429712727098,0.0,0.5594419261902225,0.8497135599745105,0.3451029043852986,0.7747694958950528,0.8988151887686628,0.3774226496744544,0.6365368479344574,0.3725964224351731,0.29362365980467986,0.4884703617119869,0.5425945836612107,0.6566837539728627,0.0,0.5596317754879281,0.5251189196073343,0.4130140237268655,0.6002695261563675,0.5003266316991393,0.8692756021033945,0.3925667173824498,0.4465580572540067,1.0,0.8353808907193198,0.31678857509121233,0.27729785966659937,0.6488659769697693,0.30589188015164165
0.7066295013885544,0.8568886226988022,0.9730893738869232,0.4446987670115048,0.8974607246594811,0.8687598513120433,0.8061134888899136,0.0,1.0,0.9418497151190885,0.7913012272271618,0.5573521389856604,0.907860965570754,0.7011763755913827,0.7722491972323879,0.9555289406687069,0.3613282228656044,0.8106175242350961,0.8672840779229286,0.8051752081115172,0.9340343318436644,0.3985648430105954,1.0,0.6833900441350098,0.7940294107923916,0.79079363237285,0.9624325600091275,0.9448291536889086,0.8335405261038185,0.9417732132171783,0.8114045872729305,0.33361794739311357,0.8860221784913292,0.7537285313209026,0.7951200818659293,0.5221469328321077,0.47979573321517144,0.5700907078575775,0.533731708532848,0.43401127540549084,0.6068755043894325,0.9269638874403265,0.23342424976388565,0.36618531102902785,0.0,0.5421983534652282,0.4867638259356857,0.7393420517627898,0.0,0.6347568106746844,0.9203141964562569,0.9161495481431275,0.5360227239256095,0.791357627017891,0.5640261885942651,0.3157748539190596,0.9123470004109051,0.7906619059026481,0.29357226664463587,0.9390961492258905,0.34228526811508037,0.0,0.6111961966256813,0.6195662287052791,0.9235739312671214,0.6961140165826518,0.4997741983353514,0.8144555200174997,0.0,0.42598484678389936,0.32268514757117417,0.8905953293953922,0.7693813428907564,0.7407684692900169,0.4975518768848313,0.7598817624939946
0.4188332561259012,0.6181630113778984,0.5056947067683538,1.0,0.7046649452537337,0.7481839022874628,0.9566478493050141,1.0,0.0,0.7733298991630347,0.4946760408617974,0.8445572204770204,0.643709182853566,1.0,0.6580953304114545,0.8126487615002347,0.33881789120281625,0.6183045872764221,0.5977152136143828,0.6602709227889982,0.3794990182036899,0.7196975696612155,0.9814068388848022,0.8662529005225026,0.5591304187186776,0.37147887995618745,0.6625687253438559,0.9612415436893845,0.7526767975562586,0.9999999999999999,0.8553626545748241,0.9651313264524016,1.0,0.9045918133152322,0.9720008443493349,0.9999999999999999,0.9325634109460326,0.939357097696932,0.7230206516958981,0.5449380599143133,0.33807124276951395,0.35575301686395017,0.8139287734170982,0.39752746277754464,0.4102865488699371,0.0,0.45319462283947065,1.0,0.491185355304101,0.9660019955296597,0.9443238007875411,0.9864611745412988,0.824267276141655,0.8661657340429438,0.4933489673586482,0.7880136824119,0.42876679977221666,0.9976251241170114,0.7802992151829686,0.357149878614838,0.7022377671854558,0.0,0.0,0.8469521563698507,0.5272495576296662,0.6223212395541624,0.45861189695887283,0.9251318643776946,0.48222644873794523,0.6587035220043702,0.34915860036618895,0.8995812748470111,0.35129076657688796,0.3620286807354477,0.5926718376081223,0.4621851446973055
0.7931181521810077,0.4070919786409376,0.42622892680042873,0.21705194689129734,0.6345208917377698,0.7853834443495086,0.6138589482564462,0.9418497151190885,0.7733298991630347,0.0,0.7780673488966211,0.6806001275951854,0.7561257898272903,0.11210161977638697,0.4419118919056335,0.3893113621711985,0.805061539121985,0.7907256025490071,0.9247790500405871,0.2989134224496398,0.8984239887695906,0.3970232723102639,0.9059788819052826,0.849903788141189,0.8868555198898603,0.829864003737478,1.0,0.7350530449861241,0.29998469484202855,0.29279113039261073,0.5847448835330779,0.5977706677993184,0.7777887194187058,0.38244059970205513,0.51742430257311,0.5084689840144093,0.3591909403468315,0.5086679841876484,0.5159065786257633,0.251781755455188,0.6681615895834729,0.6290576391724265,0.3820959540164109,0.3840251949804181,0.41649743443532095,0.8442407103807367,0.5085388550884302,0.346887897260141,0.3473132531517785,0.5237809838103554,0.5591007953082437,0.5563374673653894,0.44478399922169976,0.23501932574396264,0.581796331979395,0.3932982288485272,0.6624666462448442,0.7887792702135773,0.0,0.761995776971524,0.6787488729177733,0.6806661412301686,0.6671358615792816,0.4821615050327611,0.6410155416088191,0.4666546058019913,0.6185965998240351,0.441382535689282,1.0,0.7368796057756256,0.8519507887282144,0.590051507778328,0.6458531901287737,0.39034135571959816,0.0,0.7306754588928978
0.537012207043112,0.36408486742585733,0.8756015671746243,1.0000000000000002,0.6600890371235543,0.9166820742300663,0.8344862606715632,0.7913012272271618,0.4946760408617974,0.7780673488966211,0.0,0.3621168355724955,0.8993383150640168,0.5664553283140299,0.0,0.5297464438477337,0.2892812928118935,0.37554475480216,0.7013625175704901,0.45705148756600755,0.5120949212752319,0.39763754357380976,0.7181275078336468,0.9469723601629632,0.742054444253752,0.9001715003927658,0.9081075389725404,0.9557414012174442,1.0,0.47821250568200563,0.7925907549806285,0.7891089046911357,0.8371670248505068,0.8028819313100128,0.8536241879376404,0.572384614499681,0.8730497502090515,0.9520836297817102,0.43055883766287534,0.54900538822796,0.4261002996108001,0.5447805516517652,0.45207758809900034,0.3782392342259888,0.42942605171951104,0.0,0.0,0.8087004873912669,0.47312301216502617,0.5566102305593804,0.7820905054531782,0.7793591908103725,0.6088265789421199,0.890669485373033,0.4368523723485751,0.5266354920012113,0.3251226960791966,0.8900345301771591,0.6213593578344577,0.0,0.0,0.0,0.0,0.3308296591369738,0.4810041299059417,0.0,0.5139929338355568,0.6625437075292511,0.0,0.0,0.9012383773887893,0.8062754332816807,1.0,0.2960389720811381,0.0,0.4921351215605429
0.7516531864906448,0.433208007529404,0.3179878462884401,0.2897635862180258,0.5324370791882177,0.36582448382624283,0.36584956385737927,0.5573521389856604,0.8445572204770204,0.6806001275951854,0.3621168355724955,0.0,0.6124181210957548,0.5546979652324672,0.3689445935957717,0.43802891645791286,0.9041876788320583,0.5369802082743321,0.3489895372401478,0.5694080645547905,0.7182321560609449,0.3101795807830138,0.23931844844672748,0.6346180700391183,0.9300224135538093,0.7028032049503734,0.49822253825294993,0.5527929323910994,0.6577089295908292,0.3335638485716331,0.3500843277171369,0.37805822375103615,0.49915893427533,0.0,0.0,0.4707464383589185,0.5143878430232233,0.2596614356728835,0.6054019122130345,0.20358497602119302,0.7145870732710212,0.29502929280487955,0.3362102262468159,0.43563989523272423,0.5522990874332501,0.29965586927399507,0.6066150182081286,0.191897983972168,0.1471390277715047,0.44065155453304056,0.6028444762843704,0.4588477123272525,0.23289059928019745,0.3973538043008811,0.5857300354312964,0.26804583996039055,0.6973508060469256,0.6176895573266528,0.5265742711434922,0.40110136427544585,0.5713397480543946,0.6872407133307812,0.7085802945009919,0.3599298546183261,0.5286084948840941,0.7311082564007994,0.7768001173309357,0.5764194913450272,1.0,0.741697608202198,0.9152988387074873,0.39468791963396815,0.6718191367443528,0.5716460617973779,0.0,0.5621159250674851
0.4496137724414471,0.7817699280241838,0.9009502901887204,0.5549876740810247,0.7572244290622279,0.9100866452837753,0.8614158274840835,0.907860965570754,0.643709182853566,0.7561257898272903,0.8993383150640168,0.6124181210957548,0.0,0.709256954801955,1.0,0.9016946339318054,0.8825420284745487,0.9798594651857875,0.8945638033891317,0.8184638854025905,0.8785374790026349,0.8161651660483658,1.0,0.7190144664791427,0.7733903662163516,0.8365167352728546,0.9999999999999999,0.902411082801384,0.9384904667557075,0.6037067502916812,0.7987643606340578,1.0,0.9315666476009221,0.7454941632487228,0.785477135152282,0.6772914615557959,0.5290685178301338,0.7208666020346616,0.4774990155039139,0.5217524860589222,0.6006988353193236,0.6896270288740519,0.368023810935172,0.47157850674687185,0.45849958661554324,0.528057155865496,0.5546374923991267,0.862002194139963,0.0,0.4196911023593466,0.8755672894343594,0.7533620023950613,0.7655723207116693,0.38900827799260296,0.81110372003133,0.4597155289574173,0.4650922096869405,0.3916913457392886,0.6131967164210899,0.7801117998520781,0.5236392465773895,0.410669457247591,0.5465576410734196,0.49822114399203954,0.8819003971569963,0.5023444534039659,0.3384591406871734,0.8489402614938509,0.7337123937104727,0.3210159091070797,0.7637149019340855,0.9060146006498357,0.4053094332401439,0.8443440174856109,0.4966726984313938,0.822848531188907
0.4888416170624831,0.377381560919016,0.9516150560128487,0.2577651459529389,0.439993112848215,0.8849985524370264,0.7698647023306944,0.7011763755913827,1.0,0.11210161977638697,0.5664553283140299,0.5546979652324672,0.709256954801955,0.0,0.5109656956138476,0.39001866025412574,0.48061554890091485,0.5117748169097238,0.9447829646419946,0.42324858777582547,0.4224837404676177,0.36864188557825955,0.9031229775690802,0.5173507931626171,0.5403191020453315,0.42142863135232916,0.8984632609365105,0.38131464434409434,0.36586708674192703,0.8333404513580582,0.4024889848780104,0.15583622418513177,0.6742403297303042,0.7369489487343975,0.42427852478373046,0.22613043775079805,0.19321930055380854,0.43607013574606807,0.5221795346045469,0.0,0.7103778947533341,0.7415886501238542,0.5248085119373955,0.49817965945688064,0.0,0.0,0.0,0.8076198456624334,0.0,0.40100395375989917,0.5972114318006393,0.9004714932637836,0.4975032033132627,0.7528999700863733,0.0,0.6297814823885006,0.5233526723207145,0.6938882624961396,0.49157387728509555,0.0,0.0,0.0,0.0,0.6409980031424405,0.0,0.0,0.0,0.6306790872643273,0.0,0.0,0.0,0.746169672495649,0.632619967448881,0.0,0.0,0.0
0.6716711073017081,0.8471170214770366,0.5107078574811525,0.5461599020883265,0.5042096347157522,0.7937719212853035,0.4172489917414663,0.7722491972323879,0.6580953304114545,0.4419118919056335,0.0,0.3689445935957717,1.0,0.5109656956138476,0.0,0.8378051028509482,0.2731544334498287,0.8481338353151635,0.0,0.8677617572308612,1.0,0.7921574000405235,0.9790042520475185,0.4984493600848532,0.8370477198051028,0.8049192988621139,0.9232949119592625,0.8208084203250502,0.9632334811780087,0.9996080026311747,0.8354409027494202,0.6499009227620561,0.8223085718792744,0.7458675140835802,0.7641831444940429,0.762662256730622,0.9397156503030489,0.37368892159629385,0.7892392392444767,0.9257460784739483,0.8703453954405173,0.7349015536408529,0.44939847970896357,0.45229319061583606,0.0,0.620255057845501,0.9302774230112832,0.45591081419500445,0.0,0.0,0.6648620501400054,0.6355957276583993,0.4005081307880449,0.6116588469997015,0.0,0.0,0.6158451529588227,0.4193054681040989,0.49866477270718823,0.9060985890395743,0.3419339575839224,0.5604517252302285,0.6499363547251671,0.0,0.9101708770326001,0.9426087171421669,0.9742800352468006,0.9141300471877731,0.37467169087570784,0.42735529129503114,0.9999999999999999,0.8933368379332124,0.9192345742554366,0.7787283447513578,0.37031536501690004,0.9687908518124991
0.9084490393925615,0.8211384515473862,0.42647960617048525,0.2001801490519815,0.4385408221411874,0.6939411964912071,0.8364752062197852,0.9555289406687069,0.8126487615002347,0.3893113621711985,0.5297464438477337,0.43802891645791286,0.9016946339318054,0.39001866025412574,0.8378051028509482,0.0,1.0,0.7409613368985465,0.47058187699149895,0.9109132234521247,0.7980212553704408,0.853681027188237,0.8884127445191352,0.42641989428142735,0.8425790383519924,0.8694510081686778,1.0,0.92423578870743,0.8947110747225153,0.922389479584552,0.8760228791031877,0.6592227416569862,0.5586954144832659,0.6824083527573946,0.7225439240080839,0.710043830820187,0.6953991296636368,0.6452964622581928,0.5501420242194269,0.520050715682013,0.6555441476881984,0.5857358816678857,0.38389275435184395,0.0,0.0,1.0,0.8576233369594564,0.0,0.0,0.0,0.3640987373041324,0.5859800508636133,0.694790427487953,0.0,0.6647318661052455,0.0,0.49533478778777906,0.5755903565454876,0.0,0.8119723980128811,0.7637629817487479,0.5698933719741882,0.8109073930799662,0.0,0.969458726244606,0.8900448653562669,0.7900157203478761,0.9035050441841387,0.37225617348502976,0.955213501286467,1.0,0.8824647258713685,0.49969799429876005,0.6021367667264105,0.0,0.6481149589314366
0.5935477801612603,0.6392745298304138,0.526653804181684,0.5155135706837622,0.7639982897381152,0.32110341172374834,0.7112284704794765,0.3613282228656044,0.33881789120281625,0.805061539121985,0.2892812928118935,0.9041876788320583,0.8825420284745487,0.48061554890091485,0.2731544334498287,1.0,0.0,0.7336799173134587,0.5093358842624566,0.6044432953730283,0.43956751601851474,0.7952574408795148,0.3155051549171267,0.882732483539575,0.9840484020098804,0.8711775225167978,0.5467502456001547,0.8782290513437176,0.22297212851445944,0.5438952791703509,0.7655373228288462,0.6106480145905118,0.8345572066644072,0.7123621669007204,0.7740420685546554,0.8453317396054564,0.3390468744860211,0.5518205092398555,0.5106805367656734,0.27380097265867165,0.2960633447791007,0.5292797433909331,0.0,0.0,0.52799683609815,0.5772833653794465,0.7688798353536248,0.0,0.0,0.0,0.0,0.0,0.0,0.0,0.6058084210899995,0.0,0.9111373629378215,0.3964207908426425,0.0,0.75103357050548,0.5575408234723507,0.4916756518372399,0.5311318815137891,0.0,0.0,0.0,0.5058529009225553,0.0,0.9034358264832872,0.5817431315823903,0.7908058882065537,0.0,0.3621438955181905,0.49347092519404384,0.0,0.6170355862155169
0.9503788256209966,0.9092479175452179,0.5238060442197494,0.3797599256250338,0.3858846664740412,0.6285468781043051,0.7761235960503098,0.8106175242350961,0.6183045872764221,0.7907256025490071,0.37554475480216,0.5369802082743321,0.9798594651857875,0.5117748169097238,0.8481338353151635,0.7409613368985465,0.7336799173134587,0.0,0.40667002204952607,0.9606165436850974,0.8158432456150039,0.8660566560057685,0.7530915138453202,1.0,0.8598712249240407,0.9428714805452206,0.9999999999999999,1.0,0.7750268786096837,0.4664043029465677,0.8026597572851406,0.5557812115377847,0.7650810369665639,0.8012328314022873,0.7606158941655564,0.5861989375312944,0.26842462457398253,0.5043134607959848,0.46013720650288364,0.4930188253246624,0.5187849256238192,0.6427308274331794,0.0,0.0,0.6011467501999692,0.9437317902392882,0.9270493212476599,0.0,0.0,0.0,0.3940164083098894,0.5963088373161032,0.7331664384338641,0.0,0.33636134909445065,0.0,0.1798103497959487,0.5328805079886033,0.0,0.9522024198762743,0.7125235816537288,0.4589373054090638,0.5964254454637011,0.0,0.507840747556313,0.9291509822609099,0.6854790356788021,0.585782445348191,0.8851167086306897,0.7421022202971104,0.8394108266869742,0.47584121356782927,0.7114298516014537,0.3141580446244899,0.0,0.6510033697387342
0.0,0.5839109034834556,0.6752872292634305,0.9999999999999998,0.8156315087033991,0.8683221223749515,0.8371476404795556,0.8672840779229286,0.5977152136143828,0.9247790500405871,0.7013625175704901,0.3489895372401478,0.8945638033891317,0.9447829646419946,0.0,0.47058187699149895,0.5093358842624566,0.40667002204952607,0.0,0.609640726534888,0.3731206381874448,0.6269610342703171,0.7811169298508216,0.38956896396044144,0.42338391002553344,0.5119207545126943,0.718469646842653,0.945420309744899,0.6397096427541623,0.5935163982519572,0.787304566318964,0.9480528006385529,1.0,0.8466884305282585,0.901574386700576,0.9999999999999999,0.805569427416231,0.7103976184866052,0.5891488779337731,0.5763875522712023,0.3082260341053631,0.3689164309562252,0.7252754014152903,0.32685509780011546,0.42006715430475805,0.0,0.0,0.9781777659564923,0.0,0.7460558828935362,0.8168012814212596,0.8412299678297344,0.8110394479264726,0.9662955777330682,0.9008962876320814,0.7531409090468324,0.41957919867121596,0.7702329722602432,0.6024063308787868,0.0,0.0,0.0,0.0,0.7962368691012713,0.474662821840388,0.0,0.4778848549746971,0.8089993015547039,0.0,0.0,0.0,0.8921234534189785,0.38166123991193346,0.3543324307055064,0.37450358921039706,0.40872071336310817
0.7733087364331044,0.8317689537223267,0.5793042928949093,0.8078671814662427,0.7383808901533487,0.6405226039610344,0.765679092472481,0.8051752081115172,0.6602709227889982,0.2989134224496398,0.45705148756600755,0.5694080645547905,0.8184638854025905,0.42324858777582547,0.8677617572308612,0.9109132234521247,0.6044432953730283,0.9606165436850974,0.609640726534888,0.0,0.936486111255492,0.9499971564677205,0.7392407264875708,0.533511968412858,0.9573279530610711,1.0,0.9293750964205512,0.935087950139595,0.8063542128493578,0.8915328751848195,1.0,0.814252445554983,0.8255614667048521,0.9814039527001657,0.9018092695635509,0.5675826811240257,0.47930397911582207,0.6295528881763857,0.8571478237784371,0.8253134905487611,0.7785689047995327,0.8708473278939499,0.6898138174447863,0.28208281987151285,0.5373661180799958,0.6585679604246584,0.9572411125100907,0.3439474784718626,0.0,0.0,0.735516340219441,0.5922958502232226,0.8804063623133258,0.3569901783979012,0.9464652786039398,0.0,0.4376354988617486,0.7720398181628354,0.0,0.9626816728710089,0.4319032458339414,0.38065905784519977,0.4651018370570795,0.0,0.9490837126520626,0.8646292851488603,0.9995089057755399,0.8940302694383162,0.0,0.5520137629490947,1.0,0.8840958546991323,0.7789543673032345,0.7726196789291322,0.7658915307342886,0.8539021342646503
0.4737776260492949,0.600102347683094,0.4107899673170523,0.3544104522177545,0.4892170358759465,0.9793352944755476,0.30009949597309604,0.9340343318436644,0.3794990182036899,0.8984239887695906,0.5120949212752319,0.7182321560609449,0.8785374790026349,0.4224837404676177,1.0,0.7980212553704408,0.43956751601851474,0.8158432456150039,0.3731206381874448,0.936486111255492,0.0,1.0000000000000002,0.8781012400395118,0.5373380264521801,0.7334256674166288,0.8586237569455286,0.9024937739988949,0.8622557252847705,0.7338881310002434,0.8481189068207092,0.7615257624175076,0.6078290771173864,0.7587860853954159,0.6749272366422544,0.8655507343768346,0.49267862321429734,0.3969143531245448,0.5704911887642784,0.6807505991521551,0.7395649818026316,0.6462972360865716,0.6779767228575235,0.5690311238194582,0.0,0.0,0.7821724740225369,0.9737229368336402,0.6819856061667997,0.0,0.0,1.0,0.4182253624523047,0.6509949192949827,0.4611223745126286,0.45794848406489713,0.0,0.5446079713365413,0.9347870912950133,0.0,1.0,0.9110231228494076,0.0,0.5315966222844253,0.0,0.9750474558320424,0.712713003056904,0.9181393046169893,0.8115582515172529,0.6463976068888795,0.7514182552013343,0.9969954435045438,0.9161342028472108,0.9583557678017471,0.7324218865410468,0.37436255107199146,0.826487219956314
0.8396906899306577,0.7805313492861856,0.8602285373854563,0.7279291077833885,0.7523603881833285,0.6191175434125662,0.8211706771997686,0.3985648430105954,0.7196975696612155,0.3970232723102639,0.39763754357380976,0.3101795807830138,0.8161651660483658,0.36864188557825955,0.7921574000405235,0.853681027188237,0.7952574408795148,0.8660566560057685,0.6269610342703171,0.9499971564677205,1.0000000000000002,0.0,0.956616848535988,0.3287176192875063,0.9143459304475039,0.9289896492489736,0.9953446695033654,0.8596452194765666,0.8345430452825849,0.731536308154486,0.9650977924792523,0.7098197849788123,0.7035095391560104,0.9006530678711444,0.8416955609479073,0.7596780137043125,0.5972336081962345,0.4517673036045558,0.7089926214549487,0.7604317806611657,0.6890507978869269,0.7019843135871773,0.5609804429634038,0.36614749139335856,0.5426471640149917,0.4136770712283165,0.8928360351657456,0.5321993987297678,0.48067981892878386,0.4571783985141072,0.8435280381271423,0.6074398940351805,0.5504910236262887,0.5073140102121244,0.5772017748971039,0.0,0.4554000372445341,0.5473816204616921,0.0,1.0,0.7944483882589758,0.4594342197180339,0.550172658242198,0.0,0.8465089166984511,1.0,1.0,0.8468674462285605,0.4768098429491897,0.7231754536447424,1.0000000000000002,0.9266009746746423,0.7679472930792917,0.6784476519139628,0.6332847736534869,0.7210859970858176
0.7013681703390473,0.8887468135635547,0.8279261383818958,0.9045701234498336,0.8925483904198138,0.9778467781595648,0.9866888996508414,1.0,0.9814068388848022,0.9059788819052826,0.7181275078336468,0.23931844844672748,1.0,0.9031229775690802,0.9790042520475185,0.8884127445191352,0.3155051549171267,0.7530915138453202,0.7811169298508216,0.7392407264875708,0.8781012400395118,0.956616848535988,0.0,0.594047159686595,0.6456844533554181,0.7534962856279108,0.8902451262444352,0.8929721939036508,0.9230539420307365,0.8640751698920534,0.8451162896821675,0.9681888103496497,0.7372736442088491,0.8572992109346002,0.8886204752211223,0.936583980044202,0.8548217583247434,0.24681127602310438,0.8143867368610727,0.9114620242438999,0.7283968466857297,0.885491608069396,0.7663017652731013,0.7863547067299091,0.6450424683306938,0.5444137085777575,0.8929770969529559,0.877305217153191,0.40956948103864543,0.8971800369935468,0.923355577743172,0.9824031795191467,0.8010885228923977,0.9028005220867165,0.42890476593232335,0.7410846015128408,0.5668394544681086,0.8370072175214458,0.5179068159731677,0.8851846274212937,0.33349631404698726,0.6410155416088196,0.36890251905334587,0.7580790127141929,0.9484392578860845,0.7397986911357783,0.8864072391252003,0.8682789223052211,0.41709495935297725,0.4074980443565127,0.9204555843846174,0.8673068035826874,0.8337419725239194,0.8982487284681753,0.8547988390155796,0.7844679438243061
0.6177810192902421,0.32845221259654683,0.45546095995272584,0.2286691222710011,0.7633455426192631,0.3006951512111337,0.6237153641317817,0.6833900441350098,0.8662529005225026,0.849903788141189,0.9469723601629632,0.6346180700391183,0.7190144664791427,0.5173507931626171,0.4984493600848532,0.42641989428142735,0.882732483539575,1.0,0.38956896396044144,0.533511968412858,0.5373380264521801,0.3287176192875063,0.594047159686595,0.0,0.7815737386147261,0.7461811185020927,0.31732505271776695,0.6554962279328124,0.6240671224580839,0.552898845538535,0.6580895072860515,0.18581924091997384,0.3437742242431229,0.6715702085203114,0.7589700694441542,0.6307138307676577,0.37671325327619626,0.3245699470839424,0.43473970075816587,0.3784089556288093,0.5504933122783294,0.5005457582195528,0.565561865209764,0.5311895225551051,0.3772774731092521,0.5785495355339194,0.44682728746869393,0.0,0.0,0.3692267176040427,0.3913990641091242,0.3377587514322684,0.0,0.0,0.7388324575408722,0.41266745445864356,0.9352501792957401,0.8459898639188346,0.0,0.4821304410242021,0.8542792851378442,0.8488082435732766,0.8661948776482977,0.4049448929371754,0.43505183112827117,0.5239115893843969,0.9005937521753207,0.7685432552389101,0.6784660030057236,0.8125337166328234,0.9999999999999999,0.7092873193885152,0.8046921841666929,0.34037778916727474,0.0,0.5461180583250146
0.7049080433347775,0.7420397520410711,0.6670704404141911,0.8087387080004016,0.7268423323250653,0.5654094189510454,0.629234199966001,0.7940294107923916,0.5591304187186776,0.8868555198898603,0.742054444253752,0.9300224135538093,0.7733903662163516,0.5403191020453315,0.8370477198051028,0.8425790383519924,0.9840484020098804,0.8598712249240407,0.42338391002553344,0.9573279530610711,0.7334256674166288,0.9143459304475039,0.6456844533554181,0.7815737386147261,0.0,0.752683880525151,0.8767820112835979,0.7490977508072767,0.5282703841713237,0.3578827664830866,0.7645244916612559,0.5081185841470797,0.8456210501726692,0.6631811691856808,0.7065616711222079,0.792632127029001,0.4648503724458478,0.5100533974186688,0.4464668357217314,0.44371740845652674,0.6149903599735101,0.832446244818137,0.0,0.0,0.4363267648460099,0.9011464186702601,0.8885709022064782,0.0,0.0,0.0,0.3431411111950484,0.6241673906871164,0.6841720175590206,0.36865300712862414,0.3839142755524798,0.4589824159220187,0.4863264595434422,0.3234412114500626,0.0,0.9045764638845017,0.7284361548432107,0.45419242661123727,0.7822879091042899,0.0,0.7873223615200088,0.7120741185942548,0.8472393032764702,0.9952038373215494,0.7753594406206861,0.8029180308370494,0.8625162977272618,0.8574636802130069,0.5482887420308628,0.5927549518685967,0.0,0.6968264862531177
0.8953515699122383,0.7170383255896583,0.264919184965601,0.49223510815809635,0.844302650846981,0.8849792429461368,0.7060433267419395,0.79079363237285,0.37147887995618745,0.829864003737478,0.9001715003927658,0.7028032049503734,0.8365167352728546,0.42142863135232916,0.8049192988621139,0.8694510081686778,0.8711775225167978,0.9428714805452206,0.5119207545126943,1.0,0.8586237569455286,0.9289896492489736,0.7534962856279108,0.7461811185020927,0.752683880525151,0.0,1.0,0.8267652701475905,0.8902917594860845,0.4326436457137053,0.6773375413234038,0.5891684401941322,0.8142961307431681,0.6890034980846966,0.6259428615719226,0.477008704082851,0.5174975157828775,0.6335535632749854,0.5353421913613862,0.5307355529971842,0.8466423090474078,0.6769746138081165,0.3366373168066838,0.5434213155718602,0.16508692121169843,0.9057530498571459,1.0000000000000002,0.5594742241510376,0.0,0.0,0.8667675384436929,0.4871097897854893,0.5527360378712782,0.41805016167414377,0.7328710443927957,0.0,0.896660373481767,0.36277403145859677,0.0,0.9525380156589753,0.8937721177007698,0.673476059726401,0.8886895910881161,0.0,0.6101747326027696,0.8508450403082681,0.9493750573584055,0.9929957343884868,0.9546281862811817,0.9277313647535016,1.0,0.8138036759896302,0.5169419441748899,0.8293649229542399,0.472779931718239,0.9222839104903323
0.7840629813628326,0.9272801000363573,0.636611709661702,0.9181875450607238,0.9874143437628047,0.8549520253258628,1.0,0.9624325600091275,0.6625687253438559,1.0,0.9081075389725404,0.49822253825294993,0.9999999999999999,0.8984632609365105,0.9232949119592625,1.0,0.5467502456001547,0.9999999999999999,0.718469646842653,0.9293750964205512,0.9024937739988949,0.9953446695033654,0.8902451262444352,0.31732505271776695,0.8767820112835979,1.0,0.0,1.0,0.9568125942569108,0.9646507459435463,0.9429546417732108,0.9436469537820626,0.7780589848744859,0.8814559639857678,0.9223981107042123,0.8929651628706448,1.0,0.3998980726548067,0.8774218857259111,0.39828182913842497,0.7725536794079387,0.8453767795132763,0.7960480951280965,0.7977062016230526,0.4035266885978618,0.4244925637267035,0.9141286906676902,0.8885157854506051,0.2782230637080629,1.0,0.9009969338352497,0.8694793602976086,0.7510212937767502,0.9245335262481524,0.5687737054125648,0.7466795374915655,0.40735410524953125,0.8613691932527378,0.5758442415670404,0.913627978262782,0.4557433495582701,0.0,0.3239400535811216,0.8301879183084558,0.8999895745136642,0.817297555755717,0.8586483019388911,0.8785498225193152,0.0,0.4090284416175299,1.0,0.9058257108791868,0.8660372971290937,0.9178059216474532,0.8148127410595339,0.8008019900446786
0.41061013075122954,0.8832385481653783,0.9600392762790698,0.5793807214472123,0.3493523536669999,0.9287662622174451,0.5552311325449522,0.9448291536889086,0.9612415436893845,0.7350530449861241,0.9557414012174442,0.5527929323910994,0.902411082801384,0.38131464434409434,0.8208084203250502,0.92423578870743,0.8782290513437176,1.0,0.945420309744899,0.935087950139595,0.8622557252847705,0.8596452194765666,0.8929721939036508,0.6554962279328124,0.7490977508072767,0.8267652701475905,1.0,0.0,0.9302573705183198,0.6664345674099988,0.7641045357718121,0.9091878299599062,0.8470583273713721,0.5478769786850817,0.5439719505753281,0.7304284052088507,0.466410331710947,0.7904261163608471,0.6114482694998746,0.29325624712747284,1.0,0.8424777221999467,0.7322932467021118,0.514661483855986,0.5251052523224335,0.606397390467035,0.45265340372274065,0.8926115227691289,0.0,0.5836857349728946,0.9213018876057455,0.3843256930422594,0.8629333874410304,0.4224906652010717,0.5027006337195363,0.3098271718931209,0.8276039723280327,0.9392697642441556,0.3755938617786384,0.983058914455804,0.4329073705929859,0.34948647780693887,0.4340493938800674,0.6079501961281308,0.9722074535295805,0.8153979303508596,0.4029073430280434,0.9133195748231793,0.9255674223859878,0.7384045564863866,0.8861068810492735,0.9207366529621325,0.893411587688157,0.8584530016721684,0.421561390802333,0.9722925641043849
0.43014929486523384,0.6498854827501993,0.8925969835133717,0.5090087009979094,0.9473648785820618,0.8372366987224599,0.9872736922735377,0.8335405261038185,0.7526767975562586,0.29998469484202855,1.0,0.6577089295908292,0.9384904667557075,0.36586708674192703,0.9632334811780087,0.8947110747225153,0.22297212851445944,0.7750268786096837,0.6397096427541623,0.8063542128493578,0.7338881310002434,0.8345430452825849,0.9230539420307365,0.6240671224580839,0.5282703841713237,0.8902917594860845,0.9568125942569108,0.9302573705183198,0.0,0.8427807988515331,0.8417875476854897,0.7083221395157847,0.6829177163236586,0.8138412913322832,0.7986989361442002,0.8273717967767733,0.7076116330668083,0.544236935575364,0.7306044807818235,0.42737927433369505,0.7575847577472679,0.9444717068374651,0.6859118434065403,0.54224379071338,0.7224523515785435,0.5637772346086425,0.4006371574206578,0.7322705778185336,0.379890495507008,0.36650788668157064,0.8752372162419062,0.810033366183383,0.8570202030167366,0.3335762486877757,0.6143014852903188,0.38491911450910543,0.4709723051326694,0.8140826501633639,0.6479743870119299,0.8392510093114517,0.30699229507323045,0.4872268897725964,0.39828047617344814,0.6034684063345049,0.8404634697085269,0.6546357375684715,0.7234703210577613,0.842997635394049,0.50557442432227,0.3021199901288857,0.3653862225309328,0.8378424000352432,0.8172106320501263,0.7525308593493064,0.7869246713800138,0.8450698121777258
0.6050037387309695,0.4510547005894563,0.5324963785515292,0.5069833943142501,0.4949758944555363,0.920047703332291,0.3592876820318945,0.9417732132171783,0.9999999999999999,0.29279113039261073,0.47821250568200563,0.3335638485716331,0.6037067502916812,0.8333404513580582,0.9996080026311747,0.922389479584552,0.5438952791703509,0.4664043029465677,0.5935163982519572,0.8915328751848195,0.8481189068207092,0.731536308154486,0.8640751698920534,0.552898845538535,0.3578827664830866,0.4326436457137053,0.9646507459435463,0.6664345674099988,0.8427807988515331,0.0,0.7663083647421207,0.6607326820965216,0.9542773648073717,0.7905240518110154,0.6640714029544207,1.0,0.34517127613515824,0.516058284072013,0.7210891029415158,0.4761985511183131,0.45523390260946717,0.514589377422116,0.8087008370242015,0.2930408368929511,0.0,0.0,0.0,0.28317057351368913,0.0,0.0,0.41413288222738537,0.5711018077756824,0.3296455576008819,0.6593896718337937,0.5798192872956063,0.0,0.0,0.251633706162357,0.0,0.4821492001147859,0.0,0.0,0.9738779443635195,0.9665242088366466,1.0,1.0,0.5775182466186848,0.9221897746994211,0.0,0.6049798337834154,0.48932413725008284,0.9191692960669606,0.9226302230031429,0.4342759570752932,0.43271257243289085,0.39562746342814525
0.674658444795678,0.5309859806693156,0.8101052164499245,0.4121839661545901,0.7178565587229854,0.8337247987401957,0.7155950212626601,0.8114045872729305,0.8553626545748241,0.5847448835330779,0.7925907549806285,0.3500843277171369,0.7987643606340578,0.4024889848780104,0.8354409027494202,0.8760228791031877,0.7655373228288462,0.8026597572851406,0.787304566318964,1.0,0.7615257624175076,0.9650977924792523,0.8451162896821675,0.6580895072860515,0.7645244916612559,0.6773375413234038,0.9429546417732108,0.7641045357718121,0.8417875476854897,0.7663083647421207,0.0,0.6165822756539221,0.6739161910482756,0.38535926854548225,0.2962192961065987,0.8228497086867423,0.7487640601632984,0.24570604447568806,0.7835137343582788,0.42850036831564353,0.6779327515409943,0.6882357615151501,0.5876389848090307,0.4041575391137448,0.4660527378772831,1.0,0.8963773731240621,0.38170809945066675,0.0,0.7098508441109072,0.6629929213354729,0.3615217725759975,0.6769395954612073,0.38068978560117134,0.5004426649052108,0.500591613541805,0.40624136185050613,0.56902322082177,0.0,0.9406648214325665,0.7359350496448939,0.6879896838889425,0.665710169882359,0.7368699106227399,0.973485262122884,0.6815083379801193,0.8194857936174808,0.7993627073888204,0.9999999999999999,0.7143712303355538,1.0,0.7682346677789572,0.7971741170588335,0.7848943176952932,0.269327203201107,0.8363985436849803
0.5744572799084782,0.4115600923509979,0.9097612448294151,0.3347632107377001,0.36451153464422853,0.9787662812844353,0.9709392626564872,0.33361794739311357,0.9651313264524016,0.5977706677993184,0.7891089046911357,0.37805822375103615,1.0,0.15583622418513177,0.6499009227620561,0.6592227416569862,0.6106480145905118,0.5557812115377847,0.9480528006385529,0.814252445554983,0.6078290771173864,0.7098197849788123,0.9681888103496497,0.18581924091997384,0.5081185841470797,0.5891684401941322,0.9436469537820626,0.9091878299599062,0.7083221395157847,0.6607326820965216,0.6165822756539221,0.0,0.37556893574506084,0.6272385383851333,0.4876107299118364,0.6731657049629414,0.9683191055901907,0.6107222628026014,0.16853015756119277,0.26402674240162904,0.5611315005609372,0.4056853007023585,0.4684239998748504,0.7358368224443482,0.21424615778466755,0.5439438575245037,0.6953881090763527,0.6383628278244428,0.3612103981925935,0.5912706028639152,0.8121342163302246,0.6874186109937599,0.8698216040113425,0.760790683387666,0.5227180326285946,0.4993501107103029,0.38267416301387114,0.778949623518012,0.6068388349805736,0.7284097723730711,0.514755189498016,0.44014221060443254,0.37810719944033117,0.43703344649941644,0.7008640728900976,0.5863486631963949,0.4629219309149369,0.9143478856738501,0.4549656608933795,0.4161262160155671,0.6304477020368073,0.9221171828662366,0.8301050126827171,0.310622018653933,0.8978041741334432,0.818865893323476
0.7007215531671982,0.3913362088114237,0.3808215374091574,0.23988692443401124,0.9858066456695254,0.8636229733813753,0.7390652494463571,0.8860221784913292,1.0,0.7777887194187058,0.8371670248505068,0.49915893427533,0.9315666476009221,0.6742403297303042,0.8223085718792744,0.5586954144832659,0.8345572066644072,0.7650810369665639,1.0,0.8255614667048521,0.7587860853954159,0.7035095391560104,0.7372736442088491,0.3437742242431229,0.8456210501726692,0.8142961307431681,0.7780589848744859,0.8470583273713721,0.6829177163236586,0.9542773648073717,0.6739161910482756,0.37556893574506084,0.0,0.6393736941648246,0.629008197674475,0.5364109152945473,0.609938552979537,0.5678049728925647,0.4624793926423584,0.26158001216822213,0.4612314675495295,0.6052763922514953,0.7739877953214845,0.4417303384244435,0.3215984333861289,0.646777004848838,0.6583441832356542,0.6107159543853199,0.0,0.392566717382448,0.5407536872542726,0.42228303557881075,0.3393024086108152,0.22718924096371168,0.30085690717070124,0.4993333046753379,0.47932773779706356,0.6426627451101847,0.0,0.9112266790462706,0.38594520153512424,0.5101187884742527,0.5381177025954813,0.8162378843665514,0.7481443750189428,0.970542349732913,0.6073731426844705,0.843290154837707,0.5067180038502299,0.6428471222857808,0.7529055902313908,0.7682357222568514,0.743079090482027,0.4177985075173642,0.0,0.45635604975902955
0.6462792124909837,0.545494232006185,0.9322846024899569,0.6337872370369728,0.6848785410983391,0.747438374412834,0.5603238298511842,0.7537285313209026,0.9045918133152322,0.38244059970205513,0.8028819313100128,0.0,0.7454941632487228,0.7369489487343975,0.7458675140835802,0.6824083527573946,0.7123621669007204,0.8012328314022873,0.8466884305282585,0.9814039527001657,0.6749272366422544,0.9006530678711444,0.8572992109346002,0.6715702085203114,0.6631811691856808,0.6890034980846966,0.8814559639857678,0.5478769786850817,0.8138412913322832,0.7905240518110154,0.38535926854548225,0.6272385383851333,0.6393736941648246,0.0,0.6672867856915362,0.7159907616798902,0.6675138113711337,0.32808386910039655,0.5157688274009172,0.8288306311695917,0.8897023664083477,0.575811513852672,0.4365734792468525,0.5202167966236174,0.6708267054025628,0.8235796902035145,0.8789800849195992,0.9142044824671651,0.23912210739338333,0.7687617900655181,0.7763805679844041,0.578028525787876,0.8229807898975472,0.32075001299510997,0.6088022670075697,0.29008203544460476,0.5220845736669525,0.896504283137631,0.5746626783247022,0.8471029022966794,0.700528748821885,0.4824942807037491,0.39569332701666143,0.5710266686290331,0.9376508589134854,0.7788139754572727,0.7599034014983238,0.8219317833742239,0.9581347491292919,0.6205429937475418,1.0,0.8538069173782427,0.6641520514875776,0.7616754890401753,0.47415709329010397,0.8004734166781289
0.5820148860894379,0.5430526941420517,0.8481302761836738,0.39338091989662294,0.7868756260112363,0.8300903915298165,0.5862578542149752,0.7951200818659293,0.9720008443493349,0.51742430257311,0.8536241879376404,0.0,0.785477135152282,0.42427852478373046,0.7641831444940429,0.7225439240080839,0.7740420685546554,0.7606158941655564,0.901574386700576,0.9018092695635509,0.8655507343768346,0.8416955609479073,0.8886204752211223,0.7589700694441542,0.7065616711222079,0.6259428615719226,0.9223981107042123,0.5439719505753281,0.7986989361442002,0.6640714029544207,0.2962192961065987,0.4876107299118364,0.629008197674475,0.6672867856915362,0.0,0.5260468953942452,0.3098302540748582,0.6054813459071456,0.3423295447143129,0.6447132202381501,0.7330951979002476,0.4575042586010237,0.2987347984730382,0.44850831472616826,0.3896023786635353,0.6154479452763855,0.7680056451131826,0.2314079295768793,0.27426613860688565,0.35867912999328466,0.4740442405482802,0.41072814622142384,0.5097618664978603,0.2724043569520949,0.5511157047917811,0.33894754060015025,0.5530467184859807,0.29851400031082403,0.7383667014941382,0.940678386117511,0.6146201029607343,0.4564558518105397,0.46686376077783465,0.3471243231472369,0.9835976416914363,0.5782729535217328,0.6576012576971748,0.7701809326771504,0.48396693749172687,0.5865592136272184,0.6375474394304048,0.8250500432475631,0.44761263698916065,0.6991888725783454,0.33404177153411463,0.6852165031045565
0.5272429516602216,0.4000601255034788,0.9999999999999999,0.24247490159252685,0.3561735900639651,0.9350305492365831,0.7566411794925602,0.5221469328321077,0.9999999999999999,0.5084689840144093,0.572384614499681,0.4707464383589185,0.6772914615557959,0.22613043775079805,0.762662256730622,0.710043830820187,0.8453317396054564,0.5861989375312944,0.9999999999999999,0.5675826811240257,0.49267862321429734,0.7596780137043125,0.936583980044202,0.6307138307676577,0.792632127029001,0.477008704082851,0.8929651628706448,0.7304284052088507,0.8273717967767733,1.0,0.8228497086867423,0.6731657049629414,0.5364109152945473,0.7159907616798902,0.5260468953942452,0.0,0.4480380161228293,0.5889801865914377,0.3416261996233033,0.5200319354386372,0.4632266244417967,0.445403375075173,0.42617563393315905,0.3426513372489769,0.7704131091436343,0.0,0.21615548104609056,0.8330818691040268,0.36193913978576747,0.4996674102937161,0.7318077942286951,0.868317327070102,0.6105027125019689,0.973197228980386,0.318543915522216,0.37577214053494884,0.8074551794014694,0.7086211910358601,0.3462245710221568,0.6715700683065655,0.34673648034634585,0.0,0.9721716550435657,0.7762001915176583,0.5568643408263322,0.3947946498696723,0.4511943755208371,0.9070418712162296,0.5396095851824271,0.43213494507663236,0.3310312927780727,0.7944224033641459,0.8105399551842143,0.5688885382243821,0.0,0.5936162393505077
0.4803898883039528,0.41114311575781076,0.7987777039234527,0.4510630999977465,0.19610057672390868,0.9716731869368255,0.4303162609541793,0.47979573321517144,0.9325634109460326,0.3591909403468315,0.8730497502090515,0.5143878430232233,0.5290685178301338,0.19321930055380854,0.9397156503030489,0.6953991296636368,0.3390468744860211,0.26842462457398253,0.805569427416231,0.47930397911582207,0.3969143531245448,0.5972336081962345,0.8548217583247434,0.37671325327619626,0.4648503724458478,0.5174975157828775,1.0,0.466410331710947,0.7076116330668083,0.34517127613515824,0.7487640601632984,0.9683191055901907,0.609938552979537,0.6675138113711337,0.3098302540748582,0.4480380161228293,0.0,0.6303157378778208,0.30513211477907315,0.41153271797671864,0.2960096991475143,0.3162415665592208,0.33154235484563327,0.5656771972268823,0.36540785155701955,0.0,0.0,0.6204490470511502,0.45917622657647506,0.0,0.5471890805473649,0.7217453632372668,0.7658781028760112,0.27356616804785716,0.5507375737691708,0.5798550084804032,0.42071165897400153,0.5551016176535377,0.0,0.4644376632276174,0.0,0.0,0.0,0.38637130715993273,0.50013902683504,0.0,0.8650555883513622,0.7006256345591619,0.30531885817451443,0.0,0.26241270527054095,0.5268814687942535,0.4908647232798675,0.7463645007311183,0.0,0.341438633256518
0.6298827434303573,0.0,0.3124186981471184,0.12837671475015108,0.5413835012839886,0.3099413690090663,0.796217308039053,0.5700907078575775,0.939357097696932,0.5086679841876484,0.9520836297817102,0.2596614356728835,0.7208666020346616,0.43607013574606807,0.37368892159629385,0.6452964622581928,0.5518205092398555,0.5043134607959848,0.7103976184866052,0.6295528881763857,0.5704911887642784,0.4517673036045558,0.24681127602310438,0.3245699470839424,0.5100533974186688,0.6335535632749854,0.3998980726548067,0.7904261163608471,0.544236935575364,0.516058284072013,0.24570604447568806,0.6107222628026014,0.5678049728925647,0.32808386910039655,0.6054813459071456,0.5889801865914377,0.6303157378778208,0.0,0.5035283563114467,0.2549899837661884,0.6202180812006718,0.8881415378337658,0.5341939871774991,0.7451755026033708,0.5660610566450681,0.44668042269685426,0.0,0.6281405890474138,0.0,0.532931461229204,0.42269984469599975,0.37103982484163367,0.0,0.41800111277181107,0.41834046589895013,0.33818405826291187,0.613007369771724,0.7196723853738337,0.0,1.0,0.5992707631708489,0.5410038202273885,0.7058097438863257,0.33723286439454425,0.5763633086571712,0.0,0.5753301696668285,0.7314108515869086,0.2836257235163099,0.24071237195159106,0.6423382500138557,0.5972327036392763,0.7166900325075496,0.6135972245962948,0.0,0.49212526988180316
0.5784827066542688,0.3904564000283766,0.8359235282307562,0.19007053266124108,0.32491061482728667,0.8472900815464494,0.48360706780437773,0.533731708532848,0.7230206516958981,0.5159065786257633,0.43055883766287534,0.6054019122130345,0.4774990155039139,0.5221795346045469,0.7892392392444767,0.5501420242194269,0.5106805367656734,0.46013720650288364,0.5891488779337731,0.8571478237784371,0.6807505991521551,0.7089926214549487,0.8143867368610727,0.43473970075816587,0.4464668357217314,0.5353421913613862,0.8774218857259111,0.6114482694998746,0.7306044807818235,0.7210891029415158,0.7835137343582788,0.16853015756119277,0.4624793926423584,0.5157688274009172,0.3423295447143129,0.3416261996233033,0.30513211477907315,0.5035283563114467,0.0,0.603830419286371,0.50486264759462,0.6674005694138601,0.3314402562970046,0.7519106868220246,0.514917235528409,0.4882765446978984,0.3052542474922797,0.8320766569666634,0.7220594885837329,0.5610349267202541,0.8982776699496474,0.7047518139255218,0.5868731366749894,0.8704790282111566,0.7742587347960173,0.37136211909195865,0.41892851079409404,0.7697571961960171,0.15146073176900013,0.6370310802560081,0.542785836565908,0.47282984426814484,0.6432190025231721,0.6275858237201002,0.6598945781284575,0.3996415436935728,0.5351266954609127,0.8423684824443893,0.9046739114829182,0.6008414943380201,0.6741412811837788,0.8832073062344377,0.7212189149448673,0.6530795408550097,0.8200999660598686,0.5564077768423784
0.649152747353703,0.34320651978167416,0.6001574778600332,0.3701771006134495,0.48947420520467266,0.2146830527129406,0.4386139244029974,0.43401127540549084,0.5449380599143133,0.251781755455188,0.54900538822796,0.20358497602119302,0.5217524860589222,0.0,0.9257460784739483,0.520050715682013,0.27380097265867165,0.4930188253246624,0.5763875522712023,0.8253134905487611,0.7395649818026316,0.7604317806611657,0.9114620242438999,0.3784089556288093,0.44371740845652674,0.5307355529971842,0.39828182913842497,0.29325624712747284,0.42737927433369505,0.4761985511183131,0.42850036831564353,0.26402674240162904,0.26158001216822213,0.8288306311695917,0.6447132202381501,0.5200319354386372,0.41153271797671864,0.2549899837661884,0.603830419286371,0.0,0.2756916592076994,0.7337287956478149,0.18241585975778576,0.6519764426921723,0.11565912783466728,0.3536352274227368,0.5014589341646576,0.519012454220877,0.445500515254347,0.7601737968864323,0.5251350427169533,0.8423982462130384,0.6418981094369256,0.8124492897988421,0.5768579233447695,0.6733003386237278,0.29320352371249886,0.8683249487646815,0.5251098888288964,0.8232808735483014,0.5625709509214754,0.7389503464252926,0.7271207460840938,0.6172464128180344,0.7254399029272515,0.5351823395431888,0.5684870225006713,0.7678420627252249,0.0,0.6760475708688749,0.8153579553315177,0.7882578889514826,0.571186335972182,0.707719943135642,0.45261165420310845,0.5395293217838083
0.6100838466122812,0.45436696328416304,0.3801680695392895,0.4770407393036537,0.39409803101900526,0.8105384227543417,0.7171053210722744,0.6068755043894325,0.33807124276951395,0.6681615895834729,0.4261002996108001,0.7145870732710212,0.6006988353193236,0.7103778947533341,0.8703453954405173,0.6555441476881984,0.2960633447791007,0.5187849256238192,0.3082260341053631,0.7785689047995327,0.6462972360865716,0.6890507978869269,0.7283968466857297,0.5504933122783294,0.6149903599735101,0.8466423090474078,0.7725536794079387,1.0,0.7575847577472679,0.45523390260946717,0.6779327515409943,0.5611315005609372,0.4612314675495295,0.8897023664083477,0.7330951979002476,0.4632266244417967,0.2960096991475143,0.6202180812006718,0.50486264759462,0.2756916592076994,0.0,0.6400812693834679,0.2526446580587388,0.1822435763607444,0.4745166156260687,0.6278247368547821,0.38503919617361076,0.7668566783787861,0.21248060223901044,0.6457676754273656,0.7261413198707489,0.839576321727809,0.6883144780783089,0.7611352855880993,0.4583556924923736,0.5879678531210228,0.4144192944220623,0.8582242591944003,0.701584959735244,0.6870165832518262,0.6596088562187389,0.6226892429633548,0.7860802532125417,0.6790638387789614,0.7259313675801053,0.42653639565541185,0.7691283700383653,0.7795941556446451,0.03241655975117978,0.636623195707655,0.7247676078574974,0.8472270358011786,0.49852166974309703,0.6066711855063157,0.7068081368388415,0.2385126212540292
0.7464141968787301,0.6207295624636929,0.6221135503512496,0.3016812635557296,0.5940409983637828,0.9135975993317325,0.6324223810651435,0.9269638874403265,0.35575301686395017,0.6290576391724265,0.5447805516517652,0.29502929280487955,0.6896270288740519,0.7415886501238542,0.7349015536408529,0.5857358816678857,0.5292797433909331,0.6427308274331794,0.3689164309562252,0.8708473278939499,0.6779767228575235,0.7019843135871773,0.885491608069396,0.5005457582195528,0.832446244818137,0.6769746138081165,0.8453767795132763,0.8424777221999467,0.9444717068374651,0.514589377422116,0.6882357615151501,0.4056853007023585,0.6052763922514953,0.575811513852672,0.4575042586010237,0.445403375075173,0.3162415665592208,0.8881415378337658,0.6674005694138601,0.7337287956478149,0.6400812693834679,0.0,0.5335394964412473,0.50554060155283,0.8854852478974211,0.7525320137659719,0.6341260393680896,0.9089142224573765,0.3448247855176689,0.7993660301204822,0.9103621909297371,0.8896541119816316,0.9290968505284896,0.9505043013683027,0.9739131704801822,0.7005110642903459,0.8283443853270073,0.949997412434788,0.8601243835165338,0.7399391336876999,0.8409372852923807,0.7410397205324638,0.8925521640478447,0.7691565456395091,0.7435053440522859,0.6780935970662527,0.746117226616838,0.9764757325819508,0.7274228371737519,0.8770947565777023,0.7820232106190296,0.9333496299168217,0.9798750816916943,0.859053039524206,0.8547438338180109,0.5797645101071194
0.37694169910503883,0.5940918704449276,0.8007990444537195,0.28057291036717,0.4380909574938143,0.8014419799135167,0.6009261363907534,0.23342424976388565,0.8139287734170982,0.3820959540164109,0.45207758809900034,0.3362102262468159,0.368023810935172,0.5248085119373955,0.44939847970896357,0.38389275435184395,0.0,0.0,0.7252754014152903,0.6898138174447863,0.5690311238194582,0.5609804429634038,0.7663017652731013,0.565561865209764,0.0,0.3366373168066838,0.7960480951280965,0.7322932467021118,0.6859118434065403,0.8087008370242015,0.5876389848090307,0.4684239998748504,0.7739877953214845,0.4365734792468525,0.2987347984730382,0.42617563393315905,0.33154235484563327,0.5341939871774991,0.3314402562970046,0.18241585975778576,0.2526446580587388,0.5335394964412473,0.0,0.4349068828536551,0.39223067656475996,0.44738957768660453,0.46657444456965436,0.74390801961606,0.3181860241836127,0.5581216657448695,0.9420567641452048,0.8668063338863042,0.6195736108740602,0.8602233062643956,0.7899446968058833,0.4807441891078347,0.5250516109022105,0.7942080617147095,0.09240262129371302,0.8752551922278912,0.5117809084637303,0.6785198968550863,0.6126963156683846,0.77130472397483,0.9263035343982418,0.4881375463498303,0.5368867561291943,0.39181490326670976,0.4919248100453473,0.8356595664047526,0.6106849900787982,0.8118119685852574,0.5748790852484995,0.9999999999999998,0.45373669853843435,0.44645725474571224
0.0,0.0,0.5248069843398125,0.25903339992720903,0.6264100558381042,0.4449707510155141,0.7927615993776,0.36618531102902785,0.39752746277754464,0.3840251949804181,0.3782392342259888,0.43563989523272423,0.47157850674687185,0.49817965945688064,0.45229319061583606,0.0,0.0,0.0,0.32685509780011546,0.28208281987151285,0.0,0.36614749139335856,0.7863547067299091,0.5311895225551051,0.0,0.5434213155718602,0.7977062016230526,0.514661483855986,0.54224379071338,0.2930408368929511,0.4041575391137448,0.7358368224443482,0.4417303384244435,0.5202167966236174,0.44850831472616826,0.3426513372489769,0.5656771972268823,0.7451755026033708,0.7519106868220246,0.6519764426921723,0.1822435763607444,0.50554060155283,0.4349068828536551,0.0,0.5409912028674623,0.0,0.26009553349699877,0.8037586997189703,0.4304749640101402,0.26593214922784847,0.8879821463968126,0.5979293828125188,1.0,0.8160570676815502,0.5038139905285259,0.7245406621924051,0.8445246767392278,0.8070198773592692,0.1898228406328538,0.25559985547379893,0.0,0.36064516742207725,0.8645857289311449,0.752159534605325,0.4180477323981641,0.31685152196868843,0.39942727208109763,0.819916776153118,0.4274484694388877,0.4688062478964249,0.5617216613567142,0.8586352902048516,0.50546739304325,1.0,0.48636359590881323,0.39206150457402045
0.5247182782845345,0.0,0.0,0.0,0.2878142829616521,0.23349770263773217,0.4153219272196763,0.0,0.4102865488699371,0.41649743443532095,0.42942605171951104,0.5522990874332501,0.45849958661554324,0.0,0.0,0.0,0.52799683609815,0.6011467501999692,0.42006715430475805,0.5373661180799958,0.0,0.5426471640149917,0.6450424683306938,0.3772774731092521,0.4363267648460099,0.16508692121169843,0.4035266885978618,0.5251052523224335,0.7224523515785435,0.0,0.4660527378772831,0.21424615778466755,0.3215984333861289,0.6708267054025628,0.3896023786635353,0.7704131091436343,0.36540785155701955,0.5660610566450681,0.514917235528409,0.11565912783466728,0.4745166156260687,0.8854852478974211,0.39223067656475996,0.5409912028674623,0.0,0.3400393677575958,0.40989127604268194,0.30740346540537633,0.6376454956958284,0.7558509964341078,0.42736329828379765,0.8547396106362424,0.35519157272523927,0.676165297985392,0.21226341995284345,0.8448768498463101,0.2760422446639291,0.8582507680982445,0.6328267860472685,0.9733294072608057,0.6251283422062038,0.6384607183467825,0.45526676042380787,0.6828915940270657,0.5563793902584678,0.4594150750751938,0.9836675345450454,0.25874665480995596,0.0,0.5646434425605334,0.7529452041674615,0.8590968688082735,0.3631154156768285,0.5891165270225507,0.762648461605185,0.7657846071451718
0.8027289213945372,0.9315440244305438,0.0,0.0,0.0,0.44428006732628744,0.0,0.5421983534652282,0.0,0.8442407103807367,0.0,0.29965586927399507,0.528057155865496,0.0,0.620255057845501,1.0,0.5772833653794465,0.9437317902392882,0.0,0.6585679604246584,0.7821724740225369,0.4136770712283165,0.5444137085777575,0.5785495355339194,0.9011464186702601,0.9057530498571459,0.4244925637267035,0.606397390467035,0.5637772346086425,0.0,1.0,0.5439438575245037,0.646777004848838,0.8235796902035145,0.6154479452763855,0.0,0.0,0.44668042269685426,0.4882765446978984,0.3536352274227368,0.6278247368547821,0.7525320137659719,0.44738957768660453,0.0,0.3400393677575958,0.0,1.0,0.42002675110848064,0.0,0.6020404967666044,0.35905741951412923,0.4198451239453072,0.6755712260641916,0.2520076014773135,0.3300823388651728,0.39061740635221986,0.4228455422944094,0.394959649887237,0.3954299869077829,0.9573891229200382,0.869058055891755,0.35845564373289207,0.9891610840118028,0.0,0.8486409262619888,0.6934952000759714,0.8991232047050142,0.7119102373028412,0.6620561900077381,0.9561799822957634,0.9001613042252756,0.8604443393540177,0.44462230456364266,0.6476214560662302,0.5455847932892945,0.8692291078410785
0.9474189512340097,0.7950231334100565,0.4850877418603127,0.0,0.5469086190130199,0.30561855981473995,0.5391480302149906,0.4867638259356857,0.45319462283947065,0.5085388550884302,0.0,0.6066150182081286,0.5546374923991267,0.0,0.9302774230112832,0.8576233369594564,0.7688798353536248,0.9270493212476599,0.0,0.9572411125100907,0.9737229368336402,0.8928360351657456,0.8929770969529559,0.44682728746869393,0.8885709022064782,1.0000000000000002,0.9141286906676902,0.45265340372274065,0.4006371574206578,0.0,0.8963773731240621,0.6953881090763527,0.6583441832356542,0.8789800849195992,0.7680056451131826,0.21615548104609056,0.0,0.0,0.3052542474922797,0.5014589341646576,0.38503919617361076,0.6341260393680896,0.46657444456965436,0.26009553349699877,0.40989127604268194,1.0,0.0,0.404183705289751,0.0,0.8602585060818819,0.47966670953795576,0.6585428121492427,0.7212926177554009,0.6227533687778734,0.7922745238192648,0.420958988374033,0.4431912390110084,0.5200930398819545,0.6159562129974293,1.0,0.9567725148142052,0.9334643049923127,1.0,0.6332881431095269,0.861949028005569,0.7355915642513579,0.9956591164874565,0.7079814675254003,0.45883422986119354,0.9128234805102874,0.9190065490313009,0.6890332367901003,0.7059499348088185,0.6583154817941643,0.5937274391885967,0.6763841542223971
0.0,0.09923538144312088,0.9248703373221996,0.458466497286527,0.7830948340342293,0.8635741319098905,0.7060429712727098,0.7393420517627898,1.0,0.346887897260141,0.8087004873912669,0.191897983972168,0.862002194139963,0.8076198456624334,0.45591081419500445,0.0,0.0,0.0,0.9781777659564923,0.3439474784718626,0.6819856061667997,0.5321993987297678,0.877305217153191,0.0,0.0,0.5594742241510376,0.8885157854506051,0.8926115227691289,0.7322705778185336,0.28317057351368913,0.38170809945066675,0.6383628278244428,0.6107159543853199,0.9142044824671651,0.2314079295768793,0.8330818691040268,0.6204490470511502,0.6281405890474138,0.8320766569666634,0.519012454220877,0.7668566783787861,0.9089142224573765,0.74390801961606,0.8037586997189703,0.30740346540537633,0.42002675110848064,0.404183705289751,0.0,0.7557903283310152,0.8836536253277003,0.7670015018907801,0.8930228673710763,0.7964175933602109,0.8311774913811861,0.2804451120483742,0.5837524497391988,0.8243899715200618,0.8523773015177138,0.6724115851332605,0.5368763959069746,0.4476571817795343,0.44230830367462737,0.3932345404630857,0.7903658232578019,0.3414532274179155,0.30902578070283093,0.2758331387714951,0.8122195717682804,0.34858303385652306,0.40493565437835,0.48468021599084943,0.9488753680592658,0.8431949262230609,1.0000000000000002,0.7580368760719736,0.8204575139470355
0.0,0.0,0.4981978422287172,0.0,0.0,0.33202913975067605,0.0,0.0,0.491185355304101,0.3473132531517785,0.47312301216502617,0.1471390277715047,0.0,0.0,0.0,0.0,0.0,0.0,0.0,0.0,0.0,0.48067981892878386,0.40956948103864543,0.0,0.0,0.0,0.2782230637080629,0.0,0.379890495507008,0.0,0.0,0.3612103981925935,0.0,0.23912210739338333,0.27426613860688565,0.36193913978576747,0.45917622657647506,0.0,0.7220594885837329,0.445500515254347,0.21248060223901044,0.3448247855176689,0.3181860241836127,0.4304749640101402,0.6376454956958284,0.0,0.0,0.7557903283310152,0.0,0.6039355281796213,0.7299600884456476,0.692482547872191,0.5967374273824013,0.9107172243616642,0.6492319373917291,0.8196079494765435,0.634064432331354,0.7871752988965395,0.14140827505244172,0.43379753563849477,0.0,0.0,0.38347044629903093,0.7459670879260344,0.435480500725997,0.2710375281297817,0.383089436632301,0.5368750463744797,0.49620212256595136,0.0,0.4821310326530772,0.7185643401523342,0.34208091823513276,0.45828248939466876,0.40546266052376534,0.12346273716733913
0.0,0.0,0.7863676456062481,0.0,0.6277954048241954,0.6910501335166669,0.5594419261902225,0.6347568106746844,0.9660019955296597,0.5237809838103554,0.5566102305593804,0.44065155453304056,0.4196911023593466,0.40100395375989917,0.0,0.0,0.0,0.0,0.7460558828935362,0.0,0.0,0.4571783985141072,0.8971800369935468,0.3692267176040427,0.0,0.0,1.0,0.5836857349728946,0.36650788668157064,0.0,0.7098508441109072,0.5912706028639152,0.392566717382448,0.7687617900655181,0.35867912999328466,0.4996674102937161,0.0,0.532931461229204,0.5610349267202541,0.7601737968864323,0.6457676754273656,0.7993660301204822,0.5581216657448695,0.26593214922784847,0.7558509964341078,0.6020404967666044,0.8602585060818819,0.8836536253277003,0.6039355281796213,0.0,0.9520806667007726,0.6767918063333584,0.4348950135164677,0.7768140900328365,0.6690251698525166,0.7580652645187184,0.6573348144618709,0.7057316211173453,0.61815454086948,0.4365495464793868,0.3788011107016235,0.41491109179989283,0.5203052554274039,0.7737370813984942,0.5333601814234136,0.36388823935983927,0.36723422872718664,0.7457716173724867,0.6629017067345551,0.3887731027279354,0.4355636750897536,0.9552680505478007,0.5770629479529839,1.0,0.7274471086604999,0.7776711514190903
0.3676629304692725,0.7120296390875733,0.8345829433231445,0.6415924986806951,0.5122166703519109,0.8713823239325715,0.8497135599745105,0.9203141964562569,0.9443238007875411,0.5591007953082437,0.7820905054531782,0.6028444762843704,0.8755672894343594,0.5972114318006393,0.6648620501400054,0.3640987373041324,0.0,0.3940164083098894,0.8168012814212596,0.735516340219441,1.0,0.8435280381271423,0.923355577743172,0.3913990641091242,0.3431411111950484,0.8667675384436929,0.9009969338352497,0.9213018876057455,0.8752372162419062,0.41413288222738537,0.6629929213354729,0.8121342163302246,0.5407536872542726,0.7763805679844041,0.4740442405482802,0.7318077942286951,0.5471890805473649,0.42269984469599975,0.8982776699496474,0.5251350427169533,0.7261413198707489,0.9103621909297371,0.9420567641452048,0.8879821463968126,0.42736329828379765,0.35905741951412923,0.47966670953795576,0.7670015018907801,0.7299600884456476,0.9520806667007726,0.0,1.0,0.9203229948579428,1.0,0.4516714464808808,0.9106694483461001,0.9495063024128256,1.0,0.6853396543281565,0.8281576889485633,0.6055879217940897,0.4810890806227697,0.5078251620547474,0.8559451732998614,0.8624319318122721,0.7221418292389492,0.7325751834973272,0.8667852561486817,0.4803096039273204,0.6373403498189996,0.5815747473465314,0.849042056771802,0.9634302465616085,0.9658221397836856,0.9508375603516871,1.0
0.0,0.5725707660907456,0.7465199304838659,0.0,0.44654360582169883,0.9151522916205888,0.3451029043852986,0.9161495481431275,0.9864611745412988,0.5563374673653894,0.7793591908103725,0.4588477123272525,0.7533620023950613,0.9004714932637836,0.6355957276583993,0.5859800508636133,0.0,0.5963088373161032,0.8412299678297344,0.5922958502232226,0.4182253624523047,0.6074398940351805,0.9824031795191467,0.3377587514322684,0.6241673906871164,0.4871097897854893,0.8694793602976086,0.3843256930422594,0.810033366183383,0.5711018077756824,0.3615217725759975,0.6874186109937599,0.42228303557881075,0.578028525787876,0.41072814622142384,0.868317327070102,0.7217453632372668,0.37103982484163367,0.7047518139255218,0.8423982462130384,0.839576321727809,0.8896541119816316,0.8668063338863042,0.5979293828125188,0.8547396106362424,0.4198451239453072,0.6585428121492427,0.8930228673710763,0.692482547872191,0.6767918063333584,1.0,0.0,0.9599720749507005,0.8764050010017244,0.5832225729983026,0.7542913606018381,0.641986771621624,0.9039702386960918,0.7308596299309482,0.5409520503316054,0.695796115014554,0.5872859348483028,0.7967170713361227,0.9419187489282251,0.7985025492727815,0.3783587543636276,0.7824579741012068,0.9250319019213611,0.8352228218625992,0.8374528281869179,0.6837206863986036,0.9719363473997014,0.8902292577457751,0.9796890236927744,0.97274006671579,0.8541569402965689
0.5621367700227105,0.6162581170977801,0.819373548387807,0.3682163781438753,0.9748346034568247,0.7651717903877897,0.7747694958950528,0.5360227239256095,0.824267276141655,0.44478399922169976,0.6088265789421199,0.23289059928019745,0.7655723207116693,0.4975032033132627,0.4005081307880449,0.694790427487953,0.0,0.7331664384338641,0.8110394479264726,0.8804063623133258,0.6509949192949827,0.5504910236262887,0.8010885228923977,0.0,0.6841720175590206,0.5527360378712782,0.7510212937767502,0.8629333874410304,0.8570202030167366,0.3296455576008819,0.6769395954612073,0.8698216040113425,0.3393024086108152,0.8229807898975472,0.5097618664978603,0.6105027125019689,0.7658781028760112,0.0,0.5868731366749894,0.6418981094369256,0.6883144780783089,0.9290968505284896,0.6195736108740602,1.0,0.35519157272523927,0.6755712260641916,0.7212926177554009,0.7964175933602109,0.5967374273824013,0.4348950135164677,0.9203229948579428,0.9599720749507005,0.0,0.8072435457822295,0.32751254914044253,0.41205689824363867,0.5107424564642608,0.8292862212713236,0.1342601610083796,0.8898008839770143,0.8004347990384427,0.38655775981844703,0.6931081476798711,0.6598021713890405,0.9786024595427828,0.6833276485378104,0.9999999999999999,0.7656105036958853,0.6722025442734191,0.8295743574541369,0.768507768899956,0.8355850326715083,0.8406202386807345,0.7337384488146446,0.7624138379836661,0.7050125222797308
0.0,0.5846332261068233,0.9751282715744355,0.06433017741170984,0.6788377158661096,0.9297095890728828,0.8988151887686628,0.791357627017891,0.8661657340429438,0.23501932574396264,0.890669485373033,0.3973538043008811,0.38900827799260296,0.7528999700863733,0.6116588469997015,0.0,0.0,0.0,0.9662955777330682,0.3569901783979012,0.4611223745126286,0.5073140102121244,0.9028005220867165,0.0,0.36865300712862414,0.41805016167414377,0.9245335262481524,0.4224906652010717,0.3335762486877757,0.6593896718337937,0.38068978560117134,0.760790683387666,0.22718924096371168,0.32075001299510997,0.2724043569520949,0.973197228980386,0.27356616804785716,0.41800111277181107,0.8704790282111566,0.8124492897988421,0.7611352855880993,0.9505043013683027,0.8602233062643956,0.8160570676815502,0.676165297985392,0.2520076014773135,0.6227533687778734,0.8311774913811861,0.9107172243616642,0.7768140900328365,1.0,0.8764050010017244,0.8072435457822295,0.0,0.6001310903146422,0.5873900320527078,0.7543561493045591,0.9106050024017348,0.779192587405607,0.39202424890754073,0.30456657596011344,0.24400022120508746,0.4124660257774111,0.6750008814856798,0.33780642013488577,0.30916561251661673,0.8849713793173363,0.8932375237386003,0.4042524824328335,0.5876685400768124,0.43598568772108187,0.891044492896476,0.8687857868739725,1.0,0.9605504482940646,0.8250398266266742
0.7354371521971023,0.6104616757062785,0.3956067214754272,0.0,0.0,0.7211747800752903,0.3774226496744544,0.5640261885942651,0.4933489673586482,0.581796331979395,0.4368523723485751,0.5857300354312964,0.81110372003133,0.0,0.0,0.6647318661052455,0.6058084210899995,0.33636134909445065,0.9008962876320814,0.9464652786039398,0.45794848406489713,0.5772017748971039,0.42890476593232335,0.7388324575408722,0.3839142755524798,0.7328710443927957,0.5687737054125648,0.5027006337195363,0.6143014852903188,0.5798192872956063,0.5004426649052108,0.5227180326285946,0.30085690717070124,0.6088022670075697,0.5511157047917811,0.318543915522216,0.5507375737691708,0.41834046589895013,0.7742587347960173,0.5768579233447695,0.4583556924923736,0.9739131704801822,0.7899446968058833,0.5038139905285259,0.21226341995284345,0.3300823388651728,0.7922745238192648,0.2804451120483742,0.6492319373917291,0.6690251698525166,0.4516714464808808,0.5832225729983026,0.32751254914044253,0.6001310903146422,0.0,0.6109949586711578,0.9302667180895429,0.8407628868905507,0.8738357115880393,0.42268747215294356,0.8658423772639968,0.910436097587595,0.9386051430849014,0.7877051172162854,0.8584368598132054,0.4291933557944183,0.8285602768398332,0.3616364274063826,0.5880677700272887,0.9158670629656563,0.8455823581612342,0.4610717647176909,0.38638871009428405,0.6998991019950391,0.5473395546413118,0.8182814525938478
0.0,0.0,0.7325691273231565,0.20278432815206313,0.5269364736144362,0.7958918116155993,0.6365368479344574,0.3157748539190596,0.7880136824119,0.3932982288485272,0.5266354920012113,0.26804583996039055,0.4597155289574173,0.6297814823885006,0.0,0.0,0.0,0.0,0.7531409090468324,0.0,0.0,0.0,0.7410846015128408,0.41266745445864356,0.4589824159220187,0.0,0.7466795374915655,0.3098271718931209,0.38491911450910543,0.0,0.500591613541805,0.4993501107103029,0.4993333046753379,0.29008203544460476,0.33894754060015025,0.37577214053494884,0.5798550084804032,0.33818405826291187,0.37136211909195865,0.6733003386237278,0.5879678531210228,0.7005110642903459,0.4807441891078347,0.7245406621924051,0.8448768498463101,0.39061740635221986,0.420958988374033,0.5837524497391988,0.8196079494765435,0.7580652645187184,0.9106694483461001,0.7542913606018381,0.41205689824363867,0.5873900320527078,0.6109949586711578,0.0,0.8235079601836147,0.8219315511154559,0.1727667181893346,0.0,0.5180802613626204,0.7384370122027502,0.45288137938701767,0.6920542864571383,0.6003588221737762,0.544402615456494,0.0,0.601238581561601,0.9909502526409643,0.7641417746482004,0.8679155429644948,0.7901572386490208,0.7764097221536601,0.9586029654079545,0.36429228008777714,0.6691147724834685
0.5399481689529746,0.5625649262376208,0.34622318691303455,0.4273503598398056,0.44277896566648417,0.401580362795321,0.3725964224351731,0.9123470004109051,0.42876679977221666,0.6624666462448442,0.3251226960791966,0.6973508060469256,0.4650922096869405,0.5233526723207145,0.6158451529588227,0.49533478778777906,0.9111373629378215,0.1798103497959487,0.41957919867121596,0.4376354988617486,0.5446079713365413,0.4554000372445341,0.5668394544681086,0.9352501792957401,0.4863264595434422,0.896660373481767,0.40735410524953125,0.8276039723280327,0.4709723051326694,0.0,0.40624136185050613,0.38267416301387114,0.47932773779706356,0.5220845736669525,0.5530467184859807,0.8074551794014694,0.42071165897400153,0.613007369771724,0.41892851079409404,0.29320352371249886,0.4144192944220623,0.8283443853270073,0.5250516109022105,0.8445246767392278,0.2760422446639291,0.4228455422944094,0.4431912390110084,0.8243899715200618,0.634064432331354,0.6573348144618709,0.9495063024128256,0.641986771621624,0.5107424564642608,0.7543561493045591,0.9302667180895429,0.8235079601836147,0.0,0.7658737958818602,0.3299334265770316,0.9979357857313168,0.3446705856286485,0.7172207601649597,0.733681582999298,0.9721894610677713,0.7508799510893965,0.48328902670220497,0.7241533022886572,0.3364650475649552,0.705558124285825,0.8753839462219762,0.659111567529171,0.8621959857365218,0.3031304225874024,0.5211527163006737,0.4863432420169662,0.8420278390502954
0.6590946604250912,0.5628138058827272,0.8155751699379681,0.3810189975568796,0.5680128426227605,0.8889395264086133,0.29362365980467986,0.7906619059026481,0.9976251241170114,0.7887792702135773,0.8900345301771591,0.6176895573266528,0.3916913457392886,0.6938882624961396,0.4193054681040989,0.5755903565454876,0.3964207908426425,0.5328805079886033,0.7702329722602432,0.7720398181628354,0.9347870912950133,0.5473816204616921,0.8370072175214458,0.8459898639188346,0.3234412114500626,0.36277403145859677,0.8613691932527378,0.9392697642441556,0.8140826501633639,0.251633706162357,0.56902322082177,0.778949623518012,0.6426627451101847,0.896504283137631,0.29851400031082403,0.7086211910358601,0.5551016176535377,0.7196723853738337,0.7697571961960171,0.8683249487646815,0.8582242591944003,0.949997412434788,0.7942080617147095,0.8070198773592692,0.8582507680982445,0.394959649887237,0.5200930398819545,0.8523773015177138,0.7871752988965395,0.7057316211173453,1.0,0.9039702386960918,0.8292862212713236,0.9106050024017348,0.8407628868905507,0.8219315511154559,0.7658737958818602,0.0,0.7657936231035538,0.38289610978186,0.6611455276053777,0.812543277507926,0.7207378996601695,0.8787070296959475,0.9775903662083244,0.3312937435563379,0.8496716053289429,0.9500323643123851,0.8295459574517637,0.7253965820484344,0.7940437270847663,0.9997426874811104,1.0,1.0,1.0,0.9546021674889926
0.0,0.0,0.5308282299487195,0.0,0.6780874125709121,0.4945297272308557,0.4884703617119869,0.29357226664463587,0.7802992151829686,0.0,0.6213593578344577,0.5265742711434922,0.6131967164210899,0.49157387728509555,0.49866477270718823,0.0,0.0,0.0,0.6024063308787868,0.0,0.0,0.0,0.5179068159731677,0.0,0.0,0.0,0.5758442415670404,0.3755938617786384,0.6479743870119299,0.0,0.0,0.6068388349805736,0.0,0.5746626783247022,0.7383667014941382,0.3462245710221568,0.0,0.0,0.15146073176900013,0.5251098888288964,0.701584959735244,0.8601243835165338,0.09240262129371302,0.1898228406328538,0.6328267860472685,0.3954299869077829,0.6159562129974293,0.6724115851332605,0.14140827505244172,0.61815454086948,0.6853396543281565,0.7308596299309482,0.1342601610083796,0.779192587405607,0.8738357115880393,0.1727667181893346,0.3299334265770316,0.7657936231035538,0.0,0.0,0.47856289735193974,0.4776554407145481,0.5574281245731996,0.6909123954974775,0.5053805532415019,0.4696640023229899,0.3490568005995478,0.3238105221918172,0.49536300570449515,0.6214938572865898,0.6217984868969706,0.4738853687146257,0.3028331900456977,0.5210240029660056,0.521583640810251,0.7142817410994741
0.5881930284803185,0.9399002056801521,0.47113243070953914,0.0,0.47780435500568447,0.63057107006729,0.5425945836612107,0.9390961492258905,0.357149878614838,0.761995776971524,0.0,0.40110136427544585,0.7801117998520781,0.0,0.9060985890395743,0.8119723980128811,0.75103357050548,0.9522024198762743,0.0,0.9626816728710089,1.0,1.0,0.8851846274212937,0.4821304410242021,0.9045764638845017,0.9525380156589753,0.913627978262782,0.983058914455804,0.8392510093114517,0.4821492001147859,0.9406648214325665,0.7284097723730711,0.9112266790462706,0.8471029022966794,0.940678386117511,0.6715700683065655,0.4644376632276174,1.0,0.6370310802560081,0.8232808735483014,0.6870165832518262,0.7399391336876999,0.8752551922278912,0.25559985547379893,0.9733294072608057,0.9573891229200382,1.0,0.5368763959069746,0.43379753563849477,0.4365495464793868,0.8281576889485633,0.5409520503316054,0.8898008839770143,0.39202424890754073,0.42268747215294356,0.0,0.9979357857313168,0.38289610978186,0.0,0.0,1.0,0.4441390483864641,0.7137108299031597,0.0,0.8234416435407629,0.9999999999999999,0.9125978282727708,0.908614216176289,0.8902264722273613,1.0,1.0,0.9999999999999999,0.9682053942034382,0.831716848343455,0.38379411673219055,0.688721392286812
0.8729433122731439,0.6088279925656078,0.0,0.0,0.45907627351423486,0.45341959073118154,0.6566837539728627,0.34228526811508037,0.7022377671854558,0.6787488729177733,0.0,0.5713397480543946,0.5236392465773895,0.0,0.3419339575839224,0.7637629817487479,0.5575408234723507,0.7125235816537288,0.0,0.4319032458339414,0.9110231228494076,0.7944483882589758,0.33349631404698726,0.8542792851378442,0.7284361548432107,0.8937721177007698,0.4557433495582701,0.4329073705929859,0.30699229507323045,0.0,0.7359350496448939,0.514755189498016,0.38594520153512424,0.700528748821885,0.6146201029607343,0.34673648034634585,0.0,0.5992707631708489,0.542785836565908,0.5625709509214754,0.6596088562187389,0.8409372852923807,0.5117809084637303,0.0,0.6251283422062038,0.869058055891755,0.9567725148142052,0.4476571817795343,0.0,0.3788011107016235,0.6055879217940897,0.695796115014554,0.8004347990384427,0.30456657596011344,0.8658423772639968,0.5180802613626204,0.3446705856286485,0.6611455276053777,0.47856289735193974,1.0,0.0,0.8123224047132687,0.904883097835558,0.975875642228648,0.9533093164507154,0.7994665110501378,0.8732310207665291,0.8623220187660643,0.9232235855683099,0.9999999999999999,0.9711026669867432,0.8821965752910967,0.878278248205068,0.82480406419358,0.5277350835082392,0.9082198675305285
0.7075507789494776,0.7010825100270196,0.0,0.0,0.0,0.0,0.0,0.0,0.0,0.6806661412301686,0.0,0.6872407133307812,0.410669457247591,0.0,0.5604517252302285,0.5698933719741882,0.4916756518372399,0.4589373054090638,0.0,0.38065905784519977,0.0,0.4594342197180339,0.6410155416088196,0.8488082435732766,0.45419242661123727,0.673476059726401,0.0,0.34948647780693887,0.4872268897725964,0.0,0.6879896838889425,0.44014221060443254,0.5101187884742527,0.4824942807037491,0.4564558518105397,0.0,0.0,0.5410038202273885,0.47282984426814484,0.7389503464252926,0.6226892429633548,0.7410397205324638,0.6785198968550863,0.36064516742207725,0.6384607183467825,0.35845564373289207,0.9334643049923127,0.44230830367462737,0.0,0.41491109179989283,0.4810890806227697,0.5872859348483028,0.38655775981844703,0.24400022120508746,0.910436097587595,0.7384370122027502,0.7172207601649597,0.812543277507926,0.4776554407145481,0.4441390483864641,0.8123224047132687,0.0,0.8278005188758749,0.28991252538623996,0.7030092788780223,0.33689334626845413,0.9838349178426699,0.20430983625392904,0.9338317943189999,0.851498138889217,0.8141726918323625,0.7655699180636767,0.7263287014426488,0.708017175249271,0.4496278752012472,0.6898140292858265
0.8762893035925745,0.8251884387368273,0.0,0.0,0.0,0.555154104572517,0.5596317754879281,0.6111961966256813,0.0,0.6671358615792816,0.0,0.7085802945009919,0.5465576410734196,0.0,0.6499363547251671,0.8109073930799662,0.5311318815137891,0.5964254454637011,0.0,0.4651018370570795,0.5315966222844253,0.550172658242198,0.36890251905334587,0.8661948776482977,0.7822879091042899,0.8886895910881161,0.3239400535811216,0.4340493938800674,0.39828047617344814,0.9738779443635195,0.665710169882359,0.37810719944033117,0.5381177025954813,0.39569332701666143,0.46686376077783465,0.9721716550435657,0.0,0.7058097438863257,0.6432190025231721,0.7271207460840938,0.7860802532125417,0.8925521640478447,0.6126963156683846,0.8645857289311449,0.45526676042380787,0.9891610840118028,1.0,0.3932345404630857,0.38347044629903093,0.5203052554274039,0.5078251620547474,0.7967170713361227,0.6931081476798711,0.4124660257774111,0.9386051430849014,0.45288137938701767,0.733681582999298,0.7207378996601695,0.5574281245731996,0.7137108299031597,0.904883097835558,0.8278005188758749,0.0,0.3139296742112198,0.8505553507005105,0.9144642629042886,1.0,0.8603646664427553,0.9481577632500662,1.0,0.94592591630419,0.7207918497335113,0.8526237076436337,0.7036960508817289,0.49824025555077456,0.8661092913352927
0.0,0.0,0.8371111813581164,0.0,0.7360001283045756,0.7141211999075509,0.5251189196073343,0.6195662287052791,0.8469521563698507,0.4821615050327611,0.3308296591369738,0.3599298546183261,0.49822114399203954,0.6409980031424405,0.0,0.0,0.0,0.0,0.7962368691012713,0.0,0.0,0.0,0.7580790127141929,0.4049448929371754,0.0,0.0,0.8301879183084558,0.6079501961281308,0.6034684063345049,0.9665242088366466,0.7368699106227399,0.43703344649941644,0.8162378843665514,0.5710266686290331,0.3471243231472369,0.7762001915176583,0.38637130715993273,0.33723286439454425,0.6275858237201002,0.6172464128180344,0.6790638387789614,0.7691565456395091,0.77130472397483,0.752159534605325,0.6828915940270657,0.0,0.6332881431095269,0.7903658232578019,0.7459670879260344,0.7737370813984942,0.8559451732998614,0.9419187489282251,0.6598021713890405,0.6750008814856798,0.7877051172162854,0.6920542864571383,0.9721894610677713,0.8787070296959475,0.6909123954974775,0.0,0.975875642228648,0.28991252538623996,0.3139296742112198,0.0,0.0,0.5748218251678451,0.7305974893586157,0.7098608728702224,0.6783514729634428,0.3802493689076965,0.42826079219760727,0.8010769489700099,0.8285938146304163,1.0,0.713202974010206,0.7342311132693716
0.6273427120631058,0.42195937523843674,0.6808148537714915,0.0,0.30824227460298276,0.8939425198658707,0.4130140237268655,0.9235739312671214,0.5272495576296662,0.6410155416088191,0.4810041299059417,0.5286084948840941,0.8819003971569963,0.0,0.9101708770326001,0.969458726244606,0.0,0.507840747556313,0.474662821840388,0.9490837126520626,0.9750474558320424,0.8465089166984511,0.9484392578860845,0.43505183112827117,0.7873223615200088,0.6101747326027696,0.8999895745136642,0.9722074535295805,0.8404634697085269,1.0,0.973485262122884,0.7008640728900976,0.7481443750189428,0.9376508589134854,0.9835976416914363,0.5568643408263322,0.50013902683504,0.5763633086571712,0.6598945781284575,0.7254399029272515,0.7259313675801053,0.7435053440522859,0.9263035343982418,0.4180477323981641,0.5563793902584678,0.8486409262619888,0.861949028005569,0.3414532274179155,0.435480500725997,0.5333601814234136,0.8624319318122721,0.7985025492727815,0.9786024595427828,0.33780642013488577,0.8584368598132054,0.6003588221737762,0.7508799510893965,0.9775903662083244,0.5053805532415019,0.8234416435407629,0.9533093164507154,0.7030092788780223,0.8505553507005105,0.0,0.0,0.9800034094709797,0.9412111269363884,0.7863080726937025,0.49289926263365746,0.9131157574863995,0.9718662753230368,0.7679694337638069,0.9589278784419739,0.9292519599637252,0.9600380923622724,0.8780035814645886
0.788514335463894,0.6507911637125904,0.48154312580598546,0.0,0.49001632138511053,0.31819536959050226,0.6002695261563675,0.6961140165826518,0.6223212395541624,0.4666546058019913,0.0,0.7311082564007994,0.5023444534039659,0.0,0.9426087171421669,0.8900448653562669,0.0,0.9291509822609099,0.0,0.8646292851488603,0.712713003056904,1.0,0.7397986911357783,0.5239115893843969,0.7120741185942548,0.8508450403082681,0.817297555755717,0.8153979303508596,0.6546357375684715,1.0,0.6815083379801193,0.5863486631963949,0.970542349732913,0.7788139754572727,0.5782729535217328,0.3947946498696723,0.0,0.0,0.3996415436935728,0.5351823395431888,0.42653639565541185,0.6780935970662527,0.4881375463498303,0.31685152196868843,0.4594150750751938,0.6934952000759714,0.7355915642513579,0.30902578070283093,0.2710375281297817,0.36388823935983927,0.7221418292389492,0.3783587543636276,0.6833276485378104,0.30916561251661673,0.4291933557944183,0.544402615456494,0.48328902670220497,0.3312937435563379,0.4696640023229899,0.9999999999999999,0.7994665110501378,0.33689334626845413,0.9144642629042886,0.5748218251678451,0.9800034094709797,0.0,0.9506333922667776,0.8541164636241926,0.7384325278542303,0.8806576275538557,0.9806245360556172,0.8868480824899476,0.8093502147645943,0.5412667784059624,0.30197838738474597,0.575127615990196
0.9133707157989882,0.8115423108388512,0.3795968796916982,0.39149864106599275,0.45264336988985276,0.653321799593829,0.5003266316991393,0.4997741983353514,0.45861189695887283,0.6185965998240351,0.5139929338355568,0.7768001173309357,0.3384591406871734,0.0,0.9742800352468006,0.7900157203478761,0.5058529009225553,0.6854790356788021,0.4778848549746971,0.9995089057755399,0.9181393046169893,1.0,0.8864072391252003,0.9005937521753207,0.8472393032764702,0.9493750573584055,0.8586483019388911,0.4029073430280434,0.7234703210577613,0.5775182466186848,0.8194857936174808,0.4629219309149369,0.6073731426844705,0.7599034014983238,0.6576012576971748,0.4511943755208371,0.8650555883513622,0.5753301696668285,0.5351266954609127,0.5684870225006713,0.7691283700383653,0.746117226616838,0.5368867561291943,0.39942727208109763,0.9836675345450454,0.8991232047050142,0.9956591164874565,0.2758331387714951,0.383089436632301,0.36723422872718664,0.7325751834973272,0.7824579741012068,0.9999999999999999,0.8849713793173363,0.8285602768398332,0.0,0.7241533022886572,0.8496716053289429,0.3490568005995478,0.9125978282727708,0.8732310207665291,0.9838349178426699,1.0,0.7305974893586157,0.9412111269363884,0.9506333922667776,0.0,0.877250304963592,0.796871320039146,0.9999999999999998,0.9999999999999999,1.0,0.8979152206879419,0.8924675976248825,0.6905910139049055,0.888097016222394
0.5456202125277991,0.8437186602675103,0.8798666412947768,0.3851822093126992,0.7145574547768236,0.8646856152769496,0.8692756021033945,0.8144555200174997,0.9251318643776946,0.441382535689282,0.6625437075292511,0.5764194913450272,0.8489402614938509,0.6306790872643273,0.9141300471877731,0.9035050441841387,0.0,0.585782445348191,0.8089993015547039,0.8940302694383162,0.8115582515172529,0.8468674462285605,0.8682789223052211,0.7685432552389101,0.9952038373215494,0.9929957343884868,0.8785498225193152,0.9133195748231793,0.842997635394049,0.9221897746994211,0.7993627073888204,0.9143478856738501,0.843290154837707,0.8219317833742239,0.7701809326771504,0.9070418712162296,0.7006256345591619,0.7314108515869086,0.8423684824443893,0.7678420627252249,0.7795941556446451,0.9764757325819508,0.39181490326670976,0.819916776153118,0.25874665480995596,0.7119102373028412,0.7079814675254003,0.8122195717682804,0.5368750463744797,0.7457716173724867,0.8667852561486817,0.9250319019213611,0.7656105036958853,0.8932375237386003,0.3616364274063826,0.601238581561601,0.3364650475649552,0.9500323643123851,0.3238105221918172,0.908614216176289,0.8623220187660643,0.20430983625392904,0.8603646664427553,0.7098608728702224,0.7863080726937025,0.8541164636241926,0.877250304963592,0.0,0.6432911482296555,0.7988517835053499,0.9275070054281885,1.0,0.9262591451525042,0.8148748029152003,0.912688497595082,0.847253696353843
0.7481501173272239,0.4965095890620477,0.0,0.0,0.0,0.41274100465712654,0.3925667173824498,0.0,0.48222644873794523,1.0,0.0,1.0,0.7337123937104727,0.0,0.37467169087570784,0.37225617348502976,0.9034358264832872,0.8851167086306897,0.0,0.0,0.6463976068888795,0.4768098429491897,0.41709495935297725,0.6784660030057236,0.7753594406206861,0.9546281862811817,0.0,0.9255674223859878,0.50557442432227,0.0,0.9999999999999999,0.4549656608933795,0.5067180038502299,0.9581347491292919,0.48396693749172687,0.5396095851824271,0.30531885817451443,0.2836257235163099,0.9046739114829182,0.0,0.03241655975117978,0.7274228371737519,0.4919248100453473,0.4274484694388877,0.0,0.6620561900077381,0.45883422986119354,0.34858303385652306,0.49620212256595136,0.6629017067345551,0.4803096039273204,0.8352228218625992,0.6722025442734191,0.4042524824328335,0.5880677700272887,0.9909502526409643,0.705558124285825,0.8295459574517637,0.49536300570449515,0.8902264722273613,0.9232235855683099,0.9338317943189999,0.9481577632500662,0.6783514729634428,0.49289926263365746,0.7384325278542303,0.796871320039146,0.6432911482296555,0.0,1.0,0.8998044883815304,0.9067802647007355,0.41195519784153384,0.3985059915750637,0.40311723672549776,0.7964946996246876
0.9339573986167371,0.8461536929130935,0.653428426637843,0.0,0.601646248130628,0.37196018940465936,0.4465580572540067,0.42598484678389936,0.6587035220043702,0.7368796057756256,0.0,0.741697608202198,0.3210159091070797,0.0,0.42735529129503114,0.955213501286467,0.5817431315823903,0.7421022202971104,0.0,0.5520137629490947,0.7514182552013343,0.7231754536447424,0.4074980443565127,0.8125337166328234,0.8029180308370494,0.9277313647535016,0.4090284416175299,0.7384045564863866,0.3021199901288857,0.6049798337834154,0.7143712303355538,0.4161262160155671,0.6428471222857808,0.6205429937475418,0.5865592136272184,0.43213494507663236,0.0,0.24071237195159106,0.6008414943380201,0.6760475708688749,0.636623195707655,0.8770947565777023,0.8356595664047526,0.4688062478964249,0.5646434425605334,0.9561799822957634,0.9128234805102874,0.40493565437835,0.0,0.3887731027279354,0.6373403498189996,0.8374528281869179,0.8295743574541369,0.5876685400768124,0.9158670629656563,0.7641417746482004,0.8753839462219762,0.7253965820484344,0.6214938572865898,1.0,0.9999999999999999,0.851498138889217,1.0,0.3802493689076965,0.9131157574863995,0.8806576275538557,0.9999999999999998,0.7988517835053499,1.0,0.0,0.8664297631788466,0.7746084616255788,0.8245818756444973,0.6645427055111185,0.3642006657816994,0.8252171540813001
0.9527561483010469,0.9991431960850995,0.3320034205142427,0.0,0.5150367409538594,0.7228330660815097,1.0,0.32268514757117417,0.34915860036618895,0.8519507887282144,0.9012383773887893,0.9152988387074873,0.7637149019340855,0.0,0.9999999999999999,1.0,0.7908058882065537,0.8394108266869742,0.0,1.0,0.9969954435045438,1.0000000000000002,0.9204555843846174,0.9999999999999999,0.8625162977272618,1.0,1.0,0.8861068810492735,0.3653862225309328,0.48932413725008284,1.0,0.6304477020368073,0.7529055902313908,1.0,0.6375474394304048,0.3310312927780727,0.26241270527054095,0.6423382500138557,0.6741412811837788,0.8153579553315177,0.7247676078574974,0.7820232106190296,0.6106849900787982,0.5617216613567142,0.7529452041674615,0.9001613042252756,0.9190065490313009,0.48468021599084943,0.4821310326530772,0.4355636750897536,0.5815747473465314,0.6837206863986036,0.768507768899956,0.43598568772108187,0.8455823581612342,0.8679155429644948,0.659111567529171,0.7940437270847663,0.6217984868969706,1.0,0.9711026669867432,0.8141726918323625,0.94592591630419,0.42826079219760727,0.9718662753230368,0.9806245360556172,0.9999999999999999,0.9275070054281885,0.8998044883815304,0.8664297631788466,0.0,0.8257083822861581,0.7535143325359959,0.8299129848902301,0.5472177893854782,0.8494367438075136
0.385320741388777,0.7273139059303741,0.9289218339443646,0.4225436344853689,0.664268140564688,0.8781582306704446,0.8353808907193198,0.8905953293953922,0.8995812748470111,0.590051507778328,0.8062754332816807,0.39468791963396815,0.9060146006498357,0.746169672495649,0.8933368379332124,0.8824647258713685,0.0,0.47584121356782927,0.8921234534189785,0.8840958546991323,0.9161342028472108,0.9266009746746423,0.8673068035826874,0.7092873193885152,0.8574636802130069,0.8138036759896302,0.9058257108791868,0.9207366529621325,0.8378424000352432,0.9191692960669606,0.7682346677789572,0.9221171828662366,0.7682357222568514,0.8538069173782427,0.8250500432475631,0.7944224033641459,0.5268814687942535,0.5972327036392763,0.8832073062344377,0.7882578889514826,0.8472270358011786,0.9333496299168217,0.8118119685852574,0.8586352902048516,0.8590968688082735,0.8604443393540177,0.6890332367901003,0.9488753680592658,0.7185643401523342,0.9552680505478007,0.849042056771802,0.9719363473997014,0.8355850326715083,0.891044492896476,0.4610717647176909,0.7901572386490208,0.8621959857365218,0.9997426874811104,0.4738853687146257,0.9999999999999999,0.8821965752910967,0.7655699180636767,0.7207918497335113,0.8010769489700099,0.7679694337638069,0.8868480824899476,1.0,1.0,0.9067802647007355,0.7746084616255788,0.8257083822861581,0.0,0.9570587030546112,0.9531582680646455,0.8949160997477632,0.9240735972221298
0.49035014515335684,0.3838864260797939,0.39710535922832135,0.6115762301635128,0.33641742294918836,0.8310756120718099,0.31678857509121233,0.7693813428907564,0.35129076657688796,0.6458531901287737,1.0,0.6718191367443528,0.4053094332401439,0.632619967448881,0.9192345742554366,0.49969799429876005,0.3621438955181905,0.7114298516014537,0.38166123991193346,0.7789543673032345,0.9583557678017471,0.7679472930792917,0.8337419725239194,0.8046921841666929,0.5482887420308628,0.5169419441748899,0.8660372971290937,0.893411587688157,0.8172106320501263,0.9226302230031429,0.7971741170588335,0.8301050126827171,0.743079090482027,0.6641520514875776,0.44761263698916065,0.8105399551842143,0.4908647232798675,0.7166900325075496,0.7212189149448673,0.571186335972182,0.49852166974309703,0.9798750816916943,0.5748790852484995,0.50546739304325,0.3631154156768285,0.44462230456364266,0.7059499348088185,0.8431949262230609,0.34208091823513276,0.5770629479529839,0.9634302465616085,0.8902292577457751,0.8406202386807345,0.8687857868739725,0.38638871009428405,0.7764097221536601,0.3031304225874024,1.0,0.3028331900456977,0.9682053942034382,0.878278248205068,0.7263287014426488,0.8526237076436337,0.8285938146304163,0.9589278784419739,0.8093502147645943,0.8979152206879419,0.9262591451525042,0.41195519784153384,0.8245818756444973,0.7535143325359959,0.9570587030546112,0.0,0.8224740961296795,0.8610425832903044,0.801146110762224
0.4680175534369975,0.523733989456857,0.6284178227437092,0.5136430323597765,0.3966082776643925,0.9173010653916073,0.27729785966659937,0.7407684692900169,0.3620286807354477,0.39034135571959816,0.2960389720811381,0.5716460617973779,0.8443440174856109,0.0,0.7787283447513578,0.6021367667264105,0.49347092519404384,0.3141580446244899,0.3543324307055064,0.7726196789291322,0.7324218865410468,0.6784476519139628,0.8982487284681753,0.34037778916727474,0.5927549518685967,0.8293649229542399,0.9178059216474532,0.8584530016721684,0.7525308593493064,0.4342759570752932,0.7848943176952932,0.310622018653933,0.4177985075173642,0.7616754890401753,0.6991888725783454,0.5688885382243821,0.7463645007311183,0.6135972245962948,0.6530795408550097,0.707719943135642,0.6066711855063157,0.859053039524206,0.9999999999999998,1.0,0.5891165270225507,0.6476214560662302,0.6583154817941643,1.0000000000000002,0.45828248939466876,1.0,0.9658221397836856,0.9796890236927744,0.7337384488146446,1.0,0.6998991019950391,0.9586029654079545,0.5211527163006737,1.0,0.5210240029660056,0.831716848343455,0.82480406419358,0.708017175249271,0.7036960508817289,1.0,0.9292519599637252,0.5412667784059624,0.8924675976248825,0.8148748029152003,0.3985059915750637,0.6645427055111185,0.8299129848902301,0.9531582680646455,0.8224740961296795,0.0,0.8292302781553467,0.8521151657646908
0.0,0.0,0.5118117383057975,0.0,0.0,0.8198904357561871,0.6488659769697693,0.4975518768848313,0.5926718376081223,0.0,0.0,0.0,0.4966726984313938,0.0,0.37031536501690004,0.0,0.0,0.0,0.37450358921039706,0.7658915307342886,0.37436255107199146,0.6332847736534869,0.8547988390155796,0.0,0.0,0.472779931718239,0.8148127410595339,0.421561390802333,0.7869246713800138,0.43271257243289085,0.269327203201107,0.8978041741334432,0.0,0.47415709329010397,0.33404177153411463,0.0,0.0,0.0,0.8200999660598686,0.45261165420310845,0.7068081368388415,0.8547438338180109,0.45373669853843435,0.48636359590881323,0.762648461605185,0.5455847932892945,0.5937274391885967,0.7580368760719736,0.40546266052376534,0.7274471086604999,0.9508375603516871,0.97274006671579,0.7624138379836661,0.9605504482940646,0.5473395546413118,0.36429228008777714,0.4863432420169662,1.0,0.521583640810251,0.38379411673219055,0.5277350835082392,0.4496278752012472,0.49824025555077456,0.713202974010206,0.9600380923622724,0.30197838738474597,0.6905910139049055,0.912688497595082,0.40311723672549776,0.3642006657816994,0.5472177893854782,0.8949160997477632,0.8610425832903044,0.8292302781553467,0.0,0.8909640524602205
0.7370479108264775,0.6607772394663719,0.6442840125180463,0.0,0.4180127521716318,0.857249296406757,0.30589188015164165,0.7598817624939946,0.4621851446973055,0.7306754588928978,0.4921351215605429,0.5621159250674851,0.822848531188907,0.0,0.9687908518124991,0.6481149589314366,0.6170355862155169,0.6510033697387342,0.40872071336310817,0.8539021342646503,0.826487219956314,0.7210859970858176,0.7844679438243061,0.5461180583250146,0.6968264862531177,0.9222839104903323,0.8008019900446786,0.9722925641043849,0.8450698121777258,0.39562746342814525,0.8363985436849803,0.818865893323476,0.45635604975902955,0.8004734166781289,0.6852165031045565,0.5936162393505077,0.341438633256518,0.49212526988180316,0.5564077768423784,0.5395293217838083,0.2385126212540292,0.5797645101071194,0.44645725474571224,0.39206150457402045,0.7657846071451718,0.8692291078410785,0.6763841542223971,0.8204575139470355,0.12346273716733913,0.7776711514190903,1.0,0.8541569402965689,0.7050125222797308,0.8250398266266742,0.8182814525938478,0.6691147724834685,0.8420278390502954,0.9546021674889926,0.7142817410994741,0.688721392286812,0.9082198675305285,0.6898140292858265,0.8661092913352927,0.7342311132693716,0.8780035814645886,0.575127615990196,0.888097016222394,0.847253696353843,0.7964946996246876,0.8252171540813001,0.8494367438075136,0.9240735972221298,0.801146110762224,0.8521151657646908,0.8909640524602205,0.0
