Layer,Node,Metric,Mean_Control,Mean_MS,Delta_Control_minus_MS
GM,0,Degree,67.0,67.6,-0.5999985
GM,1,Degree,66.7,66.558624,0.14137268
GM,2,Degree,42.0,41.710346,0.28965378
GM,3,Degree,74.9,74.489655,0.41034698
GM,4,Degree,74.7,74.50345,0.19654846
GM,5,Degree,71.4,71.54483,-0.1448288
GM,6,Degree,75.0,74.48276,0.51724243
GM,7,Degree,71.0,70.510345,0.48965454
GM,8,Degree,70.9,70.51724,0.3827591
GM,9,Degree,74.9,74.489655,0.41034698
GM,10,Degree,69.7,69.53793,0.1620636
GM,11,Degree,69.0,68.52414,0.4758606
GM,12,Degree,74.9,74.489655,0.41034698
GM,13,Degree,71.6,71.53104,0.0689621
GM,14,Degree,50.7,50.668964,0.031036377
GM,15,Degree,58.0,57.6,0.40000153
GM,16,Degree,70.9,70.51724,0.3827591
GM,17,Degree,64.8,64.56551,0.23448944
GM,18,Degree,48.8,48.67586,0.12413788
GM,19,Degree,39.0,38.731033,0.26896667
GM,20,Degree,67.8,67.54483,0.25517273
GM,21,Degree,52.0,51.64138,0.3586197
GM,22,Degree,62.9,62.572414,0.32758713
GM,23,Degree,69.1,69.57931,-0.47930908
GM,24,Degree,67.8,67.54483,0.25517273
GM,25,Degree,68.8,68.53793,0.2620697
GM,26,Degree,51.0,50.648277,0.35172272
GM,27,Degree,70.6,70.53793,0.062065125
GM,28,Degree,60.8,60.593105,0.20689392
GM,29,Degree,26.0,25.82069,0.17930984
GM,30,Degree,57.9,57.606895,0.29310608
GM,31,Degree,69.8,69.53104,0.26896667
GM,32,Degree,74.7,74.50345,0.19654846
GM,33,Degree,73.9,73.49655,0.40345
GM,34,Degree,74.7,74.50345,0.19654846
GM,35,Degree,74.9,74.489655,0.41034698
GM,36,Degree,74.3,74.53104,-0.23103333
GM,37,Degree,74.9,74.489655,0.41034698
GM,38,Degree,70.8,70.52414,0.27586365
GM,39,Degree,75.0,74.48276,0.51724243
GM,40,Degree,72.6,72.52414,0.07585907
GM,41,Degree,74.9,74.489655,0.41034698
GM,42,Degree,74.5,74.51724,-0.017242432
GM,43,Degree,74.9,74.489655,0.41034698
GM,44,Degree,74.7,74.50345,0.19654846
GM,45,Degree,63.6,63.58621,0.013790131
GM,46,Degree,60.0,60.648277,-0.6482773
GM,47,Degree,30.0,29.793104,0.20689583
GM,48,Degree,74.9,74.489655,0.41034698
GM,49,Degree,74.6,74.510345,0.089653015
GM,50,Degree,72.3,72.54483,-0.24482727
GM,51,Degree,74.7,74.50345,0.19654846
GM,52,Degree,72.9,72.50345,0.39655304
GM,53,Degree,69.9,69.52414,0.37586212
GM,54,Degree,75.0,74.48276,0.51724243
GM,55,Degree,70.9,70.51724,0.3827591
GM,56,Degree,62.0,61.572414,0.4275856
GM,57,Degree,72.9,73.56551,-0.6655121
GM,58,Degree,74.4,74.52414,-0.12413788
GM,59,Degree,54.7,54.64138,0.058620453
GM,60,Degree,62.7,63.648277,-0.9482765
GM,61,Degree,73.6,73.51724,0.08275604
GM,62,Degree,71.5,71.53793,-0.03793335
GM,63,Degree,28.0,27.806896,0.19310379
GM,64,Degree,43.9,43.70345,0.19655228
GM,65,Degree,66.6,66.56551,0.034484863
GM,66,Degree,52.2,52.689655,-0.48965454
GM,67,Degree,57.8,57.613792,0.18620682
GM,68,Degree,66.6,66.56551,0.034484863
GM,69,Degree,67.8,67.54483,0.25517273
GM,70,Degree,69.9,69.52414,0.37586212
GM,71,Degree,51.0,50.648277,0.35172272
GM,72,Degree,68.6,68.55173,0.04827118
GM,73,Degree,60.9,60.58621,0.31379318
GM,74,Degree,24.8,24.84138,-0.04137993
GM,75,Degree,69.9,69.52414,0.37586212
GM,0,Strength,48.509407,46.28607,2.2233353
GM,1,Strength,46.844036,46.292786,0.55125046
GM,2,Strength,27.471334,29.751966,-2.280632
GM,3,Strength,57.126762,57.799877,-0.6731148
GM,4,Strength,57.66145,57.546074,0.11537552
GM,5,Strength,52.045795,50.943695,1.1021004
GM,6,Strength,56.466766,56.383717,0.083049774
GM,7,Strength,55.845226,55.157486,0.6877403
GM,8,Strength,53.404305,53.110573,0.2937317
GM,9,Strength,56.156475,56.264668,-0.108192444
GM,10,Strength,51.477955,51.244865,0.23308945
GM,11,Strength,51.621704,52.415157,-0.7934532
GM,12,Strength,54.292683,54.28616,0.0065231323
GM,13,Strength,53.406456,53.805603,-0.39914703
GM,14,Strength,31.559713,29.592949,1.9667645
GM,15,Strength,38.24745,39.785297,-1.5378456
GM,16,Strength,49.77117,52.224945,-2.4537735
GM,17,Strength,46.487373,48.070232,-1.582859
GM,18,Strength,32.079292,32.227924,-0.14863205
GM,19,Strength,22.391321,23.372564,-0.98124313
GM,20,Strength,48.014954,47.800568,0.21438599
GM,21,Strength,30.99849,31.772202,-0.77371216
GM,22,Strength,41.35597,43.13686,-1.7808914
GM,23,Strength,53.32087,51.03556,2.2853088
GM,24,Strength,50.416462,49.91391,0.50255203
GM,25,Strength,48.9002,48.91655,-0.016349792
GM,26,Strength,32.030308,32.819096,-0.78878784
GM,27,Strength,52.333355,51.474106,0.8592491
GM,28,Strength,40.25109,39.808548,0.44254303
GM,29,Strength,13.289511,14.283883,-0.99437237
GM,30,Strength,40.422478,42.47564,-2.0531616
GM,31,Strength,46.91802,49.244232,-2.3262138
GM,32,Strength,51.744423,51.95057,-0.20614624
GM,33,Strength,52.62257,52.231487,0.39108276
GM,34,Strength,53.27063,53.880013,-0.6093826
GM,35,Strength,52.37323,53.422703,-1.0494728
GM,36,Strength,52.78701,53.18696,-0.39994812
GM,37,Strength,55.180347,54.570656,0.6096916
GM,38,Strength,46.733486,48.27112,-1.537632
GM,39,Strength,56.22114,56.06431,0.15683365
GM,40,Strength,53.025146,52.41473,0.6104164
GM,41,Strength,52.45055,53.22302,-0.77246857
GM,42,Strength,52.54832,53.63517,-1.0868492
GM,43,Strength,53.793053,53.699432,0.0936203
GM,44,Strength,56.073193,55.622425,0.45076752
GM,45,Strength,45.33407,43.318573,2.0154953
GM,46,Strength,41.31597,38.86565,2.4503212
GM,47,Strength,19.528568,21.818924,-2.2903557
GM,48,Strength,54.412975,54.336365,0.076610565
GM,49,Strength,54.681835,54.451557,0.23027802
GM,50,Strength,55.670918,54.181774,1.4891434
GM,51,Strength,51.78878,53.28286,-1.4940796
GM,52,Strength,54.71757,54.52526,0.19231033
GM,53,Strength,52.805927,53.44961,-0.6436844
GM,54,Strength,57.32472,57.329243,-0.004524231
GM,55,Strength,51.768074,52.831745,-1.0636711
GM,56,Strength,46.11495,47.232494,-1.1175461
GM,57,Strength,51.916016,52.43954,-0.52352524
GM,58,Strength,50.863422,53.108253,-2.244831
GM,59,Strength,33.827568,33.538918,0.2886505
GM,60,Strength,44.46841,41.798122,2.670288
GM,61,Strength,55.216675,55.20239,0.014286041
GM,62,Strength,51.184067,51.07557,0.10849762
GM,63,Strength,19.852858,22.262577,-2.4097195
GM,64,Strength,25.695042,24.001406,1.693636
GM,65,Strength,47.82146,46.26495,1.5565109
GM,66,Strength,32.893875,30.418303,2.4755726
GM,67,Strength,39.354294,40.055737,-0.7014427
GM,68,Strength,48.205437,48.041054,0.16438293
GM,69,Strength,49.51586,49.182156,0.3337059
GM,70,Strength,51.778217,50.61546,1.1627579
GM,71,Strength,31.753332,32.129112,-0.3757801
GM,72,Strength,50.161713,48.977264,1.1844482
GM,73,Strength,40.316296,39.349213,0.967083
GM,74,Strength,13.576347,12.887392,0.6889553
GM,75,Strength,50.85274,49.435783,1.4169579
GM,0,Betweenness,0.06875675,0.036319353,0.0324374
GM,1,Betweenness,0.004648649,0.022643058,-0.017994408
GM,2,Betweenness,0.0038558557,0.028615097,-0.02475924
GM,3,Betweenness,0.008648649,0.023450762,-0.014802113
GM,4,Betweenness,0.00014414414,0.011886922,-0.011742777
GM,5,Betweenness,0.057693698,0.02316247,0.03453123
GM,6,Betweenness,0.0044684685,0.0057011493,-0.0012326809
GM,7,Betweenness,0.01254054,0.015527804,-0.0029872647
GM,8,Betweenness,0.0115675675,0.014349798,-0.0027822303
GM,9,Betweenness,0.0016216217,0.016109351,-0.014487729
GM,10,Betweenness,0.005153153,0.021298543,-0.01614539
GM,11,Betweenness,0.013477476,0.022921402,-0.009443926
GM,12,Betweenness,0.049585585,0.01038832,0.039197266
GM,13,Betweenness,0.006666667,0.016792791,-0.010126124
GM,14,Betweenness,0.10893694,0.044316866,0.06462008
GM,15,Betweenness,0.0031711713,0.025811743,-0.022640571
GM,16,Betweenness,0.023567569,0.038844362,-0.015276793
GM,17,Betweenness,0.00064864865,0.01680522,-0.016156571
GM,18,Betweenness,0.035135135,0.053176764,-0.01804163
GM,19,Betweenness,0.026594594,0.045820445,-0.01922585
GM,20,Betweenness,0.013729731,0.013954644,-0.00022491347
GM,21,Betweenness,0.022378378,0.026072692,-0.0036943145
GM,22,Betweenness,0.0074594594,0.038267788,-0.030808328
GM,23,Betweenness,0.014378378,0.0131022055,0.0012761727
GM,24,Betweenness,0.011171171,0.017714819,-0.0065436475
GM,25,Betweenness,0.0073513514,0.015674433,-0.008323081
GM,26,Betweenness,0.0056936936,0.03384405,-0.028150357
GM,27,Betweenness,0.009873874,0.017247593,-0.0073737195
GM,28,Betweenness,0.022882883,0.028351663,-0.00546878
GM,29,Betweenness,0.022882883,0.030568501,-0.0076856185
GM,30,Betweenness,0.0027747748,0.011541473,-0.008766698
GM,31,Betweenness,0.01427027,0.016265921,-0.001995651
GM,32,Betweenness,0.021693693,0.015791241,0.0059024524
GM,33,Betweenness,0.008756757,0.012754273,-0.003997516
GM,34,Betweenness,0.0049369372,0.008330537,-0.0033935998
GM,35,Betweenness,0.014702703,0.020008698,-0.0053059952
GM,36,Betweenness,0.027423423,0.018584652,0.008838771
GM,37,Betweenness,0.01218018,0.029015223,-0.016835041
GM,38,Betweenness,0.007027027,0.017670082,-0.010643055
GM,39,Betweenness,0.0013693694,0.00887232,-0.0075029507
GM,40,Betweenness,0.03556757,0.020003727,0.015563844
GM,41,Betweenness,0.042882882,0.021532152,0.02135073
GM,42,Betweenness,0.007027027,0.017448895,-0.0104218675
GM,43,Betweenness,0.003783784,0.02084871,-0.017064925
GM,44,Betweenness,0.07809009,0.044247285,0.033842802
GM,45,Betweenness,0.08425225,0.059874494,0.02437776
GM,46,Betweenness,0.03664865,0.061079834,-0.024431184
GM,47,Betweenness,0.015387388,0.02052066,-0.005133271
GM,48,Betweenness,0.010954956,0.022536194,-0.011581238
GM,49,Betweenness,0.0034954958,0.013328363,-0.009832867
GM,50,Betweenness,0.06868468,0.019603604,0.04908108
GM,51,Betweenness,0.006054054,0.009605467,-0.0035514133
GM,52,Betweenness,0.006522523,0.024854923,-0.0183324
GM,53,Betweenness,0.0034954953,0.007741535,-0.00424604
GM,54,Betweenness,0.0055855857,0.012766698,-0.0071811127
GM,55,Betweenness,0.0006846847,0.015251941,-0.014567256
GM,56,Betweenness,0.001981982,0.018378379,-0.016396396
GM,57,Betweenness,0.025333334,0.010997204,0.01433613
GM,58,Betweenness,0.048900902,0.027688105,0.021212798
GM,59,Betweenness,0.04036036,0.045604225,-0.005243864
GM,60,Betweenness,0.07376577,0.022411928,0.051353842
GM,61,Betweenness,0.03754955,0.039674435,-0.0021248832
GM,62,Betweenness,0.04828829,0.030625662,0.017662628
GM,63,Betweenness,0.00057657657,0.0037750856,-0.003198509
GM,64,Betweenness,0.10666667,0.039239515,0.06742716
GM,65,Betweenness,0.006054054,0.008516931,-0.002462877
GM,66,Betweenness,0.014738739,0.021204099,-0.0064653605
GM,67,Betweenness,0.0047927923,0.012219944,-0.007427152
GM,68,Betweenness,0.025297295,0.027707985,-0.0024106894
GM,69,Betweenness,0.042774774,0.018865487,0.023909288
GM,70,Betweenness,0.004792793,0.015147563,-0.01035477
GM,71,Betweenness,0.015675675,0.01967816,-0.0040024854
GM,72,Betweenness,0.016792793,0.013069898,0.003722895
GM,73,Betweenness,0.030306306,0.02001367,0.010292636
GM,74,Betweenness,0.073045045,0.058462873,0.014582172
GM,75,Betweenness,0.03718919,0.02628891,0.0109002795
GM,0,Closeness,0.9043001,0.9104605,-0.0061603785
GM,1,Closeness,0.90046227,0.899049,0.0014132857
GM,2,Closeness,0.6944445,0.69265103,0.0017934442
GM,3,Closeness,0.9986842,0.9940107,0.0046735406
GM,4,Closeness,0.9960526,0.99427015,0.0017824769
GM,5,Closeness,0.9545289,0.95650643,-0.0019775033
GM,6,Closeness,1.0,0.99393183,0.00606817
GM,7,Closeness,0.94936717,0.9439275,0.005439639
GM,8,Closeness,0.9481804,0.9438708,0.0043095946
GM,9,Closeness,0.9986842,0.99363476,0.005049467
GM,10,Closeness,0.934056,0.93246114,0.0015948415
GM,11,Closeness,0.9259259,0.9210864,0.0048395395
GM,12,Closeness,0.9986842,0.9937401,0.0049441457
GM,13,Closeness,0.95684797,0.9560849,0.00076305866
GM,14,Closeness,0.75531805,0.75555676,-0.0002387166
GM,15,Closeness,0.8152174,0.8122854,0.0029319525
GM,16,Closeness,0.9481804,0.944088,0.0040923953
GM,17,Closeness,0.8803009,0.87813807,0.0021628141
GM,18,Closeness,0.7411324,0.7403178,0.0008145571
GM,19,Closeness,0.67567575,0.67411774,0.0015580058
GM,20,Closeness,0.91243017,0.90992546,0.0025047064
GM,21,Closeness,0.76530606,0.7629162,0.0023898482
GM,22,Closeness,0.8610894,0.85835683,0.002732575
GM,23,Closeness,0.92725164,0.9329438,-0.005692184
GM,24,Closeness,0.91243017,0.9099379,0.002492249
GM,25,Closeness,0.92369473,0.9209562,0.0027385354
GM,26,Closeness,0.7575758,0.75501317,0.002562642
GM,27,Closeness,0.9446789,0.9441366,0.00054228306
GM,28,Closeness,0.8408445,0.8391567,0.0016878247
GM,29,Closeness,0.6048388,0.6040363,0.00080251694
GM,30,Closeness,0.8143409,0.81187814,0.0024627447
GM,31,Closeness,0.93518513,0.9322422,0.0029429197
GM,32,Closeness,0.9960526,0.993822,0.0022306442
GM,33,Closeness,0.98556054,0.98063755,0.004922986
GM,34,Closeness,0.9960868,0.9938694,0.0022173524
GM,35,Closeness,0.9986842,0.9936118,0.005072415
GM,36,Closeness,0.99127674,0.9941463,-0.0028695464
GM,37,Closeness,0.9986842,0.9937059,0.004978299
GM,38,Closeness,0.9469937,0.9438299,0.0031638145
GM,39,Closeness,1.0,0.9938002,0.006199777
GM,40,Closeness,0.9690625,0.9682936,0.0007688999
GM,41,Closeness,0.9986842,0.99362224,0.005061984
GM,42,Closeness,0.9935223,0.99385595,-0.0003336668
GM,43,Closeness,0.9986842,0.99371845,0.004965782
GM,44,Closeness,0.99615383,0.9940503,0.0021035075
GM,45,Closeness,0.868151,0.8681018,4.9233437e-05
GM,46,Closeness,0.8335763,0.8395261,-0.0059497952
GM,47,Closeness,0.625,0.6239663,0.0010337234
GM,48,Closeness,0.9986842,0.9935488,0.005135417
GM,49,Closeness,0.99473685,0.99403477,0.0007020831
GM,50,Closeness,0.96540993,0.9691039,-0.0036939383
GM,51,Closeness,0.9960868,0.99413073,0.0019560456
GM,52,Closeness,0.97277707,0.9681049,0.0046721697
GM,53,Closeness,0.9363426,0.9322171,0.004125476
GM,54,Closeness,1.0,0.9935593,0.006440699
GM,55,Closeness,0.9481804,0.9445489,0.0036314726
GM,56,Closeness,0.85227287,0.84839875,0.003874123
GM,57,Closeness,0.97436476,0.9815312,-0.0071664453
GM,58,Closeness,0.9923393,0.99392056,-0.0015812516
GM,59,Closeness,0.78705686,0.78697217,8.46982e-05
GM,60,Closeness,0.85960895,0.8688886,-0.009279668
GM,61,Closeness,0.98174846,0.9810108,0.0007376671
GM,62,Closeness,0.9555136,0.956133,-0.00061941147
GM,63,Closeness,0.61475414,0.6138207,0.00093346834
GM,64,Closeness,0.70688593,0.705749,0.0011369586
GM,65,Closeness,0.8993866,0.8990454,0.000341177
GM,66,Closeness,0.7669473,0.7709239,-0.0039765835
GM,67,Closeness,0.81348294,0.81206816,0.0014147758
GM,68,Closeness,0.8993866,0.8991591,0.00022751093
GM,69,Closeness,0.9124564,0.90991956,0.0025368333
GM,70,Closeness,0.9363426,0.93230194,0.0040406585
GM,71,Closeness,0.7575758,0.75516117,0.0024146438
GM,72,Closeness,0.9215686,0.9210389,0.0005296469
GM,73,Closeness,0.8417603,0.8391157,0.0026445985
GM,74,Closeness,0.5990476,0.599295,-0.00024741888
GM,75,Closeness,0.9363426,0.93225056,0.0040920377
GM,0,Eigenvector,0.11863402,0.11213754,0.0064964816
GM,1,Eigenvector,0.114820436,0.114307486,0.0005129501
GM,2,Eigenvector,0.07047765,0.07627385,-0.0057962015
GM,3,Eigenvector,0.13197167,0.13323772,-0.0012660474
GM,4,Eigenvector,0.13429654,0.13374949,0.00054705143
GM,5,Eigenvector,0.12627847,0.12350339,0.002775088
GM,6,Eigenvector,0.13028467,0.12984115,0.00044351816
GM,7,Eigenvector,0.13465025,0.131878,0.0027722418
GM,8,Eigenvector,0.12929292,0.12847339,0.00081953406
GM,9,Eigenvector,0.13178746,0.1314454,0.00034207106
GM,10,Eigenvector,0.1257956,0.12452739,0.0012682155
GM,11,Eigenvector,0.12619814,0.12715188,-0.0009537339
GM,12,Eigenvector,0.12729827,0.1270583,0.0002399683
GM,13,Eigenvector,0.12794387,0.12915906,-0.0012151897
GM,14,Eigenvector,0.07951266,0.074541345,0.004971318
GM,15,Eigenvector,0.09674376,0.10013191,-0.003388144
GM,16,Eigenvector,0.118068695,0.1249168,-0.0068481043
GM,17,Eigenvector,0.11470701,0.118720286,-0.0040132776
GM,18,Eigenvector,0.082358874,0.08260023,-0.00024135411
GM,19,Eigenvector,0.057098884,0.05994193,-0.0028430447
GM,20,Eigenvector,0.11771295,0.11664664,0.0010663122
GM,21,Eigenvector,0.07901354,0.08065313,-0.0016395897
GM,22,Eigenvector,0.10279046,0.1076954,-0.0049049407
GM,23,Eigenvector,0.12940325,0.12323636,0.0061668903
GM,24,Eigenvector,0.12379001,0.12288221,0.0009078011
GM,25,Eigenvector,0.119963504,0.11980115,0.0001623556
GM,26,Eigenvector,0.08204056,0.083561264,-0.0015207008
GM,27,Eigenvector,0.12700571,0.12528157,0.0017241389
GM,28,Eigenvector,0.101455614,0.09971633,0.0017392859
GM,29,Eigenvector,0.033177998,0.036960587,-0.003782589
GM,30,Eigenvector,0.10309728,0.10760255,-0.004505269
GM,31,Eigenvector,0.11267978,0.11801637,-0.00533659
GM,32,Eigenvector,0.11732127,0.118237466,-0.0009161979
GM,33,Eigenvector,0.1217528,0.12103178,0.00072101504
GM,34,Eigenvector,0.12137798,0.12300201,-0.0016240254
GM,35,Eigenvector,0.120550156,0.12294127,-0.0023911148
GM,36,Eigenvector,0.12019004,0.12151435,-0.0013243109
GM,37,Eigenvector,0.12773073,0.12650634,0.0012243837
GM,38,Eigenvector,0.11143205,0.114995085,-0.0035630316
GM,39,Eigenvector,0.12865838,0.12811922,0.0005391687
GM,40,Eigenvector,0.12304763,0.12206478,0.0009828508
GM,41,Eigenvector,0.12050961,0.12188578,-0.0013761669
GM,42,Eigenvector,0.12105881,0.12394096,-0.0028821528
GM,43,Eigenvector,0.122428164,0.12193453,0.00049363077
GM,44,Eigenvector,0.13155974,0.13015303,0.0014067143
GM,45,Eigenvector,0.11330736,0.106833495,0.0064738616
GM,46,Eigenvector,0.10492639,0.097866304,0.007060088
GM,47,Eigenvector,0.05042886,0.0558776,-0.00544874
GM,48,Eigenvector,0.12410519,0.12432009,-0.0002148971
GM,49,Eigenvector,0.12651558,0.12602013,0.0004954487
GM,50,Eigenvector,0.13284978,0.12941012,0.0034396648
GM,51,Eigenvector,0.11928918,0.12234509,-0.0030559078
GM,52,Eigenvector,0.1302368,0.12886164,0.0013751686
GM,53,Eigenvector,0.12857619,0.12960625,-0.0010300577
GM,54,Eigenvector,0.13395464,0.13277692,0.0011777282
GM,55,Eigenvector,0.12517086,0.1281916,-0.0030207485
GM,56,Eigenvector,0.11562638,0.11727991,-0.0016535297
GM,57,Eigenvector,0.12104044,0.12298773,-0.0019472912
GM,58,Eigenvector,0.11783093,0.124106295,-0.0062753633
GM,59,Eigenvector,0.085359044,0.08403148,0.0013275668
GM,60,Eigenvector,0.11142075,0.10397877,0.0074419826
GM,61,Eigenvector,0.13233334,0.13067,0.0016633421
GM,62,Eigenvector,0.12390606,0.12306016,0.00084590167
GM,63,Eigenvector,0.05108694,0.057434376,-0.0063474365
GM,64,Eigenvector,0.066136405,0.06145514,0.004681263
GM,65,Eigenvector,0.11756915,0.1132346,0.0043345466
GM,66,Eigenvector,0.084334746,0.0771468,0.0071879476
GM,67,Eigenvector,0.09907831,0.10089166,-0.0018133447
GM,68,Eigenvector,0.11819186,0.116907306,0.0012845546
GM,69,Eigenvector,0.12253593,0.12075462,0.0017813072
GM,70,Eigenvector,0.12638535,0.12277849,0.0036068559
GM,71,Eigenvector,0.08101066,0.08212011,-0.001109451
GM,72,Eigenvector,0.1231482,0.12011239,0.0030358136
GM,73,Eigenvector,0.101559974,0.09903131,0.0025286674
GM,74,Eigenvector,0.03522734,0.033202026,0.0020253137
GM,75,Eigenvector,0.12389938,0.12044405,0.003455326
