0.0,0.5490112395920373,0.6905217010108066,0.6158670767429081,0.41826217199930604,0.6767419377775026,0.45844237668674365,0.7027331964439062,0.5715308045723579,0.44942483160092545,0.5486376581776852,0.6244449282991141,0.37480226004937506,0.3880886186671455,0.6498766701537695,0.9292712138002227,0.5581864149750627,0.6445850891514489,0.5473277283094516,0.6411514308119058,0.6550096273904891,0.7737940910401401,0.6627258255671973,0.7448077090620776,0.38193286450388914,0.6647960562658684,0.5136930185394952,0.4421259965569424,0.7444095033248762,0.3206269005151531,0.7538827787974212,0.4762564326675293,0.6058211266644021,0.7474022372810609,0.48004747958952154,0.5559173275513664,0.6806748719268334,0.5435334364948987,0.6094564700135159,0.5402392752579266,0.659222627292212,0.6701707639086892,0.31242407071836775,0.5814786717068376,0.6393237410892014,0.5063280289438639,0.45414074256208614,0.7608300991221347,0.4981034477672958,0.33437823379703485,0.6170277428551719,0.433516681052499,0.7528646697213612,0.6396805917656198,0.34385353407371694,0.5643820069297217,0.5396319641247245,0.3627025568967708,0.28334804179031564,0.5416188729611235,0.4631053571146475,0.6497686219027148,0.6888128888787818,0.43345840481859754,0.39326340375394037,0.8290497870114015,0.3193998403296805,0.5071149912559307,0.6750770955372773,0.3884751034860162,0.44101971694125264,0.4975928987286823,0.54960829289535,0.3385103835748479,0.3284267392102938,0.5337920537221996
0.5490112395920373,0.0,0.9774207321608877,0.5877969969218196,0.478822778015548,0.9590584508592974,0.6039893934099629,0.5648439216090412,0.9268083233079298,0.5487921321332533,0.6903799292467981,0.5765026299725565,0.5135670425307781,0.4864065145092438,0.4455940166513588,0.90128174329945,0.7400786112137575,1.0,0.7821083326344749,0.8457572031997505,0.7196223000105438,0.8763991639994294,0.8215562693743285,0.6030932964577462,0.5603108815356589,0.846875016596904,0.9533022468256351,0.5632738123175662,0.7865857979096984,0.8829164648234145,0.8361736621418645,0.38312674772127486,0.6524447024672982,0.7154100656307549,0.5773780196211512,0.6082484896219833,0.6626206753620973,0.49033392627753236,0.4929335931187896,0.5892887236472588,0.6484613725126961,0.646016734637029,0.5366256592062714,0.6028207422034954,0.7647128515281181,0.1225668269085809,0.6302053015651284,1.0,0.46213860105417404,0.4974008739852478,0.764842204969499,0.37577262134285805,0.5922847660553012,0.7881323799386384,0.3413123411998304,0.59274319717325,0.5281818035958389,0.6220592378921195,0.5385746332528186,0.5343028824302487,0.5411620394489959,0.6425202818893039,0.7778331389614472,0.5784776645033438,0.6194127604841665,0.7584465687546144,0.6979337221655376,0.6496976104518335,0.44629997478487193,0.6074287791795846,0.6342160085781562,0.9078779070893276,0.6922792093566157,0.5753351348348099,0.4565063324346332,0.6422976546794659
0.6905217010108066,0.9774207321608877,0.0,0.8932877767925081,0.7952847753522977,1.0,0.8994335738211167,0.8047812258361876,1.0,0.7861922252809256,0.9999999999999999,1.0,0.8174595870922843,0.8456882861445851,0.7044291215687751,1.0,0.9745584312927109,1.0,0.8677832519443244,1.0,1.0,1.0,0.9999999999999999,0.9151798526427496,0.8956600807983656,1.0,1.0,0.6562760242481562,1.0000000000000002,0.9999999999999999,1.0,0.6301273816877189,0.74460877035038,0.9893063678445412,0.8559575474670144,0.9013389356657808,0.7560245840398984,0.6097632628500089,0.6914620136541705,0.8673028312848097,0.9289635790297871,0.7848046528678053,0.5988243720303839,0.6985512037069018,0.8540469633219367,0.3402653789798005,0.9211227575672424,0.9105286968206191,0.8255996688508913,0.7357128104369713,1.0,0.6559588979527198,0.9938455592878065,1.0,0.5784820318908874,0.7814043373069494,0.775348547875336,0.9012491266400885,0.6419988708556754,0.8882442891347365,0.7051413611321415,0.8704007037313403,0.8622709039078755,0.6600301328844671,0.9646812828058451,1.0,0.9999999999999999,0.9683052035538902,0.6719862831950904,0.874152137657206,1.0,1.0,0.8907606983956997,0.9494832975243498,0.35756823387045095,1.0000000000000002
0.6158670767429081,0.5877969969218196,0.8932877767925081,0.0,0.725625385965521,0.9217652007523243,0.7349765976929448,0.6914786478603042,0.8718450492167725,0.6760213066050234,0.8816072196640568,0.6928207097357002,0.6211743946157414,0.6910274006806157,0.5574701694457085,1.0,0.8925542303414485,1.0,0.9647132269328914,0.834861327158866,0.7350415141315534,0.8323206372852643,0.8340430084746414,0.6851882504735388,0.6731051398543456,0.8179819387069167,0.915737491474724,0.738311535021359,0.7621893205306014,1.0,1.0,0.548124081463619,0.7090255895447751,0.9357328241960527,0.6456424013904638,0.6918714960492218,0.7560709712312543,0.45639465611408175,0.6092226786368495,0.6218835460412707,0.7782043872424351,0.6835038518098664,0.675816618676512,0.6110472230415657,0.7185406911632202,0.27215127544208995,0.7612618417886692,1.0000000000000002,0.5085202949764406,0.5741854347469335,0.9394275682981508,0.658854977053743,0.6511957008482228,0.8916110517171496,0.3928593633409112,0.7597043611139419,0.6884094123800826,0.7820183202035837,0.7199874852133684,0.5084987363152614,0.6878825204901677,0.7271898326798067,0.7643329417669218,0.6469242873573103,0.7554588166397449,0.8690632962655365,0.8090274444039016,0.7194654209183979,0.6374860759012246,0.7438164382823889,0.7472346314520563,0.9165849565759411,0.8026786742789693,0.6451057136903642,0.29429855077497313,0.6544378121189252
0.41826217199930604,0.478822778015548,0.7952847753522977,0.725625385965521,0.0,0.9017009043410198,0.5106793498018599,0.655240599899966,0.8743575848808137,0.46902561911949625,0.7668834309576051,0.5798552539635841,0.5362679215566049,0.6017101428940781,0.4522192698175431,1.0,0.8034916375879909,0.9521010281959649,0.8073392984226158,0.7906681598064941,0.5700763114229637,0.8477868169651789,0.8161651898726904,0.5555575962076053,0.5265875378286096,0.6426047442619299,0.9185600205417656,0.6512027255942581,0.8091451913797032,0.9999999999999999,0.8794328127499151,0.306254820667498,0.5223784144296975,0.8201826802063403,0.5319350475548337,0.7185219038874461,0.7074775307668414,0.34288374827607226,0.5026025969243697,0.4708546762988753,0.7504110538465695,0.6021966965582671,0.5818795782477627,0.5246651686298185,0.7807317287632789,0.0,0.7092549109401962,0.9036093942864418,0.42477313923988225,0.35833081935744626,0.7034112618564518,0.262429204573309,0.6352394073780919,0.8150355770047384,0.4120997327552242,0.5849468171131309,0.5718294240130615,0.5112079106080706,0.5957706986606502,0.47771896619106713,0.6955124329500734,0.7030605314123367,0.7564206760381981,0.5754182658265854,0.6183362270954744,0.561657013327842,0.7606846853562839,0.6408459133943617,0.4302857413157529,0.5639738941641572,0.5112637376418905,0.8226465553716301,0.7279960421241168,0.5205567845997601,0.16989188506469674,0.6208774641829462
0.6767419377775026,0.9590584508592974,1.0,0.9217652007523243,0.9017009043410198,0.0,1.0000000000000002,1.0,0.9999999999999999,0.8314889523204251,0.9999999999999999,0.9655506760267796,0.8741686764926573,1.0,0.7719379437733931,1.0,1.0000000000000002,0.9999999999999998,1.0,1.0,0.9649664192133065,0.9999999999999999,1.0,0.9341989596501026,0.9486809944047109,1.0,1.0,0.7409161012405863,1.0,0.9999999999999999,1.0000000000000002,0.8233568780604886,1.0,1.0,0.96582119365909,0.9999999999999999,0.999340555190383,0.7420419693813268,0.869682478749064,0.9013699092685454,1.0000000000000002,0.9999999999999999,0.8386585277217519,0.9877252231863646,1.0,0.1273347223189792,1.0,1.0,0.8637917321237185,0.6891102458825693,0.9999999999999999,0.7343909842333374,0.9336677991076632,1.0,0.7447872997666791,0.9984958344917224,0.8708034005563583,1.0,0.8974546549079986,0.7962224067398237,0.8508514207421523,1.0000000000000002,1.0,0.8345304266552693,0.9059322600467274,0.9614243856687498,1.0,1.0,0.6508756625446812,0.9572676409291248,1.0,0.9999999999999999,1.0,0.7586012286910606,0.26208302458389987,1.0
0.45844237668674365,0.6039893934099629,0.8994335738211167,0.7349765976929448,0.5106793498018599,1.0000000000000002,0.0,0.7829433478490233,0.9587817379476942,0.6851546322361831,0.914697032442834,0.6235715820589092,0.6574726269866146,0.6562654792090199,0.4171410272163994,1.0,0.8881376519144073,0.9999999999999999,0.8603978484414208,0.8793507842728454,0.7274730438184484,0.8776323660080677,0.8327467620894462,0.6045928678872379,0.6088226080797436,0.7942225583521604,0.9999999999999999,0.6736250443020183,0.7598825211940544,0.9999999999999999,0.9624583226162221,0.4856054551719359,0.6520644646622076,0.947037991897382,0.5802941393087245,0.8021753843145345,0.8586589645784664,0.3977600549825979,0.6142283339452737,0.5496975057119939,0.7435094908405985,0.6467151780659305,0.5753544824057846,0.7003939964706752,0.8128256938836529,0.012413133340335579,0.8252128341664942,1.0,0.4928588134999582,0.4189581336131096,0.7561016942599411,0.3493770582919898,0.7355356276795268,0.8173079036721724,0.48801732588028796,0.6641604604061723,0.6472451631505859,0.6699647026199524,0.6358234771192177,0.583448827261868,0.7379304766231802,0.7044371528725177,0.930325289365639,0.5225551265769988,0.6269010663925089,0.8406740344036696,0.8418448434307434,0.680499695823007,0.4316683287407791,0.7438944781091268,0.7191645058784977,0.8728578550601537,0.8032911235155525,0.6171876357609289,0.2018582849718076,0.6632080778628332
0.7027331964439062,0.5648439216090412,0.8047812258361876,0.6914786478603042,0.655240599899966,1.0,0.7829433478490233,0.0,0.9999999999999999,0.6514856186974105,0.8516777993327854,0.7633352454171969,0.6022579765553466,0.6937726203235389,0.5585475722726715,1.0000000000000002,0.8171850416731374,0.9999999999999998,0.8176139165302375,0.9299900224355429,0.7615930718174919,0.898077826566342,0.8181321546237348,0.7689260251773351,0.7097598423898512,0.903781019037044,1.0,0.6135030104808336,0.8126320595011278,0.8914582766150383,0.8696415043236789,0.5176748234573834,0.6765955858425458,1.0000000000000002,0.6259685228396072,0.7640411222982392,0.8304564764182197,0.548448086251187,0.6770402221809528,0.6818704415552067,0.9062860304829838,0.8111430919828077,0.6770865006769852,0.6844617433955643,0.8611399496612415,0.23060610565901019,0.7164034767696077,0.9910172053730386,0.5244188879194414,0.5572413787380143,0.7086691763262858,0.5545095323497866,0.6413360798333597,0.9497807693052343,0.5734528699757359,0.7653082547762313,0.5825880972354655,0.7847631220074385,0.5908488873480193,0.454570023902044,0.7296494879434455,0.9112080446688188,0.9765940868019348,0.5606761932750541,0.6326309377941036,0.7943834066591764,0.6898845847032904,0.6602098214124557,0.5130580429185153,0.7195021939523909,0.7034388414107383,0.7355462096259809,0.7668160291815781,0.670436119742129,0.19000702329178187,0.6361187262400264
0.5715308045723579,0.9268083233079298,1.0,0.8718450492167725,0.8743575848808137,0.9999999999999999,0.9587817379476942,0.9999999999999999,0.0,0.8313161232112463,1.0,0.8371009535006002,0.8003726610023579,0.7604162320112626,0.7831110052805429,1.0000000000000002,1.0,1.0,1.0,1.0,0.8270964393158743,1.0,1.0,0.8144528042096165,0.9167097404042401,1.0000000000000002,1.0,0.6998603816980096,1.0,1.0,1.0,0.6881178263278029,0.9341779455495677,1.0,0.8450566188734805,0.8958764272158313,0.9877676025169005,0.5982104672640667,0.7944481307118585,0.8081628100980847,1.0,0.9396395789291812,0.824652932683563,0.8305821192058301,0.8885756102121074,0.10627635389109671,0.890771365816869,1.0,0.803026468659256,0.6410018899487269,0.9999999999999999,0.69035193453237,0.935586868344589,1.0,0.6226235384520321,0.8705058314756455,0.7955817203958959,0.9412000070176687,0.8122130178379589,0.7356445010237944,0.7258056426463868,0.9089770394699885,1.0000000000000002,0.8808500942796414,0.822412270757472,1.0,0.9717823654640525,0.9988871433291973,0.6190878112140831,0.9411462080877003,0.971185252843388,1.0,0.9999999999999998,0.7391886148704864,0.2660192451923479,0.9685804858052914
0.44942483160092545,0.5487921321332533,0.7861922252809256,0.6760213066050234,0.46902561911949625,0.8314889523204251,0.6851546322361831,0.6514856186974105,0.8313161232112463,0.0,0.7119013229844446,0.5386099658010314,0.5500442902392146,0.6246391552827409,0.44454676628677425,0.9839746312328639,0.7400218958256384,1.0,0.8980457318677073,0.8795568144716776,0.5746835140170288,0.8545467477350872,0.7047143828429495,0.5097520791192772,0.508824178363475,0.6515656512155971,0.9022773775918445,0.6001182791766764,0.7696898500636564,1.0,0.9375143756211776,0.37205452974324393,0.6914630251530641,0.8639840385654461,0.5655597782130514,0.6901334551706106,0.6808929697086565,0.3411647119466008,0.508703770394443,0.5166582688289125,0.7789566811081533,0.6223378371821974,0.5572859988018984,0.6138243589170107,0.7227763671544576,0.13678502828005543,0.7081790291040971,0.9144653324224833,0.5613175984734562,0.4193006085638481,0.7739500184991437,0.46589526525512764,0.5819571428433643,0.7157205549430277,0.5184912844356953,0.7011448684483216,0.5638049413567836,0.6523914220956507,0.6761475058505719,0.4167490290588983,0.6098589795410753,0.7492548539828529,0.7403196784455788,0.6015481419078021,0.6585655924117426,0.802207766310701,0.7265791959115059,0.6352763160269382,0.48537039257090553,0.6345575055640719,0.6749697534728039,0.8418378261823694,0.7402298129251235,0.5906125071331634,0.21367894407612667,0.6593856662751388
0.5486376581776852,0.6903799292467981,0.9999999999999999,0.8816072196640568,0.7668834309576051,0.9999999999999999,0.914697032442834,0.8516777993327854,1.0,0.7119013229844446,0.0,0.7765591400282854,0.7537982877264485,0.8580321353607423,0.5874634621060623,0.9999999999999998,1.0000000000000002,1.0,1.0000000000000002,1.0,0.7464456706715917,1.0,1.0,0.7879129208762763,0.8168987837110024,0.9339524331096802,0.9999999999999999,0.7902316587481413,1.0,1.0,1.0,0.6257481932487684,0.9076552236853979,1.0000000000000002,0.7102671622449518,0.9656876381232483,1.0,0.6866570843226872,0.7999739189141201,0.788886621739064,1.0,0.8422024238462162,0.899825773130986,0.823455377707121,0.9308684362907234,0.0,0.9248960420075641,1.0,0.6300410892785238,0.6656254227269233,1.0,0.6388876094914062,0.9935094344378396,1.0,0.7191203334085767,0.9240936223869786,0.7227136381526539,0.9450571726238963,0.8143797243412693,0.6440582731241731,0.8500171042386249,1.0,1.0,0.8949372371385796,0.8846023037162679,1.0,1.0000000000000002,0.8608104277569717,0.5457045578049576,0.920359416765528,0.8858018317636324,1.0000000000000002,0.965727592577219,0.8375314011933894,0.24201166534387808,0.7606539061941754
0.6244449282991141,0.5765026299725565,1.0,0.6928207097357002,0.5798552539635841,0.9655506760267796,0.6235715820589092,0.7633352454171969,0.8371009535006002,0.5386099658010314,0.7765591400282854,0.0,0.5894591807192793,0.6359401048662519,0.581072954960665,1.0,0.8623952455905597,0.8643589581770356,0.8307887304628704,0.9618688339176312,0.8226174366291827,0.9596551361864668,0.7551884903166608,0.6235802600929196,0.5162489177196066,0.6635707788321895,0.8819061116029385,0.6405413097009852,1.0,0.8561503014398212,0.8988041063847833,0.49477095514898195,0.6899713580230031,0.8087181490103262,0.6131110008635468,0.7789868695858444,0.7378173029517316,0.4231541502918268,0.5829458747015541,0.5840887946186434,0.7832487813727996,0.6939755431329869,0.5535454998333419,0.6567073175905219,0.7541610946800472,0.36078186094503933,0.6859488434530365,0.9710200464282129,0.5876864260073047,0.3947133131686129,0.8660775017732376,0.5097573509141483,0.6206584837516679,0.749765445536727,0.37350291248880707,0.7090655649790265,0.5084946182349351,0.6157306765063681,0.5234990646058212,0.45436770647049596,0.673294411313093,0.6895085371253459,0.6969108460954229,0.5423921504111926,0.6031511792606231,0.6925557430250877,0.6631516735873068,0.7062130786884809,0.5545354527790983,0.6622139299648638,0.5539677333641633,0.8773099273112352,0.8162728628764055,0.5505519345674846,0.13115727002241798,0.7847457359539591
0.37480226004937506,0.5135670425307781,0.8174595870922843,0.6211743946157414,0.5362679215566049,0.8741686764926573,0.6574726269866146,0.6022579765553466,0.8003726610023579,0.5500442902392146,0.7537982877264485,0.5894591807192793,0.0,0.5503422911752385,0.38526149407076665,0.9598102047331989,0.8286491380454786,0.9699286594595842,0.6978839177687504,0.695665851985258,0.6780818137368733,0.759927918747739,0.7565603452219116,0.5619803720034666,0.6202846317474349,0.7213823591156328,0.8648104095143346,0.5644548948181622,0.7360110406192246,0.8243026909226282,0.9221943693782301,0.4357523916322611,0.6904585916665716,0.9596703921283251,0.5726014078789937,0.5759221148752156,0.7237447415203692,0.37400201217036644,0.4811941130182934,0.4771499989993692,0.8511149480712897,0.6632792013889709,0.4937558881730739,0.6241526923683358,0.8414475823184587,0.5043383088381671,0.6388926629209531,1.0,0.5179668986532994,0.47122868083113745,0.7027446065726258,0.4625291309395869,0.6284528047785698,0.9067938993688144,0.4553880462560486,0.6310415977816015,0.5381613527302114,0.697105302206464,0.6720966555865454,0.5068392755361483,0.6889553876255066,0.7715746250228706,0.8704962687110148,0.5590209791524345,0.6006223238736471,0.8486677204747725,0.7717698620446909,0.6877685628515934,0.4300577366029954,0.6800979137981206,0.7249426356814416,0.8820958822789822,0.7114612560451329,0.5323857546589825,0.5146661844081942,0.5733876473330956
0.3880886186671455,0.4864065145092438,0.8456882861445851,0.6910274006806157,0.6017101428940781,1.0,0.6562654792090199,0.6937726203235389,0.7604162320112626,0.6246391552827409,0.8580321353607423,0.6359401048662519,0.5503422911752385,0.0,0.40110939523865385,1.0,0.9044085139231228,0.9426335375693928,1.0,0.9999999999999999,0.6224182176512029,0.9890626546413882,0.7651981193693018,0.6490955089779854,0.6011614220310311,0.7483503726559747,0.9091751148537844,0.5687498221609242,0.7566710593947746,0.9999999999999999,0.8940048313067255,0.39072735502729267,0.6634813346407024,0.9710407837125881,0.5558342583773986,0.7101647408466252,0.762476677482854,0.48467422006470584,0.5331900444701373,0.678575711402976,0.815902489762135,0.657866529786976,0.631946257443403,0.7030630699220102,0.848995707590492,0.3871984909309453,0.7083932669545027,0.9693241560553076,0.5128716288197017,0.5495008719003266,0.7181819521940919,0.42893165066754424,0.6738504181893653,0.8814862789316158,0.4061710280755955,0.5938461122465891,0.5493963933562253,0.7276892867571532,0.6369654688910616,0.31904341821725113,0.5260117111298668,0.6567030793990695,0.8581876580010066,0.5495107473630112,0.5582918924485006,0.6575448454160939,0.6549136614794215,0.6025719551042168,0.3648396610344886,0.6130026959262052,0.5603921514784492,0.9520316721737547,0.7485642922776129,0.6938647009373352,0.14389800395906363,0.6155248118933833
0.6498766701537695,0.4455940166513588,0.7044291215687751,0.5574701694457085,0.4522192698175431,0.7719379437733931,0.4171410272163994,0.5585475722726715,0.7831110052805429,0.44454676628677425,0.5874634621060623,0.581072954960665,0.38526149407076665,0.40110939523865385,0.0,0.8109184073047009,0.6330350481256302,0.7473209729654364,0.7812511495848093,0.7748931626239414,0.5471210058914525,0.6091091154187603,0.5689480065909409,0.6913026061580103,0.42482795241270555,0.7037257546004734,0.7736054347645137,0.29526716305098466,0.5178857019558963,0.48366404273115315,0.5160684210492753,0.40206584531354334,0.6317655284873502,0.6662415395043726,0.4247400691909282,0.5001974875782051,0.5921341073066108,0.5728207944728778,0.5315853975860264,0.5028565057141534,0.5514970039888251,0.4945690755579749,0.322989911759385,0.626879821825499,0.7512327906566787,0.3454271169204116,0.4854627699631272,0.9206193596153022,0.5143355191915155,0.28362764620675157,0.48001965859027756,0.32546488489473757,0.5367026333241589,0.5454732945603863,0.2673990241715297,0.46877900655764415,0.49512418187804264,0.4817353451682753,0.42494478258099294,0.4790622048678143,0.34621187036055767,0.3956742243580714,0.5495232384579171,0.29905411049955655,0.3052866548810018,0.5353024657177866,0.4674482278830959,0.4959556889697391,0.6566439904740865,0.4905949064037984,0.5422979220081565,0.6267986548108215,0.4917949385171105,0.26035294598954745,0.43022025131864183,0.3852599382551784
0.9292712138002227,0.90128174329945,1.0,1.0,1.0,1.0,1.0,1.0000000000000002,1.0000000000000002,0.9839746312328639,0.9999999999999998,1.0,0.9598102047331989,1.0,0.8109184073047009,0.0,1.0000000000000002,1.0000000000000002,1.0,0.9999999999999999,1.0,1.0,1.0,1.0,0.9713728961081391,0.9999999999999999,1.0,0.9163717441032311,0.9999999999999999,1.0,1.0,0.8017964811626737,1.0,0.9999999999999999,1.0,1.0,1.0,0.7880981637668434,0.9663778569451086,1.0,0.9999999999999999,1.0,1.0,0.9237197813672747,1.0,0.38321816847046986,1.0000000000000002,1.0,0.8970769674937105,0.9064846229045592,0.9999999999999999,0.8832576772479426,0.9999999999999999,1.0,0.7320745996237641,0.9999999999999999,1.0,0.9999999999999999,0.9831954523378145,0.9508884181288036,0.9689411752118524,1.0,1.0,1.0,1.0,1.0,0.9999999999999999,1.0,0.9518043044772402,0.9262313820724408,1.0,1.0,0.9706237599531113,0.9661404698851396,0.3573703967753605,1.0
0.5581864149750627,0.7400786112137575,0.9745584312927109,0.8925542303414485,0.8034916375879909,1.0000000000000002,0.8881376519144073,0.8171850416731374,1.0,0.7400218958256384,1.0000000000000002,0.8623952455905597,0.8286491380454786,0.9044085139231228,0.6330350481256302,1.0000000000000002,0.0,1.0,0.9778685026680913,0.9999999999999999,0.7589811749443548,1.0,1.0,0.8150337382086232,0.9519964794042728,1.0,1.0,0.7171782254596359,1.0000000000000002,1.0,0.9999999999999999,0.7429174395262657,0.9310535670494866,1.0,0.9781002770012004,1.0,1.0,0.6246848544818049,0.8046175700603556,0.8782192332783219,0.9756449828451614,0.843904178078333,0.8333790022832565,0.9024161399496623,0.7898000733604013,0.0655779871153469,0.8030185085141748,1.0,0.8137515406876948,0.6862028285109123,1.0,0.725782672953801,0.9292373720979616,1.0,0.6139727847048132,0.9999999999999999,0.7294381877604104,0.9113018390036288,0.7859350375029112,0.610445789235743,0.7823823790388089,1.0,0.9714327622147905,0.919131214722883,0.9036797240966443,0.9929445118247974,0.9790844531850637,1.0,0.575572934211141,0.9063204929035147,0.9274474252994668,0.9999999999999999,0.9171136006722334,0.7637678488783746,0.2088967230711139,0.7469095414616437
0.6445850891514489,1.0,1.0,1.0,0.9521010281959649,0.9999999999999998,0.9999999999999999,0.9999999999999998,1.0,1.0,1.0,0.8643589581770356,0.9699286594595842,0.9426335375693928,0.7473209729654364,1.0000000000000002,1.0,0.0,1.0000000000000002,1.0,0.942708868135237,1.0,1.0,0.866651040754442,1.0,0.9999999999999999,0.9999999999999999,0.9369220008231463,1.0,1.0,1.0000000000000002,0.7909129945557893,1.0,1.0,0.9205774703287248,1.0,1.0,0.7646744983972353,0.9412240961462323,0.9999999999999999,1.0,1.0,0.8418176868244599,0.9878612677037693,0.9999999999999999,0.4098724537541701,1.0,1.0,0.7721986463524164,0.8296678021364636,1.0000000000000002,0.8811605948159723,0.957921573275313,1.0,0.8667547616215164,1.0,0.905430653261308,1.0,0.8652511934514444,0.814212105288634,0.96191135585935,1.0,1.0,0.870709652180087,1.0,1.0,1.0,1.0,0.7254777763054789,1.0,0.9999999999999999,1.0,1.0,0.9455861095988525,0.26457026085843127,0.9756670182780849
0.5473277283094516,0.7821083326344749,0.8677832519443244,0.9647132269328914,0.8073392984226158,1.0,0.8603978484414208,0.8176139165302375,1.0,0.8980457318677073,1.0000000000000002,0.8307887304628704,0.6978839177687504,1.0,0.7812511495848093,1.0,0.9778685026680913,1.0000000000000002,0.0,1.0,0.8005788222623877,0.9999999999999999,1.0,0.8415787339756842,0.8883595435358996,1.0,1.0,0.7624228331081875,0.9999999999999999,1.0,1.0,0.6242276397719514,0.9513196404837745,1.0,0.8699417216896349,1.0000000000000002,1.0,0.6179378438729597,0.7177714168970254,0.8074221516003677,1.0,0.892546592888473,0.7835129262992399,0.7774529250035157,0.9488309999890996,0.3374557284245199,0.8855400322193722,1.0,0.7890587236828769,0.7320920265719009,1.0,0.6412687818128029,0.9519877027436968,0.9999999999999999,0.6314459863237476,0.9172489198621754,0.6586517171047596,0.9254764654894738,0.8293992597557692,0.6055491413210552,0.7527685443551695,0.9512837921851234,1.0000000000000002,0.8429682566854364,0.9702191338438778,0.9781369258163607,0.9999999999999999,0.9491144621235451,0.5545577994320944,0.8578955574791326,0.8737971753037332,0.9999999999999999,0.9988458943357242,0.6746400848416937,0.136742637251668,0.9113747802888028
0.6411514308119058,0.8457572031997505,1.0,0.834861327158866,0.7906681598064941,1.0,0.8793507842728454,0.9299900224355429,1.0,0.8795568144716776,1.0,0.9618688339176312,0.695665851985258,0.9999999999999999,0.7748931626239414,0.9999999999999999,0.9999999999999999,1.0,1.0,0.0,0.9261353809934108,1.0,0.9614302078858039,1.0,0.7059850287483352,1.0000000000000002,1.0,0.6899161428180003,1.0,1.0,1.0,0.5889044779593502,0.914139787786879,1.0,0.9296634242037773,1.0,0.8712417732315714,0.7424178115547283,0.7090440639078219,0.8379818520302242,1.0000000000000002,0.9564616466886843,0.798163123445457,0.9297434522160104,0.9999999999999999,0.3893852439493166,0.7622935141705509,0.9999999999999999,0.7473394838565183,0.6736604584490542,1.0,0.6958621668748285,0.9556516449230428,0.9999999999999999,0.6040606006534909,0.9542651846016547,0.7288197036677946,0.8737524392973106,0.8208128251415553,0.6026562321340011,0.8618854656538907,1.0,0.9999999999999999,0.8583700151782745,0.7106684560750163,0.9790152187878824,0.8925969809097255,0.9144616803825633,0.6879408965231443,0.8371516994671407,0.9122386156342699,1.0000000000000002,0.8730082371326929,0.5736752833009382,0.35739856389527647,0.7966422928736884
0.6550096273904891,0.7196223000105438,1.0,0.7350415141315534,0.5700763114229637,0.9649664192133065,0.7274730438184484,0.7615930718174919,0.8270964393158743,0.5746835140170288,0.7464456706715917,0.8226174366291827,0.6780818137368733,0.6224182176512029,0.5471210058914525,1.0,0.7589811749443548,0.942708868135237,0.8005788222623877,0.9261353809934108,0.0,0.9882555688393818,0.717895204725449,0.7925176726162836,0.7462651349685223,0.8392435793187727,0.7288386864842854,0.6719672110523557,0.900848451754133,0.7984076466768536,0.9846748883510051,0.48421144359146345,0.601717354323766,0.8928868384077355,0.5881317286219442,0.8234687366654195,0.7491251761761345,0.6284095471166582,0.7119216154276797,0.5486059850006365,0.8080375003801435,0.7041908132941689,0.6660672380503646,0.5881607702416697,0.7397710836817296,0.40362870351913765,0.6955986466471689,0.9919140429039425,0.5845641368643243,0.5364382371922327,0.8207353369428046,0.5998028544176135,0.7944179576560791,0.9355023400108315,0.5497235507067882,0.7290213507799586,0.6980035653826844,0.6258219825460692,0.5464450832510648,0.5584372616014821,0.6396005549994653,0.881686322033256,0.9762930393872158,0.6429031734479796,0.7377476108566174,0.8555930191558427,0.8579455646579641,0.7020220760656606,0.6838008806653799,0.843839228099808,0.6905945860842625,0.8244758071101964,0.767155165044149,0.6440469131252071,0.2014539015515054,0.7329692671910165
0.7737940910401401,0.8763991639994294,1.0,0.8323206372852643,0.8477868169651789,0.9999999999999999,0.8776323660080677,0.898077826566342,1.0,0.8545467477350872,1.0,0.9596551361864668,0.759927918747739,0.9890626546413882,0.6091091154187603,1.0,1.0,1.0,0.9999999999999999,1.0,0.9882555688393818,0.0,1.0,0.9667622639364285,0.8418296815587574,1.0,0.9999999999999999,0.8519270089759067,0.8741090833884196,1.0,1.0,0.6253982707883602,1.0000000000000002,1.0,0.7882369849335442,1.0,0.9999999999999999,0.6896694338278869,0.7265250817928658,0.9160950505293257,1.0,0.8299899172461783,0.8968591826143388,1.0,1.0,0.06046227698212582,0.7003259778019173,1.0,0.7303278961350391,0.6665556663675459,0.963348435068703,0.6606588378499967,0.9647527498755152,1.0,0.6262558045603248,0.9543850261548132,0.7829575051586969,0.9442775699707975,0.83117896743036,0.5741547969669549,0.6856830743267469,0.9585716834110934,0.9999999999999998,0.7591447625582927,0.8093429168813259,0.9783329463585694,0.9770759048378768,0.9470423576618276,0.8026096587781406,0.8810361492700081,0.9638612660930898,0.9999999999999999,0.9644706379789836,0.6539352530709033,0.10861967211818482,0.8810488648465479
0.6627258255671973,0.8215562693743285,0.9999999999999999,0.8340430084746414,0.8161651898726904,1.0,0.8327467620894462,0.8181321546237348,1.0,0.7047143828429495,1.0,0.7551884903166608,0.7565603452219116,0.7651981193693018,0.5689480065909409,1.0,1.0,1.0,1.0,0.9614302078858039,0.717895204725449,1.0,0.0,0.8146507267037981,0.7831397690287585,0.9776935229916371,1.0,0.7264965258263982,0.9805569748853323,0.9537926019869729,1.0,0.6565120348448041,0.8011061361366109,1.0,0.7034848712566641,0.9388066404171651,0.9684416125474421,0.5949238871337126,0.7475511677328678,0.735768850623975,0.9726066795383418,0.8167292487742345,0.7429767291707631,0.84360747686249,0.941285076119859,0.11457523014940033,0.8442603481876676,0.9999999999999999,0.7062099066738404,0.6468649011542581,0.9043708812030192,0.6632100230115242,0.8654391987986823,1.0,0.6232866691661639,0.7971396634661327,0.7563616510207691,0.8325509307141447,0.7348815476222144,0.6464966954572254,0.7368007464209683,0.9663824281749341,0.9817385660835457,0.6701948664967381,0.7749136448917023,0.9650651514512999,0.991324348938858,0.903263198858223,0.6749166542563396,0.8060350463062613,0.9499377913437621,0.9999999999999999,0.9895408188554798,0.645125719552417,0.16058276891416934,0.785265603638899
0.7448077090620776,0.6030932964577462,0.9151798526427496,0.6851882504735388,0.5555575962076053,0.9341989596501026,0.6045928678872379,0.7689260251773351,0.8144528042096165,0.5097520791192772,0.7879129208762763,0.6235802600929196,0.5619803720034666,0.6490955089779854,0.6913026061580103,1.0,0.8150337382086232,0.866651040754442,0.8415787339756842,1.0,0.7925176726162836,0.9667622639364285,0.8146507267037981,0.0,0.5077881662589179,0.7613434450350868,0.8179843500513635,0.6700807388388663,0.9999999999999999,0.6284834406575549,0.8881970023479955,0.5019771547095844,0.7212159435853958,0.9187612106972719,0.6074268583200165,0.7990824086088051,0.7266568278943687,0.547621645744519,0.5795160093292667,0.616025354076758,0.8405139353780077,0.7008130742484754,0.5496435350516721,0.6464389154172026,0.7081651591856821,0.47063899285805544,0.594209739479785,1.0,0.5109400653147858,0.46046680634542914,0.7720160883497239,0.48247362419147316,0.6239137373472964,0.8113758227407365,0.37798878958766824,0.7320147263912827,0.5106414213897444,0.5947013671060728,0.4709235474444365,0.6324883017184848,0.5390650354556742,0.7479099820771468,0.7183708074729661,0.5722138689558977,0.7793513737990769,0.7307009586149337,0.6640828119060053,0.7288107795901524,0.6349670667404506,0.6053192698168925,0.5890948924091537,0.8550551350560204,0.7248308296953523,0.5494586872886351,0.6673387352644372,0.796955274729819
0.38193286450388914,0.5603108815356589,0.8956600807983656,0.6731051398543456,0.5265875378286096,0.9486809944047109,0.6088226080797436,0.7097598423898512,0.9167097404042401,0.508824178363475,0.8168987837110024,0.5162489177196066,0.6202846317474349,0.6011614220310311,0.42482795241270555,0.9713728961081391,0.9519964794042728,1.0,0.8883595435358996,0.7059850287483352,0.7462651349685223,0.8418296815587574,0.7831397690287585,0.5077881662589179,0.0,0.7785629372339177,1.0,0.543742179757825,0.7636917703617341,0.9055108120530622,0.8198117715099644,0.4050622979691893,0.5918477198518095,0.7666298329648287,0.5706952049320992,0.7084576394310593,0.795339546873891,0.5335840147430964,0.537084335840472,0.6278511172402008,0.8083241301332216,0.5927117103521395,0.4414794322893754,0.634879039438824,0.7608714794805268,0.45292871488942343,0.6917924600372436,1.0,0.4360689087898997,0.32782746394400375,0.7954869403022461,0.41839687427838557,0.6141226340847881,0.8867989634341682,0.474200036542323,0.6632066940631037,0.5627910346845533,0.6989671424441433,0.43255452868992,0.5173328571567077,0.49008451907827794,0.6911121979364139,0.8687787075729526,0.5348564743369932,0.5926915268661325,0.684268613860289,0.7222965779424628,0.7291212343819494,0.33048118981883245,0.7131998514581848,0.6870354646672706,0.9951830066301006,0.7459676440792569,0.5286355413599626,0.4145560468925974,0.6435316517270306
0.6647960562658684,0.846875016596904,1.0,0.8179819387069167,0.6426047442619299,1.0,0.7942225583521604,0.903781019037044,1.0000000000000002,0.6515656512155971,0.9339524331096802,0.6635707788321895,0.7213823591156328,0.7483503726559747,0.7037257546004734,0.9999999999999999,1.0,0.9999999999999999,1.0,1.0000000000000002,0.8392435793187727,1.0,0.9776935229916371,0.7613434450350868,0.7785629372339177,0.0,1.0,0.8386688781236854,1.0,1.0000000000000002,1.0,0.5739862169900691,0.8901518809092974,1.0,0.7806618087935717,0.9349567387503677,0.9210963802288765,0.6543960379495067,0.6448231362403833,0.7133267303347932,0.9999999999999999,0.7535118378523784,0.6722900756141541,0.8379064916190037,0.8013338824508826,0.1918951245115866,0.7832095556165324,1.0000000000000002,0.6603303904950926,0.5432638626889515,0.9999999999999998,0.6457727220277946,0.7733361924443468,0.9963652582381003,0.6349920364455578,0.81975481444872,0.7162707124747929,0.8290125344785734,0.7323279076417168,0.6893519530544853,0.8822131279285622,1.0,0.9412831005432184,0.8299457855670703,0.8983934449402723,0.9783287523347417,1.0,0.8820802028124242,0.7271900698584546,0.9007179992475698,0.8097423062049433,1.0,1.0,0.7897715157621358,0.11711745485235969,0.8970180622288623
0.5136930185394952,0.9533022468256351,1.0,0.915737491474724,0.9185600205417656,1.0,0.9999999999999999,1.0,1.0,0.9022773775918445,0.9999999999999999,0.8819061116029385,0.8648104095143346,0.9091751148537844,0.7736054347645137,1.0,1.0,0.9999999999999999,1.0,1.0,0.7288386864842854,0.9999999999999999,1.0,0.8179843500513635,1.0,1.0,0.0,0.9197773598185333,1.0,1.0,1.0,0.753360016568436,0.8497100222483229,1.0000000000000002,0.8259037862890131,1.0,1.0,0.7390431527274228,0.8924097651981447,0.7757962561879439,1.0,1.0,0.8783010644120034,0.8417930003495622,0.9089868278780117,0.5622548548473446,1.0000000000000002,1.0000000000000002,0.8710882875143806,0.8101442299127452,1.0,0.7640259736567615,1.0,0.9999999999999999,0.7523466319878768,1.0,0.8137129375330764,0.9005120348433949,0.8044270890879599,0.7589261419695162,0.7210818838550928,0.9734288372796474,1.0,0.9814373338287276,0.9407849775328182,0.9999999999999999,0.9999999999999998,1.0,0.5838353663154197,0.9999999999999999,1.0,1.0,1.0,0.7852944706171037,0.13353843049435365,0.9565483389630101
0.4421259965569424,0.5632738123175662,0.6562760242481562,0.738311535021359,0.6512027255942581,0.7409161012405863,0.6736250443020183,0.6135030104808336,0.6998603816980096,0.6001182791766764,0.7902316587481413,0.6405413097009852,0.5644548948181622,0.5687498221609242,0.29526716305098466,0.9163717441032311,0.7171782254596359,0.9369220008231463,0.7624228331081875,0.6899161428180003,0.6719672110523557,0.8519270089759067,0.7264965258263982,0.6700807388388663,0.543742179757825,0.8386688781236854,0.9197773598185333,0.0,0.6352867010802471,0.7136006695679461,0.8400245139094724,0.3694803332739174,0.6492532166418984,0.9298626997327281,0.4864573421051155,0.6499945505555963,0.7926153790526872,0.3449655199615078,0.5258824759251514,0.6065511598594185,0.7637921714733953,0.6362262145369575,0.6177984454339763,0.6051632722576059,0.7470141745611409,0.3974570616993487,0.6676447527872298,0.8697566470736801,0.5505831690373164,0.4713223515238343,0.6230959966643517,0.49990307919413396,0.7075442683744263,0.725753580001333,0.4677017743578243,0.6627189677032328,0.628207472923252,0.6799266768342449,0.5738802330536252,0.3797670998994503,0.538270430912252,0.6815839894876852,0.7972083730027361,0.4440677962645333,0.5056041160572196,0.8488328840824612,0.6752175342374842,0.6120181545282148,0.4196514582180594,0.5772956885016005,0.7064446206992195,0.964127518820318,0.7495061821552728,0.5465307919691993,0.4844847632394584,0.5307121454139169
0.7444095033248762,0.7865857979096984,1.0000000000000002,0.7621893205306014,0.8091451913797032,1.0,0.7598825211940544,0.8126320595011278,1.0,0.7696898500636564,1.0,1.0,0.7360110406192246,0.7566710593947746,0.5178857019558963,0.9999999999999999,1.0000000000000002,1.0,0.9999999999999999,1.0,0.900848451754133,0.8741090833884196,0.9805569748853323,0.9999999999999999,0.7636917703617341,1.0,1.0,0.6352867010802471,0.0,0.9855203794304185,0.9476280346909236,0.5872112093224492,0.9140966661190446,1.0,0.7095541791322721,0.8839600116467068,1.0,0.564353294582302,0.6847486001285423,0.8436197391387412,0.9139254291562208,0.7478868906130828,0.9179030416395992,0.8845321793173218,1.0,0.10089551137197264,0.6717405347080456,1.0,0.6874184242031339,0.6287340096317232,0.8009121518185633,0.54423369098277,0.9579680783480725,0.8765863935060314,0.525662641169083,0.9236505886040427,0.7999100206810807,0.8027041639922373,0.7676026390173717,0.45958637366183697,0.7713249124728936,0.8549369259930749,0.9999999999999999,0.6407610039348558,0.6709589015434401,0.9461697132604258,0.9819676712449593,0.7866582774816736,0.667436293347753,0.7760519336920895,0.8324755017506967,0.9889582192552381,0.8026520031573441,0.6490074856339642,0.12043464381081664,0.7234228835447024
0.3206269005151531,0.8829164648234145,0.9999999999999999,1.0,0.9999999999999999,0.9999999999999999,0.9999999999999999,0.8914582766150383,1.0,1.0,1.0,0.8561503014398212,0.8243026909226282,0.9999999999999999,0.48366404273115315,1.0,1.0,1.0,1.0,1.0,0.7984076466768536,1.0,0.9537926019869729,0.6284834406575549,0.9055108120530622,1.0000000000000002,1.0,0.7136006695679461,0.9855203794304185,0.0,1.0,0.8028554840139609,0.7049051872201884,0.9999999999999999,1.0,1.0,0.968654790462326,0.5836143703261599,1.0,0.9254388388052774,0.9999999999999999,0.9999999999999999,0.9999999999999999,0.9995064689842913,1.0,0.21547770697862126,0.8962547862485221,1.0,0.9550399051645704,0.9662627012924652,1.0,0.8588415303570077,0.9686041698516653,1.0,0.8340846985663215,1.0,0.8435018215914447,0.9999999999999999,1.0,0.3632426339154386,0.9076589720711016,0.9999999999999999,0.9999999999999999,1.0,0.9295756702692188,0.9191146065099496,1.0,1.0,0.31104234641107203,0.8568506578540434,0.924134201853316,0.9999999999999998,1.0,0.9999999999999999,0.45470937830165836,1.0
0.7538827787974212,0.8361736621418645,1.0,1.0,0.8794328127499151,1.0000000000000002,0.9624583226162221,0.8696415043236789,1.0,0.9375143756211776,1.0,0.8988041063847833,0.9221943693782301,0.8940048313067255,0.5160684210492753,1.0,0.9999999999999999,1.0000000000000002,1.0,1.0,0.9846748883510051,1.0,1.0,0.8881970023479955,0.8198117715099644,1.0,1.0,0.8400245139094724,0.9476280346909236,1.0,0.0,0.7447215870875294,1.0,1.0,0.9999999999999999,0.9780854979014363,1.0,0.6440255477497356,0.757901015458404,0.9273458794550361,1.0,1.0,0.818239262965082,0.9604987357586969,1.0,0.14875081448606362,1.0,0.9999999999999999,0.8494199639687856,0.7164298890102501,0.9595622454366854,0.6999270291523075,0.9572859659252956,1.0,0.7523433087379554,0.978593585531739,0.9772317248955527,1.0,0.7207485890646564,0.9172798285386301,0.8641166352580839,0.9808531316092423,1.0000000000000002,0.7169747478777438,1.0000000000000002,1.0,1.0,0.8870606329118558,0.7194285844658119,0.9540490824894668,1.0,1.0,0.9999999999999999,0.837939099257729,0.21199071100139874,1.0000000000000002
0.4762564326675293,0.38312674772127486,0.6301273816877189,0.548124081463619,0.306254820667498,0.8233568780604886,0.4856054551719359,0.5176748234573834,0.6881178263278029,0.37205452974324393,0.6257481932487684,0.49477095514898195,0.4357523916322611,0.39072735502729267,0.40206584531354334,0.8017964811626737,0.7429174395262657,0.7909129945557893,0.6242276397719514,0.5889044779593502,0.48421144359146345,0.6253982707883602,0.6565120348448041,0.5019771547095844,0.4050622979691893,0.5739862169900691,0.753360016568436,0.3694803332739174,0.5872112093224492,0.8028554840139609,0.7447215870875294,0.0,0.4648176405215733,0.646099372025091,0.3847761519222181,0.43190441341509617,0.6396078642485026,0.19802658331416148,0.4136525047671704,0.32329985368705083,0.5404619570000206,0.42898435286443926,0.4755875472909464,0.4543718260466351,0.6071856305845557,0.17880451674348222,0.49160932294618054,0.8249183600625525,0.296721915913821,0.2969063437714337,0.5617583474410162,0.2590003983078174,0.5087549989006273,0.6980991097671112,0.29093214206854673,0.5158374175389991,0.48640468788544483,0.5244752022091168,0.45485829857998655,0.47942363995027487,0.4924558238402163,0.5263443994589595,0.6877914837398389,0.3873799175088975,0.4691342996935543,0.7124316988391458,0.5750982559600223,0.6064729309320863,0.389269414340713,0.49967974992162534,0.5427829339957861,0.7484048655703235,0.5213865915502132,0.46970426793541725,0.14323862447934643,0.45262605207991935
0.6058211266644021,0.6524447024672982,0.74460877035038,0.7090255895447751,0.5223784144296975,1.0,0.6520644646622076,0.6765955858425458,0.9341779455495677,0.6914630251530641,0.9076552236853979,0.6899713580230031,0.6904585916665716,0.6634813346407024,0.6317655284873502,1.0,0.9310535670494866,1.0,0.9513196404837745,0.914139787786879,0.601717354323766,1.0000000000000002,0.8011061361366109,0.7212159435853958,0.5918477198518095,0.8901518809092974,0.8497100222483229,0.6492532166418984,0.9140966661190446,0.7049051872201884,1.0,0.4648176405215733,0.0,1.0,0.5113104601339781,0.6886415698217203,0.7788708740461477,0.378107831422333,0.6509694798645613,0.6396179510429363,0.7311098397002972,0.6353128085382221,0.6794810420107046,0.716963616976875,0.8454549206949646,0.2533353104862784,0.6396807060859577,1.0,0.6259502465159754,0.3691252187417739,0.9185297624987139,0.4731490572465382,0.7013542089266744,1.0000000000000002,0.4877856505971859,0.7039538478033456,0.7034157201004124,0.6219850039924352,0.6519646079092769,0.6534666094155882,0.755532514809038,0.9248923930014937,0.8880920768877258,0.6745176850651657,0.6639043619787804,0.8524082125073116,0.7817620705147784,0.6912471753819316,0.4540744412398282,0.7425793581769922,0.7756297968681133,0.8533204660916075,0.7973745247511183,0.6217826959711665,0.08807629621934895,0.7351713940773049
0.7474022372810609,0.7154100656307549,0.9893063678445412,0.9357328241960527,0.8201826802063403,1.0,0.947037991897382,1.0000000000000002,1.0,0.8639840385654461,1.0000000000000002,0.8087181490103262,0.9596703921283251,0.9710407837125881,0.6662415395043726,0.9999999999999999,1.0,1.0,1.0,1.0,0.8928868384077355,1.0,1.0,0.9187612106972719,0.7666298329648287,1.0,1.0000000000000002,0.9298626997327281,1.0,0.9999999999999999,1.0,0.646099372025091,1.0,0.0,0.8005055508395229,1.0,0.9999999999999999,0.6165732234325194,0.7264881089777068,0.9584199345521212,0.9999999999999999,0.9063269669768484,0.723385017695359,0.9679628843441769,0.9704554378862827,0.1512269294317369,0.9999999999999999,1.0,0.7757293136901815,0.6210023629151605,0.9999999999999999,0.6411320527874654,0.8805114625904683,1.0,0.7338859223390748,0.9417662077144354,0.820812577057257,1.0,0.7037711699423421,0.8174272433580911,0.8025096828691646,1.0,0.9999999999999999,0.9440955299743806,1.0,1.0,1.0,0.9887851118337784,0.7208078496219915,0.9999999999999999,0.9727555986176716,1.0,1.0,0.9142399602469896,0.26913637382855626,0.9311966148960532
0.48004747958952154,0.5773780196211512,0.8559575474670144,0.6456424013904638,0.5319350475548337,0.96582119365909,0.5802941393087245,0.6259685228396072,0.8450566188734805,0.5655597782130514,0.7102671622449518,0.6131110008635468,0.5726014078789937,0.5558342583773986,0.4247400691909282,1.0,0.9781002770012004,0.9205774703287248,0.8699417216896349,0.9296634242037773,0.5881317286219442,0.7882369849335442,0.7034848712566641,0.6074268583200165,0.5706952049320992,0.7806618087935717,0.8259037862890131,0.4864573421051155,0.7095541791322721,1.0,0.9999999999999999,0.3847761519222181,0.5113104601339781,0.8005055508395229,0.0,0.5769234586596054,0.670349542947925,0.2953414399702624,0.4338632287114181,0.5352819770156374,0.5832606376845751,0.5280936821059354,0.5025761282424389,0.5376512558155372,0.7763067348051302,0.20970962544610816,0.7538634638948727,1.0,0.4099741919829449,0.35854611313403456,0.7452329387569432,0.39898346035521454,0.6587854803415742,0.7577276459545728,0.4361397101883948,0.640125767670842,0.6164724103162099,0.6304918842385593,0.5351192864949625,0.5400352058590665,0.6582570928773805,0.7609624110941019,0.9296201774300419,0.5798807085929794,0.5464083480826207,0.8225672132021111,0.6035587683922081,0.6755710929788417,0.499658800748322,0.6611406807634852,0.7255707446683282,0.8672092475670685,0.7084078849573361,0.6876136314689939,0.28120315410110885,0.5371586324999815
0.5559173275513664,0.6082484896219833,0.9013389356657808,0.6918714960492218,0.7185219038874461,0.9999999999999999,0.8021753843145345,0.7640411222982392,0.8958764272158313,0.6901334551706106,0.9656876381232483,0.7789868695858444,0.5759221148752156,0.7101647408466252,0.5001974875782051,1.0,1.0,1.0,1.0000000000000002,1.0,0.8234687366654195,1.0,0.9388066404171651,0.7990824086088051,0.7084576394310593,0.9349567387503677,1.0,0.6499945505555963,0.8839600116467068,1.0,0.9780854979014363,0.43190441341509617,0.6886415698217203,1.0,0.5769234586596054,0.0,0.8960782349782569,0.5178069340583394,0.6034954571411785,0.6857074711321304,0.8468986678243904,0.6769316978369175,0.6751944551379279,0.8053335296778659,0.8665010366641164,0.3526403948047008,0.9143138710636244,0.9999999999999999,0.5849286657899976,0.5424735913568064,0.7965879244904324,0.5454771675853054,0.8930221051051178,0.9713465862431319,0.42508564192017767,0.7218793325241892,0.6248209124062813,0.7906168504125755,0.7135839398071957,0.4840667741176389,0.608109062651106,0.7689106571468903,0.9999999999999999,0.6218362309854036,0.6710420535227728,0.8955208435836728,0.7557369414851053,0.6724230241512152,0.42273832112190607,0.7005661161934472,0.6864527494213073,0.9194374345862756,0.8282549774014435,0.6886583384696199,0.1378468771208673,0.6214434632213922
0.6806748719268334,0.6626206753620973,0.7560245840398984,0.7560709712312543,0.7074775307668414,0.999340555190383,0.8586589645784664,0.8304564764182197,0.9877676025169005,0.6808929697086565,1.0,0.7378173029517316,0.7237447415203692,0.762476677482854,0.5921341073066108,1.0,1.0,1.0,1.0,0.8712417732315714,0.7491251761761345,0.9999999999999999,0.9684416125474421,0.7266568278943687,0.795339546873891,0.9210963802288765,1.0,0.7926153790526872,1.0,0.968654790462326,1.0,0.6396078642485026,0.7788708740461477,0.9999999999999999,0.670349542947925,0.8960782349782569,0.0,0.5404267797721549,0.7735416632186267,0.7122471910801043,0.7688572864495017,0.7823488302809902,0.8117740341725452,0.7746576126444782,0.895942603901192,0.1742723500685393,0.8619327071554322,0.9018805463540084,0.6295722162307464,0.6830614151076078,1.0,0.6506526128585426,0.8320455338606673,1.0,0.5460835611989696,0.8460869922448074,0.7456104211459005,0.8938336754031209,0.7674466125457091,0.6051076921218984,0.7265924642959514,0.8503819369524865,0.9366702063390974,0.6568553271391913,0.8122565432914736,0.9771307866519189,0.9155979944158736,0.835029156003705,0.5861907228004125,0.859906521422558,0.8108193930704507,0.9999999999999999,0.9314145304736785,0.697928482684785,0.3134025875173425,0.7816546956086672
0.5435334364948987,0.49033392627753236,0.6097632628500089,0.45639465611408175,0.34288374827607226,0.7420419693813268,0.3977600549825979,0.548448086251187,0.5982104672640667,0.3411647119466008,0.6866570843226872,0.4231541502918268,0.37400201217036644,0.48467422006470584,0.5728207944728778,0.7880981637668434,0.6246848544818049,0.7646744983972353,0.6179378438729597,0.7424178115547283,0.6284095471166582,0.6896694338278869,0.5949238871337126,0.547621645744519,0.5335840147430964,0.6543960379495067,0.7390431527274228,0.3449655199615078,0.564353294582302,0.5836143703261599,0.6440255477497356,0.19802658331416148,0.378107831422333,0.6165732234325194,0.2953414399702624,0.5178069340583394,0.5404267797721549,0.0,0.4124789577680369,0.45494226703628327,0.3806041961932725,0.3448134449864099,0.41018411548895206,0.44384376041182444,0.633947793235911,0.20903681081201125,0.46824940278668437,0.7378364364771056,0.43102235470226935,0.19259272443167152,0.6904613234055159,0.244099022914613,0.4460186174073042,0.6960965952879143,0.3399195958508871,0.43397479594118615,0.3776761648170959,0.5234750990537657,0.3988293528111968,0.39901440647815745,0.5087581039843614,0.5990784541474484,0.7334551027526218,0.4879682921836541,0.5087225317491103,0.5257770217407512,0.6174783406617084,0.5422452050870175,0.4491483081122033,0.43189358133253064,0.4457347340377285,0.6250590161612203,0.5941293013469712,0.4724745489065696,0.11166475568507095,0.42152964187162656
0.6094564700135159,0.4929335931187896,0.6914620136541705,0.6092226786368495,0.5026025969243697,0.869682478749064,0.6142283339452737,0.6770402221809528,0.7944481307118585,0.508703770394443,0.7999739189141201,0.5829458747015541,0.4811941130182934,0.5331900444701373,0.5315853975860264,0.9663778569451086,0.8046175700603556,0.9412240961462323,0.7177714168970254,0.7090440639078219,0.7119216154276797,0.7265250817928658,0.7475511677328678,0.5795160093292667,0.537084335840472,0.6448231362403833,0.8924097651981447,0.5258824759251514,0.6847486001285423,1.0,0.757901015458404,0.4136525047671704,0.6509694798645613,0.7264881089777068,0.4338632287114181,0.6034954571411785,0.7735416632186267,0.4124789577680369,0.0,0.49418464722298167,0.6618391921742209,0.6339501915843255,0.5942188586872764,0.6053169396939458,0.7254475828919287,0.19192768657433285,0.680175802411035,0.851816892486789,0.4259286937796609,0.3683773060413679,0.8494866653877668,0.3617587060950839,0.6753135930800721,0.8851442139514866,0.4510369350941306,0.6796369445137334,0.6141645767247076,0.6610936468215083,0.5715032096462008,0.46782768398392777,0.6384847532114444,0.7707363996317941,0.8012360941317582,0.5033794854811987,0.596536936218278,0.798429568680751,0.732677146371984,0.602481679456638,0.4699899788320836,0.5288713134225589,0.6304549017190306,0.9039128216051568,0.6325906506005184,0.5062864968544666,0.1289636033570974,0.531059629622382
0.5402392752579266,0.5892887236472588,0.8673028312848097,0.6218835460412707,0.4708546762988753,0.9013699092685454,0.5496975057119939,0.6818704415552067,0.8081628100980847,0.5166582688289125,0.788886621739064,0.5840887946186434,0.4771499989993692,0.678575711402976,0.5028565057141534,1.0,0.8782192332783219,0.9999999999999999,0.8074221516003677,0.8379818520302242,0.5486059850006365,0.9160950505293257,0.735768850623975,0.616025354076758,0.6278511172402008,0.7133267303347932,0.7757962561879439,0.6065511598594185,0.8436197391387412,0.9254388388052774,0.9273458794550361,0.32329985368705083,0.6396179510429363,0.9584199345521212,0.5352819770156374,0.6857074711321304,0.7122471910801043,0.45494226703628327,0.49418464722298167,0.0,0.6928796821202987,0.6666013907929137,0.5577237165029176,0.5828562628173146,0.8229979384551772,0.12420146545426886,0.6206352409957138,1.0,0.5348816236144113,0.36769530974548903,0.8596283503249011,0.4101858030011506,0.6040608761894288,1.0,0.3813095597659761,0.6522572973947288,0.5819579301952139,0.5897610599140383,0.5765871665220402,0.6291914861850149,0.6997396149405247,0.773341057524924,0.9466244031051251,0.6638364332778903,0.7237584870151796,0.7542647424596993,0.8016828224129396,0.7658784872476333,0.4383470097058514,0.6748880673191475,0.6566658659411552,0.9199054552201333,0.7684190218590138,0.5442542182421319,0.10659681405123515,0.6782894688622154
0.659222627292212,0.6484613725126961,0.9289635790297871,0.7782043872424351,0.7504110538465695,1.0000000000000002,0.7435094908405985,0.9062860304829838,1.0,0.7789566811081533,1.0,0.7832487813727996,0.8511149480712897,0.815902489762135,0.5514970039888251,0.9999999999999999,0.9756449828451614,1.0,1.0,1.0000000000000002,0.8080375003801435,1.0,0.9726066795383418,0.8405139353780077,0.8083241301332216,0.9999999999999999,1.0,0.7637921714733953,0.9139254291562208,0.9999999999999999,1.0,0.5404619570000206,0.7311098397002972,0.9999999999999999,0.5832606376845751,0.8468986678243904,0.7688572864495017,0.3806041961932725,0.6618391921742209,0.6928796821202987,0.0,0.6286310619150903,0.5916288719266648,0.7166344406111453,0.8788505773503155,0.09118528427203045,0.7072644246311254,1.0,0.6505555926904034,0.5483414153697102,1.0,0.5098798115472267,0.8023394939255309,0.9999999999999999,0.6479817458334352,0.8456240290488973,0.7094219653924747,0.755633210121314,0.7369193209633036,0.6292666996341453,0.8220540214632154,1.0,0.9999999999999999,0.7811150725745385,0.7016301465052273,0.8900387841625639,0.891771521109462,0.7962982421110262,0.5111411758058007,0.8834863892713187,0.9022429226455552,1.0,0.9836219094827762,0.8379112255746961,0.12687313959126575,0.7410623692350404
0.6701707639086892,0.646016734637029,0.7848046528678053,0.6835038518098664,0.6021966965582671,0.9999999999999999,0.6467151780659305,0.8111430919828077,0.9396395789291812,0.6223378371821974,0.8422024238462162,0.6939755431329869,0.6632792013889709,0.657866529786976,0.4945690755579749,1.0,0.843904178078333,1.0,0.892546592888473,0.9564616466886843,0.7041908132941689,0.8299899172461783,0.8167292487742345,0.7008130742484754,0.5927117103521395,0.7535118378523784,1.0,0.6362262145369575,0.7478868906130828,0.9999999999999999,1.0,0.42898435286443926,0.6353128085382221,0.9063269669768484,0.5280936821059354,0.6769316978369175,0.7823488302809902,0.3448134449864099,0.6339501915843255,0.6666013907929137,0.6286310619150903,0.0,0.5344400943139098,0.5795723688852658,0.8849278571856802,0.10765030606360837,0.596752887382605,0.962319881411391,0.4382538285743286,0.36442473432769806,0.9026101227699188,0.3599966794913976,0.6951489101973505,0.9024949179159617,0.4702491331897827,0.6906290166417866,0.6731542622050926,0.6819204573797262,0.6555199417925637,0.5405108312185581,0.7018291341372374,0.8862347688513862,0.9219796397197868,0.6005461230802083,0.5183914307026913,0.8063029230230523,0.692579296698972,0.6852311520157167,0.5461487795815031,0.753849461587822,0.7455705745487041,0.9144158244058267,0.7578379302065608,0.6461861101484803,0.19387498821297672,0.5932767439719412
0.31242407071836775,0.5366256592062714,0.5988243720303839,0.675816618676512,0.5818795782477627,0.8386585277217519,0.5753544824057846,0.6770865006769852,0.824652932683563,0.5572859988018984,0.899825773130986,0.5535454998333419,0.4937558881730739,0.631946257443403,0.322989911759385,1.0,0.8333790022832565,0.8418176868244599,0.7835129262992399,0.798163123445457,0.6660672380503646,0.8968591826143388,0.7429767291707631,0.5496435350516721,0.4414794322893754,0.6722900756141541,0.8783010644120034,0.6177984454339763,0.9179030416395992,0.9999999999999999,0.818239262965082,0.4755875472909464,0.6794810420107046,0.723385017695359,0.5025761282424389,0.6751944551379279,0.8117740341725452,0.41018411548895206,0.5942188586872764,0.5577237165029176,0.5916288719266648,0.5344400943139098,0.0,0.6666475261026514,0.5714275459855185,0.24322801383680062,0.630984965042864,0.7962860591905085,0.5836372824563824,0.4203002966021866,0.800573525024921,0.38648351255672286,0.705657788135614,0.8077524855591842,0.3746552666250958,0.7765961842116955,0.48739511206017444,0.6497021831754932,0.5810166466366794,0.38740804898716047,0.5604438039080003,0.788835548848402,0.7604371149473443,0.5848044467670865,0.5573285046224161,0.8014620560031012,0.7739275180936659,0.6585228788212641,0.381485213205226,0.6674470439791003,0.6174025638009709,0.8235104023728563,0.6999553125880252,0.5164343663417983,0.146587327693644,0.6308969773328795
0.5814786717068376,0.6028207422034954,0.6985512037069018,0.6110472230415657,0.5246651686298185,0.9877252231863646,0.7003939964706752,0.6844617433955643,0.8305821192058301,0.6138243589170107,0.823455377707121,0.6567073175905219,0.6241526923683358,0.7030630699220102,0.626879821825499,0.9237197813672747,0.9024161399496623,0.9878612677037693,0.7774529250035157,0.9297434522160104,0.5881607702416697,1.0,0.84360747686249,0.6464389154172026,0.634879039438824,0.8379064916190037,0.8417930003495622,0.6051632722576059,0.8845321793173218,0.9995064689842913,0.9604987357586969,0.4543718260466351,0.716963616976875,0.9679628843441769,0.5376512558155372,0.8053335296778659,0.7746576126444782,0.44384376041182444,0.6053169396939458,0.5828562628173146,0.7166344406111453,0.5795723688852658,0.6666475261026514,0.0,0.7749579148978449,0.15682665148380406,0.8221725086008139,0.770943444023769,0.5003227261097647,0.4539592512250314,0.8524731535290578,0.48957320122508136,0.6672846973068834,0.9660738234573849,0.4598845008477609,0.7333668089199319,0.6278638101923795,0.6957295480643539,0.6468097019968095,0.6379441214227696,0.6274920226672812,0.793425935012085,0.7849711073918272,0.6374393598983241,0.7301166665139509,0.8366738082722109,0.8102414959363283,0.7551387983141467,0.46917571219079024,0.7362997950229648,0.7249444766361541,0.905743477631224,0.7390615516369078,0.8340253367218085,0.2778369956852905,0.6531516805154802
0.6393237410892014,0.7647128515281181,0.8540469633219367,0.7185406911632202,0.7807317287632789,1.0,0.8128256938836529,0.8611399496612415,0.8885756102121074,0.7227763671544576,0.9308684362907234,0.7541610946800472,0.8414475823184587,0.848995707590492,0.7512327906566787,1.0,0.7898000733604013,0.9999999999999999,0.9488309999890996,0.9999999999999999,0.7397710836817296,1.0,0.941285076119859,0.7081651591856821,0.7608714794805268,0.8013338824508826,0.9089868278780117,0.7470141745611409,1.0,1.0,1.0,0.6071856305845557,0.8454549206949646,0.9704554378862827,0.7763067348051302,0.8665010366641164,0.895942603901192,0.633947793235911,0.7254475828919287,0.8229979384551772,0.8788505773503155,0.8849278571856802,0.5714275459855185,0.7749579148978449,0.0,0.27699769555171694,0.7823580387464496,0.9992011817675979,0.7094649146811705,0.636250447765501,0.970000831330067,0.6525607394492069,0.7556701289784102,0.9989101397912585,0.5671274583714861,0.7141900863323545,0.7269578479863831,0.7535302833339146,0.6453359710068108,0.6340921659597583,0.7286527298626048,1.0,0.9005668878291228,0.7064890148013052,0.9593560449314316,0.9473849551781653,0.8856123533857415,0.9415300386208629,0.5050315691530588,0.8095359104589543,0.7581242731404166,1.0,0.9336198322754565,0.7702345464127901,0.1755999899711044,0.7559370907604267
0.5063280289438639,0.1225668269085809,0.3402653789798005,0.27215127544208995,0.0,0.1273347223189792,0.012413133340335579,0.23060610565901019,0.10627635389109671,0.13678502828005543,0.0,0.36078186094503933,0.5043383088381671,0.3871984909309453,0.3454271169204116,0.38321816847046986,0.0655779871153469,0.4098724537541701,0.3374557284245199,0.3893852439493166,0.40362870351913765,0.06046227698212582,0.11457523014940033,0.47063899285805544,0.45292871488942343,0.1918951245115866,0.5622548548473446,0.3974570616993487,0.10089551137197264,0.21547770697862126,0.14875081448606362,0.17880451674348222,0.2533353104862784,0.1512269294317369,0.20970962544610816,0.3526403948047008,0.1742723500685393,0.20903681081201125,0.19192768657433285,0.12420146545426886,0.09118528427203045,0.10765030606360837,0.24322801383680062,0.15682665148380406,0.27699769555171694,0.0,0.30307424186492127,0.2704874512135114,0.020574832615643593,0.4007760842290594,0.16593981728956106,0.4341971961507032,0.3290446421465381,0.42399507408791975,0.3947979275299717,0.07156417729787902,0.2783708986759296,0.33355881045895996,0.40910570605567326,0.3454003928392674,0.2508747805739106,0.3416126740144277,0.061887068150009154,0.36903077650665667,0.5193541334165891,0.4244306839562413,0.5004029222744891,0.17632130836071674,0.4344325222146044,0.24094357483862128,0.05205392377866496,0.5385139383065111,0.304471017332154,0.6523204192753417,0.37470944169563886,0.44228735404598657
0.45414074256208614,0.6302053015651284,0.9211227575672424,0.7612618417886692,0.7092549109401962,1.0,0.8252128341664942,0.7164034767696077,0.890771365816869,0.7081790291040971,0.9248960420075641,0.6859488434530365,0.6388926629209531,0.7083932669545027,0.4854627699631272,1.0000000000000002,0.8030185085141748,1.0,0.8855400322193722,0.7622935141705509,0.6955986466471689,0.7003259778019173,0.8442603481876676,0.594209739479785,0.6917924600372436,0.7832095556165324,1.0000000000000002,0.6676447527872298,0.6717405347080456,0.8962547862485221,1.0,0.49160932294618054,0.6396807060859577,0.9999999999999999,0.7538634638948727,0.9143138710636244,0.8619327071554322,0.46824940278668437,0.680175802411035,0.6206352409957138,0.7072644246311254,0.596752887382605,0.630984965042864,0.8221725086008139,0.7823580387464496,0.30307424186492127,0.0,1.0,0.636353526668544,0.5319819875828767,0.7810494715834926,0.5019951392782203,0.6958986921842396,0.9302942277432863,0.5429739047467899,0.7402777079870938,0.610883600335362,0.7440163384891704,0.6140570431406014,0.3326298183497544,0.5783462686098273,0.7926127770755451,0.9472250622521267,0.6228136051164925,0.5631271044360932,0.7456053553859401,0.780907798969085,0.7121470097795306,0.4612639907202743,0.6978119040745723,0.6764935228626541,0.9128671755804587,0.8118775286691761,0.5105950913166966,0.322405474258915,0.6763359961873803
0.7608300991221347,1.0,0.9105286968206191,1.0000000000000002,0.9036093942864418,1.0,1.0,0.9910172053730386,1.0,0.9144653324224833,1.0,0.9710200464282129,1.0,0.9693241560553076,0.9206193596153022,1.0,1.0,1.0,1.0,0.9999999999999999,0.9919140429039425,1.0,0.9999999999999999,1.0,1.0,1.0000000000000002,1.0000000000000002,0.8697566470736801,1.0,1.0,0.9999999999999999,0.8249183600625525,1.0,1.0,1.0,0.9999999999999999,0.9018805463540084,0.7378364364771056,0.851816892486789,1.0,1.0,0.962319881411391,0.7962860591905085,0.770943444023769,0.9992011817675979,0.2704874512135114,1.0,0.0,0.9233326551814214,0.787326842174811,1.0,0.8058284769082191,1.0000000000000002,1.0,0.6360006380178331,0.9184840637215994,1.0,0.9743646888974972,0.7894354227424686,0.9920726690364032,0.869417823393766,1.0,0.9999999999999998,0.8536505041161335,0.9999999999999999,0.9999999999999999,1.0,1.0,0.884049368167475,1.0,0.9999999999999999,0.9999999999999999,1.0,0.961706679111831,0.47267074903255657,0.9999999999999999
0.4981034477672958,0.46213860105417404,0.8255996688508913,0.5085202949764406,0.42477313923988225,0.8637917321237185,0.4928588134999582,0.5244188879194414,0.803026468659256,0.5613175984734562,0.6300410892785238,0.5876864260073047,0.5179668986532994,0.5128716288197017,0.5143355191915155,0.8970769674937105,0.8137515406876948,0.7721986463524164,0.7890587236828769,0.7473394838565183,0.5845641368643243,0.7303278961350391,0.7062099066738404,0.5109400653147858,0.4360689087898997,0.6603303904950926,0.8710882875143806,0.5505831690373164,0.6874184242031339,0.9550399051645704,0.8494199639687856,0.296721915913821,0.6259502465159754,0.7757293136901815,0.4099741919829449,0.5849286657899976,0.6295722162307464,0.43102235470226935,0.4259286937796609,0.5348816236144113,0.6505555926904034,0.4382538285743286,0.5836372824563824,0.5003227261097647,0.7094649146811705,0.020574832615643593,0.636353526668544,0.9233326551814214,0.0,0.36084952044728197,0.7203125180556955,0.35556343112142375,0.543452431047141,0.8142648144727634,0.39508014446969836,0.5686254269947792,0.5318312149181402,0.4942045762696527,0.6047855094805388,0.4820064676788453,0.5328738732495066,0.6013919961696835,0.7669259695535979,0.5743521495308352,0.5046409181061428,0.6534891741892143,0.6162298775481992,0.6257173261559431,0.3823370058417493,0.5441586373750533,0.5980170769238965,0.8642162611375642,0.5962052087885732,0.6099336607248355,0.18370696002556203,0.5068506473072215
0.33437823379703485,0.4974008739852478,0.7357128104369713,0.5741854347469335,0.35833081935744626,0.6891102458825693,0.4189581336131096,0.5572413787380143,0.6410018899487269,0.4193006085638481,0.6656254227269233,0.3947133131686129,0.47122868083113745,0.5495008719003266,0.28362764620675157,0.9064846229045592,0.6862028285109123,0.8296678021364636,0.7320920265719009,0.6736604584490542,0.5364382371922327,0.6665556663675459,0.6468649011542581,0.46046680634542914,0.32782746394400375,0.5432638626889515,0.8101442299127452,0.4713223515238343,0.6287340096317232,0.9662627012924652,0.7164298890102501,0.2969063437714337,0.3691252187417739,0.6210023629151605,0.35854611313403456,0.5424735913568064,0.6830614151076078,0.19259272443167152,0.3683773060413679,0.36769530974548903,0.5483414153697102,0.36442473432769806,0.4203002966021866,0.4539592512250314,0.636250447765501,0.4007760842290594,0.5319819875828767,0.787326842174811,0.36084952044728197,0.0,0.611487407596324,0.2963528976619661,0.5993419126736528,0.6962101199031826,0.41287784407357536,0.5585427988774028,0.48381998632440787,0.4509403348394259,0.5602270365271776,0.31113470927658426,0.48979270845788425,0.5720991411122971,0.666190453369995,0.4450186248231808,0.5210339829895283,0.5994658267444316,0.5476832939698318,0.5119099812893974,0.2858857791766109,0.3980121829861446,0.46032800220524284,0.7111492846079013,0.588127794356457,0.5172488015195156,0.16082209278253157,0.4796289734534426
0.6170277428551719,0.764842204969499,1.0,0.9394275682981508,0.7034112618564518,0.9999999999999999,0.7561016942599411,0.7086691763262858,0.9999999999999999,0.7739500184991437,1.0,0.8660775017732376,0.7027446065726258,0.7181819521940919,0.48001965859027756,0.9999999999999999,1.0,1.0000000000000002,1.0,1.0,0.8207353369428046,0.963348435068703,0.9043708812030192,0.7720160883497239,0.7954869403022461,0.9999999999999998,1.0,0.6230959966643517,0.8009121518185633,1.0,0.9595622454366854,0.5617583474410162,0.9185297624987139,0.9999999999999999,0.7452329387569432,0.7965879244904324,1.0,0.6904613234055159,0.8494866653877668,0.8596283503249011,1.0,0.9026101227699188,0.800573525024921,0.8524731535290578,0.970000831330067,0.16593981728956106,0.7810494715834926,1.0,0.7203125180556955,0.611487407596324,0.0,0.5834435789770752,0.7311539359905169,0.8873986086932234,0.6092968309642276,0.8804742991790435,0.829415644744642,0.8708734233310639,0.7614959192715541,0.6523988723557949,0.7845826873678242,0.8353194438051459,0.9511608999407791,0.5960164893072892,0.8112250506704278,0.8765761437592654,0.965350907572006,0.7599412335551005,0.6257852529268805,0.9027461436854681,0.8310487802264334,1.0,0.8639171606317576,0.7117414657315122,0.18336163181238196,0.8733083829013573
0.433516681052499,0.37577262134285805,0.6559588979527198,0.658854977053743,0.262429204573309,0.7343909842333374,0.3493770582919898,0.5545095323497866,0.69035193453237,0.46589526525512764,0.6388876094914062,0.5097573509141483,0.4625291309395869,0.42893165066754424,0.32546488489473757,0.8832576772479426,0.725782672953801,0.8811605948159723,0.6412687818128029,0.6958621668748285,0.5998028544176135,0.6606588378499967,0.6632100230115242,0.48247362419147316,0.41839687427838557,0.6457727220277946,0.7640259736567615,0.49990307919413396,0.54423369098277,0.8588415303570077,0.6999270291523075,0.2590003983078174,0.4731490572465382,0.6411320527874654,0.39898346035521454,0.5454771675853054,0.6506526128585426,0.244099022914613,0.3617587060950839,0.4101858030011506,0.5098798115472267,0.3599966794913976,0.38648351255672286,0.48957320122508136,0.6525607394492069,0.4341971961507032,0.5019951392782203,0.8058284769082191,0.35556343112142375,0.2963528976619661,0.5834435789770752,0.0,0.5850867536868876,0.6871835385204391,0.3255594032307317,0.5011658543949711,0.4908614078402021,0.4172726058260071,0.5067377077525483,0.38900367857815404,0.4836519406488893,0.5605950647924091,0.7315107161762945,0.4426346956518468,0.4411650721339699,0.5714475923517711,0.5772716280082333,0.47878921223179527,0.2959812103103299,0.47415533634320517,0.45719563253788464,0.6291420150696897,0.500012298999154,0.4810134292473712,0.16362674064131938,0.4520923037197323
0.7528646697213612,0.5922847660553012,0.9938455592878065,0.6511957008482228,0.6352394073780919,0.9336677991076632,0.7355356276795268,0.6413360798333597,0.935586868344589,0.5819571428433643,0.9935094344378396,0.6206584837516679,0.6284528047785698,0.6738504181893653,0.5367026333241589,0.9999999999999999,0.9292373720979616,0.957921573275313,0.9519877027436968,0.9556516449230428,0.7944179576560791,0.9647527498755152,0.8654391987986823,0.6239137373472964,0.6141226340847881,0.7733361924443468,1.0,0.7075442683744263,0.9579680783480725,0.9686041698516653,0.9572859659252956,0.5087549989006273,0.7013542089266744,0.8805114625904683,0.6587854803415742,0.8930221051051178,0.8320455338606673,0.4460186174073042,0.6753135930800721,0.6040608761894288,0.8023394939255309,0.6951489101973505,0.705657788135614,0.6672846973068834,0.7556701289784102,0.3290446421465381,0.6958986921842396,1.0000000000000002,0.543452431047141,0.5993419126736528,0.7311539359905169,0.5850867536868876,0.0,0.920271162988701,0.5647436500174473,0.7682061266811485,0.5952547398547821,0.7846950855396707,0.7137630240187842,0.502852058534025,0.8261815085341725,0.9304737225087532,0.8831790670250514,0.6814156188300696,0.7137248408817775,0.7529853608966897,0.7422250104982189,0.7333251693443561,0.5183443706050217,0.8345917379567102,0.7351497639115819,0.8490758345355892,0.8717859869182919,0.7797622886016359,0.3156021478842839,0.7565975959748006
0.6396805917656198,0.7881323799386384,1.0,0.8916110517171496,0.8150355770047384,1.0,0.8173079036721724,0.9497807693052343,1.0,0.7157205549430277,1.0,0.749765445536727,0.9067938993688144,0.8814862789316158,0.5454732945603863,1.0,1.0,1.0,0.9999999999999999,0.9999999999999999,0.9355023400108315,1.0,1.0,0.8113758227407365,0.8867989634341682,0.9963652582381003,0.9999999999999999,0.725753580001333,0.8765863935060314,1.0,1.0,0.6980991097671112,1.0000000000000002,1.0,0.7577276459545728,0.9713465862431319,1.0,0.6960965952879143,0.8851442139514866,1.0,0.9999999999999999,0.9024949179159617,0.8077524855591842,0.9660738234573849,0.9989101397912585,0.42399507408791975,0.9302942277432863,1.0,0.8142648144727634,0.6962101199031826,0.8873986086932234,0.6871835385204391,0.920271162988701,0.0,0.7103438863095826,0.9456657453774394,0.8306009226557125,0.9442394294834917,0.7836489783508656,0.7545546884132849,0.853161783286794,0.8368764771636017,1.0,0.7204043200159395,0.8367472659772409,0.9755007383061409,0.9978128534670706,0.8310866273257818,0.5656663174402105,0.9412505238753013,1.0,1.0000000000000002,0.9821701965981113,0.7974949516357259,0.26936310193123375,0.8548337750452996
0.34385353407371694,0.3413123411998304,0.5784820318908874,0.3928593633409112,0.4120997327552242,0.7447872997666791,0.48801732588028796,0.5734528699757359,0.6226235384520321,0.5184912844356953,0.7191203334085767,0.37350291248880707,0.4553880462560486,0.4061710280755955,0.2673990241715297,0.7320745996237641,0.6139727847048132,0.8667547616215164,0.6314459863237476,0.6040606006534909,0.5497235507067882,0.6262558045603248,0.6232866691661639,0.37798878958766824,0.474200036542323,0.6349920364455578,0.7523466319878768,0.4677017743578243,0.525662641169083,0.8340846985663215,0.7523433087379554,0.29093214206854673,0.4877856505971859,0.7338859223390748,0.4361397101883948,0.42508564192017767,0.5460835611989696,0.3399195958508871,0.4510369350941306,0.3813095597659761,0.6479817458334352,0.4702491331897827,0.3746552666250958,0.4598845008477609,0.5671274583714861,0.3947979275299717,0.5429739047467899,0.6360006380178331,0.39508014446969836,0.41287784407357536,0.6092968309642276,0.3255594032307317,0.5647436500174473,0.7103438863095826,0.0,0.47040100731329115,0.43740490563884576,0.5315890432558066,0.4849172163306306,0.34071307641288257,0.424975785289161,0.4553858577521507,0.7098241663145234,0.4512280619556485,0.41855247579650523,0.5956247017824245,0.49916145069643997,0.4660284863986622,0.3262473737065417,0.4858160159193503,0.48735051814806957,0.6650905965502135,0.5665703380797008,0.4604571087332178,0.4016020427744492,0.4754305706268016
0.5643820069297217,0.59274319717325,0.7814043373069494,0.7597043611139419,0.5849468171131309,0.9984958344917224,0.6641604604061723,0.7653082547762313,0.8705058314756455,0.7011448684483216,0.9240936223869786,0.7090655649790265,0.6310415977816015,0.5938461122465891,0.46877900655764415,0.9999999999999999,0.9999999999999999,1.0,0.9172489198621754,0.9542651846016547,0.7290213507799586,0.9543850261548132,0.7971396634661327,0.7320147263912827,0.6632066940631037,0.81975481444872,1.0,0.6627189677032328,0.9236505886040427,1.0,0.978593585531739,0.5158374175389991,0.7039538478033456,0.9417662077144354,0.640125767670842,0.7218793325241892,0.8460869922448074,0.43397479594118615,0.6796369445137334,0.6522572973947288,0.8456240290488973,0.6906290166417866,0.7765961842116955,0.7333668089199319,0.7141900863323545,0.07156417729787902,0.7402777079870938,0.9184840637215994,0.5686254269947792,0.5585427988774028,0.8804742991790435,0.5011658543949711,0.7682061266811485,0.9456657453774394,0.47040100731329115,0.0,0.7252807461994453,0.679722041040549,0.6242484055060495,0.5953570894739895,0.6051944591891176,0.668942201606252,0.8656714691095317,0.685780966010402,0.631887423613348,0.8636310367385136,0.7182189231001216,0.744369035942595,0.4723044463892263,0.684100912362731,0.6965410052872447,1.0,0.812970238396188,0.671404736442781,0.15750596807279002,0.6979913992471112
0.5396319641247245,0.5281818035958389,0.775348547875336,0.6884094123800826,0.5718294240130615,0.8708034005563583,0.6472451631505859,0.5825880972354655,0.7955817203958959,0.5638049413567836,0.7227136381526539,0.5084946182349351,0.5381613527302114,0.5493963933562253,0.49512418187804264,1.0,0.7294381877604104,0.905430653261308,0.6586517171047596,0.7288197036677946,0.6980035653826844,0.7829575051586969,0.7563616510207691,0.5106414213897444,0.5627910346845533,0.7162707124747929,0.8137129375330764,0.628207472923252,0.7999100206810807,0.8435018215914447,0.9772317248955527,0.48640468788544483,0.7034157201004124,0.820812577057257,0.6164724103162099,0.6248209124062813,0.7456104211459005,0.3776761648170959,0.6141645767247076,0.5819579301952139,0.7094219653924747,0.6731542622050926,0.48739511206017444,0.6278638101923795,0.7269578479863831,0.2783708986759296,0.610883600335362,1.0,0.5318312149181402,0.48381998632440787,0.829415644744642,0.4908614078402021,0.5952547398547821,0.8306009226557125,0.43740490563884576,0.7252807461994453,0.0,0.561318973407111,0.5530591449600588,0.5019959639963831,0.7126724492713081,0.7142197603112093,0.7828130133021944,0.6296650911143958,0.6109583522038919,0.7024744498495669,0.6562277268170492,0.7080486589003666,0.5553306092212408,0.6179882973961137,0.6267338231267913,0.756121816932083,0.7410220000990794,0.4777104141908597,0.4474777917427529,0.6071052344654265
0.3627025568967708,0.6220592378921195,0.9012491266400885,0.7820183202035837,0.5112079106080706,1.0,0.6699647026199524,0.7847631220074385,0.9412000070176687,0.6523914220956507,0.9450571726238963,0.6157306765063681,0.697105302206464,0.7276892867571532,0.4817353451682753,0.9999999999999999,0.9113018390036288,1.0,0.9254764654894738,0.8737524392973106,0.6258219825460692,0.9442775699707975,0.8325509307141447,0.5947013671060728,0.6989671424441433,0.8290125344785734,0.9005120348433949,0.6799266768342449,0.8027041639922373,0.9999999999999999,1.0,0.5244752022091168,0.6219850039924352,1.0,0.6304918842385593,0.7906168504125755,0.8938336754031209,0.5234750990537657,0.6610936468215083,0.5897610599140383,0.755633210121314,0.6819204573797262,0.6497021831754932,0.6957295480643539,0.7535302833339146,0.33355881045895996,0.7440163384891704,0.9743646888974972,0.4942045762696527,0.4509403348394259,0.8708734233310639,0.4172726058260071,0.7846950855396707,0.9442394294834917,0.5315890432558066,0.679722041040549,0.561318973407111,0.0,0.6857483701029753,0.5430789558258028,0.662696900302621,0.7437900270641808,0.8546810355645749,0.657537506225869,0.7691808062084041,0.6666713635142416,0.8572916384617738,0.711325810198224,0.4315303692608012,0.7088096008000412,0.6921852363055739,0.9959161394933493,0.7881423568965011,0.6567056505794018,0.198171804829687,0.7054665387127694
0.28334804179031564,0.5385746332528186,0.6419988708556754,0.7199874852133684,0.5957706986606502,0.8974546549079986,0.6358234771192177,0.5908488873480193,0.8122130178379589,0.6761475058505719,0.8143797243412693,0.5234990646058212,0.6720966555865454,0.6369654688910616,0.42494478258099294,0.9831954523378145,0.7859350375029112,0.8652511934514444,0.8293992597557692,0.8208128251415553,0.5464450832510648,0.83117896743036,0.7348815476222144,0.4709235474444365,0.43255452868992,0.7323279076417168,0.8044270890879599,0.5738802330536252,0.7676026390173717,1.0,0.7207485890646564,0.45485829857998655,0.6519646079092769,0.7037711699423421,0.5351192864949625,0.7135839398071957,0.7674466125457091,0.3988293528111968,0.5715032096462008,0.5765871665220402,0.7369193209633036,0.6555199417925637,0.5810166466366794,0.6468097019968095,0.6453359710068108,0.40910570605567326,0.6140570431406014,0.7894354227424686,0.6047855094805388,0.5602270365271776,0.7614959192715541,0.5067377077525483,0.7137630240187842,0.7836489783508656,0.4849172163306306,0.6242484055060495,0.5530591449600588,0.6857483701029753,0.0,0.4550531779455277,0.5380582996723509,0.63755545153712,0.7388166488869817,0.5784342667674346,0.5007088079369171,0.6961078482085785,0.6447545589128217,0.7188975924779424,0.3908639441258607,0.7213132946646331,0.6482036464248403,0.9571917484206862,0.6552563116188691,0.5730977206621495,0.12153502948526262,0.6223975927358582
0.5416188729611235,0.5343028824302487,0.8882442891347365,0.5084987363152614,0.47771896619106713,0.7962224067398237,0.583448827261868,0.454570023902044,0.7356445010237944,0.4167490290588983,0.6440582731241731,0.45436770647049596,0.5068392755361483,0.31904341821725113,0.4790622048678143,0.9508884181288036,0.610445789235743,0.814212105288634,0.6055491413210552,0.6026562321340011,0.5584372616014821,0.5741547969669549,0.6464966954572254,0.6324883017184848,0.5173328571567077,0.6893519530544853,0.7589261419695162,0.3797670998994503,0.45958637366183697,0.3632426339154386,0.9172798285386301,0.47942363995027487,0.6534666094155882,0.8174272433580911,0.5400352058590665,0.4840667741176389,0.6051076921218984,0.39901440647815745,0.46782768398392777,0.6291914861850149,0.6292666996341453,0.5405108312185581,0.38740804898716047,0.6379441214227696,0.6340921659597583,0.3454003928392674,0.3326298183497544,0.9920726690364032,0.4820064676788453,0.31113470927658426,0.6523988723557949,0.38900367857815404,0.502852058534025,0.7545546884132849,0.34071307641288257,0.5953570894739895,0.5019959639963831,0.5430789558258028,0.4550531779455277,0.0,0.47243017104451657,0.5009823954114094,0.6189945303268478,0.4717990916074188,0.45408720443647127,0.6013448093210682,0.5314609547708117,0.6735817863009231,0.631276972016451,0.5449334151971338,0.6394224076562207,0.5801229735544172,0.6486751007931623,0.38222342677750015,0.5847664615860689,0.4547053233428139
0.4631053571146475,0.5411620394489959,0.7051413611321415,0.6878825204901677,0.6955124329500734,0.8508514207421523,0.7379304766231802,0.7296494879434455,0.7258056426463868,0.6098589795410753,0.8500171042386249,0.673294411313093,0.6889553876255066,0.5260117111298668,0.34621187036055767,0.9689411752118524,0.7823823790388089,0.96191135585935,0.7527685443551695,0.8618854656538907,0.6396005549994653,0.6856830743267469,0.7368007464209683,0.5390650354556742,0.49008451907827794,0.8822131279285622,0.7210818838550928,0.538270430912252,0.7713249124728936,0.9076589720711016,0.8641166352580839,0.4924558238402163,0.755532514809038,0.8025096828691646,0.6582570928773805,0.608109062651106,0.7265924642959514,0.5087581039843614,0.6384847532114444,0.6997396149405247,0.8220540214632154,0.7018291341372374,0.5604438039080003,0.6274920226672812,0.7286527298626048,0.2508747805739106,0.5783462686098273,0.869417823393766,0.5328738732495066,0.48979270845788425,0.7845826873678242,0.4836519406488893,0.8261815085341725,0.853161783286794,0.424975785289161,0.6051944591891176,0.7126724492713081,0.662696900302621,0.5380582996723509,0.47243017104451657,0.0,0.5506752101708245,0.7061016302342129,0.5498063710995803,0.340824635212392,0.7864165084295338,0.5206501309800785,0.6657409304129603,0.4085483620817934,0.5875421938047941,0.6332124800229002,0.736467445878086,0.6764217974388572,0.476539456574433,0.40834197216079066,0.5922158432776643
0.6497686219027148,0.6425202818893039,0.8704007037313403,0.7271898326798067,0.7030605314123367,1.0000000000000002,0.7044371528725177,0.9112080446688188,0.9089770394699885,0.7492548539828529,1.0,0.6895085371253459,0.7715746250228706,0.6567030793990695,0.3956742243580714,1.0,1.0,1.0,0.9512837921851234,1.0,0.881686322033256,0.9585716834110934,0.9663824281749341,0.7479099820771468,0.6911121979364139,1.0,0.9734288372796474,0.6815839894876852,0.8549369259930749,0.9999999999999999,0.9808531316092423,0.5263443994589595,0.9248923930014937,1.0,0.7609624110941019,0.7689106571468903,0.8503819369524865,0.5990784541474484,0.7707363996317941,0.773341057524924,1.0,0.8862347688513862,0.788835548848402,0.793425935012085,1.0,0.3416126740144277,0.7926127770755451,1.0,0.6013919961696835,0.5720991411122971,0.8353194438051459,0.5605950647924091,0.9304737225087532,0.8368764771636017,0.4553858577521507,0.668942201606252,0.7142197603112093,0.7437900270641808,0.63755545153712,0.5009823954114094,0.5506752101708245,0.0,0.8634481656771441,0.6402895227968566,0.5612036721548228,0.9021274948508425,0.6772342214601463,0.7650621309861023,0.45170921126835245,0.6897872633311453,0.7218234081754814,0.8971887047029176,0.8069406185545958,0.7212469322671083,0.2245670766328226,0.7205319909877237
0.6888128888787818,0.7778331389614472,0.8622709039078755,0.7643329417669218,0.7564206760381981,1.0,0.930325289365639,0.9765940868019348,1.0000000000000002,0.7403196784455788,1.0,0.6969108460954229,0.8704962687110148,0.8581876580010066,0.5495232384579171,1.0,0.9714327622147905,1.0,1.0000000000000002,0.9999999999999999,0.9762930393872158,0.9999999999999998,0.9817385660835457,0.7183708074729661,0.8687787075729526,0.9412831005432184,1.0,0.7972083730027361,0.9999999999999999,0.9999999999999999,1.0000000000000002,0.6877914837398389,0.8880920768877258,0.9999999999999999,0.9296201774300419,0.9999999999999999,0.9366702063390974,0.7334551027526218,0.8012360941317582,0.9466244031051251,0.9999999999999999,0.9219796397197868,0.7604371149473443,0.7849711073918272,0.9005668878291228,0.061887068150009154,0.9472250622521267,0.9999999999999998,0.7669259695535979,0.666190453369995,0.9511608999407791,0.7315107161762945,0.8831790670250514,1.0,0.7098241663145234,0.8656714691095317,0.7828130133021944,0.8546810355645749,0.7388166488869817,0.6189945303268478,0.7061016302342129,0.8634481656771441,0.0,0.7352813410552366,0.7751473399964919,1.0,0.8889908480074677,0.8929378266688708,0.5590970159563595,0.8596801693475722,0.9137520462232827,1.0,0.9501800508958904,0.9287354258998896,0.24131167476191792,0.9646645876343165
0.43345840481859754,0.5784776645033438,0.6600301328844671,0.6469242873573103,0.5754182658265854,0.8345304266552693,0.5225551265769988,0.5606761932750541,0.8808500942796414,0.6015481419078021,0.8949372371385796,0.5423921504111926,0.5590209791524345,0.5495107473630112,0.29905411049955655,1.0,0.919131214722883,0.870709652180087,0.8429682566854364,0.8583700151782745,0.6429031734479796,0.7591447625582927,0.6701948664967381,0.5722138689558977,0.5348564743369932,0.8299457855670703,0.9814373338287276,0.4440677962645333,0.6407610039348558,1.0,0.7169747478777438,0.3873799175088975,0.6745176850651657,0.9440955299743806,0.5798807085929794,0.6218362309854036,0.6568553271391913,0.4879682921836541,0.5033794854811987,0.6638364332778903,0.7811150725745385,0.6005461230802083,0.5848044467670865,0.6374393598983241,0.7064890148013052,0.36903077650665667,0.6228136051164925,0.8536505041161335,0.5743521495308352,0.4450186248231808,0.5960164893072892,0.4426346956518468,0.6814156188300696,0.7204043200159395,0.4512280619556485,0.685780966010402,0.6296650911143958,0.657537506225869,0.5784342667674346,0.4717990916074188,0.5498063710995803,0.6402895227968566,0.7352813410552366,0.0,0.6032214664472308,0.6196303510048445,0.7037885430327538,0.6047242305428513,0.5069456467632809,0.7125353592530864,0.7387916797291545,0.7970642026119242,0.6389244725527047,0.507089729930438,0.5097345180531703,0.620181284325007
0.39326340375394037,0.6194127604841665,0.9646812828058451,0.7554588166397449,0.6183362270954744,0.9059322600467274,0.6269010663925089,0.6326309377941036,0.822412270757472,0.6585655924117426,0.8846023037162679,0.6031511792606231,0.6006223238736471,0.5582918924485006,0.3052866548810018,1.0,0.9036797240966443,1.0,0.9702191338438778,0.7106684560750163,0.7377476108566174,0.8093429168813259,0.7749136448917023,0.7793513737990769,0.5926915268661325,0.8983934449402723,0.9407849775328182,0.5056041160572196,0.6709589015434401,0.9295756702692188,1.0000000000000002,0.4691342996935543,0.6639043619787804,1.0,0.5464083480826207,0.6710420535227728,0.8122565432914736,0.5087225317491103,0.596536936218278,0.7237584870151796,0.7016301465052273,0.5183914307026913,0.5573285046224161,0.7301166665139509,0.9593560449314316,0.5193541334165891,0.5631271044360932,0.9999999999999999,0.5046409181061428,0.5210339829895283,0.8112250506704278,0.4411650721339699,0.7137248408817775,0.8367472659772409,0.41855247579650523,0.631887423613348,0.6109583522038919,0.7691808062084041,0.5007088079369171,0.45408720443647127,0.340824635212392,0.5612036721548228,0.7751473399964919,0.6032214664472308,0.0,0.7312948024818957,0.5788070323343895,0.7514571916555136,0.4779829414737653,0.6427091214351476,0.7274275954204874,0.8026444230962206,0.7070941012217532,0.39438489549589656,0.6593031695909889,0.5300724398223422
0.8290497870114015,0.7584465687546144,1.0,0.8690632962655365,0.561657013327842,0.9614243856687498,0.8406740344036696,0.7943834066591764,1.0,0.802207766310701,1.0,0.6925557430250877,0.8486677204747725,0.6575448454160939,0.5353024657177866,1.0,0.9929445118247974,1.0,0.9781369258163607,0.9790152187878824,0.8555930191558427,0.9783329463585694,0.9650651514512999,0.7307009586149337,0.684268613860289,0.9783287523347417,0.9999999999999999,0.8488328840824612,0.9461697132604258,0.9191146065099496,1.0,0.7124316988391458,0.8524082125073116,1.0,0.8225672132021111,0.8955208435836728,0.9771307866519189,0.5257770217407512,0.798429568680751,0.7542647424596993,0.8900387841625639,0.8063029230230523,0.8014620560031012,0.8366738082722109,0.9473849551781653,0.4244306839562413,0.7456053553859401,0.9999999999999999,0.6534891741892143,0.5994658267444316,0.8765761437592654,0.5714475923517711,0.7529853608966897,0.9755007383061409,0.5956247017824245,0.8636310367385136,0.7024744498495669,0.6666713635142416,0.6961078482085785,0.6013448093210682,0.7864165084295338,0.9021274948508425,1.0,0.6196303510048445,0.7312948024818957,0.0,0.8299592205068,0.8689693371419231,0.7026746115445015,0.857278167710509,0.7978763563412958,1.0,1.0,0.7032721740935789,0.25900349574491244,0.880975485506935
0.3193998403296805,0.6979337221655376,0.9999999999999999,0.8090274444039016,0.7606846853562839,1.0,0.8418448434307434,0.6898845847032904,0.9717823654640525,0.7265791959115059,1.0000000000000002,0.6631516735873068,0.7717698620446909,0.6549136614794215,0.4674482278830959,0.9999999999999999,0.9790844531850637,1.0,0.9999999999999999,0.8925969809097255,0.8579455646579641,0.9770759048378768,0.991324348938858,0.6640828119060053,0.7222965779424628,1.0,0.9999999999999998,0.6752175342374842,0.9819676712449593,1.0,1.0,0.5750982559600223,0.7817620705147784,1.0,0.6035587683922081,0.7557369414851053,0.9155979944158736,0.6174783406617084,0.732677146371984,0.8016828224129396,0.891771521109462,0.692579296698972,0.7739275180936659,0.8102414959363283,0.8856123533857415,0.5004029222744891,0.780907798969085,1.0,0.6162298775481992,0.5476832939698318,0.965350907572006,0.5772716280082333,0.7422250104982189,0.9978128534670706,0.49916145069643997,0.7182189231001216,0.6562277268170492,0.8572916384617738,0.6447545589128217,0.5314609547708117,0.5206501309800785,0.6772342214601463,0.8889908480074677,0.7037885430327538,0.5788070323343895,0.8299592205068,0.0,0.9376763001021553,0.4149857375254846,0.7550014855481715,0.8571900522561494,0.923097517470155,0.89635469332872,0.5841764165619805,0.5757944923710319,0.686418291282907
0.5071149912559307,0.6496976104518335,0.9683052035538902,0.7194654209183979,0.6408459133943617,1.0,0.680499695823007,0.6602098214124557,0.9988871433291973,0.6352763160269382,0.8608104277569717,0.7062130786884809,0.6877685628515934,0.6025719551042168,0.4959556889697391,1.0,1.0,1.0,0.9491144621235451,0.9144616803825633,0.7020220760656606,0.9470423576618276,0.903263198858223,0.7288107795901524,0.7291212343819494,0.8820802028124242,1.0,0.6120181545282148,0.7866582774816736,1.0,0.8870606329118558,0.6064729309320863,0.6912471753819316,0.9887851118337784,0.6755710929788417,0.6724230241512152,0.835029156003705,0.5422452050870175,0.602481679456638,0.7658784872476333,0.7962982421110262,0.6852311520157167,0.6585228788212641,0.7551387983141467,0.9415300386208629,0.17632130836071674,0.7121470097795306,1.0,0.6257173261559431,0.5119099812893974,0.7599412335551005,0.47878921223179527,0.7333251693443561,0.8310866273257818,0.4660284863986622,0.744369035942595,0.7080486589003666,0.711325810198224,0.7188975924779424,0.6735817863009231,0.6657409304129603,0.7650621309861023,0.8929378266688708,0.6047242305428513,0.7514571916555136,0.8689693371419231,0.9376763001021553,0.0,0.7090655726593118,0.7621064456990102,0.8441367190187877,0.9999999999999998,0.8084903120775113,0.6133472135104023,0.5374941284944206,0.7264949029815853
0.6750770955372773,0.44629997478487193,0.6719862831950904,0.6374860759012246,0.4302857413157529,0.6508756625446812,0.4316683287407791,0.5130580429185153,0.6190878112140831,0.48537039257090553,0.5457045578049576,0.5545354527790983,0.4300577366029954,0.3648396610344886,0.6566439904740865,0.9518043044772402,0.575572934211141,0.7254777763054789,0.5545577994320944,0.6879408965231443,0.6838008806653799,0.8026096587781406,0.6749166542563396,0.6349670667404506,0.33048118981883245,0.7271900698584546,0.5838353663154197,0.4196514582180594,0.667436293347753,0.31104234641107203,0.7194285844658119,0.389269414340713,0.4540744412398282,0.7208078496219915,0.499658800748322,0.42273832112190607,0.5861907228004125,0.4491483081122033,0.4699899788320836,0.4383470097058514,0.5111411758058007,0.5461487795815031,0.381485213205226,0.46917571219079024,0.5050315691530588,0.4344325222146044,0.4612639907202743,0.884049368167475,0.3823370058417493,0.2858857791766109,0.6257852529268805,0.2959812103103299,0.5183443706050217,0.5656663174402105,0.3262473737065417,0.4723044463892263,0.5553306092212408,0.4315303692608012,0.3908639441258607,0.631276972016451,0.4085483620817934,0.45170921126835245,0.5590970159563595,0.5069456467632809,0.4779829414737653,0.7026746115445015,0.4149857375254846,0.7090655726593118,0.0,0.4609802546222916,0.5535167248024863,0.6859022698159567,0.6013539253902235,0.3744447069537624,0.34088361752590235,0.48708414160461316
0.3884751034860162,0.6074287791795846,0.874152137657206,0.7438164382823889,0.5639738941641572,0.9572676409291248,0.7438944781091268,0.7195021939523909,0.9411462080877003,0.6345575055640719,0.920359416765528,0.6622139299648638,0.6800979137981206,0.6130026959262052,0.4905949064037984,0.9262313820724408,0.9063204929035147,1.0,0.8578955574791326,0.8371516994671407,0.843839228099808,0.8810361492700081,0.8060350463062613,0.6053192698168925,0.7131998514581848,0.9007179992475698,0.9999999999999999,0.5772956885016005,0.7760519336920895,0.8568506578540434,0.9540490824894668,0.49967974992162534,0.7425793581769922,0.9999999999999999,0.6611406807634852,0.7005661161934472,0.859906521422558,0.43189358133253064,0.5288713134225589,0.6748880673191475,0.8834863892713187,0.753849461587822,0.6674470439791003,0.7362997950229648,0.8095359104589543,0.24094357483862128,0.6978119040745723,1.0,0.5441586373750533,0.3980121829861446,0.9027461436854681,0.47415533634320517,0.8345917379567102,0.9412505238753013,0.4858160159193503,0.684100912362731,0.6179882973961137,0.7088096008000412,0.7213132946646331,0.5449334151971338,0.5875421938047941,0.6897872633311453,0.8596801693475722,0.7125353592530864,0.6427091214351476,0.857278167710509,0.7550014855481715,0.7621064456990102,0.4609802546222916,0.0,0.7292551784174823,0.9999999999999999,0.7077658828618465,0.7133733359373631,0.47890079116795126,0.6449414611631169
0.44101971694125264,0.6342160085781562,1.0,0.7472346314520563,0.5112637376418905,1.0,0.7191645058784977,0.7034388414107383,0.971185252843388,0.6749697534728039,0.8858018317636324,0.5539677333641633,0.7249426356814416,0.5603921514784492,0.5422979220081565,1.0,0.9274474252994668,0.9999999999999999,0.8737971753037332,0.9122386156342699,0.6905945860842625,0.9638612660930898,0.9499377913437621,0.5890948924091537,0.6870354646672706,0.8097423062049433,1.0,0.7064446206992195,0.8324755017506967,0.924134201853316,1.0,0.5427829339957861,0.7756297968681133,0.9727555986176716,0.7255707446683282,0.6864527494213073,0.8108193930704507,0.4457347340377285,0.6304549017190306,0.6566658659411552,0.9022429226455552,0.7455705745487041,0.6174025638009709,0.7249444766361541,0.7581242731404166,0.05205392377866496,0.6764935228626541,0.9999999999999999,0.5980170769238965,0.46032800220524284,0.8310487802264334,0.45719563253788464,0.7351497639115819,1.0,0.48735051814806957,0.6965410052872447,0.6267338231267913,0.6921852363055739,0.6482036464248403,0.6394224076562207,0.6332124800229002,0.7218234081754814,0.9137520462232827,0.7387916797291545,0.7274275954204874,0.7978763563412958,0.8571900522561494,0.8441367190187877,0.5535167248024863,0.7292551784174823,0.0,0.9999999999999999,0.7954770761497214,0.6376406152193956,0.4238108533090071,0.7924343768022678
0.4975928987286823,0.9078779070893276,1.0,0.9165849565759411,0.8226465553716301,0.9999999999999999,0.8728578550601537,0.7355462096259809,1.0,0.8418378261823694,1.0000000000000002,0.8773099273112352,0.8820958822789822,0.9520316721737547,0.6267986548108215,1.0,0.9999999999999999,1.0,0.9999999999999999,1.0000000000000002,0.8244758071101964,0.9999999999999999,0.9999999999999999,0.8550551350560204,0.9951830066301006,1.0,1.0,0.964127518820318,0.9889582192552381,0.9999999999999998,1.0,0.7484048655703235,0.8533204660916075,1.0,0.8672092475670685,0.9194374345862756,0.9999999999999999,0.6250590161612203,0.9039128216051568,0.9199054552201333,1.0,0.9144158244058267,0.8235104023728563,0.905743477631224,1.0,0.5385139383065111,0.9128671755804587,0.9999999999999999,0.8642162611375642,0.7111492846079013,1.0,0.6291420150696897,0.8490758345355892,1.0000000000000002,0.6650905965502135,1.0,0.756121816932083,0.9959161394933493,0.9571917484206862,0.5801229735544172,0.736467445878086,0.8971887047029176,1.0,0.7970642026119242,0.8026444230962206,1.0,0.923097517470155,0.9999999999999998,0.6859022698159567,0.9999999999999999,0.9999999999999999,0.0,1.0,0.7197294496246766,0.08264798428684168,0.9227454783414953
0.54960829289535,0.6922792093566157,0.8907606983956997,0.8026786742789693,0.7279960421241168,1.0,0.8032911235155525,0.7668160291815781,0.9999999999999998,0.7402298129251235,0.965727592577219,0.8162728628764055,0.7114612560451329,0.7485642922776129,0.4917949385171105,0.9706237599531113,0.9171136006722334,1.0,0.9988458943357242,0.8730082371326929,0.767155165044149,0.9644706379789836,0.9895408188554798,0.7248308296953523,0.7459676440792569,1.0,1.0,0.7495061821552728,0.8026520031573441,1.0,0.9999999999999999,0.5213865915502132,0.7973745247511183,1.0,0.7084078849573361,0.8282549774014435,0.9314145304736785,0.5941293013469712,0.6325906506005184,0.7684190218590138,0.9836219094827762,0.7578379302065608,0.6999553125880252,0.7390615516369078,0.9336198322754565,0.304471017332154,0.8118775286691761,1.0,0.5962052087885732,0.588127794356457,0.8639171606317576,0.500012298999154,0.8717859869182919,0.9821701965981113,0.5665703380797008,0.812970238396188,0.7410220000990794,0.7881423568965011,0.6552563116188691,0.6486751007931623,0.6764217974388572,0.8069406185545958,0.9501800508958904,0.6389244725527047,0.7070941012217532,1.0,0.89635469332872,0.8084903120775113,0.6013539253902235,0.7077658828618465,0.7954770761497214,1.0,0.0,0.6360123394423001,0.4445776813848128,0.7280255561582635
0.3385103835748479,0.5753351348348099,0.9494832975243498,0.6451057136903642,0.5205567845997601,0.7586012286910606,0.6171876357609289,0.670436119742129,0.7391886148704864,0.5906125071331634,0.8375314011933894,0.5505519345674846,0.5323857546589825,0.6938647009373352,0.26035294598954745,0.9661404698851396,0.7637678488783746,0.9455861095988525,0.6746400848416937,0.5736752833009382,0.6440469131252071,0.6539352530709033,0.645125719552417,0.5494586872886351,0.5286355413599626,0.7897715157621358,0.7852944706171037,0.5465307919691993,0.6490074856339642,0.9999999999999999,0.837939099257729,0.46970426793541725,0.6217826959711665,0.9142399602469896,0.6876136314689939,0.6886583384696199,0.697928482684785,0.4724745489065696,0.5062864968544666,0.5442542182421319,0.8379112255746961,0.6461861101484803,0.5164343663417983,0.8340253367218085,0.7702345464127901,0.6523204192753417,0.5105950913166966,0.961706679111831,0.6099336607248355,0.5172488015195156,0.7117414657315122,0.4810134292473712,0.7797622886016359,0.7974949516357259,0.4604571087332178,0.671404736442781,0.4777104141908597,0.6567056505794018,0.5730977206621495,0.38222342677750015,0.476539456574433,0.7212469322671083,0.9287354258998896,0.507089729930438,0.39438489549589656,0.7032721740935789,0.5841764165619805,0.6133472135104023,0.3744447069537624,0.7133733359373631,0.6376406152193956,0.7197294496246766,0.6360123394423001,0.0,0.44108519679203495,0.5780251655850392
0.3284267392102938,0.4565063324346332,0.35756823387045095,0.29429855077497313,0.16989188506469674,0.26208302458389987,0.2018582849718076,0.19000702329178187,0.2660192451923479,0.21367894407612667,0.24201166534387808,0.13115727002241798,0.5146661844081942,0.14389800395906363,0.43022025131864183,0.3573703967753605,0.2088967230711139,0.26457026085843127,0.136742637251668,0.35739856389527647,0.2014539015515054,0.10861967211818482,0.16058276891416934,0.6673387352644372,0.4145560468925974,0.11711745485235969,0.13353843049435365,0.4844847632394584,0.12043464381081664,0.45470937830165836,0.21199071100139874,0.14323862447934643,0.08807629621934895,0.26913637382855626,0.28120315410110885,0.1378468771208673,0.3134025875173425,0.11166475568507095,0.1289636033570974,0.10659681405123515,0.12687313959126575,0.19387498821297672,0.146587327693644,0.2778369956852905,0.1755999899711044,0.37470944169563886,0.322405474258915,0.47267074903255657,0.18370696002556203,0.16082209278253157,0.18336163181238196,0.16362674064131938,0.3156021478842839,0.26936310193123375,0.4016020427744492,0.15750596807279002,0.4474777917427529,0.198171804829687,0.12153502948526262,0.5847664615860689,0.40834197216079066,0.2245670766328226,0.24131167476191792,0.5097345180531703,0.6593031695909889,0.25900349574491244,0.5757944923710319,0.5374941284944206,0.34088361752590235,0.47890079116795126,0.4238108533090071,0.08264798428684168,0.4445776813848128,0.44108519679203495,0.0,0.3966831198111588
0.5337920537221996,0.6422976546794659,1.0000000000000002,0.6544378121189252,0.6208774641829462,1.0,0.6632080778628332,0.6361187262400264,0.9685804858052914,0.6593856662751388,0.7606539061941754,0.7847457359539591,0.5733876473330956,0.6155248118933833,0.3852599382551784,1.0,0.7469095414616437,0.9756670182780849,0.9113747802888028,0.7966422928736884,0.7329692671910165,0.8810488648465479,0.785265603638899,0.796955274729819,0.6435316517270306,0.8970180622288623,0.9565483389630101,0.5307121454139169,0.7234228835447024,1.0,1.0000000000000002,0.45262605207991935,0.7351713940773049,0.9311966148960532,0.5371586324999815,0.6214434632213922,0.7816546956086672,0.42152964187162656,0.531059629622382,0.6782894688622154,0.7410623692350404,0.5932767439719412,0.6308969773328795,0.6531516805154802,0.7559370907604267,0.44228735404598657,0.6763359961873803,0.9999999999999999,0.5068506473072215,0.4796289734534426,0.8733083829013573,0.4520923037197323,0.7565975959748006,0.8548337750452996,0.4754305706268016,0.6979913992471112,0.6071052344654265,0.7054665387127694,0.6223975927358582,0.4547053233428139,0.5922158432776643,0.7205319909877237,0.9646645876343165,0.620181284325007,0.5300724398223422,0.880975485506935,0.686418291282907,0.7264949029815853,0.48708414160461316,0.6449414611631169,0.7924343768022678,0.9227454783414953,0.7280255561582635,0.5780251655850392,0.3966831198111588,0.0
